dataset,record_id,label,prediction,confidence,text
healthfact,31887,0,1,0.9992461,An habitual alcohol abuser lost his penis to frostbite after a drunken sexual encounter with a snowman.
healthfact,31986,0,1,0.99923396,"The term ""Black Friday"" originated with the practice of selling off slaves on the day after Thanksgiving."
healthfact,31938,0,1,0.999233,"Newport developed marijuana cigarettes which will be available for purchase ""next year."
healthfact,32334,0,1,0.9992318,Eleven states have banned the use of electronic cigarettes inside cars.
healthfact,30970,0,1,0.9992279,An inaudible sonic weapon adequately explains the range of symptoms experienced by diplomats suffering from “health attacks” in Cuba.
healthfact,31637,0,1,0.9992254,A Japanese man was found dead months after being crushed by huge pile of pornography.
healthfact,22291,0,1,0.9992218,"Abortion services are ""well over 90 percent of what Planned Parenthood does."
healthfact,25787,0,1,0.99922,Facebook post Says series of 11 photos are “from the 1918 flu pandemic.”
healthfact,12194,0,1,0.99921477,"House Bill 330 ""grants immunity from liability to motorists who strike protesters."
healthfact,21924,0,1,0.9992073,"Adam Hasner Says George LeMieux ""even compared Marco Rubio to Barack Obama."
healthfact,26635,0,1,0.9992061,"Facebook post Says ""there is no"" COVID-19 virus."
fakehealth,story_reviews_00013,0,1,0.9992054,"(CNN) A five-minute neck scan could predict a person's risk of developing dementia a full decade before symptoms emerge, researchers have said. The test, which analyzes the pulse of blood vessels in the neck, could become part of routine testing for cognitive decline, according to the study by scientists at University College London (UCL), who presented their work Sunday at the American Heart Association's annual scientific conference. A group of almost 3,200 patients, aged 58-74, had ultrasounds on their necks in 2002, before having their cognitive functions monitored for up to 14 years, from 2002 to 2016. People with the most intense pulses, which pointed to a greater and more irregular blood flow, were up to 50% more likely to suffer reduced cognitive functions, the research found, because the strength with which blood traveled into their brains caused damage to the brain's network of blood vessels. Pulses become more intense when arteries near the heart are worn down -- usually by lifestyle factors such as poor diet and drug use -- and can no longer ""cushion"" the blood flow coming from the heart. ""If you can detect [the risk] in people in mid-life, it really gives an impetus to those people to change their lifestyle,"" said Dr. Scott Chiesa, post-doctoral researcher at UCL. ""What's good for the arteries is good for the brain,"" he added in summary of his findings. ""Dementia is not an inevitable cause of aging. How you live your life... has a real impact on how quickly your condition can decline."" If the findings are confirmed by larger studies, they could vastly improve the ability to detect dementia in middle age. And the scans would be ""well set up for routine testing,"" according to Chiesa. ""It's very easy to do, and it's very quick to do."" When healthy, arteries around the heart can regulate the blood being pumped from the organ, ensuring that it flows smoothly and at a constant rate to the brain. But damage to the arteries means blood flows more aggressively and irregularly through vessels and into the brain, which can damage its network of blood vessels and cells. Over time, the researchers believe this led more frequently to cognitive decline in participants in the study. ""What we do know is that the blood supply in the brain is incredibly important, and that maintaining a healthy heart and blood pressure is associated with a lower risk of developing dementia,"" said Carol Routledge, Director of Research at Alzheimer's Research UK, who was not involved in the research. Vascular dementia is directly caused by reduced blood flow to the brain, and this can also play a role in the development of Alzheimer's disease, studies have found. Those two conditions make up the vast majority of cases of dementia. Dementia is an umbrella term used to describe symptoms related to the loss of brain function. Alzheimer's disease and vascular dementia make up the vast majority of cases. Around 50 million people suffer from dementia worldwide, according to the World Health Organization , with numbers projected to rise to 152 million by 2050. In the United States, the condition is the sixth biggest cause of death among all adults, according to the US Centers for Disease Control and Prevention, while in the UK it has overtaken heart disease as the leading cause of death, according to the Office for National Statistics. 'Promising findings' The study's findings have been met with cautious optimism by dementia organizations. ""Getting a diagnosis of dementia can be time consuming and quite frustrating for many people, so it's promising that earlier indicators of cognitive decline are in development,"" said Paul Edwards, Director of Clinical Services at Dementia UK. But he added that focus should also be paid to dementia sufferers after their diagnosis, saying: ""The elephant in the room is the lack of support for people and their families once they get a diagnosis of dementia."" There is currently no cure for dementia, though medication can be used to temporarily treat its symptoms. ""Often, a diagnosis is made and then people are sent home with no information, no follow-up appointments and no clue about what is going to happen next."" Previous studies this year have linked dementia risk to lifestyle factors such as alcohol consumption and fitness level , but its effects remain largely incurable. More research is needed to determine whether neck scans should become a part of routine testing for dementia. ""While these findings are interesting, as the full data from this research is yet to be published it is difficult to assess how useful this kind of scan could be,"" said Routledge. Routledge added that current evidence shows that not smoking, only consuming alcohol within recommended limits, staying active, monitoring cholesterol levels and eating a balanced diet can all help with the health of the heart and brain."
healthfact,26569,0,1,0.99920505,"Facebook post Says Italian Prime Minister Giuseppe Conte said, “We have lost control, we have killed the epidemic physically and mentally. Can’t understand what more we can do, all solutions are exhausted on ground. Our only hope remains up in the Sky, God rescue your people.”"
healthfact,26413,0,1,0.9992028,“President Trump has banned welfare for illegal immigrants which will save $57.4 billion a year.”
healthfact,14124,0,1,0.9992022,"A three-cents-per-ounce soda tax in Philadelphia ""would result in the loss of 2,000 family-sustaining Teamster Union jobs and countless other jobs in the beverage industry."
healthfact,38755,0,1,0.9992016,Keanu Reeves supposedly wrote an inspiring open letter about life and loss that has gone viral online.
healthfact,31989,0,1,0.99919647,The European Union ordered reporters to not reporting whether a terrorist is Muslim.
healthfact,29579,0,1,0.9991959,Individuals with a high net worth are ineligible to serve in the military because they are more likely to be insubordinate.
healthfact,9008,0,1,0.99919564,Eating more fish could prevent Parkinson's disease
fakehealth,story_reviews_00845,0,1,0.9991947,"Mrs. McDaniel’s story offers a sobering look at the challenges for this kind of quest for a treatment, even for someone like her, who had both the means and the connections to get the intricate geography of her cancer charted. Her husband, Roger McDaniel, was a former chief executive of two companies involved in semiconductor manufacturing, and the family could afford the approximately $49,000 that the search would cost. They had expected to pay much more, but to their astonishment, Mrs. McDaniel’s insurance company covered almost all the drug costs. And the scientists who did the data analysis did not charge. From the start, the family knew the odds were against Mrs. McDaniel, but she thought she had little to lose. “You cannot feel bad if this doesn’t work or I die,” she told her son Timothy, a molecular biologist. “I would have died anyway.” Scarlet Skin and Infections Beth McDaniel’s cancer began with itching all over her body. Then her skin turned scarlet and started becoming infected. In 2005, after she had spent more than a year going from specialist to specialist, a dermatologist figured it out. Mrs. McDaniel, then 62, had Sezary syndrome, a rare T cell lymphoma, in which white blood cells become cancerous and migrate to the skin. All her doctors could tell her was that the disease was incurable, that there was no standard treatment, and that on average patients at her stage die within a few years. “Of course I was shocked,” Mrs. McDaniel said in an interview last September. She wept that day as her husband drove her home. And she asked God to help her cope. Before cancer, she had had a vibrant life, hiking in the mountains, traveling the world, entertaining her wide network of friends. Her disease destroyed all of that. She could not even enjoy her luxuriant garden because sun on her inflamed skin was agony. Advertisement Continue reading the main story Although there is no standard treatment, for five years chemotherapy held her disease at bay. But in the summer of 2010, she got worse, much worse, with hundreds of tumors popping up under her skin. Some grew as large as kiwi fruits and split open. Her son, Dr. McDaniel, decided he would orchestrate the use of the most advanced techniques of gene sequencing and analysis to take on her cancer. Because of his job — he works for Illumina , a company that does DNA sequencing — Dr. McDaniel had read scientific reports and gone to medical conferences where he heard talks on whole genome sequencing. He noticed that the patients all seemed to have rare cancers. “Every time I heard one of those stories, I thought, ‘That’s my mom,’ ” he said. For now, there are not many drugs that can target specific gene mutations in cancer cells. But the hope is that when more is known and more drugs are developed, doctors will treat cancer by blocking several major genes at once. With several escape routes barred, the cancer will not be able to break free of the drugs stopping its growth. Full-Time Help From a Son In theory, it seemed straightforward for Dr. McDaniel to help his mother. The technology for getting and analyzing DNA sequences has advanced greatly, and the cost has plummeted. In fact, Dr. McDaniel said, the price of sequencing has dropped so fast that if the work were done today, it would cost just $26,200 instead of the $46,280 it cost last year. The first obstacle was just getting a sample of Mrs. McDaniel’s cancer cells. One doctor told her the odds of success were so slim that she would be better off spending her money on a vacation. Another seemed interested but did not follow through. A third did two biopsies but was unable to get usable DNA. Finally, Dr. McDaniel and his wife, Gia, decided he would make helping his mother a full-time job. He took a leave of absence from Illumina, and he, Gia and their three young children moved from San Diego to Lexington, Ky. “I have not been a particularly humble person,” Beth McDaniel said. “That humbled me.” Dr. McDaniel’s parents had two homes in the Lexington area. One, on a horse farm, was vacant, and he appropriated a bedroom on the second floor for his office. He treated his work like a regular job, driving to the office each day from another house where he and his family were living. He dressed in his normal work clothes, slacks and a collared shirt. Meanwhile, his mother’s cancer was erupting. Advertisement Continue reading the main story “She was covered in tumors, almost like cobblestones,” said Dr. Fernando R. de Castro, her dermatologist. “They felt like marbles and pebbles all over her skin.” Large ones on her arms and legs had burst open. “We started talking about hospice .” Mrs. McDaniel said she was not a vain person, but with red lumps all over her face, she was embarrassed to go out. She slept on a cooling pad and carried one with her to relieve the constant itching. Every evening around 5:30 when the itching became most unbearable, she would lay her head in her husband’s lap as they watched TV in their great room and he would gently tickle her back for hours on end — trying to ease her discomfort. The disease continued a relentless course until finally, accepting what seemed the inevitable, Mrs. McDaniel gave away her clothes, planned her funeral and wrote notes to a few people she thought she had offended in her life, asking them to forgive her. “She believed, we all believed, she would die before we got the sequencing done,” Dr. McDaniel said. Then, in January 2011, Dr. de Castro got a tissue sample from a tumor and, for comparison with normal cells, her saliva. He had removed a plug of tissue the size of a pencil eraser from one of the hundreds of tumors on Mrs. McDaniel’s skin, frozen it in liquid nitrogen and shipped it overnight to the Mayo Clinic in Scottsdale , Ariz. By April, scientists at Illumina and TGen, a nonprofit research institute, had completed the genetic sequencing of the samples. Photo Next came the hard part — the analysis. With time short, Dr. McDaniel worked on it himself and recruited two small biotechnology companies and TGen to help. Three Billion Symbols in a Cell John Carpten, an oncologist at TGen, and David Craig are accustomed to working with gene sequence data, but it is hard even for them to get used to the scale of such a project. Newsletter Sign Up Continue reading the main story Please verify you're not a robot by clicking the box. Invalid email address. Please re-enter. You must select a newsletter to subscribe to. Sign Up You will receive emails containing news content , updates and promotions from The New York Times. You may opt-out at any time. You agree to receive occasional updates and special offers for The New York Times's products and services. Thank you for subscribing. An error has occurred. Please try again later. View all New York Times newsletters. The hard drive containing Mrs. McDaniel’s genetic data arrived in the mail — it had too much data to send electronically. It took a full day just to pull this terabyte of information off the drive. Dr. Carpten explained that there were three billion symbols, made from four letters — A, T, G and C — in just one cell’s DNA. If those letters were printed on paper, they would fill a medium-sized elementary school’s library. Advertisement Continue reading the main story But there are unavoidable errors in sequencing, so to be sure the data is correct, researchers repeat the sequencing 30 times — 30 libraries’ worth. They do this for the normal cells, too — another 30 libraries’ worth. This kind of data, though, does not come in neat genetic words and sentences. Instead, Dr. Craig said, “It looks like it’s been through a shredder.” “It is like putting together a jigsaw puzzle that has a billion pieces,” Dr. Carpten said. Finally, they compared the sequences of normal cells and cancer cells. They found about 18,000 differences, most with no known significance for the disease. At last, the work was done, and on May 18, Dr. McDaniel flew to TGen. The researchers noticed an intriguing aberration in Mrs. McDaniel’s cancer genes. But they were uncertain what it meant. It looked as if two genes had fused to each other in Mrs. McDaniel’s cancer cells. The result was that the cell growth signals in the cancer cells were reversed, like crossed wires. The research team theorized that every time those cancer cells, T cells of her immune system, got a signal to stop growing, they reacted as though they had gotten a signal to grow. And every time they got a signal to grow, they responded by stopping their growth. If they were right, the way to stop her cancer’s growth could be to signal it to grow. And that was what a new melanoma drug — ipilimumab, its trade name Yervoy — was designed to do. It spurred the growth of normal T cells. But if the researchers were wrong, the drug could kill her. They spent two hours at a whiteboard on Wednesday, May 18, trying to understand what the fusion really meant. Then Dr. McDaniel took the data home and asked a colleague at Illumina to try to fish out a handful of crucial genetic sequences that were buried among 50 million others. On Sunday night, May 22, Dr. McDaniel had them and began trying to decipher them. By 10 p.m., he had it figured out. The TGen scientists’ findings were real. “The brake pedal had been wired to the accelerator,” Dr. McDaniel said. He worked all night, found a paper by scientists who had deliberately fused those very genes and discovered that, yes, the genetically altered T cells had their growth signals reversed. At 5:45 a.m. Dr. McDaniel sent an e-mail to his collaborators. “I was so tired at that point that, believe it or not, I had forgotten about the drug,” he said. Advertisement Continue reading the main story He fell asleep and woke at 11 a.m., rushing back to his computer. The melanoma drug he had forgotten in his exhaustion should hit that target. And that could stop his mother’s cancer from growing. “My jaw was just hanging open,” Dr. McDaniel said. “The implications were so tantalizing that I didn’t dare believe them.” A Remarkable Turnaround Mrs. McDaniel had her first infusion on July 28, and the result seemed remarkable. Her oncologist, Dr. Gohmann, was overwhelmed. Her son, who had been terrified that he and the doctors might have made a terrible mistake, was overjoyed. Mrs. McDaniel, who had not left her house for several months except to see her doctors, began going to movies and restaurants every day. On Sept. 2, she and her husband went to the Heirloom Restaurant, in the middle of horse country, to celebrate their 50th wedding anniversary. She had given away so many of her clothes when she thought she was dying that she puzzled over what to wear. She had a favorite blouse that was loosefitting and comfortable, but Mr. McDaniel recalled, “It was long gone.” She could not drink wine with the medicines she was taking, so she and her husband sipped iced tea in the quiet dining room. “We reminisced, but also talked about the future as we hoped it would be,” Mr. McDaniel said. But the reprieve lasted only weeks. By the end of September, the cancer was back. Dr. McDaniel did not want to give up. Mrs. McDaniel’s tumor was sequenced again, looking for a new mutation, but there was nothing striking. As Dr. McDaniel sifted through the data, he called his parents every day. They began calling him the governor, hoping he would bring his mother another stay of execution. The doctors considered a less appealing target, a mutated gene that T cells use to stop growing. Unpublished studies in mice suggested that a kidney cancer drug might stop the growth of T cells with this mutation. Advertisement Continue reading the main story By then, Mrs. McDaniel’s body was ravaged by the cancer and her treatments. She had entered hospice care, with a hospital bed in her home and a nurse and an assistant to help. “We had this shaky evidence, based on the genome and on unpublished data,” Dr. McDaniel said. But the drug’s side effects were mild, and her family and doctors decided she should try it. “If we do nothing, she will be dead in one to six weeks,” Dr. McDaniel explained. Mrs. McDaniel took the drug on Nov. 26. But she was so ill that she was unable to get out of bed, unable to drink from a straw. Her son Tim took his children to her bedroom one at a time so they could say goodbye. “She wasn’t talking, but her eyes were open, and she acknowledged each one with a weak chuckle,” Dr. McDaniel said. Three days later, she briefly rallied. Her husband held her hand. “She said, ‘I love you,’ ” Mr. McDaniel said. “She then repeated it twice more. I kissed her forehead and told her that I loved her. Those were our last words to each other.” The next morning, Nov. 30, Mr. McDaniel woke early and went to his wife’s room. Her breathing had become erratic. Worried, he stepped out and asked the hospice nurse to call the doctor. “In the seconds that I was absent, she died,” Mr. McDaniel said. The team that tried to save her was heartbroken too, and was left with a long list of what-ifs. “If you really look at it, what did we buy her?” Dr. de Castro asked. Mrs. McDaniel was dying last January. Yet would she have survived as long even without the sequencing or the drugs? Did the team make a difference? “I hope we did,” Dr. de Castro said, “but it’s hard to know.”. Tuesday: What a tumor holds in store."
fakehealth,story_reviews_01538,0,1,0.9991906,"A swollen lymph node on the neck was the only symptom Karen Anderson noticed. The 47-year-old pre-school teacher from Eugene was stunned when her biopsy came back positive for melanoma –the most life-threatening form of skin cancer. Malignant cells had spread throughout her body. Surgeons removed affected lymph nodes but within months tumors appeared in her liver, breast, skull and other lymph nodes. ""My oncologist said this is going to kill you and you need to think about preparing for that,"" Anderson says. Two years ago, she gained access to an experimental immune-enhancing treatment in clinical trials at Providence Cancer Center in Portland. Called ipilimumab, it unleashes an all-out immune system attack on cancer cells. At first, the injections caused only side-effects: widespread itching, fatigue, and diarrhea. Worse, Anderson says, ""I could feel the tumors getting bigger. They felt hot to me."" Then after several months the tumors began to shrink. After one year, the once palpable tumors were no longer detectable in diagnostic scans. While far from a cure, the treatment is the first to improve survival in people with melanoma that has spread, or metastasized, says Dr. Walter Urba, director of cancer research at the Providence Cancer Center. Urba is a co-author of the on ipilimumab published in the New England Journal of Medicine Saturday. Success in a cancer as deadly and difficult to treat as advanced melanoma is raising hopes that the treatment may also prove useful in staving off other tumors, including lung and prostate cancer. Drug companies are racing to develop competing versions of the immune-enhancing therapy, an antibody produced through genetic engineering. ""I would not be here today without it,"" says Anderson, who is undergoing a second round of treatment for resurgent tumors. ""It's given me time with my kids, my husband, my family – and it's been quality time."" Melanoma is a rare skin cancer, but accounts for most of the 66,000 annual deaths from skin cancer worldwide. If caught early, before cancer cells break off and spread, surgery can stop melanoma. But most people diagnosed after melanoma has metastasized die within a year. ""For years and years, we've been looking for an effective therapy,"" Urba says. Ipilimumab, nicknamed Ippy, is one of the first antibody-based therapies that use the body's immune defenses to destroy cancer cells. The antibodies bind to a specific protein studding the surface of T cells, immune system cells that seek and destroy virus-infected and cancerous cells. The surface protein works like a switch, inactivating T cells after a few days to prevent the immune system from running amok and destroying healthy tissue. The antibodies temporarily jam the switch, allowing T cells to continue attacking cancer tissue for weeks or months – for as long as patients continue to receive injections of the engineered antibody. More than 600 melanoma patients took part in the ipilimumab clinical trial at 125 cancer centers in 13 countries. All patients had inoperable cancers with widespread tumors after conventional treatment. Some patients received ipilimumab alone, others it combined with a cancer vaccine called gp100, and a third group received only the cancer vaccine. Ipilimumab appeared to double survival compared with the gp100 vaccine alone. After one year, nearly half of patients given ipilimumab alone or in combination remained alive, compared with one quarter of patients given only the vaccine. After two years, 24 percent of patients treated with ipilimumab were alive, 22 percent of patients treated with the combination, while survival dropped to 14 percent among patients treated with the vaccine alone. ""Some of the people are now out 44 months and still remain free of disease,"" Urba says. Serious side effects also became clear. Nearly two-thirds of patients on ipilimumab experienced side effects caused by over-active immunity, such as severe itching, intestinal irritation and diarrhea. Researchers linked 14 deaths to the study drugs, half caused by immune-system reactions. Still, the study stands as ""a major landmark in cancer immunotherapy,"" says Dr. Bernard Fox, president of the International Society for Biological Therapy of Cancer. He says the results highlight the potential for using the same approach to treat other cancers. Already, early studies in patients with lung cancer and prostate cancer have produced positive, though inconclusive results. ""There is no reason it can't be applied to any of the common tumor types,"" Urba says. ""They all have antigens on their surface that T cells can recognize."" Ongoing trials are testing ipilimumab with other cancer drugs, in different doses and against different cancers. Drug company Bristol-Myers Squibb told investors the drug could gain regulatory approval as early as next year and become available to cancer patients in 2012. Ipilimumab was developed by Medarex, a New Jersey company owned by Bristol-Myers Squibb. Other drug companies are at work on competing versions of the immune-enhancing antibody therapy. For now, federal regulators have authorized to people who have serious or immediately life-threatening, inoperable melanoma that has spread, who have no alternative treatment options, and whose physicians believe the drug is appropriate. Providence Cancer Center is the only site in Oregon offering compassionate use of the drug. The Northwest's other participating centers are the Seattle Cancer Care Alliance and Swedish Cancer Institute in Seattle, Providence Cancer Center in Spokane, and Multicare Health System in Tacoma. --"
healthfact,10506,0,1,0.9991873,The Claim: Aspirin Can Reduce the Risk of Alzheimer’s Disease
healthfact,8942,0,1,0.9991866,Pulsed radiofrequency relieves acute back pain and sciatica
healthfact,14212,0,1,0.99918395,"Ted Cruz Says both Donald Trump and Hillary Clinton say Planned Parenthood is ""terrific and that it should keep taxpayer funding."
healthfact,26527,0,1,0.9991763,The Obama administration left Trump with a “stockpile with a cupboard that was bare.”
healthfact,36423,0,1,0.9991762,"Marijuana laced with fentanyl is a problem, and you can detect it if ""weed smells like popcorn."
fakehealth,story_reviews_01182,0,1,0.9991738,"En Español MONDAY, Feb. 28, 2011 (HealthDay News) -- Cancer patients undergoing chemotherapy may be able to avoid the accompanying muscle loss and malnutrition by taking fish oil supplements that contain omega-3 fatty acids, new research suggests. The finding is based on a small study involving just 40 lung cancer patients. Nevertheless, it raises hope that a simple, noninvasive intervention might go a long way towards countering the fatigue, poorer prognosis and impaired quality of life that can result from chemo-induced muscle mass loss. ""Fish oil may prevent loss of weight and muscle by interfering with some of the pathways that are altered in advanced cancer,"" study author Dr. Vera Mazurak, of the University of Alberta in Edmonton, Canada, said in a news release. ""This holds great promise, because currently there is no effective treatment for cancer-related malnutrition."" Mazurak and her colleagues report their observations in the Feb. 28 online edition of Cancer. To explore the therapeutic potential of fish oil supplements, the authors offered 16 cancer patients undergoing an initial 10-week chemotherapy regimen a daily dose of 2.2 grams of a particular omega-3 fatty acid called eicosapentaenoic (EPA). While these patients took fish oil supplements throughout their chemotherapy treatment, a second group of 24 patients underwent the same regimen minus the fish oil. The results: continual muscle and fat measurements revealed that the group that took no fish oil supplementation lost an average of just over 5 pounds; the supplement group lost no weight. What's more, blood analyses revealed that those in the fish oil group who had the biggest bump in bloodstream EPA concentrations also had the greatest muscle mass gains. Specifically, nearly 70 percent of those in the fish oil group either kept their pre-chemo muscle mass or gained muscle. By comparison, less than 30 percent in the non-supplement group kept their original muscle mass. Total fat tissue measurements were unaffected by fish oil supplementation, the team noted, and no side effects were observed. The authors concluded that fish oil supplementation appears to be a safe and effective way to prevent malnutrition among cancer patients, and may ultimately prove to be of benefit for other groups of people, such as elderly patients who also face a significant ongoing risk for muscle loss. Lona Sandon, a registered dietitian and assistant professor of clinical nutrition at the University of Texas Southwestern Dallas, reacted with cautious optimism to the findings. ""Malnutrition is a big concern with cancer patients undergoing chemotherapy and radiation,"" she noted. ""Because first of all they do have wasting from the cancer itself, which is very metabolically active and eats up your energy stores. And then with chemotherapy, there is some inflammation that's detrimental to the heart and muscle, as it can cause muscle breakdown. And preservation of lean muscle tissue, we know, leads to better outcomes."" ""So certainly this does seem to be promising,"" Sandon said. ""And other similar studies have looked at omega-3 and muscle preservation and have also suggested that fish oil can act to prevent inflammation caused by both disease and hardcore medications, like chemotherapy agents."" ""But I would caution that the amount of pure concentrated fish oil supplement the people in this study were given is a lot,"" she added. ""Much much more than any recommended dietary allowance, along the lines of two to three servings of fish per week."" But, she said, ""I would say this is certainly worthy of continuing research and exploration. But meanwhile, people should definitely not go out and start consuming huge amounts of fish oil."" More information For more on chemotherapy, visit the American Cancer Society."
healthfact,9253,0,1,0.9991737,Discovery offers prospect of shorter treatment and cure for chronic myelogenous leukemia
healthfact,22074,0,1,0.99917334,The Democrats have already voted to ban our conventional light bulbs ... in favor of dangerous fluorescent light bulbs.
healthfact,35602,0,1,0.9991732,The common allergy drug Benadryl can be used to treat rattlesnake bites.
fakehealth,news_reviews_00359,0,1,0.9991716,"BOSTON (Sept. 14, 2016) -- Although targeted drugs like Gleevec have revolutionized the treatment of chronic myelogenous leukemia (CML), patients generally must take them for the rest of their lives and may cease benefiting from them over time. In new research that could suggest a road to cure, scientists at Dana-Farber Cancer Institute and Boston Children's Hospital have found that CML stem cells die in response to inhibition of a protein called Ezh2. Drugs that target the protein are currently being tested in clinical trials for other cancers. The findings, reported online today by the journal Cancer Discovery, raise the prospect that Ezh2 blockers, in combination with Gleevec and similar drugs, could eradicate the disease in some patients in relatively rapid fashion or could be an effective therapy for those who become resistant to Gleevec-like agents, the authors state. In a paper published simultaneously by Cancer Discovery, a team of Scottish scientists report similar findings using a different research approach. ""The vast majority of patients with CML do remarkably well on imatinib [Gleevec] and similar drugs: The disease is well controlled and side effects are tolerable,"" says Stuart Orkin, MD, the study's senior author and a pediatric hematologist/oncologist at Dana-Farber/Boston Children's Cancer and Blood Disorders Center. ""In only 10-20 percent of patients, however, are the leukemia cells fully cleared from the body. The other 90 percent retain a reservoir of leukemic stem cells - which initiate the disease - and must stay on the drugs permanently."" CML is a slowly progressing type of blood cancer that develops in the bone marrow. Primarily occurring in adults, it is rare in children. Over time, some patients develop resistance to Gleevec and other drugs that block BCR-ABL, the misbegotten ""fusion"" protein that drives CML growth. Although second- and third-line targeted therapies can often return the disease to remission, some patients don't benefit from these drugs or develop severe side effects. The new study grew out of efforts to discover whether different types of cancer are susceptible to Ezh2 inhibitors. In laboratory experiments, the Dana-Farber/Boston Children's researchers found not only that Ezh2 is overabundant in leukemia stem cells but that it helps them survive and give rise to full-fledged CML cells. Follow-up studies in mice showed that inactivating Ezh2 through gene-editing techniques caused CML stem cells to die, halting the disease at its source. ""The stem cells' dependence on Ezh2 suggests they will be especially vulnerable to drugs that target the protein,"" Orkin remarks. ""Such drugs are already in clinical trials for other diseases, including lymphoma and some solid tumors."" Epizyme, a biopharmaceutical company based in Cambridge, MA, recently opened a pediatric trial of an Ezh2 inhibitor for children with rhabdoid and other tumors. Dana-Farber/Boston Children's is a site in the multi-center Phase 1 trial. Although adding Ezh2-targeting agents to the standard drug regimen for CML has the potential to dramatically shorten the treatment period for many patients, ethical considerations may lead to the agents' first being tested in patients who don't respond to Gleevec and similar drugs, either initially or after drug resistance develops, Orkin remarks. ""Our findings suggest inhibition of Ezh2 should be considered as a way to eradicate CML when used in combination with current targeted therapies. It offers a promising approach to shortening the duration of therapy in order to achieve a cure. If successful, the cost savings of such an approach could also be significant."" ### Joining senior author Orkin, the study's lead author is Huafeng Xie, PhD, of Dana/Farber/Boston Children's. Co-authors are Cong Peng, Jialiang Huang, PhD, Bin E. Li, PhD, Woojin Kim, Elenoe C. Smith, Yuko Fujiwara, PhD, Partha P. Das, Minh Nguyen, of Dana-Farber/Boston Children's; Jun Qi, PhD, of Dana-Farber; James E. Bradner, MD, of Dana-Farber and the Novartis Institute for BioMedical Research; Shaoguang Li, MD, PhD, of University of Massachusetts Medical School; and Giulia Cheloni of UMass Medical School and the University of Florence, Florence, Italy. The study was funded in part by the National Institutes of Health (grant UO1 CA105423) and Hyundai Hope on Wheels. Dana-Farber/Boston Children's Cancer and Blood Disorders Center -- the nation's top pediatric cancer center, according to U.S. News & World Report - brings together two internationally known research and teaching institutions that have provided comprehensive care for pediatric oncology and hematology patients since 1947. The Harvard Medical School affiliates share a clinical staff that delivers inpatient care at Boston Children's Hospital and most outpatient care at Dana-Farber Cancer Institute."
healthfact,24300,0,1,0.9991689,Bill White has presided over the construction of what may be the world's largest abortion clinic.
fakehealth,news_reviews_00038,0,1,0.99916625,"A translational research team led by the National University of Singapore (NUS) has harnessed CURATE.AI, a powerful artificial intelligence (AI) platform, to successfully treat a patient with advanced cancer, completely halting disease progression. This new development represents a big step forward in personalised medicine. In this clinical study, a patient with metastatic castration-resistant prostate cancer (MCRPC) was given a novel drug combination consisting of investigational drug ZEN-3694 and enzalutamide, an approved prostate cancer drug. The research team successfully utilised CURATE.AI to continuously identify the optimal doses of each drug to result in a durable response, allowing the patient to resume a completely normal and active lifestyle. ""Dynamic dosing in cancer therapy is not commonly used. In fact, drug dosing changes in oncology are typically performed only to reduce toxicity. CURATE.AI uniquely modifies drug dosing to increase efficacy. Our clinical study has shown that dosing can profoundly affect the efficacy and safety of treatment. A patient's clinical profile changes over time. The unique ability for CURATE.AI to rapidly identify the drug doses that result in the best possible treatment outcomes allows for actionable, and perpetually optimised personalised medicine,"" explained Professor Dean Ho, Director of the Singapore Institute for Neurotechnology (SINAPSE) at NUS, who led the study. Combating cancer with combination therapy Combination therapy represents a cornerstone in modern cancer treatment. Using this approach, multiple drugs are used to attack the processes that support cancer growth. A primary objective when designing combination therapies is to achieve drug synergy, where the drugs work together to substantially improve efficacy. While combination therapy has generally improved treatment outcomes such as overall survival for many cancers, it is predominantly given at both fixed as well as high doses. Prof Ho added, ""Patients respond to chemotherapy differently from one another. Even a single patient's response to therapy can vary substantially over the course of treatment. In fact, many patients do not respond at all to the drug combination because the dosages, which can profoundly impact efficacy, are not suitable for them. Therefore, while fixed dose combination therapy represents a standard of care, it may also serve as a barrier to realising truly optimal and personalised medicine."" Harnessing AI to continuously optimise combination therapy dosing To overcome the challenges of conventional combination therapy, the NUS team of engineers developed the CURATE.AI platform, which uses the patient's own clinical data - such as their drug doses and corresponding changes to tumour sizes or levels of cancer biomarkers in the blood - to calibrate his or her unique response to treatment. This calibration is then used to create an individualised CURATE.AI profile, or map, that identifies the drug doses which enable the best possible treatment outcome at any given point in time. ""No two patients' profiles are alike, and as a patient's body and the cancer itself evolve during treatment, the CURATE.AI profile evolves as well, enabling the clinical and engineering teams to optimise care for the entire duration of treatment, an unprecedented advance for combination therapy,"" Prof Ho explained. In this study, which was conducted at the UCLA Institute of Urologic Oncology for a period of over a year, a patient with metastatic prostate cancer was given ZEN-3694 and enzalutamide. Reducing the level of prostate specific antigen (PSA) in the patient's blood served as the primary biomarker to determine if the patient was responding to treatment. Computed tomography (CT) imaging of the cancer lesions monitored the extent of disease progression. Initially, the doses of ZEN-3694 and enzalutamide were adjusted by the clinicians to better manage patient-reported quality of life. The patient's initial drug doses and PSA levels were then used to construct his personalised CURATE.AI profile. Remarkably, CURATE.AI subsequently identified a ZEN-3694 dose that was 50 per cent lower than the patient's starting dose of the drug prior to CURATE.AI analysis. Prospective dosage guidance by CURATE.AI resulted in the lowest PSA levels observed for the patient during the course of the study. As treatment progressed, slight increases in ZEN-3694 dosing resulted in clear decreases in PSA levels, also demonstrating its key role in suppressing the metastatic cancer. CT imaging of the patient's lesions showed that disease progression was halted as a result of CURATE.AI-guided combination therapy of both ZEN-3694 and enzalutamide. Patient care guided by CURATE.AI is currently ongoing. ""Using CURATE.AI to dynamically modify drug doses and successfully treat a metastatic cancer patient represents a landmark breakthrough for the use of AI to truly personalise patient care. This advance is expected to dramatically improve response rates for all combination therapies that are being developed for oncology as well as virtually all other diseases. We can also expect CURATE.AI to markedly reduce the costs of drug development,"" Prof Ho added. Dr Allan Pantuck, the lead clinician of the study, added, ""With fixed dose therapy, patients are often switched to other drugs when they no longer respond to treatment. However, CURATE.AI has shown that patients can still respond to the therapies that have seemingly stopped working by continuously identifying the patient's optimal dosing parameters."" ""The implementation of CURATE.AI represents a game-changing shift in the way that combination therapy can be optimised at the single patient level, and we have shown that N-of-1 medicine can be a reality. We are excited that CURATE.AI could ultimately enhance patient accessibility to important new combination therapies, saving lives in the process,"" said Prof Ho, who is also from the Biomedical Engineering and Pharmacology departments at NUS, as well as a member of the Biomedical Institute for Global Health Research and Technology (BIGHEART) at NUS. The research was conducted in collaboration with the University of California, Los Angeles, and Zenith Epigenetics. The findings were published in Advanced Therapeutics on 29 August 2018. More clinical trials underway CURATE.AI is applicable to all diseases and all patients, and a first generation of the platform was previously validated in the clinic for single drug optimisation in post-transplant immunosuppression. This new study demonstrates that CURATE.AI can optimise multi-drug regimens. Multiple clinical trials using CURATE.AI-guided combination therapy for oncology and additional applications such as post-transplant immunosuppression are underway. In addition, patient recruitment for additional oncology trials in Singapore has been approved. The CURATE.AI team expects to broadly deploy the platform for the prevention of transplant rejection, adult and paediatric cancers, cardiovascular medicine, diabetes management, infectious diseases, and many other applications. ###"
healthfact,29946,0,1,0.99916625,U.S. Representatives Rashid Tlaib and Ilhan Omar co-sponsored legislation to recognize Muslim holidays as federal holidays.
fakehealth,story_reviews_00798,0,1,0.9991654,"Oct. 29, 2012 -- Early, intensive autism treatment improves children's brain development, a new study shows. The treatment, dubbed Early Start Denver Model or ESDM, offers a child 20 hours a week of one-on-one treatment with a trained therapist. It also calls for many more hours of the treatment, in the form of structured play, with a parent trained in the technique. By age 4, children given the treatment had higher IQ scores, more adaptive behavior, better coordination, and a less severe autism diagnosis than kids given the standard autism treatments offered in their communities. But that's not all, researchers Geraldine Dawson, PhD, and colleagues report. ""We jump-started and improved the responses of children's brains to social information,"" says Dawson, professor of psychiatry at the University of North Carolina and chief science officer at Autism Speaks. Normal child development depends on interactions with parents and other people. Without such interactions, language and social skills do not develop. As measured by an electroencephalogram (EEG), small children's brains show a specific pattern of activity when they look at a picture of a human face. This doesn't happen when they look at pictures of inanimate objects. Just the reverse happens in children with autism. Their brains light up when they look at pictures of objects, but not when they look at faces. This changed dramatically in the children treated with ESDM. ""The [brains of] children who received the ESDM looked virtually identical to typical 4-year-olds,"" Dawson says. ""The children that received the interventions normal in their communities continued to show the reversed pattern."""
healthfact,9303,0,1,0.99916494,The Baseball Diet Is Proving To Be A Heavy Favorite For Shedding Pounds In 2015
healthfact,9077,0,1,0.99916315,On-and-off fasting helps fight obesity
healthfact,35336,0,1,0.99916315,Researcher Judy Mikovits was arrested without a warrant and jailed without charges for making a controversial scientific discovery.
healthfact,42203,0,1,0.99916303,"Muslim nurses now have the ""option of participating in medical operations without washing their hands."
healthfact,14986,0,1,0.9991611,"Ben Carson Says he ""didn’t have an involvement with"" nutritional supplement company Mannatech."
fakehealth,story_reviews_01053,0,1,0.9991603,"Back to previous page New laser treatment takes aim at toenail fungus By Rachel Saslow, For people with toenail fungus, there is no good time to wear sandals. Not even at the beach in July. Toenail fungus causes nails to become thick, yellow and brittle in a way that looks pretty ugly and can be painful. Sufferers can spend years and hundreds of dollars trying to clear the infection with drugs, topical treatments and home remedies, sometimes to no avail. It tends to be a cosmetic issue for the younger set and a pain issue for older folks. “The problem is huge. It is bigger than you can imagine,” says Washington podiatrist Stephen J. Kominsky. “I would say 70 percent of the patients who come into my office have fungal infections on their toenails.” There may be hope. Podiatrists have begun using a laser treatment that combats the infection — or wastes their patients’ money because it doesn’t work, depending on whom you ask. The treatment, in which the podiatrist aims a laser beam at the patient’s toenails to kill the organisms that cause the fungus, costs about $1,000 and is not covered by insurance because it is considered an aesthetic procedure. The nails aren’t immediately clear after the treatment, which takes up to an hour; the patient must wait for the fungus-free nails to grow out. Last year, the Food and Drug Administration cleared the first laser, PinPointe, for “temporary increase of clear nail” in patients with onychomycosis, the medical term for a fungal infection of the nail. The FDA cleared a second one, GenesisPlus, in April. Practitioners have been using other lasers on toenail fungus since about 2009. ‘No side effects’ Kominsky has treated 400 to 500 patients with the PinPointe laser. Compared with oral medication, he says, “the odds of success are better with the laser; plus, there’s no side effects.” The most common oral treatment, Lamisil, works for about two out of three patients, according to Lamisil’s FDA-approved prescribing information, but it has been associated with rare cases of serious liver problems. Other potential side effects include diarrhea, headache, rashes and changes in taste. According to Lamisil’s manufacturer, Novartis, the relapse rate is 15 percent one year after completing treatment. In one small study about laser treatment for toenail fungus, which appeared last year in the Journal of the American Podiatric Medical Association, “26 eligible toes (ten mild, seven moderate, and nine severe)” were treated with a laser produced by Nomir Medical Technologies, which is still seeking FDA approval. After six months, 85 percent of the toenails had improved. “I never use the term ‘cured’ with toenail fungus,” Kominsky says. “With a cure, people think there’s no chance for a recurrence. In this case, there is a chance.” Even John Strisower, the founder of PinPointe USA, says patients should expect at least a minimal reinfection within five years after laser treatment. Routes of infection Research done by PinPointe, which is based in Chico, Calif., identified more than 100 organisms, including fungi, yeast, mold and bacteria, that work together to cause toenail fungus. There’s no one route of infection, but sources include pedicures and locker room showers. Fungi love moist, dark environments such as wet shoes, Kominsky says, so people such as lifeguards, landscapers and fishermen are particularly susceptible. Shoes are the reason why toenail fungus is much more common than fingernail fungus, which can also occur. The elderly are more likely to have toenail fungus than younger people because they have had more years to be exposed to the infection and their immune systems can’t always fight it off, according to Washington podiatrist Lee Firestone. He estimates that about half of people over 70 have toenail fungus. Last year, Americans spent $354 million on prescription and over-the-counter treatments for toenail fungus, according to IMS Health, a health-care information company. Firestone typically recommends oral medication for patients with toenail fungus. “I think the laser can improve the appearance of the nail, but it’s only temporary and it needs to be used again and again to maintain that improvement,” says Firestone, who doesn’t use the lasers in his practice. “I’ve had patients come in who have had laser procedures and not seen long-term success.” Vinegar won’t work Firestone also says that over-the-counter antifungal nail creams and ointments rarely work because they can’t penetrate the nail root. Home remedies such as tea tree oil, bleach and vinegar also don’t work, he says. Yet even a superficial improvement would be an improvement for many. Richard, a retiree in Fairfax who did not want his full name associated with toenail fungus, got a laser treatment on all 10 toes in April 2010, and he says his nails were fully cleared of the yellowed, thickened look after a year. To prevent reinfection, he has purchased all new socks and a SteriShoe, a $130 device that uses ultraviolet light to sanitize shoes, at his podiatrist’s recommendation. He has also turned to what he calls “an old wives’ tale” that he read about in a newspaper column: slathering Vicks VapoRub on his toes. “My doctor said, ‘Listen, it’s not a prescribed treatment, but if it works for you, for heaven’s sake, do it.’ ”"
fakehealth,story_reviews_01635,0,1,0.99915826,"Feb. 22, 2010 -- Acupuncture may be an effective way to reduce depression during pregnancy, a new study shows. Many pregnant women who have symptoms of depression worry that taking antidepressants might harm their unborn babies -- so they stop taking their medications, say researchers at the Stanford University School of Medicine. Acupuncture might be a useful alternative, they say, because a study of pregnant women shows that the procedure works in reducing depressive symptoms better than other non-pharmacological techniques. The study included 150 pregnant women diagnosed with major depressive disorder. Some received depression-specific acupuncture treatments, others had needles inserted in acupuncture points not known to relieve depression, and a third group received massage therapy. All of the women received therapy for eight weeks and were interviewed at the four- and eight-week marks by someone who did not know which treatment they were getting. The researchers say 63% of the women who received depression-specific acupuncture reported a significant reduction in symptoms, compared to 44% of women in the other two groups combined. Remission rates were not significantly lower in the depression-specific acupuncture group compared to the other two groups. ""I hope that people will respect the rigorous methodology used in this blinded, randomized, controlled trial and accept the result,"" study researcher Deirdre Lyell, MD, assistant professor of obstetrics and gynecology at Stanford University School of Medicine, says in a news release. Given that so many depressed women are reluctant to take antidepressants during pregnancy, ""it's important to find an alternative,"" study researcher Rachel Manber, PhD, professor of psychiatry and behavioral sciences at Stanford, says in the news release. Lyell says treatment of depression during pregnancy ""is critically important so that a woman can maintain her sense of well-being and take good care of herself, her fetus, and someday, her child."" The researchers say up to 14% of pregnant women may suffer from depression. The study is published in the March issue of Obstetrics & Gynecology."
healthfact,25742,0,1,0.9991573,A photo shows Kamala Harris is “listed as Caucasian on her birth certificate.”
healthfact,18361,0,1,0.99915636,"The IRS is going to be ""in charge"" of ""a huge national database"" on health care that will include Americans’ ""personal, intimate, most close-to-the-vest-secrets."
healthfact,12552,0,1,0.99915516,"Regarding the surgery that saved Jimmy Kimmel's son, ""Medicaid has stopped providing this kind of service."
healthfact,33838,0,1,0.9991509,Coca-Cola is an effective contraceptive.
healthfact,26382,0,1,0.9991499,The existence of a canine coronavirus vaccine casts doubt on statements that there isn’t one for humans.
fakehealth,news_reviews_00351,0,1,0.99914765,"A team of researchers from the University of Miami Miller School of Medicine has shown that the I-Portal Neuro Otologic Test, which uses the head-mounted goggle that gauged eye movement through video cameras and computers, can successfully diagnose concussion with 95 percent specificity and 89 percent sensitivity. These findings illustrate how use of the I-Portal goggle can better identify oculomotor, vestibular and reaction time (OVRT) differences between those with mild traumatic brain injury (mTBI) and non-affected individuals. Mild traumatic brain injury is typically diagnosed through physical exam findings. However, to best manage mTBI, researchers have felt it critical to develop objective tests to substantiate the diagnosis. With these findings, it appears the I-Portal goggle may be a solution. Michael Hoffer, M.D., an otolaryngologist and concussion expert at UHealth - the University of Miami Health System and lead investigator, has been using the goggle for two years, recruiting study participants from the emergency rooms of University of Miami Hospital and two military hospitals. Control subjects were recruited from volunteers at the locations where the study was being conducted. Another benefit for this research was that ""this next generation test has the considerable advantage of not requiring baseline testing,"" said study co-author Carey Balaban, Ph.D., of the University of Pittsburgh. The goal was to identify OVRT performance metrics that differentiated between mTBI and control groups and to create a model that could accurately evaluate mTBI neurologic status in patients. The results of the trial met the expectations of Hoffer and his team of researchers. ""This is the first paper demonstrating an objective method of diagnosing mTBI that relies on physiologic parameters,"" said Hoffer, who is professor of otolaryngology at the University of Miami Miller School of Medicine. ""This work opens the door for site of injury testing and access to physiologic tests for athletes of all ages."" Mild traumatic brain injury is a public health issue. Since the development of the goggle, researchers have hoped that the technology used by the goggle in a research setting could be translated to the sidelines of all sports - from professional leagues to amateur and little leagues. The research findings published by PLOS ONE help support their objective. ""It is not inconceivable that in the near future you will see the I-Portal goggle used on every sideline in America,"" Hoffer said. ""With accurate and timely diagnosis, which is possible through this technology, patients could receive better treatment faster. It's one of many developments that are needed to begin to curb the concussion epidemic."" ###"
healthfact,29543,0,1,0.99914753,Mississippi has passed a bill granting churchgoers the right to shoot and kill citizens at will.
healthfact,10762,0,1,0.99914634,Stem Cell Injection May Soon Reverse Vision Loss Caused By Age-Related Macular Degeneration
healthfact,26265,0,1,0.9991455,The novel coronavirus was “man-made.”
healthfact,9692,0,1,0.9991448,Cortisol levels in children's hair may reveal future mental health risk
healthfact,10069,0,1,0.99914205,Compound May Fight Hard-to-Treat Lung Cancer
healthfact,30705,0,1,0.9991417,The death from influenza of eight mostly vaccinated people over 65 in California's Santa Barbara County during the 2017-2018 flu season proves that you shouldn’t get the flu shot.
healthfact,10772,0,1,0.9991417,New psoriasis drug is more effective than current treatment
fakehealth,story_reviews_00359,0,1,0.9991399,"LONDON (Reuters) - Exposure to bright light can raise testosterone levels and lead to greater sexual satisfaction in men with low sexual desire, according to the results of a small scientific trial. Scientists at the University of Siena in Italy found that regular, early-morning use of a light box – similar to those used to combat Seasonal Affective Disorder or SAD - helped men increase testosterone and improved their sex lives. Andrea Fagiolini, a professor who led the study and presented it at the European College of Neuropsychopharmacology conference in Vienna on Monday, said the treatment may prove useful during the Northern hemisphere’s darker winter months. “The increased levels of testosterone explain the greater reported sexual satisfaction,” he said. “In the Northern hemisphere, the body’s testosterone production naturally declines from November through April, and then rises steadily through the spring and summer with a peak in October.” Low sexual desire can affect significant numbers of men after the age of 40, with studies finding that up to 25 percent of men report problems. Fagiolini’s team recruited 38 men diagnosed with either hypoactive sexual desire disorder or sexual arousal disorder – both characterized by a lack of interest in sex. After taking baseline readings, they divided the men into two groups and gave one regular treatment with a bright light box, while the control, or placebo, group was treated with a light box adapted to give out significantly less light. “We found fairly significant differences,” Fagiolini said. “Before treatment, both groups averaged a sexual satisfaction score of around 2 out of 10. But after treatment, the group exposed to the bright light was scoring sexual satisfaction scores of around 6.3. In contrast, the control group only showed an average score of around 2.7 after treatment.”"
healthfact,15067,0,1,0.9991393,"Pope Francis uses a modest compact car to get around, while Creflo Dollar drives an expensive sports car."
fakehealth,story_reviews_01043,0,1,0.999134,"www.chicagotribune.com/health/ct-x-0720-liquid-facelift-20110720,0,1517610.story By Ed Finkel, Special to the Tribune July 20, 2011 Advertisement Demand for minimally invasive cosmetic procedures showed a three-digit increase over the last decade, with Botox leading the way for those seeking to look younger or better. As of last month, would-be patients can consider a new product that uses their own collagen cells, which are multiplied in a lab to create an injectable substance that smoothes out facial features. Injections typically cost a fraction of surgery and require much less recuperation time. ""It's taking hold. People are doing (injections) a lot more frequently,"" said John Bull, a plastic surgeon in Naperville. ""People that are looking for a modest improvement with less down time and no scars typically want to have this done. The best candidates are people with early signs of aging and volume loss."" Laurette Agee, 51, who is general manager of a McDonald's in Aurora, was a patient of Bull's. More than four years after losing her husband of 26 years, Agee was ready to come out of her shell but noticed the aging process taking hold. She did not warm to the idea of plastic surgery, so starting in February she began receiving different types of injections in her cheeks, lips and along the sides of her nostrils. ""I catch men looking at me now in a different perspective. It makes me feel very good,"" Agee said. ""At my son's wrestling meets, other moms were like, 'Did you have something done, Laurette? You look so good.' I have no shame in saying, 'I did this, and this, and this.'"" In the last decade, minimally invasive procedures have skyrocketed in popularity, from 5.5 million performed in 2000 to 11.6 million in 2010 — a 110 percent increase, according to the American Society of Plastic Surgeons. The best-known and most commonly used, Botox, jumped 584 percent. Cosmetic surgical procedures were done 18 percent less often in 2010 than in 2000, with considerably larger drops in facelifts (65 percent), forehead lifts (57 percent), eyelid surgery (36 percent), chin augmentation (55 percent) and nose reshaping (35 percent), the society reports. The new product, called laViv and approved by the Federal Drug Administration in late June, is what Chicago plastic surgeon Julius Few describes as ""another tool in our chest."" It will take awhile to reach market and will be more expensive than other injectables, at least initially, Few said. ""It's not going to be one of these things where people are going to put down their other options like Botox overnight,"" he said. ""As this continues to develop and is modified and enhanced as an application, hopefully it will approach a cost point similar to some of the other options and have a broader application. ... My experience, given past history, is that the concept of using a patient's own material and then enriching it is expensive."" Thomas Mustoe, a plastic surgeon and professor of surgery at Northwestern Memorial Hospital, also expects laViv to be costly and expressed skepticism that it will necessarily work better than other nonsurgical options. He said the FDA approval indicates that the procedure is safe and can work, but patients should not necessarily conclude more. ""This is certainly significant that you have approval,"" Mustoe said. ""It is going to be simple to inject. But what is unknown is whether it is going to turn out to be better than other fillers. We're still sorting out what is possible with a needle and an injection."" Part of the reason for the popularity of injectables is the cost. Bull said they typically are no more than half the cost of surgery, which can run from $5,000 to $20,000, depending upon the areas of the face affected and technique used. Few said some minimally invasive procedures can cost $3,000 or more. Botox is ""a third or less of that,"" he said, but needs to be redone every three to six months, while other products can last ""on the order of years."" Plastic surgeons have been combining regimens to ""get a result that is better than either (product) alone,"" he said. Susan P., 57, a Chicago resident and executive assistant who asked that her last name not be used, has been seeing Few for about four years. He has injected Botox and Restylane around her eyes, the sides of her nose and her forehead, and she estimates she spends about $3,500 per year. ""There's no giveaway that I'm doing anything, which is really appreciated,"" she said. ""The longer you do this, the less often you have to go. There's a cumulative effect."" Agee estimates she spent a little less than $2,500 for a combination of Radiesse for her cheeks, Botox around her eyes and Juvederm for the sides of her nostrils. Though initially apprehensive about possible side effects, she said, she's more than willing to repeat it. ""The process was a lot easier than what I anticipated,"" she said. She had worried: ""My God, what happens if I look like a freak? I work in public nine hours a day. I have like 50 employees under me. I'm going to look like Frankenstein."" Mustoe said the key to avoiding such results is proper pacing of treatments and not overdoing it. ""Some patients look overly plumped up. There are limits to what you can do,"" he said. ""You only have to look at the folks in Hollywood to see that a series of (too many) small procedures can have a very strange effect."""
healthfact,17284,0,1,0.99913317,"On Syria, ""a lot of the allies signed on. At the last minute, Obama backed off."
fakehealth,news_reviews_00155,0,1,0.99913114,"PHOENIX, Oct. 19, 2017 /PRNewswire/ -- Creative Medical Technology Holdings (OTCQB – CELZ) announced today completion of the safety data analysis on 20 patients with pharmacologically-resistant erectile dysfunction treated with the Company's patented CaverStem™ procedure. The trial, sponsored by Creative Medical Technology Holdings, was conducted at the University of California Los Angeles Harbor Hospital/LA Biomed under Institutional Review Board (IRB) approval. An independent medical safety monitor was also appointed to review the patient data for safety and feasibility of administering bone marrow derived stem cells into patients with erectile dysfunction. The goal of this procedure is to regenerate blood vessels and smooth muscle, parts of the penis that are not functioning properly in this patient population. ""Based on establishment of safety of the CaverStem™ procedure in a formal university-based clinical trial, and independent confirmation of efficacy in an European clinical trial1, we have launched commercialization for the CaverStem™ procedure,"" said Timothy Warbington, President and Chief Executive Officer of Creative Medical Technology Holdings. ""Amongst other top urologists, we have recruited a world-renowned urologist as a lead physician to roll-out the procedure. We anticipate that the procedure will be available to patients that meet the eligibility criteria within the next 60 days."" According to the National Institutes of Health, approximately 30 million men in the United States suffer from Erectile Dysfunction2, of which 9 million do not respond to pharmacological treatments such as Viagra, Levitra and Cialis. ""The CaverStem™ procedure involves obtaining a small amount of bone marrow from the patient, purifying the stem cells using a closed system device that is FDA cleared, and then administering these cells in the same procedure into the patient's penis,"" said Thomas Ichim, Ph.D, Chief Scientific Officer and Co-Founder of the Company. ""Having published the first peer-reviewed paper on this procedure back in 2013 together with internationally renowned urologists and stem cell experts3, it is very exciting for me to watch this translate from bench to bedside."" About Creative Medical Technology Holdings Creative Medical Technology Holdings, Inc. is a clinical stage biotechnology company currently trading on the OTCQB under the ticker symbol CELZ. For further information about the company go to creativemedicaltechnology.com. 1 Yiou et al. Intracavernous Injections of Bone Marrow Mononucleated Cells for Postradical Prostatectomy Erectile Dysfunction: Final Results of the INSTIN Clinical Trial.Eur Urol Focus. 2017 Jun 24. pii: S2405-4569(17)30160-8 https://www.ncbi.nlm.nih.gov/pubmed/28753830 2 https://www.niddk.nih.gov/health-information/urologic-diseases/erectile-dysfunction/definition-facts 3 Ichim et al. Intracavernous administration of bone marrow mononuclear cells: a new method of treating erectile dysfunction? J Transl Med. 2013 Jun 9;11:139. https://www.ncbi.nlm.nih.gov/pubmed/23758954 Forward-Looking Statements OTC Markets has not reviewed and does not accept responsibility for the adequacy or accuracy of this release. This news release may contain forward-looking statements including but not limited to comments regarding the timing and content of upcoming clinical trials, marketing efforts, funding, etc. Forward-looking statements address future events and conditions and, therefore, involve inherent risks and uncertainties. Actual results may differ materially from those currently anticipated in such statements. See the periodic and other reports filed by Creative Medical Technology Holdings, Inc. with the Securities and Exchange Commission and available on the Commission's website at www.sec.gov. Related Links http://creativemedicaltechnology.com http://caverstem.com SOURCE Creative Medical Technology Holdings, Inc. Related Links http://creativemedicaltechnology.com"
healthfact,31659,0,1,0.9991304,There is a demonstrable link between marijuana legalization and an increase in violent crime.
healthfact,16286,0,1,0.9991273,"The Affordable Care Act says that ""at age 76 when you most need it most, you are not eligible for cancer treatment. … Cancer hospital will ration care according to the patient's age."
healthfact,13223,0,1,0.9991234,"Chris Sununu Says drug dealers have ""overdosed on purpose"" to avoid prosecution."
healthfact,29383,0,1,0.99912256,A video investigation showed that Planned Parenthood lies about providing prenatal care.
fakehealth,story_reviews_01178,0,1,0.9991172,"A study finds that use of virtual colonoscopy, a non-invasive way of scanning the colon for potentially cancerous growths, is on the rise. That’s a bit of a surprise, given that not all medical experts agree on whether the virtual screen is as reliable as a traditional colonoscopy, in which doctors insert a scope with a small camera into the colon. Plus, Medicare does not currently reimburse patients for routine screening with virtual colonoscopy, but does cover evaluations with colonoscopy. Add to that the aggressive public awareness campaign for colonoscopy screening led by celebrities like Katie Couric, who allowed TV cameras in as she got her first test, and it’s clear why more people are familiar with the scope than with its virtual cousin. But in spite of those challenges, Megan McHugh at the Health Research and Educational Trust in Chicago and her team report that about 17% of hospitals in the U.S. now offer the screening test, up from 13% in 2005. As its name implies, virtual colonoscopy is way to survey the colon without actually using a scope. Patients lie in a CT scanner, which takes a series of pictures from a variety of different angles, and a computer compiles the snapshots in two different ways. The images can be viewed as two dimensional CT scans, which display any possible abnormalities protruding from the lining of the colon. Or, the images can be combined to generate a 3D view of the colon, allowing the doctors to “fly through” the organ looking for any suspicious growths or protrusions. The prep for both the virtual and actual colonoscopy is the same — the dreaded “colon cleanse” that many patients find is the worst part of the procedure. The night before the test, they start drinking clear liquids and take agents to loosen their stools and empty their colon so any remaining debris isn’t mistaken for a tumor during the screen. While the virtual colonoscopy does not require the sedation and insertion of a scope that colonoscopy does, it involves exposure to a small amount of radiation. But according to Dr. Marc Gollub, director of CT and gastrointestinal radiology at Memorial Sloan-Kettering Cancer Center, “the radiation is much lower than a regular CT scan and has not been proven to be of any risk. It’s similar to [the exposure from cosmic radiation] you might get on a long airplane flight.” While a growing body of data suggest that virtual colonoscopy is as sensitive as colonoscopy in picking up potential tumors, not all cancer experts agree that it’s a good alternative to the gold-standard scope. While the American Cancer Society, the American College of Physicians and other gastroenterology experts recommend virtual screening every five years, the U.S. Preventive Services Task Force, a congressionally mandated but non-federal, independent group of medical experts, concluded the evidence wasn’t strong enough to justify Medicare coverage of the service. So which one is right for you? Virtual colonoscopy is a good option for those who can’t be sedated for colonoscopy, or who simply can’t tolerate the scope. In McHugh’s survey, hospitals reported that these patients make up the bulk of their use. And given the relatively low cost of investing in the software and other equipment required to run a virtual scan, more hospitals may be adding the option to their patient services. The virtual scan does involve radiation exposure, and if doctors find an abnormality that needs to be removed, you’ll have to undergo a colonoscopy anyway (to avoid another colon cleanse, consider scheduling a colonoscopy on the same day in case tumors need to be removed). But Gollub notes that only about 8% of healthy adults getting regularly screened actually have tumors. Given the fact that more hospitals are offering virtual colonoscopy, it’s worth discussing with your doctor. In the end, it’s a matter of personal preference — it’s less important how you get screened, just that you do get screened."
fakehealth,story_reviews_00703,0,1,0.9991171,"Take a deep breath and relax. Behind that common piece of advice is a complex series of physiological processes that calm the body, slow the heart and help control pain. Breathing and controlling your breath is one of the easiest ways to improve mental and physical health, doctors and psychologists say. Slow, deep and consistent breathing has been shown to have benefits in treating conditions ranging from migraines and irritable bowel syndrome to anxiety disorders and pain. “If you train yourself to breathe a little bit slower it can have long-term health benefits,” said Murali Doraiswamy, a professor of psychiatry at Duke University Medical Center in Durham, N.C. Deep breathing activates a relaxation response, he said, “potentially decreasing inflammation, improving heart health, boosting your immune system and maybe even improving longevity,” To help foster the habit of healthful breathing, a San Francisco technology startup recently launched a wearable device called Spire that tracks breathing patterns and tells users when they are too tense or anxious. “One of the goals of this work was, ‘How do you make it so simple to shift into calm or focus that people don’t have to stop what they’re doing?’” said Neema Moraveji, co-founder of Spire and director of the Calming Technology Lab at Stanford University. Many early buyers of the $150 Spire are office workers who spend a lot of time on computers. Research has found people working on computers often hold their breath, an action referred to as screen apnea, he said. Belisa Vranich, a New York City-based clinical psychologist, has been conducting breathing workshops around the country for just over a year. Among her biggest clients: corporate managers eager to learn how to better manage stress. Dr. Vranich says she instructs clients to breathe with their abdomen. On the inhale, this encourages the diaphragm to flatten out and the ribs to flare out. Most of us by instinct breathe vertically, using our chest, shoulders and neck, she says. Abdominal, or diaphragmatic, breathing is often taught in yoga and meditation classes. Experts say air should be breathed in through the nose, and the exhale should be longer than the inhale. Dr. Vranich recommends trying to breathe this way all the time but other experts say it is enough to use the technique during stressful or tense times or when it is necessary to focus or concentrate. Slow breathing stimulates the vagus nerve, which runs from the stem of the brain to the abdomen. It is part of the parasympathetic nervous system, which is responsible for the body’s “rest and digest” activities. (By contrast, the sympathetic nervous system regulates many of our “fight or flight” responses.) The vagus-nerve activity causes the heart rate to decrease as we exhale, said Richard Gevirtz, a psychology professor at Alliant International University in San Diego. Vagal activity can be activated when breathing at about five to seven breaths a minute, said Dr. Gevirtz, compared with average breathing rates of about 12 to 18 breaths a minute. The vagus nerve’s response includes the release of different chemicals, including acetylcholine, a neurotransmitter that acts as an anti-inflammatory and slows down digestion and the heart rate, said Stephen Silberstein, director of the Jefferson Headache Center at Thomas Jefferson University in Philadelphia who is working on an article on the vagus nerve and its functions. Getty Images When medical conditions are severe, such as with epilepsy, medical devices are sometimes implanted to stimulate the vagus nerve. For most people, slow, steady breathing is a natural way to stimulate the nerve. Certain conditions, including asthma and panic disorders, have been shown to benefit from a different breathing technique—taking shallow breaths through the nose at a regular rhythmic speed of eight to 13 breaths a minute. For these patients, already anxious about their symptoms, deep breathing can cause them to take in too much air and hyperventilate. Heart-rate-variability biofeedback uses breathing to train people to increase the variation in their heart rate, or the interval between heartbeats. The technique has been shown to have benefits for conditions including anxiety disorders and asthma. Biofeedback also makes breathing more efficient, said Paul Lehrer, a clinical psychologist at Robert Wood Johnson Medical School, part of Rutgers University in New Jersey. On average most people reach this balance when breathing 11 seconds per breath. Spire, the device that tracks individual breathing patterns, is a pedometer-like device that can be clipped onto pants or a bra strap and can sense breathing patterns without touching the skin. A sensor detects subtle torso expansions and contractions, said Stanford’s Dr. Moraveji. The device identifies people’s baseline breathing patterns and can tell users when they are tense or may need to take a deep breath. It includes an app that guides people in breathing exercises as short as 30 seconds. Dr. Moraveji’s research includes a 2011 Stanford study of 13 students that found subjects on average took 16.7 breaths a minute when they were doing normal computer work compared with 9.3 breaths a minute when they were relaxed, he said. The study was published in the proceedings of the annual ACM Symposium on User Interface Software and Technology. A follow-up study involving 14 subjects found that giving feedback of breathing patterns on a computer screen allowed the subjects to control their breathing without decreasing their performance on an analytical task, Dr. Moraveji said. “We proved that because the breath is so easily controllable, you don’t have to interrupt your task in order to regulate your nervous system,” he said. The study was presented at the ACM CHI Conference on Human Factors in Computing Systems in 2012. Dr. Vranich, the breathing coach, believes teaching people to unlearn dysfunctional breathing habits requires practice and exercises. Her group classes cost $150 for a three-hour workshop and private classes range from $350 to $450. On a recent afternoon, she held a private session in her Manhattan studio with Joe March, a 40-year-old New York City firefighter who said he wanted to improve his lung capacity and condition for Brazilian jujitsu, a form of martial arts he practices. Dr. Vranich positions many of her clients upside down, to better exercise the diaphragm muscles. She assisted Mr. March into a shoulder stand against a wall as she monitored his breathing. “Inhale, relax, and see if you can expand right by your diaphragm,” she said. “Exhale, squeeze your ribs at the same time.” Earl Winthrop, a 60-year-old partner of a Boston wealth-management firm, is another of Dr. Vranich’s clients. “When I was working on the computer, I wasn’t breathing properly,” said Mr. Winthrop, who now does tailored breathing exercises and short bouts of meditative breathing. “I’m much more aware now. I feel more focused. I can calm myself down,” he said."
healthfact,31025,0,1,0.9991142,"The reaction between metallic mercury and aluminum, which produces a dramatic chain reaction popular on YouTube science channels, is evidence that vaccines are not safe."
healthfact,24341,0,1,0.99911076,"Chile ranks third internationally in economic freedom, while the U.S. ranks 17th."
healthfact,26572,0,1,0.99910706,"Shows a waitress saying, ""I lost my job. But I'll sleep better knowing” that the coronavirus relief bill included funding for the Kennedy Center, refugee resettlement, PBS, and congressional salaries: “Thanks, Democrats”"
healthfact,25711,0,1,0.9991062,“Does the #DemConvention know @NYGovCuomo forced nursing homes across NY to take in COVID positive patients and planted the seeds of infection that killed thousands of grandmothers and grandfathers?”
healthfact,26907,0,1,0.9991061,Hal Turner Radio Show Says the coronavirus is “a MILITARY BIO-WEAPON Developed by China's Army.”
healthfact,19817,0,1,0.99910456,Foreign Chinese prostitution money is allegedly behind the groups funding Congressman Jim Renacci’s Republican majority.
fakehealth,story_reviews_00758,0,1,0.99910307,"(Reuters) - Vanda Pharmaceuticals Inc said its experimental drug for a rare sleep disorder proved effective in a second late-stage trial, and the company now plans to apply for a U.S. approval for the drug in mid-2013. The study, named Reset, was a 20-patient trial designed to test the maintenance effect of a 20 mg dose of the drug, tasimelteon. Vanda on December 18 said the drug performed better than a placebo in the first of the four planned late-stage trials on the drug. The company’s shares rose as much as 37 percent on that day. While the first two are efficacy studies, the remaining two are intended to establish the safety profile of the drug. The second trial showed that patients treated by the drug maintained their clinical benefits while placebo-treated patients showed significant deterioration in measures of night-time sleep, daytime naps and timing of sleep. The drug is being tested for ‘non-24-hour disorder’ that has no approved treatment. The condition, in which a person’s body clock does not automatically set to the 24-hour day, affects a majority of blind people. “These results also highlight the importance of chronic therapy in treating Non-24,” CEO Mihael Polymeropoulos said in a statement on Wednesday. Tasimelteon received orphan drug status — which offers several years of marketing exclusivity for drugs developed for rare conditions — from the FDA in 2010 and from the European Commission in 2011. An orphan drug, if approved, can usually fetch a premium pricing in the market. Shares of Vanda, which has a market of about $116 million, closed at $4.12 on Tuesday on the Nasdaq. They have gained nearly 8 percent since December 18."
fakehealth,story_reviews_01434,0,1,0.9991019,"Houston surgeons treat heart through spinal cord New pathway to the heart Electrical stimulation of the spinal column may ease cardiac problems without drugs Hollis Bardwell, center, and his sister-in-law Tammy Granberry, left, and her husband, Ronny, right, pray before Bardwells's surgery to have an electrical implant along his spine. Linda Bardwell is holding her husband's hand.﻿ less Hollis Bardwell, center, and his sister-in-law Tammy Granberry, left, and her husband, Ronny, right, pray before Bardwells's surgery to have an electrical implant along his spine. Linda Bardwell is holding her ... more Photo: Eric Kayne, For The Chronicle Photo: Eric Kayne, For The Chronicle Image 1 of / 3 Caption Close Houston surgeons treat heart through spinal cord 1 / 3 Back to Gallery In a possible new way to treat heart failure, Houston surgeons implanted a device and wire in a Pearland man Monday that will electrically stimulate portions of his spinal cord. The method, commonly used to treat pain, activates nerves that Methodist Hospital doctors think will improve the heart's ability to pump effectively, lowering blood pressure, reducing the amount of irregular heartbeats and stopping stress hormones from overreacting and causing cardiac damage. ""Despite the development of drugs that treat heart failure, patients continue to deteriorate,"" said Dr. Guillermo Torre-Amione, a Methodist heart failure specialist and leader of the effort. ""This is a new concept that could increase therapeutic efficacy without adding new medications."" Hollis Bardwell, 61, sounded excited about the possibility Monday evening, five hours after surgeons finished putting the pacemaker-like device in the side of his lower back and threading an attached 35-inch wire up his spine. He said he hopes the therapy will give him greater mobility while he waits for a heart transplant. ""I'm looking forward to rocking and rolling again,"" said Bardwell. Doctors said Bardwell was doing well Monday evening and should be able to leave the hospital tonight. Bardwell hasn't worked since November because his condition, inherited, makes breathing so difficult. He was hospitalized 14 times in 2009, always to have fluid drained from his lungs so he could breathe. He went on the heart transplant waiting list two months ago. Monday's implantation marked the beginning of Torre's Phase 1 clinical trial of the therapy, the first time what is known as neurostimulation has been used to treat heart failure. There is considerable data showing connections between the brain, nervous system and heart, said Torre, but until now, no one has attempted to take advantage of the relationship therapeutically. Prognosis is grave If the experiment proves successful, it would provide an entirely different approach to heart failure, a chronic, progressive disease that affects nearly 6 million Americans. Characterized by the heart's inability to supply sufficient blood flow to meet the body's needs, heart failure can lead to shortness of breath, fluid and retention, lung congestion and rapid or irregular heartbeats. It is usually ultimately fatal. The condition is currently treated by oral medications, almost all of which lower blood pressure. A typical heart failure patient is on seven such drugs, which Torre characterized as ""the limit."" Because new drugs can only be tested on top of existing therapy, introducing potentially better drugs is difficult. Neurostimulation works by sending low-intensity electrical impulses to targeted portions of the spinal cord. The hope is that such stimulation will modulate nervous system responses, such as toning down the release of hormones that typically occur at times of stress and increasing the flow of blood. 20-patient study The study calls for Torre to implant the system, done through small puncture holes in the lower back, in 20 patients with advanced heart failure, then conducting tests on them after one, two and three months to measure heart function. Torre said though patients may feel some euphoria in the early days, it likely will take about a month before doctors have a good idea whether the therapy is working. The therapy passed a first test Monday evening as doctors adjusted the electrical impulse level to Bardwell's satisfaction. ""It's really mild,"" said Bardwell. ""The most I feel is a tingle like when your hand is going to sleep on you. When it's set low, I don't feel anything at all."" todd.ackerman@chron.com"
healthfact,10352,0,1,0.9990982,"New Breast Reconstruction Technique Provides Better Outcomes, Less Discomfort for Women Recovering From Breast Cancer"
fakehealth,news_reviews_00173,0,1,0.99909604,"OKLAHOMA CITY, Sept. 7, 2017 /PRNewswire/ -- Arthrokinex announces the release of IRAPjoint™ therapy in the USA. This therapy has recently been highlighted by several professional football players traveling to Europe for treatment. The process works by using one's own blood – specifically the body's own anti-inflammatory proteins and human-growth elements – to end or ease pain and chronic injuries. Recently a well-known Seattle Seahawks player and four of his teammates are sitting out a week of training camp to receive a blood-healing treatment from a European supplier an IRAP-based treatment solution. Other NBA, MLB and NHL superstars have also utilized the treatment. This treatment was developed by a German physician, Dr. Peter Wehling, in the 1980s. By using one's own blood – specifically the body's own anti-inflammatory proteins and human-growth elements – to end or ease pain and chronic injuries. During the process, blood is drawn from the patient and then injected back into the pained joint. A European company and their U.S. affiliate started using IRAP to treat joint pain from inflammation in the 1980s; the price reported was $10,000. The European-based process was the inspiration for Dr. Barreto of Oklahoma City, Oklahoma to work on developing a stronger, more effective, and more cost-efficient version in the United States. After years of development and process optimization, the U.S. product IRAPjoint™ is now ready. Significantly better concentration, healing/pain reduction durability, faster production (just one hour), one-fifth the price, and chemical additive free, IRAPjoint™ is now available in multiple physician practices throughout the United States. IRAPjoint™ is produced through a single blood draw which is enough for a full year's treatment of up to 12 injections. Typically, the treatment process is painless and just takes a few minutes and consists of one injection per week for three weeks, followed by quarterly injections, as needed. Success has been achieved in knees, hip and shoulder joints. Finally, a U.S. based company has a solution for America's professional and weekend athletes as well as those struggling with aching or arthritic joints. It's a non-drug, non-surgical treatment derived from your own blood. The cost of the USA-based IRAPjoint™ treatment is $2,000 compared to the reported price of $10,000 for a foreign competitor. For clinical or PR inquiries, please call (405) 400-0680. For more information, please see www.arthrokinex.com Related Files Arthrokinex Clinical Binder 2016 07 28.pdf Arthrokinex Cytokine.pdf Related Video https://vimeo.com/210085956 SOURCE Arthrokinex, LLC Related Links http://www.arthrokinex.com"
healthfact,29130,0,1,0.9990958,THC will be removed from drug-test screenings “starting on August 30th.”
healthfact,33842,0,1,0.9990958,A woman became pregnant from being struck by a bullet that had passed through the scrotum of a Civil War soldier.
fakehealth,news_reviews_00096,0,1,0.9990952,"A new study published in Nutrients shows that eating just 1.5 ounces of pecans - one small handful - every day may protect adults at risk for developing cardiovascular disease (CVD) and type 2 diabetes (T2D). Conducted by researchers at the Jean Mayer USDA Human Nutrition Research Center on Aging at Tufts University, this study found that incorporating pecans into a typical American diet significantly improved insulin sensitivity and had a significant effect on markers of cardiometabolic disease in otherwise healthy overweight and obese adults with excess belly fat. While a growing body of evidence has linked tree nuts such as pecans to reduced risk of CVD, this is the first study to look at the effects of pecan consumption on factors other than blood lipid levels and specifically those related to T2D. Obesity is a risk factor for T2D, and both obesity and T2D increase CVD risk. ""Pecans are naturally high in monounsaturated and polyunsaturated fats, so replacing a portion of the saturated fat in the diet with these healthier fats can explain some of the cardio-protective effects we observed,"" said lead researcher, Diane McKay, Ph.D. ""But pecans also contain a number of bioactive plant compounds as well as vitamins and essential minerals that all likely contributed to this benefit. What's really interesting is that just one small change - eating a handful of pecans daily - may have a large impact on the health of these at-risk adults."" In this placebo-controlled crossover study of 26 men and women (average age 59 years), all meals were provided to carefully control their food intake. For four weeks at a time, subjects ate either a control diet with no nuts or the same diet with pecans substituted for 15 percent of the total calories. Both the control diet and the pecan-rich diet were low in fruits, vegetables and fiber. Calorie levels, as well as protein, carbohydrate, and total fat, were kept the same. ### The study entitled ""A Pecan-Rich Diet Improves Cardiometabolic Risk Factors in Overweight and Obese Adults: A Randomized Controlled Trial"" is available online and will be presented at the American Society for Nutrition Annual Conference, Nutrition 2018 held in Boston this June. The study was funded by the National Pecan Shellers Association."
healthfact,33578,0,1,0.99909174,"The web site Genpets.com sells mass-produced, bioengineered pets."
fakehealth,story_reviews_00739,0,1,0.9990907,"Andrew Scrivani for The New York Times Eating walnuts may reduce the risk for Type 2 diabetes in women, a large new study concludes. Previous studies have suggested an inverse relationship between tree nut consumption and diabetes. Though the findings are correlational, walnuts are uniquely high in omega-3 and omega-6 fatty acids, which may be of particular value in Type 2 diabetes prevention. The scientists, writing in the April issue of The Journal of Nutrition, used dietary and health data on 138,000 women participating in a large continuing study of women’s health. Beginning in 1999 they collected data on walnut consumption, and followed the women for the next 10 years. They found 5,930 cases of Type 2 diabetes. Women who ate walnuts tended to weigh less, consume more fish and exercise more than those who did not. But researchers controlled for these and many other factors, and found that compared with women who ate no walnuts, those who consumed 8 ounces of walnuts or more a month reduced their risk for Type 2 diabetes by 24 percent. “There’s been a lot of research on nuts in general in relation to cardiovascular health,” said the senior author, Dr. Frank B. Hu, a professor of medicine at Harvard. “This is the first on walnuts and diabetes. Walnuts may have some unique benefits.” The study was supported with grants from the National Institutes of Health and the California Walnut Commission."
fakehealth,story_reviews_00106,0,1,0.99908996,"Blood and urine test, believed to be first of its kind, could lead to earlier diagnosis of autism spectrum disorders Scientists in Britain say they have developed a blood and urine test that can detect autism in children. Researchers at the University of Warwick said the test, believed to be the first of its kind, could lead to earlier diagnosis of autism spectrum disorders (ASD) in children who could then be given appropriate treatment much earlier in their lives. ASDs mainly affect a person’s social interaction and communication, with symptoms that can include speech disturbances, repetitive and/or compulsive behaviour, hyperactivity, anxiety, and difficulty adapting to new environments. As there is a wide range of ASD symptoms, diagnosis can be difficult and uncertain, particularly at the early stages of development. It is estimated that about one in every 100 people in the UK has ASD, with more boys diagnosed with the condition than girls. Scientists said their research found a link between ASD and damage to proteins in blood plasma. They found the most reliable of the tests they developed was examining protein in blood plasma, which found children with ASD had higher levels of the oxidation marker dityrosine (DT) and certain sugar-modified compounds called advanced glycation end-products (AGEs). Genetic causes are thought to be responsible for about a third of cases of ASD, while the rest are believed to be caused by a combination of environmental factors, mutations, and rare genetic variants. However, researchers believe their new tests could reveal yet-to-be-identified causes of ASD. They also confirmed the previously held belief that mutations of amino acid transporters are a genetic variant associated with ASD. The Warwick team worked with collaborators at the University of Bologna in Italy, who recruited 38 children who had been diagnosed with ASD along with a control group of 31 other children between the ages of five and 12. Blood and urine samples were taken from the children for analysis. The Warwick team discovered there were chemical differences between the two groups. Working with a further collaborator at the University of Birmingham, the changes in multiple compounds were combined using artificial intelligence algorithm techniques to develop a mathematical equation to distinguish between ASD and healthy controls. The outcome was a diagnostic test better than any existing method. They said the next steps were to repeat the study with further groups of children to confirm the good diagnostic performance and to assess if the test could identify ASD at very early stages, indicate how the ASD is likely to develop further to more severe disease, and assess if treatments were working. The research was led by Naila Rabbani, reader of experimental systems biology at the University of Warwick, who said: “Our discovery could lead to earlier diagnosis and intervention. We hope the tests will also reveal new causative factors. “With further testing we may reveal specific plasma and urinary profiles – or ‘fingerprints’ – of compounds with damaging modifications. This may help us improve the diagnosis of ASD and point the way to new causes of ASD.” The research has been published in the journal Molecular Autism. • Note added 27 February 2018: The UK autism research charity, Autistica, provided the following comment to the Guardian: “This is a small, early-stage study which may explain one biological difference in autism. At this stage, the results presented are not strong enough to suggest that this method could be used for the diagnosis of autism. For example, we don’t know whether this technique can distinguish autism from ADHD, anxiety or other similar conditions. There have been many previous attempts to develop a biological test for autism. Still, the best way to diagnose autism is through clinical interview and observation, which takes into account the many features of autism.”"
fakehealth,story_reviews_01551,0,1,0.99908495,"En Español TUESDAY, May 25, 2010 (HealthDay News) --Giving certain breast cancer patients estrogen-lowering drugs before surgery enhances their chances of being able to choose a breast-conserving lumpectomy instead of a full mastectomy, new research suggests. The observation was based on a national study launched at 118 hospitals across the United States. It focused on postmenopausal women who had been diagnosed with estrogen receptor-positive (ER+) breast cancer that was either at stage II or stage III -- that is, tumors that were around an inch or greater in size and might have spread to the lymph nodes under the arm. The most common form of breast cancer, ER+ accounts for about three-quarters of all breast cancer cases in the United States, the authors noted. The 352 women who participated were monitored for tumor growth before and after being placed on a 16-week regimen of aromatase inhibitors -- estrogen-lowering agents -- before any surgery. Estrogen stimulates the growth of ER+ tumors. The women were classified into three groups as the study began: ""marginal"", meaning that the women were eligible for a lumpectomy to conserve the breast, but that it would be disfiguring or require several operations; ""mastectomy-only"", meaning a lumpectomy was not considered possible; and ""inoperable"", meaning that doctors believed that even a mastectomy would not completely remove the cancer. After the four months of estrogen-lowering therapy, the research team found that 82 percent of those women in the marginal group were, in fact, able to undergo successful breast-conservation surgery. More than half of those women who had been categorized as mastectomy-only patients were also able to go the lumpectomy route and experience a good outcome. And 75 percent of those thought to be inoperable altogether were able to have breast-conservation surgery. The investigation was funded by the American College of Surgeons Oncology Group and led by Dr. Julie A. Margenthaler, an assistant professor of surgery and a breast surgeon at the Siteman Cancer Center at Washington University in St. Louis. ""Aromatase inhibitor therapy shrank the tumors in many of these women and improved surgical outcomes,"" study chair Dr. Matthey J. Ellis, a breast cancer specialist at Washington University and Barnes-Jewish Hospital, said in a news release. ""These results will encourage a change in practice across the country so that more women can benefit from the currently underutilized approach of administering estrogen-lowering agents before surgery."" The findings are scheduled to be presented June 7 at the American Society of Clinical Oncology annual meeting, in Chicago. More information For more on surgical options for breast cancer, visit the U.S. National Cancer Institute."
healthfact,9968,0,1,0.9990839,New Therapy for Enlarged Prostate May Bypass Unpleasant Side Effects
healthfact,32864,0,1,0.9990827,"Autism has now been included among the known side effects of the DTaP (Diphtheria, Tetanus, and acellular Pertussis) vaccine."
healthfact,31582,0,1,0.99908125,A female mortuary worker was arrested after becoming pregnant by one of the corpses she was preparing for burial.
healthfact,35305,0,1,0.9990785,"The 1866 ""Ex parte Milligan"" precludes states from enforcing regulations that prevent residents from freely traveling or earning a living."
healthfact,9475,0,1,0.99907696,A New Therapy May Cure Kids of Peanut Allergy
healthfact,22504,0,1,0.99907,"Jay Hottinger Says Wendy’s founder ""Dave Thomas left the state literally on his deathbed to avoid the estate tax."
healthfact,18176,0,1,0.99906963,"Obamacare ""will provide insurance to all non-U.S. residents, even if they are here illegally."
fakehealth,story_reviews_01121,0,1,0.999062,"NEW YORK (Reuters Health) - Small doses of aspirin can lower the risk of heart attack in people who never had heart disease, a new look at the medical evidence shows. But the blood-thinning drug doesn’t appear to cut the chances of dying from the disease, at least not enough that researchers can say for certain. And experts warn people to consult their doctor before taking the medication, which increases the risk of bleeding ulcers. “I like to say you have to make the recommendation about aspirin one patient at a time,” Dr. Michael L. LeFevre, who was not linked to the study, told Reuters Health. LeFevre worked on the 2009 aspirin recommendations from the U.S. Preventive Services Task Force (USPSTF), a federally supported expert panel. The task force advises that men age 45 to 79 take aspirin to stave off heart attacks, as long as the benefit outweighs the risk of bleeding. For women age 55 to 79, aspirin is recommended to prevent strokes, with the same caveat. The new work, by Alfred Bartolucci of the University of Alabama at Birmingham and colleagues, was supported by aspirin-maker Bayer AG. The research team pooled the results of the nine trials that have tested the drug in the prevention of heart disease so far, including three that weren’t part of the 2009 USPSTF review. About 100,000 men and women age 45 and up took part in the studies. Some were healthy and some had diabetes, but none had chest pain or other symptoms of an ailing heart. The researchers found a 19-percent reduction in non-fatal heart attacks among participants who took aspirin compared to those who did not. They don’t mention how many people actually suffered such a heart attack, but an earlier analysis of six of the trials showed that out of every 1,000 people, 18 individuals taking aspirin had heart attacks every year, compared to 23 individuals taking placebo pills. On the other hand, that analysis also found aspirin increased the rate of bleeding from 0.7 to 1 per 1,000 people per year, making the authors conclude the drug was of “uncertain net value.” Heart disease is the leading killer worldwide and accounts for more than a third of deaths in the U.S., according to the American Heart Association. Every year, heart attacks alone kill some 400,000 Americans. In the current study, published in the American Journal of Cardiology, the researchers also report small decreases in stroke and death risks with aspirin, although those changes might have been due to chance. “It refines our knowledge of how beneficial aspirin is,” Dr. Graham Nichol, an expert in emergency care at the University of Washington in Seattle, said about the study. “I don’t think this paper is inconsistent with previous work.” Nichols, who was not involved in the study, said aspirin is clearly beneficial for people who’ve already had heart disease, and that it also seems to help those at high risk. “There is not universal agreement on what is high risk,” he told Reuters Health. “In my mind, if you have diabetes or multiple risk factors for heart disease — such as smoking or obesity — it is reasonable to take aspirin.” In addition, working to eliminate those risk factors by other means will not only slash the risk of heart disease, but also a host of other health problems. LeFevre added that while the new study did add extra evidence compared with earlier work, it failed to analyze the effects on men and women separately. That muddies the picture because men may see a benefit in the form of fewer heart attacks, whereas aspirin appears to lower the risk of stroke in women. “We can’t tell from the existing study if that is going to hold up or not,” he said. One recent study has suggested that despite the increase in bleeding ulcers from aspirin, the reduction in heart attacks might make the cheap drug cost-effective for men over 45. The question then becomes finding out what your risk of heart attack is in the first place, which your doctor can help with. “The number of events that you prevent depends on your baseline risk,” LeFevre concluded. “A blanket recommendation that everybody should take an aspirin is not a good idea.” SOURCE: bit.ly/hkVBee American Journal of Cardiology, online April 11, 2011."
healthfact,29795,0,1,0.99906176,WWE wrestler Ric Flair was declared brain dead on 16 May 2019.
healthfact,30405,0,1,0.99906105,The legalization of marijuana will force police departments to euthanize their drug sniffing dogs.
healthfact,30045,0,1,0.99905807,A medical examiner's conclusion that Health and Human Services drug pricing adviser Daniel Best died of multiple blunt force injuries contradicts the official ruling that he committed suicide.
healthfact,13012,0,1,0.9990565,Blogger Says Vicks VapoRub caused a child’s death.
healthfact,9673,0,1,0.9990558,'Female Viagra' gets mixed reviews
fakehealth,news_reviews_00049,0,1,0.9990533,"New trials of a breakthrough swallowable sensor have revealed the device is 3,000 times more accurate than current technology used to diagnose many gut disorders. The findings show the revolutionary gas-sensing capsule developed by researchers at RMIT University in Melbourne, Australia, could surpass breath testing as the benchmark for diagnosing gut disorders, paving the way to solving previously undiagnosed conditions. The vitamin pill-sized capsule, currently being commercialised by Atmo Biosciences, provides real time detection and measurement of hydrogen, carbon dioxides and oxygen in the gut. This data can be sent to a mobile phone. Capsule co-inventor, RMIT's Dr Kyle Berean, said the second human trials have revealed information about gas production in the gut previously masked when measured indirectly through the breath. ""The rate of false positive and false negative diagnosis that breath tests give is a real problem in gastroenterology,"" Berean, who is also Chief Technology Officer at Atmo Bioscience, said. ""Being able to measure these biomarkers at concentrations over 3,000 times greater than breath tests is quite astonishing. ""Importantly this test is non-invasive and allows the patient to continue with their daily life as normal."" Intestinal gases are currently used to diagnose disorders including small intestinal bacterial overgrowth (SIBO) and carbohydrate malabsorption. Of the one-in-five people worldwide who will suffer from a gastrointestinal disorder in their lifetime, almost a third remain undiagnosed due to a lack of reliable tests available to gastroenterologists. Study lead and capsule co-inventor Professor Kourosh Kalantar-zadeh said the results showed high sensitivity and signal-to-noise ratio in measuring the concentration of intestinal hydrogen, providing valuable information at the site of intestinal gas production. ""This gives us confidence that our new technology could potentially solve many mysteries of the gut and help the large portion of the population who have not been able to find a useful diagnosis or treatment for their symptoms,"" Kalantar-zadeh said. Findings from the first human trials revealed the stomach releases oxidising chemicals to break down and beat foreign compounds that are staying in the stomach for longer than usual. Such an immune mechanism has never been reported before. This second paper made a direct comparison between measuring hydrogen production within the gut via the gas-sensing capsule and indirect measurement through breath testing. Trials were conducted on nine healthy individuals in a blinded comparative study on absorbable versus fermentable carbohydrates. Melbourne based start-up Atmo Biosciences is set to commercialise this revolutionary technology. The trials were conducted with colleagues from Monash University. The findings have been published in the medical journal Alimentary Pharmacology and Therapeutics (DOI: 10.1111/apt.14923). ###"
healthfact,29370,0,1,0.99904734,A law in Japan makes it illegal for citizens of that country to be fat.
fakehealth,news_reviews_00216,0,1,0.999042,"Dieters who go vegetarian not only lose weight more effectively than those on conventional low-calorie diets but also improve their metabolism by reducing muscle fat, a new study published in the Journal of the American College of Nutrition has found. Losing muscle fat improves glucose and lipid metabolism so this finding is particularly important for people with metabolic syndrome and type 2 diabetes, says lead author, Dr. Hana Kahleová, Director of Clinical Research at the Physicians Committee for Responsible Medicine in Washington DC. Seventy-four subjects with type 2 diabetes were randomly assigned to follow either a vegetarian diet or a conventional anti-diabetic diet. The vegetarian diet consisted of vegetables, grains, legumes, fruits and nuts, with animal products limited to a maximum of one portion of low-fat yoghurt per day; the conventional diabetic diet followed the official recommendations of the European Association for the Study of Diabetes (EASD). Both diets were restricted by 500 kilocalories per day compared to an isocaloric intake for each individual. The vegetarian diet was found to be almost twice as effective in reducing body weight, resulting in an average loss of 6.2kg compared to 3.2kg for the conventional diet. Using magnetic resonance imaging, Dr. Kahleová and colleagues then studied adipose (fat-storage) tissue in the subjects' thighs to see how the two different diets had affected subcutaneous, subfascial and intramuscular fat (that is, fat under the skin, on the surface of muscles and inside muscles). They found that both diets caused a similar reduction in subcutaneous fat. However, subfascial fat was only reduced in response to the vegetarian diet, and intramuscular fat was more greatly reduced by the vegetarian diet. This is important as increased subfascial fat in patients with type 2 diabetes has been associated with insulin resistance, so reducing it could have a beneficial effect on glucose metabolism. In addition, reducing intramuscular fat could help improve muscular strength and mobility, particularly in older people with diabetes. Dr. Kahleová said: ""Vegetarian diets proved to be the most effective diets for weight loss. However, we also showed that a vegetarian diet is much more effective at reducing muscle fat, thus improving metabolism. This finding is important for people who are trying to lose weight, including those suffering from metabolic syndrome and/or type 2 diabetes. But it is also relevant to anyone who takes their weight management seriously and wants to stay lean and healthy."" ###"
fakehealth,news_reviews_00135,0,1,0.99903774,"Newswise — EAST LANSING, Mich. — A chemical found in marijuana, known as tetrahydrocannabinol, or THC, has been found to potentially slow the process in which mental decline can occur in up to 50 percent of HIV patients, says a new Michigan State University study. “It’s believed that cognitive function decreases in many of those with HIV partly due to chronic inflammation that occurs in the brain,” said Norbert Kaminski, lead author of the study, now published in the journal AIDS. “This happens because the immune system is constantly being stimulated to fight off disease.” Kaminski and his co-author, Mike Rizzo, a graduate student in toxicology, discovered that the compounds in marijuana were able to act as anti-inflammatory agents, reducing the number of inflammatory white blood cells, called monocytes, and decreasing the proteins they release in the body. “This decrease of cells could slow down, or maybe even stop, the inflammatory process, potentially helping patients maintain their cognitive function longer,” Rizzo said. The two researchers took blood samples from 40 HIV patients who reported whether or not they used marijuana. Then, they isolated the white blood cells from each donor and studied inflammatory cell levels and the effect marijuana had on the cells. “The patients who didn’t smoke marijuana had a very high level of inflammatory cells compared to those who did use,” Kaminski said. “In fact, those who used marijuana had levels pretty close to a healthy person not infected with HIV.” Kaminski, director of MSU’s Institute for Integrative Toxicology, has studied the effects of marijuana on the immune system since 1990. His lab was the first to identify the proteins that can bind marijuana compounds on the surface of immune cells. Up until then, it was unclear how these compounds, also known as cannabinoids, affected the immune system. HIV, which stands for human immunodeficiency virus, infects and can destroy or change the functions of immune cells that defend the body. With antiretroviral therapy – a standard form of treatment that includes a cocktail of drugs to ward off the virus – these cells have a better chance of staying intact. Yet, even with this therapy, certain white blood cells can still be overly stimulated and eventually become inflammatory. “We’ll continue investigating these cells and how they interact and cause inflammation specifically in the brain,” Rizzo said. “What we learn from this could also have implications to other brain-related diseases like Alzheimer’s and Parkinson’s since the same inflammatory cells have been found to be involved.” Knowing more about this interaction could ultimately lead to new therapeutic agents that could help HIV patients specifically maintain their mental function. “It might not be people smoking marijuana,” Kaminski said. “It might be people taking a pill that has some of the key compounds found in the marijuana plant that could help.” ### Michigan State University has been working to advance the common good in uncommon ways for more than 150 years. One of the top research universities in the world, MSU focuses its vast resources on creating solutions to some of the world’s most pressing challenges, while providing life-changing opportunities to a diverse and inclusive academic community through more than 200 programs of study in 17 degree-granting colleges."
fakehealth,news_reviews_00485,0,1,0.9990293,"A product called the OFF!® Clip-On™ repellent device could be an effective tool for preventing bites from the Aedes aegypti mosquito -- the primary vector of Zika, chikungunya, dengue, and yellow fever -- according to an article in the Journal of Medical Entomology. The OFF! Clip-On repels mosquitoes by releasing a vapor form of insecticide through a battery-powered fan, forming an insecticide ""cloud"" around the wearer of the device. In order to test the effectiveness of the device, Christopher Bibbs and Rui-De Xue of the Anastasia Mosquito Control District in Florida studied how the device performed against hungry Aedes aegypti mosquitoes. The study was done outdoors in order to replicate real-world conditions. They found that the OFF! Clip-On caused high mosquito mortality and knockdown rates up to 0.3 meters from the device, enough to protect a single person wearing the device. The effectiveness of the device came as a pleasant surprise to the researchers. ""In vector control, we see more often than not that tools available for consumers don't work for the intended purpose,"" said Bibbs. ""Just look at all the bug zappers, repellent bracelets, sonic bug repellents, and other zany creations that wax and wane in popularity. Skepticism is inherent to the trade. But it was nice for a change of pace that one of these devices could actually do some good."" ### The full article, ""OFF! Clip-on Repellent Device With Metofluthrin Tested on Aedes aegypti (Diptera: Culicidae) for Mortality at Different Time Intervals and Distances,"" is available at http://dx. doi. org/ 10. 1093/ jme/ tjv200 ."
healthfact,39772,0,1,0.99902666,"Kayla Mueller, the 26-year-old woman who died while being held hostage by the Islamic State terrorist group, “deserves no tears” because she supported terrorist groups."
healthfact,23278,0,1,0.99902034,"The Chilean ""privatization scheme"" that Sharron Angle supports ""has resulted in hidden fees, fewer benefits, and millions of people with no coverage."
healthfact,11332,0,1,0.9990151,Researchers Develop Simple Paper Test That Quickly Diagnoses Illnesses by Changing Colour
healthfact,10822,0,1,0.9990085,"Mammograms Save Lives for Women in Their 40s, Study Says"
fakehealth,story_reviews_01361,0,1,0.9990029,"En Español By Amanda Gardner HealthDay Reporter SATURDAY, Oct. 15, 2010 (HealthDay News) -- People suffering from a disfiguring loss of bone in the jaw may find help in the form of a long-used osteoporosis drug, two new studies suggest. Besides being linked to chronic, severe gum disease, this type of bone loss has also been connected in rare cases to the use of bisphosphonates, a different class of osteoporosis drugs. But the two papers in the Oct. 16 online issue of the New England Journal of Medicine report success with teriparatide (Forteo) in rebuilding bone. One report describes the case of an 88-year-old woman who had been taking the bisphosphonate alendronate (Fosamax) since suffering a hip fracture 10 years earlier. She had also been taking the corticosteroid prednisone for two decades. Experts have already noticed an uptick in the incidence of this rare but devastating condition in patients using bisphosphonates. According to an editorial accompanying the study, this complication occurs in about 5 percent of cancer patients who are taking a high-dose bisphosphonate (Zometa or Aredia) to control or prevent spread of malignancy to the bone. It is much rarer in people who take a lower-dose bisphosphonate (such as Actonel, Boniva or Fosamax) for osteoporosis. The 88-year-old woman described in the journal report had been experiencing pain in her jaw for a year and was subsequently diagnosed with osteonecrosis, a debilitating ""death"" of bone due to loss of blood flow. After eight weeks of treatment with Forteo, though, the pain went away and the osteonecrosis resolved, reported the authors, from Austin Health in Melbourne, Australia. The editorial pointed out, however, that Forteo should not be used in patients whose cancer has already spread to the bone, as it might prompt even more spread. It's also possible that the corticosteroid therapy she was taking could have contributed to the woman's bone loss, the authors stated. The second paper involved 40 patients with severe gum disease that had affected their jaws, all of whom first underwent surgery on their jaw. They were then randomized to receive either Forteo or a placebo. All participants took calcium and vitamin D as well. ""These were patients with severe periodontal disease but who were otherwise systemically healthy,"" said study senior author Dr. Laurie K. McCauley, chair of the department of periodontic and oral medicine at the University of Michigan in Ann Arbor. After six weeks of therapy, patients in the Forteo arm saw greater healing of their jawbone and this continued throughout one year of follow-up. ""There was a significant improvement in clinical measures of gum and bone,"" McCauley stated. But, she pointed out, Forteo is not yet approved for this indication, so ""we can't recommend it next week."" Right now, a bone graft is probably the most common type of therapy for this type of bone loss, she said. ""I think that it's really an important important proof-of-concept that you can inject locally and get a response,"" said Dr. Rena D'Souza, chair of biomedical sciences at Texas A&M Health Science Center Baylor College of Dentistry in Dallas. ""We could not only use this approach for the treatment of periodontal disease where the disease enters the bone and gum. but also other forms of periodontal disease."" ""Bisphosphonates cut back on blood flow and blood vessels so that cancer doesn't have a chance,"" she said. ""That is why it's used very effectively for cancer but if you happen to injure the bone or take out a tooth you really need the blood vessels. The bone cells don't have the ability to lay down new bone."" More information The American Academy of Periodontology has more on gum disease."
fakehealth,news_reviews_00398,0,1,0.9989976,"Key Points Question Does treatment with cetuximab and radiotherapy (CRT) increase the rate of laryngeal preservation and laryngectomy-free survival compared with radiotherapy alone in patients with hypopharyngeal and laryngeal carcinoma? Findings In this secondary analysis of a randomized clinical trial comparing CRT vs radiotherapy alone in 168 treated patients, there was no difference in the rates of laryngeal preservation at 2 years. There was a 4.0% and 8.9% absolute improvement in laryngectomy-free survival at 2 and 3 years, respectively, for CRT vs radiotherapy alone. Meaning The results of this secondary subset analysis reveal a possible cetuximab-related benefit in laryngeal preservation. Abstract Importance The appropriate use of surgery or radiotherapy-based approaches for organ preservation has been the subject of much debate. Unfortunately, there has been a lack of improvement in overall survival for patients with laryngeal carcinoma in the last 30 years. Objective To assess the rates of laryngeal preservation and laryngectomy-free survival in patients receiving cetuximab and radiotherapy (CRT) and patients receiving radiotherapy alone. Design, Setting, and Participants Patients were enrolled in a multicenter, open-label, stratified, randomized, phase 3 study from April 1, 1999, through March 31, 2002, from 73 centers in the United States and 14 other countries. A secondary subgroup analysis of patients with hypopharyngeal and laryngeal carcinoma was undertaken. Rates of laryngeal preservation and laryngectomy-free survival were estimated by the Kaplan-Meier method. The hazard ratios (HRs) were calculated using a Cox proportional hazards regression model. Quality of life was evaluated using the European Organization for Research and Treatment of Cancer core questionnaire and head and neck module. Main Outcomes and Measures Laryngeal preservation and laryngectomy-free survival. Results Of the 424 patients included in the trial, 168 treated patients with cancer of the larynx or hypopharynx were included in this analysis (90 in the CRT group and 78 in the radiotherapy alone group). The median (range) age of the patients was 59 (40-80) years in the CRT group and 61 (35-81) years in the radiotherapy alone group. In the CRT group, 72 patients (80.0%) were male and 18 (20.0%) were female. In the radiotherapy alone group, 62 (79.5%) were male and 16 (20.5%) were female. The rates of laryngeal preservation at 2 years were 87.9% for CRT vs 85.7% for radiotherapy alone, with an HR of 0.57 (95% CI, 0.23-1.42; P = .22). Similarly, the HR for laryngectomy-free survival comparing CRT vs radiotherapy alone was 0.78 (95% CI, 0.54-1.11; P = .17). This study was not powered to assess organ preservation. Median overall survival was 27 (95% CI, 20-45) vs 21 (95% CI, 17-35) months for the CRT and radiotherapy alone groups, respectively, with an HR of 0.87 (95% CI, 0.60-1.27). No differences between treatments were reported regarding overall quality of life, need for a feeding tube, or speech. Conclusions and Relevance The results of a possible cetuximab-related laryngeal preservation benefit for patients with hypopharyngeal or laryngeal cancer are intriguing; these results need to be interpreted in the context of a retrospective subset analysis with limited sample size. Trial Registration clinicaltrials.gov Identifier: NCT00004227 Introduction Historically, locoregionally advanced squamous cell cancers of the larynx or hypopharynx have been treated with surgical resection, usually involving laryngectomy with or without postoperative radiotherapy.1 Although laryngectomy is an effective treatment, investigators have sought therapeutic strategies that result in voice preservation. Various modifications of surgical techniques have been explored.2-5 Alternatively, in the early 1980s, investigators evaluated curative primary radiotherapy with salvage surgery as an option for these patients.6,7 Retrospective studies8,9 that compared primary radiotherapy with salvage surgery to initial surgery with postoperative radiotherapy found similar rates of survival in patients with advanced laryngeal or hypopharyngeal cancers. After the realization that many patients could avoid total laryngectomy with the use of primary radiotherapy, several combination chemoradiotherapy strategies were introduced for patients with laryngeal or hypopharyngeal cancers. In large phase 3 randomized clinical trials, induction chemotherapy followed by radiotherapy demonstrated equivalent overall survival compared with surgical resection and postoperative radiotherapy in patients with laryngeal10,11 and hypopharyngeal cancers.12 More recently, the Radiation Therapy Oncology Group 91-11 trial revealed that radiotherapy with concomitant cisplatin resulted in a superior laryngeal preservation rate compared with induction with cisplatin and fluorouracil followed by radiotherapy or radiotherapy alone for these advanced laryngeal cancers.13,14 However, this treatment did not produce a survival benefit. The appropriate use of surgery or radiotherapy-based approaches for organ preservation has been the subject of much debate.15-18 Unfortunately, there has been a lack of improvement in overall survival for patients with laryngeal carcinoma in large database studies19-21 examining the last 30 years of care. Investigators have reported that poor follow-up may contribute to the potential for larger and less curable recurrences, and surgeons experienced with radiotherapy with salvage surgery need to be involved as early as possible.20,21 The analysis described in this report was performed to assess the laryngeal preservation rates of patients with locoregionally advanced laryngeal and hypopharyngeal cancers who were entered into a randomized clinical trial of cetuximab and radiotherapy (CRT) compared with radiotherapy alone.22,23 This group of patients represents a subgroup (168 patients) of a larger population (424 patients) that also included patients with oropharyngeal cancers. It is noteworthy that this randomized clinical trial was not designed to enroll a sufficient number of patients to definitively and prospectively address the subject of the analysis reported herein. Previous reports22,23 of the overall randomized clinical trial found locoregional control and survival advantages associated with the addition of cetuximab to radiotherapy. Methods Patients Patients were enrolled in the multicenter, open-label, stratified, randomized, phase 3 study from April 1, 1999, through March 31, 2002, from 73 centers in the United States and 14 other countries. Patients who entered the trial had stage III or IV nonmetastatic squamous cell carcinoma of the oropharynx, hypopharynx, or larynx (Figure 1 and Table 1). Patients were eligible if they had pathologically confirmed stage III or IV squamous cell carcinoma, had measurable disease, had no distant metastases, had no prior therapy for the tumor under study, and were medically suitable to undergo definitive radiotherapy. This subgroup includes the patients with hypopharyngeal and laryngeal cancers. The protocol was approved by the ethics review boards at the participating institutions, and all the patients provided written informed consent. Patients were initially evaluated with a comprehensive head and neck examination, which included panendoscopy. The primary tumors and lymph nodes were staged by the American Joint Committee on Cancer staging classification of 1998. Initial evaluation included computed tomography or magnetic resonance imaging of the head and neck region and chest radiography. Patients began treatment within 2 weeks after this initial evaluation, as determined by the randomization procedure.22 Patients who underwent no surgery or less extensive operations were censored at death or date of last contact. Treatment The primary radiotherapy was delivered with curative intent. Investigators selected 1 of 3 radiation fractionation regimens: once daily, twice daily, or concomitant boost regimen (Figure 1). Cervical lymph node drainage regions, considered to be at high risk for subclinical disease, were treated with a dose of 50 to 54 Gy. The primary tumor and gross nodal disease received full-dose radiotherapy (70-76.8 Gy, depending on fractionation). However, if a postoperative neck dissection was planned, gross nodal disease could be treated with 60 Gy. For patients randomized to CRT, cetuximab treatment consisted of an initial dose of 400 mg/m2 and was delivered as a 120-minute intravenous infusion. This initial dose was delivered 1 week before the initiation of CRT. Patients received weekly cetuximab infusions during the radiotherapy treatment. Seven weekly infusions were delivered at a dose of 250 mg/m2 for a period of 60 minutes each. For patients who were scheduled to have a planned neck dissection, surgery was scheduled to take place 4 to 8 weeks after completion of CRT or radiotherapy alone. Evaluations Evaluations, including physical examination, hematologic testing, and chemical profiles, were performed weekly for the duration of the study. A pharmacologic profile was also performed weekly on patients receiving cetuximab infusion (CRT group). Patients provided a history and underwent a physical examination, which included a fiberoptic examination of the tumor, as well as an assessment of all study end points at required time points after the completion of treatment.22 Posttreatment assessments were performed 4 and 8 weeks after completion of radiotherapy. Patients who were scheduled for a planned postoperative neck dissection could have their 8-week assessment at the 6-week time point, along with posttreatment computed tomography. Subsequently, patients were evaluated every 4 months during the first and second years. They were evaluated semiannually during years 3 to 5. These follow-up assessments included imaging studies, consisting of computed tomography or magnetic resonance imaging of the head and neck region. Quality of Life The instruments used in this study were the European Organization for Research and Treatment of Cancer Quality of Life Questionnaire Core 30 version 3.0 and the Quality of Life Head and Neck Module 35. The self-administered core questionnaire consisted of 30 questions and incorporated 5 functional scales, 3 symptom scales, and a global health and quality-of-life scale. The remaining single items assessed additional symptoms commonly reported by patients with cancer, as well as the perceived financial effect of disease and treatment. All scales and single items met the standards for reliability. The 35-item module comprised 1 multi-item scale and a series of single items assessing head and neck–associated symptoms and adverse effects from conventional therapy. Statistical Analysis The randomization was not stratified by primary site of cancer; hence, the results presented below are a retrospective analysis of the selected subset of patients. A CONSORT flow diagram was included with the original publication of the trial.23 A trial profile for the analysis presented here is shown in Figure 1. The primary end point of the study was to examine differences in the rate of locoregional disease control maintained for 1 year. The duration of locoregional control was defined as the absence of locoregional disease progression at the scheduled follow-up visits and was determined through a masked review of the investigator-generated data by an independent committee of experts. The duration of locoregional control was from randomization to the first documented progression or recurrence of locoregional disease or death from any cause. Overall survival was calculated from randomization to death from any cause. Tumor present in a neck dissection, which was performed for any reason after 15 weeks after radiotherapy, constituted locoregional progression. Distribution of time-to-event parameters was estimated by the Kaplan-Meier method, and treatment effects were compared using a log-rank test. The Cox proportional hazards regression model was used to calculate the nonstratified hazard ratio (HR). The Kaplan-Meier method was also used to estimate the rate of preservation of larynx.24 Patients who underwent no surgery or lesser operations were censored at death or date of last contact. Results Characteristics of the Patients A total of 424 patients participated in the study and 168 were included in the subanalysis (90 in the CRT group or 78 in the radiotherapy alone group). Most patients from both treatment groups were treated with the concomitant boost fractionation regimen. The 2 treatment groups were well balanced with respect to sex, tumor stage, node stage (Table 1), and the rate of neck surgery (16% in the CRT group and 14% in the radiotherapy alone group). Treatment Adherence The median durations of treatment were 52, 46, and 43 days for once daily, twice daily, or concomitant boost, respectively, for patients treated with CRT and 52, 44, and 43 days, respectively, for patients treated with radiotherapy alone. For patients who received cetuximab, the median number of cetuximab infusions was 8 (range, 1–11). The median cumulative cetuximab dose was 2154 mg/m2 (range, 14-2887 mg/m2). The number of patients who received 7 or more cetuximab infusions was 80 (88.9%). The radiotherapy quality assurance review found that the mean and median doses for the once daily, twice daily, and concomitant boost regimens were 68.7 and 70.0 Gy, 74.3 and 74.4 Gy, and 70.8 and 72.0 Gy, respectively; these doses were similar in both treatment groups. Radiotherapy adherence for patients who received CRT or radiotherapy alone was balanced; 65 (72.2%) received CRT and 56 (71.8%) received radiotherapy alone as planned or with minor deviation. A total of 121 patients (72%) were treated as planned or with minor deviation. Major acceptable deviations in the CRT and radiotherapy alone groups were found in 13 (14.4%) and 13 (16.7%) patients, and major unacceptable deviations were observed in 3 (3.3%) and 5 (6.4%) patients, respectively. A total of 9 (10.0%) and 4 (5.1%) patients in these respective groups were not evaluable for a radiation quality assurance review. The differences in radiotherapy adherence between the 2 treatment groups were not statistically significant. Neck dissections were performed in 14 patients (15.6%) treated with CRT and 11 patients (14.1%) treated with radiotherapy alone. Efficacy Locoregional control was the primary end point of the phase 3 study. For this subgroup of patients with laryngeal and hypopharyngeal cancers, locoregional control was slightly improved for patients who received CRT compared with radiotherapy alone (HR, 0.80; 95% CI, 0.56-1.13) (Table 2). The 2-year rates of locoregional control were 36.9% in the CRT group and 25.7% in the radiotherapy alone group. Survival was also slightly improved for patients who received CRT compared with radiotherapy alone (HR, 0.87; 95% CI, 0.60-1.27) (Table 2). The 3-year survival rates were 41.9% in the CRT group and 39.0% in the radiotherapy alone group. The rates of laryngeal preservation (no need for salvage laryngectomy) were 87.9% at 2 and 3 years in the CRT group compared with 85.7% at 2 years and 76.8% at 3 years in the radiotherapy alone group. The 2.2% and 11.1% absolute improvements in the rates of laryngeal preservation, at 2 and 3 years, respectively, favored CRT compared with radiotherapy alone (Figure 2). However, this improvement was not statistically significant (HR, 0.57; 95% CI, 0.23-1.42; P = .22). In addition, there was a 4.0% and 8.9% absolute improvement in laryngectomy-free survival at 2 and 3 years, respectively. Again, these differences did not reach statistical significance (HR, 0.78; 95% CI, 0.54-1.11; P = .17) (Figure 2). Safety The most frequently reported adverse events are given in Table 3. The frequency of grades 3 and 4 mucositis/stomatitis and odynophagia was not significantly different among patients who received CRT compared with radiotherapy alone. Patients who received CRT had a greater rate of acneiform rash compared with patients who received radiotherapy alone (Table 3). Chills, fever, and headache were the only toxic events reported to occur at any grade with significantly higher frequency (P = .002, P = .01, and P = .004, respectively) in patients in the CRT group than in the radiotherapy alone group; however, their incidences were low (chills, 16 [17.8%] vs 2 [2.6%]; fever, 20 [22.2%] vs 6 [7.7%]; headache, 20 [22.2%] vs 5 [6.4%]). Quality of Life The quality-of-life responses were evaluated in a longitudinal design in all patients. Baseline assessment was performed at or just after randomization. Subsequent assessments took place before the beginning of the fourth week of radiotherapy, at the 8-week posttreatment evaluation, and at the 2 every-4-month follow-up evaluations of year 1. Plots of mean changes in global health status, use of a feeding tube, or speech problems reveal no differences between the treatment groups (Figure 3). A positive value in change indicates an improvement for the patient. Differences in mean changes in swallowing at radiotherapy week 4 (−15 in the CRT group and −25 in the radiotherapy alone group, P = .02), loss of appetite at radiotherapy week 4 (−11 in the CRT group and −18 in the radiotherapy alone group, P = .03), nausea at week 8 after radiotherapy (−7.3 in the CRT group and 0.3 in the radiotherapy alone group, P = .04), coughing at radiotherapy week 4 (7.4 in the CRT group and −5.6 in the radiotherapy alone group, P = .02) and at week 8 after radiotherapy (−3.2 in the CRT group and 1.1 in the radiotherapy alone group, P = .04), constipation at month 8 (2.6 in the CRT group and −19 in the radiotherapy alone group, P < .001), and cognitive functioning at month 12 (−7.0 in the CRT group and 4.6 in the radiotherapy alone group, P = .04) were not seen at the other time points. Discussion When laryngectomy is the primary treatment for locoregionally advanced laryngeal and hypopharyngeal cancers, patients gradually adjust to the loss of natural phonation, but the condition substantially interferes with normal communication and social interactions.25 In addition, although the effect of the procedure on voice frequently receives the greatest consideration, the presence of the stoma may also adversely affect patients’ quality of life.26 In the analysis reported herein, laryngeal preservation rates were studied in a subgroup of patients who were part of a large phase 3 trial that compared primary radiotherapy with or without the antiepidermal growth factor receptor monoclonal antibody cetuximab. The use of CRT produced a higher rate of laryngeal preservation compared with radiotherapy alone for patients with locoregionally advanced laryngeal or hypopharyngeal cancers. Although the difference in the rates of laryngeal preservation between the 2 groups did not reach statistical significance, the initial trial was not powered to assess this subgroup question. The HR of 0.57 is a strong indicator that cetuximab, when added to radiotherapy, may improve laryngeal preservation. The 87.9% rate of laryngeal preservation at 2 years for CRT found in this trial is similar to the rate reported for the use of radiotherapy and concomitant cisplatin in Radiation Therapy Oncology Group 91-11 trial (n = 547).13 Patients who undergo a laryngectomy often experience a difficult adjustment process. Even when the patient achieves a certain level of comfort with various techniques of artificial speech,27 the ability to communicate with others is hampered.26,28,29 Investigations have explored both the patient’s and the interviewer’s perceptions of the patient’s difficulty with communication after laryngectomy.26 Of interest, the interviewers perceived the patients’ impairment with communication as a much greater infringement on quality of life compared with the patients’ perceptions. Patients who underwent laryngectomy believed that interference with social activities resulted in a greater detrimental effect regarding their quality of life compared with the interviewers’ perception of this factor. Therefore, patients have their own perceptions, as well as the perceptions of others, as potential hurdles to normal activities after laryngectomy. The perception of life without a larynx plays an important role in a patient’s treatment decision. In a recent trial from France, 269 patients were queried about the treatment choices they might make if they faced the diagnosis of advanced laryngeal cancer.30 Only 29% stated that they would not consider options with a lower chance of cure if told that the best option, with respect to survival, was total laryngectomy. However, their enthusiasm for seeking laryngeal-preserving options waned when told about potential adverse effects, such as tracheostomy or permanent gastrostomy. An older report31 of interviews with firefighters and executives who were asked to envision that they had advanced laryngeal cancer determined that they were willing to accept a 15% to 30% reduction in life expectancy for a laryngeal-preserving treatment compared with total laryngectomy. These studies30,31 demonstrate the importance of reviewing options and potential adverse effects with patients before making a decision regarding the best treatment. Considering the importance of laryngeal function, many head and neck cancer treatments have been directed toward the goal of laryngeal preservation. One of the largest randomized clinical trials was designed to evaluate laryngeal preservation compared with radiotherapy alone, concomitant chemoradiotherapy, and induction chemotherapy followed by radiotherapy.13,14 Each treatment group included at least 180 patients, thus providing much greater statistical power than the current communication. The use of concomitant cisplatin and radiotherapy resulted in a statistically significant improvement in laryngeal preservation compared with radiotherapy alone, with a hazard ratio of 0.46. However, the induction regimen of cisplatin and fluorouracil did not improve laryngeal preservation over radiotherapy alone. Neither concomitant chemoradiotherapy nor induction chemotherapy followed by radiotherapy resulted in improved overall survival compared with radiotherapy alone. Furthermore, there were greater severe acute toxic effects from the chemoradiotherapy treatments compared with radiotherapy alone,13 but no significant differences in severe late toxic effects were noted in the comparison of the 3 treatment arms.14 Unfortunately, the concomitant chemoradiotherapy arm had an increase in deaths not attributable to cancer compared with the other 2 arms; this finding needs to be explored further to determine whether undetected fatal late treatment toxic effects are greater with concomitant regimens. Although induction chemotherapy was not used in this trial, it has been the subject of many past and recent assessments involving laryngeal preservation, as well as other efficacy and safety outcomes.10-14 A retrospective review32 of the phase 3 TAX 324 trial (Induction Chemotherapy Comparing Taxotere Cisplatin and 5-Fluorouracil With Standard Cisplatin and 5-Fluorouracil Followed by Chemoradiation in Locally Advanced Head and Neck Cancer) in patients with laryngeal or hypopharyngeal cancers revealed that induction chemotherapy of docetaxel, cisplatin, and fluorouracil (n = 90) compared with cisplatin plus fluorouracil (n = 76) followed by chemoradiotherapy with weekly carboplatin resulted in significantly improved overall survival (P = .02) and progression-free survival (P = .03) for the docetaxel, cisplatin, and fluorouracil group. Among patients undergoing surgery, laryngectomy-free survival was also significantly greater with docetaxel, cisplatin, and fluorouracil (P = .03). The TREMPLIN (Radiotherapy With Cisplatin Versus Radiotherapy With Cetuximab After Induction Chemotherapy for Larynx Preservation) trial compared the efficacy and safety of induction chemotherapy using docetaxel, cisplatin, and fluorouracil, followed by chemoradiotherapy with cisplatin (n = 60) or cetuximab (n = 56), for laryngeal preservation.33 No differences were found in laryngeal preservation, laryngeal function preservation, or overall survival between the 2 regimens. Newer studies, such as DeCIDE (Docetaxel-Based Chemotherapy Plus or Minus IC to Decrease Events in Head and Neck Cancer)34 and PARADIGM (Combination Chemotherapy and Radiation in Treating Patients With Stage III or IV Head and Neck Cancer),35 suggest no overall benefit from the addition of induction chemotherapy vs concomitant chemoradiotherapy alone. Conclusions The higher rate of laryngeal preservation that was achieved with the use of CRT compared with radiotherapy alone was encouraging. Furthermore, no significant increases in the most debilitating radiotherapy-induced toxic effects, such as mucositis/stomatitis and dysphagia, were observed. This treatment approach warrants further evaluation in larger populations to fully assess the potential value of cetuximab or other molecular targeting agents to augment laryngeal preservation rates. Back to top Article Information Accepted for Publication: April 9, 2016. Published Online: July 7, 2016. doi:10.1001/jamaoto.2016.1228 Correction: This article was corrected on October 26, 2018, to correct an inaccurate conflict of interest disclosure; it was previously corrected on December 15, 2016, to correct errors in number at risk in Figure 2A. Corresponding Author: James A. Bonner, MD, Department of Radiation Oncology, University of Alabama at Birmingham, 1700 Sixth Ave S, Hazelrig-Salter Radiation Oncology Center, Ste 2262, Birmingham, AL 35249 (jabonner@uabmc.edu). Author Contributions: Dr Chin and Mr Hossain had full access to all the data in the study and take responsibility for the integrity of the data and the accuracy of the data analysis. Study concept and design: Bonner, Harari, Hossain, Schulten, Chin, Baselga. Acquisition, analysis, or interpretation of data: Bonner, Giralt, Spencer, Schulten, Hossain, Chang, Chin. Drafting of the manuscript: Bonner, Hossain, Chin. Critical revision of the manuscript for important intellectual content: All authors. Statistical analysis: Bonner, Hossain. Obtained funding: Chang. Administrative, technical, or material support: Harari. Study supervision: Giralt, Hossain, Chang, Chin, Baselga. Conflict of Interest Disclosures: All authors have completed and submitted the ICMJE Form for Disclosure of Potential Conflicts of Interest. Dr Bonner reported working as a consultant for Eli Lilly and Company, Merck Serono, and Bristol-Myers Squibb. Dr Schulten reported being an employee of Merck KGaA. Dr Chin and Mr Hossain reported being employees of Eli Lilly and Company. Dr Chang reported being a former employee of Eli Lilly and Company and currently owning Lilly stock. Dr Baselga reports nonfinancial support and reasonable reimbursement for travel from Roche/Genentech; receiving fees from and stock ownership in the following companies: Aura Biosciences (including serving on the board of directors from 2013-2017), Infinity Pharmaceuticals (including serving on the board of directors from 2013-2017), PMV Pharma Biotechnologies (including serving on the scientific advisory board from 2014-present), Juno Therapeutics (acquired by Celgene) (including serving on the scientific advisory board from 2014-2017), Grail (including serving as member or chair of the scientific advisory board from 2016-2018), Varian Medical Systems (including serving on the board of directors from 2017-2018), Bristol-Myers Squibb (including serving on the board of directors from March to September 2018), Seragon (acquired by Roche) (including serving on the scientific advisory board of directors from 2013-2014); stock ownership in ApoGen Biotechnologies (including serving on the scientific advisory board from 2014-present), and Foghorn Therapeutics (including serving on the board from 2017-present); serving as cofounder, receiving fees from, and stock ownership in Tango (formerly Synthetic Lethal) from 2016-present and Northern Biologics (formerly Mosaic Biomedicals) (including serving on the scientific advisory board from 2013-present); receiving consulting and travel fees from Novartis and Eli Lilly; serving as cofounder of Venthera; and serving as investigator on a patent licensed to Memorial Sloan Kettering for use of phosphoinositide 3-kinase inhibitors for treatment of vascular malformations and serving as investigator for patents pending assignment to Memorial Sloan Kettering for combination therapy using PDK1 and PI3K inhibitors and inhibition of KMT2D for the treatment of breast cancer. No other disclosures were reported. Funding/Support: Research funding was provided by Eli Lilly and Company. Role of the Funder/Sponsor: The funding source had a role in the design and conduct of the study. Additional Contributions: Nathalie Godinot, MS, of Eli Lilly and Company, provided medical writing support. Anastasia Perkowski, MBA, of Eli Lilly and Company, provided medical editing assistance. Neither was compensated outside their usual salary."
healthfact,21437,0,1,0.9989839,We know that President Obama stole over $500 billion out of Medicare to switch it over to Obamacare.
healthfact,12792,0,1,0.99898106,"300,000 pounds of rat meat sold as chicken wings across America."
healthfact,42236,0,1,0.9989575,"“Smoking in cars with children is illegal starting January 30, 2018.”"
healthfact,31079,0,1,0.99895656,Images show a genuine Antifa manual created and distributed by the anti-fascist group.
healthfact,20913,0,1,0.9989506,Kyleen Wright Says murder is the chief cause of death for pregnant women.
fakehealth,story_reviews_00257,0,1,0.99894387,"(CNN) An aspirin a day may keep the doctor away. It may also reduce your chances of dying from cancer, according to a study on long-term regular aspirin use and different kinds of cancer. Yin Cao, an instructor in the Medicine, Clinical and Translational Epidemiology Unit at Massachusetts General Hospital and Harvard Medical School, presented the information Monday at the American Association for Cancer Research meeting in Washington. Cao looked at data from over 86,000 women who were part of the Nurses' Health Study between 1980 and 2012 and over 43,000 men who were part of the Health Professionals Follow-Up Study from 1986 to 2012. Over that 32-year period, over 8,200 women and nearly 4,600 men died of cancer. The risk of death overall was 7% lower for women and 11% for men who took aspirin regularly, compared with those who did not. The risk of dying from cancer was 7% lower for women and 15% lower for men who took aspirin regularly, compared with those who didn't take a regular dose. The strongest connection was with colorectal cancer: There was a 31% lower risk for women and 30% for men who were among regular aspirin takers, as other studies have showed. But it also lowered women's risk of dying from breast cancer by 11% and men's risk of dying from prostate cancer by 23%. Men's risk of dying from lung cancer was also lower. ""Evidence has been accumulating very rapidly showing aspirin works in reducing cancer and cardiovascular disease mortality,"" Cao said. ""It is good to remember, though, if a person wants to take a low-dose aspirin, especially if a person has had cancer, they will want to have an initial conversation with their doctor first."" Not everyone can take aspirin, particularly if you are at high risk for ulcers and gastrointestinal bleeding. Studies have showed an increased risk of both when taking a daily aspirin, but the benefit does outweigh the risk for most other people. Rulla Tamimi , the epidemiology chair for the American Association for Cancer Research annual meeting, thought the presentation was a beneficial one, particularly since scientists are trying to better understand drugs we may all have in our medicine cabinets. ""There has been a great deal of interest in understanding the possible benefits associated with common drugs,"" Tamimi said in an emailed statement. ""This study found strong evidence that aspirin use may reduce cancer death. The study was well conducted and was able to control for a number of important confounders. Therefore the findings are believed to be very robust, and suggest that aspirin, which is widely available, cheap and has limited toxicity, has the potential to have widespread benefit on cancer mortality for breast, colon, lung and prostate cancer."" Studies have also found that aspirin can help patients who have had (or are at high risk for) a heart attack or stroke, and of course it is a good drug to relieve pain. Even the ancient Egyptians used the natural form of it for pain relief centuries ago. In April 2016, the US Preventive Service Task Force said in a final recommendation statement that taking a regular low-dose aspirin a day may prevent colon cancer and cardiovascular disease for adults between 50 and 69 who have a 10% or greater risk of cardiovascular disease or colorectal cancer. Join the conversation See the latest news and share your comments with CNN Health on Facebook and Twitter. Cao hopes her study will continue to broaden the body of research to include cancer-related deaths overall. Next, her group hopes to study what specific groups may most benefit from this practice, particularly based on those individuals with varying cancer risk."
healthfact,33568,0,1,0.9989409,A megalodon capsized a South African charter vessel in April 2013.
healthfact,16104,0,1,0.9989367,There is no good data showing secondhand smoke kills people.
healthfact,26599,0,1,0.9989213,“Boil some orange peels wit cayenne pepper in it stand over the pot breathe in the steam so all that mucus can release from yo nasal… MUCUS is the problem its where THE VIRUS LIVES!!!”
healthfact,26748,0,1,0.9989159,Blogger Says the Vatican reports that Pope Francis tested negative for the coronavirus before a second test came back positive.
fakehealth,news_reviews_00444,0,1,0.998892,"DALLAS - April 18, 2016 - A five-year study shows that Stereotactic Body Radiation Therapy (SBRT) to treat prostate cancer offers a higher cure rate than more traditional approaches, according to researchers at UT Southwestern Medical Center Harold C. Simmons Comprehensive Cancer Center. The study - the first trial to publish five-year results from SBRT treatment for prostate cancer - found a 98.6 percent cure rate with SBRT, a noninvasive form of radiation treatment that involves high-dose radiation beams entering the body through various angles and intersecting at the desired target. It is a state-of-the-art technology that allows for a concentrated dose to reach the tumor while limiting the radiation dose to surrounding healthy tissue. ""The high cure rate is striking when compared to the reported five-year cure rates from other approaches like surgery or conventional radiation, which range between 80 to 90 percent, while the side effects of this treatment are comparable to other types of treatment,"" said Dr. Raquibul Hannan, Assistant Professor of Radiation Oncology and lead author for the study. ""What we now have is a more potent and effective form of completely noninvasive treatment for prostate cancer, conveniently completed in five treatments."" Conventional treatment options for early stage prostate cancer include: Prostatectomy, the surgical removal of the prostate gland, which can be done with minimally invasive techniques and robotic assistance; Brachytherapy, in which doctors implant numerous small radioactive seeds about the size of a grain of rice into the prostate gland using multiple large needles inserted through the skin in the operating room. Once implanted, the seeds release their radioactivity directly into the prostate gland; and External beam radiation, which involves 42 to 45 treatments administered over two or more months, five days a week. ""The current form of radiation is 44 treatments given over nine weeks. In contrast, the SBRT therapy we used allows the delivery of highly focused radiation in only five treatments, allowing patients to return to their normal lives more quickly,"" said senior author Dr. Robert Timmerman, Director of the Annette Simmons Stereotactic Treatment Center at UT Southwestern, and Professor and Vice Chairman of the Department of Radiation Oncology. ""SBRT is both more convenient and has increased potency."" UT Southwestern served as the lead site for the multi-institutional clinical trial, which involved first-time prostate cancer patients diagnosed with stage I or stage II (low and intermediate risk) prostate cancer. A total of 91 patients were treated prospectively and followed for five years, with only one patient experiencing a recurrence of his cancer. The findings are published in the European Journal of Cancer. Terry Martin of McKinney, Texas, - about an hour outside Dallas - said the fewer number of treatments was a compelling advantage when he was evaluating treatment options. ""I live 45 minutes away from UT Southwestern. The difference between being treated five times versus 44 times is enormous,"" said Mr. Martin, a retired airline pilot. ""I felt that I was back to normal just 10 days after finishing treatment."" In addition to shorter treatment times, researchers found that side effects were not necessarily different compared to other forms of prostate cancer treatment. In the short term, the side effects of SBRT can include urinary issues (urgency, frequency and burning) and rectal irritation, which are often temporary and reverse within four weeks of treatment. Researchers found a small risk of longer-term urinary and rectal complications, which is also comparable to conventional treatments. Decrease in erectile function was seen in 25 percent of patients, fewer than with conventional radiation or surgery, said Dr. Hannan. To reduce the side effects associated with SBRT, current clinical trials at UTSW are using a unique and biodegradable rectal spacer gel to protect the rectum. UTSW is currently the only accredited site in Texas at which this spacer gel can be used. Other clinical trials at the UTSW Department of Radiation Oncology are seeking to expand the application of SBRT to high-risk (Stage III) prostate cancer patients. ""Our hope is that the high potency of this form of treatment will significantly improve treatment of these patients,"" says Dr. Hannan, the principal investigator of the high-risk prostate SBRT trial. UT Southwestern has been a leader in pioneering use of SBRT. Dr. Timmerman, Director of Image-Guided Stereotactic Radiation Therapy, Medical Director of Radiation Oncology, and holder of the Effie Marie Cain Distinguished Chair in Cancer Therapy Research, has served as the lead investigator in several national trials designed to evaluate the efficacy and safety of SBRT to treat other types of cancer, including cancer in the lung, liver, and spine. A range of clinical trials of SBRT therapy are under way at Simmons Cancer Center, including new investigations evaluating use of SBRT for cancers in the breast and larynx. Since 2009, UT Southwestern has trained more than 300 physicians and peers interested in implementing SBRT in their clinical practice. Simmons Cancer Center's arsenal of stereotactic radiotherapy technology includes the cutting-edge Gamma Knife, CyberKnife, Agility, Vero SBRT and TrueBeam technologies. ### The SBRT study for prostate cancer was supported by a grant from the U.S. Department of Defense. Additional UTSW researchers involved in the study include Dr. Yair Lotan, Professor of Urology and holder of the Helen J. and Robert S. Strauss Professorship in Urology, and Dr. Xian-Jin Xie, Professor of Clinical Science. The Harold C. Simmons Comprehensive Cancer Center is the only NCI-designated Comprehensive Cancer Center in North Texas and one of just 45 NCI-designated Comprehensive Cancer Centers in the nation. The Simmons Cancer Center includes 13 major cancer care programs with a focus on treating the whole patient with innovative treatments, while fostering groundbreaking basic research that has the potential to improve patient care and prevention of cancer worldwide. In addition, the Center's education and training programs support and develop the next generation of cancer researchers and clinicians. The Simmons Cancer Center is among only 30 U.S. cancer research centers and the only cancer center in North Texas to be named a National Clinical Trials Network Lead Academic Participating Site, a prestigious designation by the NCI, designed to bolster clinical cancer research for adults and to provide patients access to cancer research trials sponsored by the NCI, where promising new drugs often are tested. About UT Southwestern Medical Center UT Southwestern, one of the premier academic medical centers in the nation, integrates pioneering biomedical research with exceptional clinical care and education. The institution's faculty has included six who have been awarded Nobel Prizes since 1985. The faculty of almost 2,800 is responsible for groundbreaking medical advances and is committed to translating science-driven research quickly to new clinical treatments. UT Southwestern physicians provide medical care in about 80 specialties to more than 92,000 hospitalized patients and oversee approximately 2.2 million outpatient visits a year. This news release is available on our home page at http://www. utsouthwestern. edu/ home/ news/ index. html"
healthfact,42004,0,1,0.9988833,"Viral posts claim that climate change is a ""made-up catastrophe."
healthfact,13503,0,1,0.99888164,On whether Barack Obama was born in the United States.
healthfact,8977,0,1,0.9988669,A brain injury diagnosed with a single drop of blood
healthfact,26961,0,1,0.9988618,Event 201 “gave out stuffed souvenir coronavirus toys” to “commemorate” Novel coronavirus outbreak
fakehealth,news_reviews_00199,0,1,0.998858,"Playing football can improve bone development in adolescent boys, new research shows. In a study comparing adolescent footballers to swimmers, cyclists and a control group of boys not involved in regular sport, scientists at the University of Exeter found football led to significantly better bones after one year of training. Adolescence is the key period for bone development, and poor development at this stage is linked to reduced peak bone mass (the amount of bone mass at the end of the skeletal maturation, around age 30), increased fracture risk and osteoporosis later in life. Though swimming and cycling have proven health benefits, the scientists said their study ""raises a question"" about whether they are good for bone development due to the non-weight bearing training - and they say young swimmers and cyclists could benefit from more weight-bearing exercise in training regimes. ""Our research shows that playing football can improve bone development in comparison to swimming and cycling,"" said first author Dimitris Vlachopoulos, of Sport and Health Sciences at the University of Exeter. ""Though we focussed on aspiring professionals who played as much as nine hours a week, playing football for three hours a week might be enough for a substantial effect. ""We already knew exercise was key for bone growth, but here we clarify what type of exercise. ""Although we didn't study other sports, it's reasonable to suppose that weight-bearing, high-impact, high-intensity exercise like tennis, badminton, basketball and handball will have similar effects to football."" The year-long study, of 116 boys aged 12-14, took a variety of measures including bone mineral content (BMC). BMC measurements were taken at the lumbar spine (lower back) and femoral neck (upper leg) - both key sites for both fractures and osteoporosis. The results showed footballers had higher BMC than swimmers and cyclists after one year of sport-specific training. For example, footballers' BMC was 7% higher than that of cyclists at the lumbar spine, and 5% higher at the femoral neck. The research was funded by the EU via a Marie-Sklodowska-Curie fellowship awarded to principal investigator Dr Luis Gracia-Marco, also of the University of Exeter. Dr Gracia-Marco said: ""The sports we studied are the three most popular in the UK, and it's important to know what effects they have in relation to bone health. ""Adolescence is the key time for bone growth. Once a person reaches puberty, the next five years are vitally important in this respect."" The athletes in the study were all playing high-level sport - the footballers in Exeter City FC's youth setup, and the swimmers and cyclists at leading clubs in the South West. The boys in the control group, though generally active, were not involved in regular sport. Despite the many health benefits of cycling and swimming, the study found little difference in bone development between cyclists, swimmers and the control group. ""This raises a question about whether swimming and cycling are good for bone development,"" Dr Gracia Marco said. ""We now need to consider how to counteract the lack of bone growth stimulus caused by cycling and swimming, possibly by encouraging swimmers and cyclists to add weight-bearing exercise in their training."" One innovative aspect of the study was the measurement of bone texture of the lumbar spine using trabecular bone score (TBS) - the first use of this technique in adolescent athletes. The paper, entitled: ""Longitudinal Adaptations of Bone Mass, Geometry and Metabolism in Adolescent Male Athletes. The PRO-BONE Study"", is published in the Journal of Bone and Mineral Research. The research is part of a larger University of Exeter study called PRO-BONE. ### Note to editors: Being a UK university, when we say ""football"" we mean the game otherwise known as soccer."
fakehealth,news_reviews_00501,0,1,0.9988531,"COLLEGE PARK, Md., Dec. 22, 2015 /PRNewswire-USNewswire/ -- Fifth Quarter Fresh, a new, high-protein chocolate milk, helped high school football players improve their cognitive and motor function over the course of a season, even after experiencing concussions, a new preliminary University of Maryland study shows. The study, funded through the Maryland Industrial Partnerships program and conducted by Jae Kun Shim, a professor of kinesiology in the School of Public Health, followed 474 football players from seven high schools in Western Maryland throughout the fall 2014 season. ""High school football players, regardless of concussions, who drank Fifth Quarter Fresh chocolate milk during the season, showed positive results overall,"" said Shim. ""Athletes who drank the milk, compared to those who did not, scored higher after the season than before it started, specifically in the areas of verbal and visual memory."" Football players were tested before the season, after concussions and post-season using Immediate Post-concussion Assessment and Cognitive Testing, also called ImPACT™, a widely used computer-based evaluation for concussions. Overall, 36 variables for attention span, working memory, sustained and selective attention time, response variability, non-verbal problem solving and reaction time were measured in the study. Experimental groups drank Fifth Quarter Fresh after each practice and game, sometimes six days a week, while control groups did not consume the chocolate milk. Analysis was performed on two separate groups: athletes who experienced concussions during the season and those who did not. Both non-concussed and concussed groups showed positive effects from the chocolate milk. Non-concussed athletes who drank Maryland-produced Fifth Quarter Fresh showed better cognitive and motor scores over nine test measures after the season as compared to the control group. Concussed athletes drinking the milk improved cognitive and motor scores in four measures after the season as compared to those who did not. The remaining test scores did not show a statistically significant difference between the experimental and control groups over the season, according to Shim. He suggested that the naturally occurring high levels of specific nutrients in Fifth Quarter Fresh likely contributed to the results. ""Branched chain amino acids (BCAAs) are important for energy metabolism and neurotransmitter synthesis in the brain,"" said Shim. ""Previous studies have shown that BCAA supplementation has resulted in improved cognition in mice with brain injuries."" Shim also cited carbohydrates, calcium and electrolytes, all of which he says are likely to be critical for the recovery process after brain injuries. While the study's results indicate a strong link between milk and the reduction of concussion-related symptoms, researchers caution that more in-depth studies are necessary to be conclusive. Fifth Quarter Fresh is a fat-free chocolate milk made by combining nutrient-rich milk (yielding 40 percent more protein, calcium and electrolytes than conventional milk) with the benefits of a pasteurization process that preserves proteins and makes them easier for the body to absorb, according to the company. Fifth Quarter Fresh has a balance of fast-absorbed whey and sustained-release casein proteins that provide a quick burst of amino acids followed by a continuous supply over several more hours, according to Richard Doak, co-founder of Fifth Quarter Fresh. The company maintains that protecting student athletes and helping them perform at a higher level was the reason they created Fifth Quarter Fresh in the first place. ""We believe there is a real need to improve nutrition for young athletes. Fifth Quarter Fresh may help them prevent injuries by providing their bodies with the nutrients they need to heal and repair. This study suggests that,"" said Doak. ""Our milk provides 20 grams of protein and five grams of undamaged BCAAs per 14-ounce serving—naturally. We use no supplements and no preservatives—it is fresh chocolate milk."" Officials in Washington County, Md., home to all seven high schools participating in the study, are now considering the broad adoption of Fifth Quarter Fresh in sports programs throughout its school system. ""There is nothing more important than protecting our student-athletes,"" said Clayton Wilcox, superintendent of Washington County Public Schools. ""Now that we understand the findings of this study, we are determined to provide Fifth Quarter Fresh to all of our athletes."" Earlier this year, UMD released the preliminary results of a study showing that Fifth Quarter Fresh outperformed leading commercial workout recovery drinks for endurance recovery by 13-17 percent. Fifth Quarter Fresh is produced through the Hagerstown-based Lanco-Pennland Quality Milk Producers, a farmer-owned, farmer-run cooperative with nearly 650 members that spans the U.S. East Coast. Frederick-based Dairy Maid Dairy bottles it. The University of Maryland study was made possible by the Maryland Industrial Partnerships (MIPS) program, which jointly funds commercial product development projects teaming Maryland companies with University of Maryland faculty. For photos and videos, visit http://go.umd.edu/concussions. About the Maryland Industrial Partnerships (MIPS) Program MIPS, a program of the Maryland Technology Enterprise Institute (Mtech) in the A. James Clark School of Engineering at the University of Maryland, supports university-based research projects to help Maryland companies develop technology-based products. Commercial products benefiting from MIPS projects have generated more than $30.2 billion in revenue, added thousands of jobs to the region, and contributed to successful products such as Martek Biosciences' nutritional oils, Hughes Communications' HughesNet™, MedImmune's Synagis®, and Black & Decker's Bullet® Speed Tip Masonry Drill Bit. SOURCE University of Maryland"
healthfact,24465,0,1,0.99884087,"Here in Florida, I’ve slashed government by 10 percent. That's $7 billion."
healthfact,30693,0,1,0.9988368,A tourist's unfortunate bout of stomach upset on a Spanish roller coaster splashed liquid fecal matter on other customers.
healthfact,12381,0,1,0.9988275,"Ken Paxton Says Barack Obama ""acknowledged over 20 times"" that his administration’s Deferred Action for Parents of Americans ""immigration edict was a violation of law and the separation of powers."
healthfact,10483,0,1,0.9987914,Viscosupplementation Recommended For Appropriate Patients with Knee Osteoarthritis
healthfact,30134,0,1,0.99878365,Christine Blasey Ford committed perjury by identifying herself as a 'research psychologist' in her Senate committee testimony.
healthfact,31648,0,1,0.9986519,A morgue worker was accidentally cremated while napping or pretending to be dead.
healthfact,35599,0,1,0.99859065,"In July 2020, U.S. Education Secretary Betsy DeVos said ""only"" .02% of the country's K-12 school students — totaling 14,740 children and teens — are likely to die from COVID-19 when and if schools fully reopen."
healthfact,30938,0,1,0.99856406,The deaths of John Beilman and his daughter were linked to the Las Vegas mass shooting via a device found in Stephen Paddock's hotel room.
healthfact,18008,0,1,0.9985568,I am every year the No.1 pick of all of the law enforcement agencies within Texas.
fakehealth,story_reviews_00324,0,1,0.998541,"WASHINGTON — Breaking a sweat? Researchers are creating a skin patch that can test those droplets while people exercise and beam results to their smartphones, possibly a new way to track health and fitness. The experimental gadget goes well beyond activity monitors like the Fitbit. A little larger than a quarter, it’s almost like a tiny lab stuck to the skin — and a study published Wednesday found it worked on sweaty bicyclists, sticking even during a long-distance race in Arizona. If you think of perspiration as just a drippy nuisance, think again. advertisement “Sweat has biochemical components within it that tell us a lot about physiological health,” said John A. Rogers, who directs Northwestern University’s Center for Bio-Integrated Electronics and led the new research. Today’s wearable technology helps people track their calories, activity and heart rate. A wearable biosensor would be “radically different,” Rogers said. For simple fitness purposes, it could give an early warning that it’s time to replenish electrolytes before someone starts to feel dehydrated. But eventually with additional research, Rogers envisions more sophisticated use of such devices, such as real-time monitoring of how the body adjusts during military training, or even to screen people for diseases such as diabetes or cystic fibrosis. Rogers, who did much of the research while at the University of Illinois at Urbana-Champaign, has long worked to develop electronic devices that can stretch and twist with the body. The skin-like sweat patch adds a capability called microfluidics, capturing and analyzing tiny amounts of body fluid. How it works: Stick the patch on the skin and start moving. Tiny channels collect perspiration and route it to different compartments where it interacts with chemicals that change color to reflect sweat loss, the perspiration’s acidity level, and concentrations of chloride, glucose and lactate. Together, those measurements can indicate such things as hydration levels or electrolyte loss. Hold a smartphone over the patch, and an app takes a picture of the colors and interprets what they mean. In two studies reported Wednesday, Rogers’ team stuck patches to the arms and backs of 21 healthy volunteers. Nine rode exercise bikes in a gym to compare the sweat patches’ performance with the decidedly lower-tech method of sweat-testing used today — taping on absorbent pads and carting the resulting wet samples to a laboratory. For a more real-world test, the other 12 bicyclists wore the patches while competing in a long-distance outdoor race in Tucson. The patches stayed in place and worked even in the challenging outdoor race, and the patches’ biochemical test results agreed with the indoor bikers’ conventional sweat tests, the researchers reported in the journal Science Translational Medicine. “It seems really practical,” said Stanford University chemical engineering professor Zhenan Bao, who also researches novel biomedical materials but wasn’t involved with the sweat patch. By simply looking at a color change, “such a patch allows people to now have an opportunity to understand their health and how it changes depending on activities.” It’s a growing field: Other research groups around the country, including some of Bao’s colleagues, are pursuing wearable biosensors. Rogers’ sweat patches are designed for one-time use over a few hours. While Wednesday’s studies used an early version that analyzed sweat just once during the exercise, he’s now testing a design capable of multiple measurements over time. — Lauran Neergaard"
healthfact,9637,0,1,0.998533,Same-day hip replacements get patients back on their feet
healthfact,15295,0,1,0.99853075,Almost 95 percent of all (Planned Parenthood) pregnancy services were abortions.
healthfact,31908,0,1,0.9985257,"A forthcoming Russian reality show called ""Game2: Winter"" will permit contestants to commit crimes, including rape and murder."
healthfact,15271,0,1,0.9985104,"Dick Black Says Jill McCabe ""supports late term abortions. Larger baby parts are more profitable."
healthfact,33267,0,1,0.9984836,Canine Carry Outs dog treats contain anti-freeze and are therefore dangerous to dogs.
healthfact,32860,0,1,0.99839056,"Pantene shampoo and conditioner leave a build-up on hair that causes it to heat up and ""smoke"" when combined with highlight foils."
healthfact,14629,0,1,0.99815434,"John O'Bannon Says ""some Planned Parenthood chapters have been selling the body parts of aborted fetuses for profit."
fakehealth,news_reviews_00519,0,1,0.9980558,"Newswise — LEAWOOD, KS — Osteoarthritis (OA) is one of the leading causes of disability in adults in the United States and knee OA specifically is ranked within the top 10 non-communicable diseases for global disability-adjusted life years. The lifetime risk of suffering symptomatic knee OA is estimated to be 44.7% and approximately 1 in 11 of the US population is diagnosed with symptomatic knee OA by age 60. With this knowledge, the American Medical Society for Sports Medicine (AMSSM) has released a new scientific statement that provides guidance for physicians and healthcare professionals who provide care for those patients with knee osteoarthritis. There is a general consensus that the initial management of knee OA treatment should include weight loss and strengthening exercises. However, certain aspects of treatment for knee OA are controversial. In light of these issues, the AMSSM convened an expert writing group of four sports medicine physicians to review the latest data and provide recommendations for the sports medicine community. “We do not treat groups of people we treat individuals,” said Dr. Thomas Trojian, Lead Author and Past AMSSM Board of Director. “It is important to look at how a person responds to a medication. Does the person improve if given an injection of viscosupplementation more likely than placebo or intra-articular steroid? Using a network meta-analysis we are able to compare the multiple studies done on viscosupplementation and have found that people are more likely to show clinical improvement with viscosupplementation over placebo (saline) and intra-articular steroids. This is different than studies recently published that say the average response differs.” The full report, published ahead of print in the Clinical Journal of Sport Medicince (CJSM) and will appear in the (British Journal of Sports Medicine) BJSM, entitled, AMSSM Scientific Statement Concerning Viscosupplementation Injections for Knee Osteoarthritis Importance for Individual Patient Outcomes, includes the following notable AMSSM recommendations and one suggestion: • AMSSM RECOMMENDS viscosupplementation injections for Kellgren and Lawrence (KL) grade II-III knee osteoarthritis in those patients above the age of 60 based on HIGH quality evidence demonstrating benefit using OMERACT-OARSI Responder Rating but the evidence should be downgraded due to indirectness for those under 60 years of age.• AMSSM SUGGESTS viscosupplementation injections for knee osteoarthritis for those under the age of 60 based on MODERATE quality evidence due to response of treatment in those over 60.• AMSSM RECOMMENDS clinicians and researchers collect OMERACT-OARSI responder data to track individual response to the viscosupplementation. The full paper will be published in print in the January 2016 issues of CJSM and BJSM. Click here to view statement online. Thanks to members Drs. Thomas Trojian (AMSSM Past Board of Director), Susan Joy (AMSSM Foundation Board Member), Andrew Concoff and John Hatzenbuehler along with Whitney Saulsberry, PharmD and Craig Coleman, PharmD for serving on the expert writing group for this paper. The AMSSM hopes that this information can assist healthcare professionals as they provide care for patients with osteoarthritis. About AMSSM: AMSSM is a multi-disciplinary organization of 3,000 sports medicine physicians dedicated to education, research, advocacy and the care of athletes of all ages. The majority of AMSSM members are primary care physicians with fellowship training and added qualification in sports medicine who then combine their practice of sports medicine with their primary specialty. AMSSM includes members who specialize solely in non-surgical sports medicine and serve as team physicians at the youth level, NCAA, NFL, MLB, NBA, WNBA, MLS and NHL, as well as with Olympic teams. By nature of their training and experience, sports medicine physicians are ideally suited to provide comprehensive medical care for athletes, sports teams or active individuals who are simply looking to maintain a healthy lifestyle. www.amssm.org SEE ORIGINAL STUDY"
healthfact,42037,0,1,0.99794847,Henry Winkler Dead at 77 – A Huge Trump Supporter and Lifelong Gun Lover.
healthfact,31727,0,1,0.9978861,A new Arkansas law allows rapists to sue their victims to stop an abortion.
healthfact,11399,0,1,0.99768746,Blood Test May Predict Rheumatoid Arthritis
healthfact,9089,0,1,0.9975262,Bodycad Announces First Use of Its Unicompartmental Knee System in Patients
healthfact,18440,0,1,0.99726355,"Oregon Health Authority Says that in 2007, ""Oregon ranked 25th -- or 7th from the bottom -- in percentage of children with untreated decay compared to 32 other states with similar data."
fakehealth,story_reviews_01176,0,1,0.9969015,"NICOSIA/LONDON (Reuters) - Pregnant women may soon be able to have a blood test to predict whether their babies are likely to have Down’s Syndrome instead of undergoing risky, invasive tests, scientists said on Sunday. In a study in the Nature Medicine journal researchers from Cyprus said a trial on 40 pregnancies using the test, which involves analyzing the woman’s blood to detect DNA differences between the mother and the fetus, showed it accurately predicted which fetuses were at risk of developing the syndrome. Philippos Patsalis, medical director of the Cyprus Institute of Neurology and Genetics, who led the study, said the results were “very exciting” and the test now needed to be trialed in a larger study of about 1,000 pregnancies, but could lead to changes in clinical practice within two years. “We believe we can modify this test and make it much easier and simple... (and then) we can have something ready to be introduced into the clinic,” he told Reuters in Nicosia. Down’s Syndrome is the most common genetic cause of mental retardation, occurring in 1 out of 700 live births worldwide. The risk of having a baby with Down’s — which occurs when a child has three copies of chromosome 21 instead of the normal two — increases sharply as women get older. The risk for a 40-year-old mother is 16 times that for one who is 25. Doctors currently use a test known as amniocentesis to check whether a baby is likely to be born with Down’s. This test is generally done at about 15 or 16 weeks gestation and involves taking amniotic fluid from the mother by inserting a hollow needle into the uterus. Since amniocentesis carries a small risk of spontaneous miscarriage — Patsalis put it at around one or two percent — scientists have been looking for new less invasive ways to test for Down’s and other potential genetic problems. Patsalis’ method takes advantage of differences in the DNA methylation patterns — which are important to control levels of genes — between mother and fetus. It involves taking a small amount of blood from the mother when she is between the 11th and 13th week of her pregnancy and detecting extra copies chromosome 21 in the fetus by analyzing the maternal blood. In a small trial, Patsalis’ team were able to correctly diagnose 14 cases where there were extra copies of the chromosome, and 26 normal fetuses — results they said highlighted its clinical potential. “Such a non-invasive approach will avoid the risk of miscarriages of normal pregnancies caused by current, more invasive procedures,” the scientists wrote in their paper."
healthfact,15648,0,1,0.9958825,"Eighty-five percent of every dollar donated to the Clinton Foundation ended up either with the Clintons or with their staff to pay for travel, salaries, and benefits. Fifteen cents of every dollar actually went to some charitable beneficiary."
healthfact,33361,0,1,0.99577016,"HIV-positive basketball star Earvin ""Magic"" Johnson donated blood to patients with leukemia."
healthfact,35674,0,1,0.99534106,"A video shows a piece of 5G equipment with ""COV-19"" inscribed on it."
fakehealth,story_reviews_00010,0,1,0.99453133,"Scientists are inching closer to a drug that may protect peanut allergy sufferers from potentially life-threatening complications that can occur due to accidental consumption. While the drug is not being hailed as a cure for peanut allergy, it has proven successful in building up patients’ tolerance to peanuts over time, lessening the potential for life-threatening complications. “We’re excited about the potential to help children and adolescents with peanut allergy protect themselves against accidentally eating a food with peanut in it,” said allergist Stephen Tilles, MD, ACAAI former president, study co-author and consulting advisor for Aimmune Therapeutics, according to EurekAlert. “Our hope when we started the study was that by treating patients with the equivalent of one peanut per day, many would tolerate as much as two peanuts. We were pleased to find that two thirds of people in the study were able to tolerate the equivalent of two peanuts per day after nine to 12 months of treatment, and half the patients tolerated the equivalent of four peanuts.” FDA WARNS AGAINST HONEY PACIFIERS AFTER TEXAS INFANTS HOSPITALIZED WITH 'RARE' ILLNESS The results, which were presented Sunday at the College of Allergy, Asthma and Immunology Annual Scientific Meeting and published in the New England Journal of Medicine, were based on study participants ranging in age from 4 to 55 years old. All participants, who mostly fell between ages 4 and 17, had a peanut allergy, but one third received a placebo while the rest were given a peanut protein powder that increased in dose over time. Participants ingested the peanut protein under the supervision of a board-certified allergist as part of a process called an oral food challenge (OFC). “Reactions from the oral challenges at the end of the study were much milder than prior to treatment,” Tilles said, according to EurekAlert. “On average, the participants were able to tolerate a 100-fold higher dose of peanut at the end of the study than they did at the beginning. In addition, the symptoms caused by the 100-fold higher dose at the end of the study were milder than the symptoms on the lower dose at the beginning of the study.” EXPERTS: CHILDREN AT RISK OF LEAD POISONING IN CHATTANOOGA With FDA approval this drug would mark the first treatment available by prescription for peanut allergies. The study’s authors noted that patients would need to stay on the drug in order to receive protection against the allergy. “This is not a quick fix, and it doesn’t mean people with peanut allergy will be able to eat peanuts whenever they want,” Jay Lieberman, MD, vice chair of the ACAAI Food Allergy Committee and study co-author, said, according to EurekAlert. “But it is definitely a breakthrough. The hope would be to have a treatment available in the second half of 2019. If that happens, people who receive and are able to tolerate this treatment should be protected from accidental exposures."
healthfact,11220,0,1,0.9944817,Laser-Based Dermatological Procedures Could Be Revolutionized with New Techniqu
healthfact,31828,0,1,0.9944417,Scientists have determined a date in January is statistically the most depressing day of the year.
fakehealth,story_reviews_01206,0,1,0.9918147,"Parkinson’s disease is a progressive neurological disease that causes symptoms including muscle tremors, shaking, and stiffness. The cause of the disease is unknown, and the risk of developing it increases with age. ""This is the first study in humans to examine the association between flavonoids and risk of developing Parkinson's disease ,"" says researcher Xiang Gao, MD, PhD, of the Harvard School of Public Health in Boston, in a news release. ""Our findings suggest that flavonoids, specifically a group called anthocyanins, may have neuroprotective effects. If confirmed, flavonoids may be a natural and healthy way to reduce your risk of developing Parkinson's disease ."" A new study shows men who ate the most foods rich in a group of antioxidants known as flavonoids were 35% less likely to develop Parkinson’s disease than those who ate the least. Major dietary sources of flavonoids include berries, apples, tea, red wine, chocolate , and citrus fruits. Feb. 14, 2011 -- Incorporating berries and other fruits in your diet may pay off by reducing the risk of Parkinson’s disease. Berries Blunt Parkinson’s Disease Risk The study, to be presented in April at the annual meeting of the American Academy of Neurology in Honolulu, looked at the relationship between flavonoid intake and Parkinson’s disease in 49,281 men who participated in the Health Professional Follow-up Study and 80,336 women who participated in the Nurses’ Health Study. The participants were followed for 20-22 years and filled out questionnaires about the foods they ate. Researchers calculated total flavonoid intake based on the participants’ consumption of five flavonoid-rich foods included on the questionnaires: tea, berries, apples, red wine, and oranges/orange juice. The results showed that men who ate the most foods rich in flavonoids had a 35% lower risk of Parkinson’s disease compared with those who ate the least. No link between overall flavonoid consumption and Parkinson’s disease risk was found in women. But when researchers looked at specific sub-groups of flavonoids, they found both men and women who ate the most foods rich in anthocyanins, which are found primarily in berries and apples, had a 22% lower risk of Parkinson’s disease compared to those who ate the least. The study doesn’t prove that berries (or flavonoids in any other food) prevent Parkinson’s disease. This was an observational study and therefore can’t establish cause and effect. Nor is it clear why the results differed for men and women. This study will be presented at a medical conference. The findings should be considered preliminary as they have not yet undergone the ""peer review"" process, in which outside experts scrutinize the data prior to publication in a medical journal."
healthfact,10025,0,1,0.9909005,Aspirin Linked to Lower Pancreatic Cancer Risk
fakehealth,story_reviews_01559,0,1,0.98762965,"WASHINGTON (Reuters) - A drug approved to treat a range of conditions may also work to prevent lung cancer in people who have given up smoking, U.S. researchers reported on Tuesday. The drug, called iloprost, is approved in inhaled forms to treat pulmonary hypertension, when blood pools near the lungs, a connective tissue disease called scleroderma and a nerve condition called Raynaud’s phenomenon. Dr. Robert Keith of the Denver Veterans Affairs Medical Center and colleagues tested an oral version to see if it might prevent lung cancer in smokers and former smokers. “Oral iloprost showed promise for preventing lung cancer in former, but not current, smokers in a phase II clinical trial,” they wrote in a summary presented to a meeting of the American Thoracic Society in New Orleans. Iloprost is a version of prostacyclin, a drug in the prostaglandin class that prevents lung cancer in mice. Keith, who has been testing several drugs to prevent lung cancer, looked at biopsies taken from the lungs of 125 current and former smokers. They treated half with placebo and half with iloprost, and then performed bronchoscopy examinations to assess precancerous changes in the lungs. Six months later, “former smokers showed significant improvements on all measures, indicating that treatment with iloprost may reduce the risk of developing lung cancer among former smokers,” the researchers said. “Interestingly, current smokers did not show any significant improvements,” they added. “Oral iloprost significantly improves endobronchial dysplasia in former smokers and deserves further study to determine if it can prevent the development of lung cancer.” ITALIAN RESEARCH Swiss drug maker Actelion markets inhaled iloprost under the brand name Ventavis. It is also sold in an intravenous form under the trade name Ilomedin by Schering, acquired by Merck. In April, researchers said a natural supplement derived from food, called myo-inositol, seems to stop the precancerous changes that lead to lung cancer. Cigarette smoke causes 90 percent of all cases of lung cancer, which kills 1.2 million people a year globally. But only about 10 percent of smokers ever develop lung cancer, although they often die of other causes like heart disease, stroke or emphysema. Separately, Italian researchers reported that advanced lung cancer patients given the targeted therapy drug Tarceva as so-called maintenance treatment — after they finished a course of standard chemotherapy — lived a little bit longer. Federico Cappuzzo from Ospedale Civile di Livorno in Italy and colleagues did a phase 3 trial in 889 patients who had already had chemotherapy and whose tumors had not come back. They received either Tarceva, a drug sold by Roche and OSI Pharmaceuticals and known generically as erlotinib, or a placebo until they got worse or died. The patients who got Tarceva lived a little longer without their tumors growing — 12 weeks versus 11 weeks on average and they lived a month longer on average — 12 months versus 11 months. This was seen even among patients who did not have the EGFR genetic mutation that Tarceva targets, they reported in Lancet Oncology. Fewer than half of all lung cancer patients who do well after a first course of chemotherapy get more treatment, but the Italian group said their study shows this is worth doing."
fakehealth,story_reviews_00597,0,1,0.9834266,"A diabetic measures his blood sugar level with a sample of his blood from his finger and a blood sugar analyser in Frankfurt, Germany. dpa via AP file"
fakehealth,story_reviews_01236,0,1,0.98220176,"“We have found many of the same results,” said Dr. Hamill, professor of kinesiology and the director of the university’s biomechanics laboratory. “I guess the main thing to note is that, as biomechanists, we really do not know how orthotics work.” Orthotists say Dr. Nigg’s sweeping statement does not take into account the benefits their patients perceive. The key measure of success, said Jeffrey P. Wensman, director of clinical and technical services at the Orthotics and Prosthetics Center at the University of Michigan, is that patients feel better. “The vast majority of our patients are happier having them than not,” he said about orthotics that are inserted in shoes. Seamus Kennedy, president and co-owner of Hersco Ortho Labs in New York, said there was an abundance of evidence — hundreds of published papers — that orthotics can treat and prevent “mechanically induced foot problems,” leading to common injuries like knee pain, shinsplints and pain along the bottom of the foot. “Orthotics do work,” Mr. Kennedy said. “But choosing the right one requires a great deal of care.” Yet Scott D. Cummings, president of the American Academy of Orthotists and Prosthetists, says the trade is only now moving toward becoming a science. So far, most of the focus in that direction has been on rigorously assessing orthotics and prosthetics for other conditions, like scoliosis, with less work on shoe orthotics for otherwise healthy athletes. Advertisement Continue reading the main story “Anecdotally, we know what designs work and what designs don’t work” for foot orthotics, said Mr. Cummings, who is an orthotist and prosthetist at Next Step in Manchester, N.H. But when it comes to science and rigorous studies, he added, “comparatively, there isn’t a whole lot of evidence out there.” Dr. Nigg would agree. In his studies, he found there was no way to predict the effect of a given orthotic. Consider, for example, an insert that pushes the foot away from a pronated position, or rotated excessively outward. You might think it would have the same effect on everyone who pronates, but it does not. One person might respond by increasing the stress on the outside of the foot, another on the inside. Another might not respond at all, unconsciously correcting the orthotic’s correction. “That’s the first problem we have,” Dr. Nigg said. “If you do something to a shoe, different people will react differently.” The next problem is that there may be little agreement among orthotics makers about what sort of insert to prescribe. In one study discussed in his new book, “Biomechanics of Sport Shoes,” Dr. Nigg sent a talented distance runner to five certified orthotics makers. Each made a different type of insert to “correct” his pronation. The athlete wore each set of orthotics for three days and then ran 10 kilometers, about 6 miles. He liked two of the orthotics and ran faster with them than with the other three. But the construction of the two he liked was completely different. Newsletter Sign Up Continue reading the main story Please verify you're not a robot by clicking the box. Invalid email address. Please re-enter. You must select a newsletter to subscribe to. Sign Up You will receive emails containing news content , updates and promotions from The New York Times. You may opt-out at any time. You agree to receive occasional updates and special offers for The New York Times's products and services. Thank you for subscribing. An error has occurred. Please try again later. View all New York Times newsletters. Then what, Dr. Nigg asked in series of studies, do orthotics actually do? They turn out to have little effect on kinematics — the actual movement of the skeleton during a run. But they can have large effects on muscles and joints, often making muscles work as much as 50 percent harder for the same movement and increasing stress on joints by a similar amount. As for “corrective” orthotics, he says, they do not correct so much as lead to a reduction in muscle strength. Advertisement Continue reading the main story In one recent review of published papers, Dr. Nigg and his colleagues analyzed studies on orthotics and injury prevention. Nearly all published studies, they report, lacked scientific rigor. For example, they did not include groups that, for comparison, did not receive orthotics. Or they discounted people who dropped out of the study, even though dropouts are often those who are not benefiting from a treatment. Being generous about studies with design flaws that could overstate effects, Dr. Nigg and his colleagues concluded that custom-made orthotics could help prevent and treat plantar fasciitis, a common injury to a tendon at the bottom of the foot, and stress fractures of the tibia, along the shin. They added, though, that the research was inadequate for them to have confidence in those conclusions. Dr. Nigg also did his own study with 240 Canadian soldiers. Half of them got inserts and the others, for comparison, did not. Those who got inserts had a choice of six different types that did different things to foot positioning. Each man chose the insert he found most comfortable and wore it for four months. The men selected five of the six inserts with equal frequency. The findings were somewhat puzzling: While the group that used inserts had about half as many injuries — defined as pain that kept them from exercising for at least half a day — there was no obvious relation between the insert a soldier chose and his biomechanics without it. That’s why Dr. Nigg says for now it is difficult to figure out which orthotic will help an individual. The only indication seems to be that a comfortable orthotic might be better than none at all, at least for the activities of people in the military. So where does this leave people like Jason Stallman, my friend and colleague at The New York Times? Jason has perfectly flat feet — no arch. He got his first pair of orthotics at 12 or 13 and has worn orthotics all the time, for walking and running ever since. About a year ago he decided to try going without them in his everyday life; he still wears them when he runs. Every medical specialist Jason has seen tried to correct his flat feet, but with little agreement on how to do it. Advertisement Continue reading the main story Every new podiatrist or orthopedist, he told me, would invariably look at his orthotics and say: “Oh, these aren’t any good. The lab I use makes much better ones. Your injury is probably linked to these poor-fitting orthotics.” So he tried different orthotic styles, different materials, different orthotics labs with every new doctor. That is a typical story, Dr. Nigg says. In fact, he adds, there is no need to “correct” a flat foot. All Jason needs to do is strengthen his foot and ankle muscles and then try running without orthotics. Dr. Nigg says he always wondered what was wrong with having flat feet. Arches, he explains, are an evolutionary remnant, needed by primates that gripped trees with their feet. “Since we don’t do that anymore, we don’t really need an arch,” he wrote in an e-mail. “Why would we? For landing — no need. For the stance phase — no need. For the takeoff phase — no need. Thus a flat foot is not something that is bad per se.” So why shouldn’t Jason — or anyone, for that matter — just go to a store and buy whatever shoe feels good, without worrying about “correcting” a perceived biomechanical defect? “That is exactly what you should do,” Dr. Nigg replied."
healthfact,14003,0,1,0.9813182,Assault rifles already are banned.
fakehealth,story_reviews_01124,0,1,0.97624457,"Alzheimer's Redefined, But Changes Mean Little For Patients Enlarge this image toggle caption Sebastien Bozon/AFP/Getty Images Sebastien Bozon/AFP/Getty Images The definition of Alzheimer's disease just got wider and deeper, but the expansion won't change how the vast majority of people are diagnosed. It also doesn't change the very limited treatment choices. But the new criteria, which were developed by the National Institute on Aging and the Alzheimer's Association, are almost guaranteed to prompt confusion, even in people who are thinking quite clearly. For research, there's a lot of value. For everyday clinical use, very very little. The guidelines say, for instance, that newly developed ""biomarker"" tests, such as assays for proteins in spinal fluid, and some specialized brain scans can be used for early diagnosis of Alzheimer's. But, the guidelines say, the tests are to be used only for research, and not for diagnosing Alzheimer's in the general public. The distinction is nothing to worry about for patients and their families. ""You don't need a biomarker test"" for everyday clinical practice, says David Knopman, a professor of neurology at the Mayo Clinic, who was co-chairman of the group that revised the dementia diagnosis. The existing tests for Alzheimer's are adequate, he says. And those biomarkers? ""It's in the fine print, but it definitely says in multiple places that the biomarkers are for research purposes."" Why? Well, the biomarker tests and PET scans aren't yet accurate enough to reliably diagnose Alzheimer's, and haven't been approved by the Food and Drug Administration. And it's also because there are no treatments that can prevent, slow or stop early signs of Alzheimer's. ""For research, there's a lot of value,"" Knopman says. ""For everyday clinical use, very very little."" About 5 million Americans have Alzheimer's. The hallmark signs are problems with thinking, learning, and memory. The current definition, created in 1984, describes Alzheimer's that way. But over the past few years there's been solid evidence that Alzheimer's starts damaging the brain years before a person starts having noticeable problems thinking. Scientists have been putting a lot of effort into trying to identify what starts the disease process, but have so far come up empty. The new definitions, which were just published online by the journal Alzheimer's & Dementia, acknowledge this dimly understood early phase of Alzheimer's. Now there are two new pre-dementia phases: mild cognitive impairment and ""preclinical Alzheimer's."" In mild cognitive impairment, a person's changes in thinking are noticeable to himself, friends, or family. They would show up on tests of memory and recall, but don't interfere with everyday activities. Alzheimer's is just one possible cause. Because there are no treatments to prevent or stop Alzheimer's, many people may not consider this diagnosis a blessing. The second new phase, preclinical Alzheimer's, is much squishier. There's no list of symptoms that a doctor can whip out to say you've got it. Rather, the goal in creating this category is to see if scientists can define when the disease starts, and track it through biomarker tests, brain imaging, or other yet-to-be-invented tests. If that happens, it might someday lead to ways to prevent Alzheimer's. But for now this category is useful only to researchers. The goal in all this, according to the Alzheimer's Association, is to increase opportunities for earlier diagnosis and treatment. The problem is that there aren't yet any reliable tools for earlier diagnosis and treatment. The new criteria are really a call for more research — and the money to fund it. That would be good for the Alzheimer's Association and the National Institute on Aging, which sponsored the work on the new criteria. And it does leave one wondering if a lot more worry will be generated by the notion of ""preclinical Alzheimer's,"" when science and medicine can't offer anything to ease those fears."
healthfact,15218,0,1,0.97053176,"Planned Parenthood is ""not actually doing women’s health issues."
fakehealth,news_reviews_00461,0,1,0.9658197,"People who have had Type 2 diabetes for up to 10 years can reverse their condition Keeping weight down means Type 2 diabetes stays reversed A new study from Newcastle University has shown that people who reverse their diabetes and then keep their weight down remain free of diabetes. In addition, the team found that even patients who have had Type 2 diabetes for up to 10 years can reverse their condition. The study, published today in Diabetes Care, is the latest research from world-renowned Professor Roy Taylor, Professor of Medicine and Metabolism at Newcastle University, who also works within Newcastle Hospitals. The research is part of a growing body of evidence showing that people with Type 2 diabetes who successfully lose weight can reverse their condition because fat is removed from their pancreas, returning insulin production to normal. Reversing diabetes A previous study led by Professor Taylor, published in 2011, showed that diabetes could be reversed by a very low calorie diet. This caused international interest, but the study was very short as it was only eight weeks and the question remained whether the diabetes would stay away. In this new study, 30 volunteers with Type 2 diabetes embarked on the same diet of 600 to 700 calories a day. Participants lost on average 14 kilograms - just over 2 stone. Over the next 6 months they did not regain any weight. The group included many people with longer duration diabetes, defined as more than 8 years and ranging up to 23 years. Overall, 12 patients who had had diabetes for less than 10 years reversed their condition. 6 months later they remained diabetes free. In fact, after 6 months a thirteenth patient had reversed their diabetes. Though the volunteers lost weight they remained overweight or obese but they had lost enough weight to remove the fat out of the pancreas and allow normal insulin production. Professor Roy Taylor said: ""What we have shown is that it is possible to reverse your diabetes, even if you have had the condition for a long time, up to around 10 years. If you have had the diagnosis for longer than that, then don't give up hope - major improvement in blood sugar control is possible. ""The study also answered the question that people often ask me - if I lose the weight and keep the weight off, will I stay free of diabetes? The simple answer is yes! ""Interestingly, even though all our volunteers remained obese or overweight, the fat did not drift back to clog up the pancreas. ""This supports our theory of a Personal Fat Threshold. If a person gains more weight than they personally can tolerate, then diabetes is triggered, but if they then lose that amount of weight then they go back to normal. ""Individuals vary in how much weight they can carry without it seeming to affect their metabolism - don't forget that 70% of severely obese people do not have diabetes. ""The bottom line is that if a person really wants to get rid of their Type 2 diabetes, they can lose weight, keep it off and return to normal. ""This is good news for people who are very motivated to get rid of their diabetes. But it is too early to regard this as suitable for everyone. That is a separate question and a major study is underway to answer this."" The study Participants in this study had Type 2 diabetes for between six months and 23 years. The team showed that Type 2 diabetes could be reversed even in people who had the condition for 10 years. The team were able to identify in advance participants who would not respond to adequate weight loss by reversing their diabetes as at the start they had almost absent insulin production from the pancreas. The study was funded by a National Institute for Health Research Biomedical Research Centre (NIHR BRC) grant. A larger trial involving 280 patients is already underway. This will examine how successfully people can reverse their diabetes through weight loss simply under the care of their family doctor and nurse. It is being funded by Diabetes UK. The research was possible through Newcastle Academic Health Partners, a collaboration involving Newcastle Upon Tyne Hospitals NHS Foundation Trust, Northumberland, Tyne and Wear NHS Foundation Trust and Newcastle University. This partnership harnesses world-class expertise to ensure patients benefit sooner from new treatments, diagnostics and prevention strategies. The diet 3 diet shakes per day and 240 grams of non-starchy vegetables taking in between 600 and 700kcal a day for 8 weeks volunteers then gradually returned to eating normal food over the next two weeks with very careful instruction on how much to eat volunteers were seen once a month and supported with an individualized weight maintenance programme over the next 6 months to keep weight steady after the weight loss, they were eating around one third less than before the study CASE STUDY: Allan Tutty, 57, from Sunderland, transformed his health by taking part in the study. He said: ""I was diagnosed with Type 2 diabetes around May 2011 during routine checks by my GP but my family and I were in disbelief because I had no physical symptoms which led me to consider I had the condition. ""While I didn't feel fat, I was fat - on the inside. I've since seen a scan of my liver and you can see the fat around it. ""I took part in the research spending eight weeks on an 800-calorie a day diet which was really tough over Christmas and New Year but I was determined to complete it. The pay-off for me - the possible reversal of my diabetes - was more than worth the effort. ""In the two months, I lost two and a half stones and my pancreas was working within normal limits. With my diabetes in remission, I haven't looked back. ""I eat normal foods though I eat less than I used to, and I enjoy takeaways and chocolate but not on a regular basis so I have maintained my lower weight, it has been a total lifestyle change. In fact, my life has changed completely thanks to this research."" ### REFERENCE: Very low calorie diet and 6 months of weight stability in Type 2 diabetes: Pathophysiologic changes in responders and non-responders. Sarah Steven, Keiren G Hollingsworth, Ahmad Al-Mrabeh, Leah Avery, Benjamin Aribisala, Muriel Caslake, Roy Taylor. Diabetes Care. Doi: 10.2337/dc15-9422 Links: Previous study: http://www. ncl. ac. uk/ press/ news/ 2015/ 10/ type2diabetes/ Very low calorie diet - the diet: http://www. ncl. ac. uk/ magres/ research/ diabetes/ reversal. htm"
fakehealth,story_reviews_00280,1,0,0.9654697,"WASHINGTON -- Bacteria live on everyone’s skin, and new research shows some friendly germs produce natural antibiotics that ward off their disease-causing cousins. Now scientists are mixing the good bugs into lotions in hopes of spreading protection. In one early test, those customized creams guarded five patients with a kind of itchy eczema against risky bacteria that were gathering on their cracked skin, researchers reported Wednesday. “It’s boosting the body’s overall immune defenses,” said Dr. Richard Gallo, dermatology chairman at the University of California, San Diego, who is leading the work. End of the road for antibiotics? We share our bodies with trillions of microbes that live on our skin, in our noses, in the gut. This community — what scientists call the microbiome — plays critical roles in whether we stay healthy or become more vulnerable to various diseases. Learning what makes a healthy microbiome is a huge field of research, and already scientists are altering gut bacteria to fight diarrhea-causing infections. Wednesday’s research sheds new light on the skin’s microbiome — suggesting that one day it may be possible to restore the right balance of good bugs to treat skin disorders, too. “It’s a really important paper,” said Dr. Emma Guttman-Yassky of the Icahn School of Medicine at Mount Sinai Hospital in New York, who wasn’t involved with the new research. “It does open a window for a potential new treatment.” Healthy skin harbors a different mix of bacteria than skin damaged by disorders such as atopic dermatitis, the most common form of eczema. Those patches of dry, red, itchy skin are at increased risk of infections, particularly from a worrisome germ known as Staphylococcus aureus. Gallo’s team took a closer look at how microbes in healthy skin might be keeping that bad staph in check. They discovered certain strains of some protective bacteria secrete two “antimicrobial peptides,” a type of natural antibiotic. In lab tests and on the surface of animal skin, those substances could selectively kill Staph aureus, and even a drug-resistant strain known as MRSA, without killing neighboring bacteria like regular antibiotics do, the team reported in the journal Science Translational Medicine. But those good bugs are rare in the skin of people with atopic dermatitis, Gallo said. “People with this type of eczema, for some reason that’s not quite known yet, have a lot of bacteria on the skin but it’s the wrong type of bacteria. They’re not producing the antimicrobials they need,” he explained. Would replenishing the good bugs help? “They’re normal skin bacteria, so we knew they would be safe,” Gallo noted. FDA fast-tracking ""unbelievable"" eczema drug His team tested five volunteers with atopic dermatitis who had Staph aureus growing on their skin’s surface — what’s called colonization — but didn’t have an infection. Researchers culled some of the rare protective bacteria from the volunteers’ skin, grew a larger supply and mixed a dose into an over-the-counter moisturizer. Volunteers had the doctored lotion slathered onto one arm and regular moisturizer on the other. A day later, much of the staph on the treated arms was killed — and in two cases, it was wiped out — compared to the untreated arms, Gallo said. “We’re encouraged that we see the Staph aureus, which we know makes the disease worse, go away,” he said. The study couldn’t address the bigger question of whether exposure to the right mix of protective bacteria might improve atopic dermatitis itself, cautioned Mount Sinai’s Guttman-Yassky. Next-step clinical trials are underway to start testing the effects of longer-term use."
fakehealth,story_reviews_01354,0,1,0.963591,"Oct. 18, 2010 -- Vitamin B12 may help protect the brain against Alzheimer's disease, according to new evidence that suggests the vitamin and an amino acid called homocysteine may both be involved in the development of Alzheimer’s. High levels of vitamin B12 in the blood are already known to help reduce levels of homocysteine, which has been linked to an increased risk of Alzheimer's disease, memory loss, and stroke. But researchers say the relationship between homocysteine and vitamin B12 levels and Alzheimer's disease risk has been unclear. The seven-year study followed 271 Finnish people ages 65 to 79 who did not have any symptoms of Alzheimer's disease at the start of the study. During the study, published in Neurology, 17 people developed Alzheimer’s disease. Researchers found that each picomolar increase in blood vitamin B12 level was associated with a 2% reduction in the risk of Alzheimer's disease among the elderly. In addition, each micromolar increase in blood homocysteine level raised the risk of Alzheimer's disease by 16%. Blood levels of folate, another nutrient believed to lower homocysteine levels, were not linked to Alzheimer's disease risk. “Our findings show the need for further research on the role of vitamin B12 as a marker for identifying people who are at increased risk of Alzheimer’s disease,” says researcher Babak Hooshmand, MD, MSc, with Karolinska Institutet in Stockholm, Sweden, in a news release. “Low levels of vitamin B12 are surprisingly common in the elderly."" ""The few studies that have investigated the usefulness of vitamin B12 supplements to reduce the risk of memory loss have had mixed results,” says Hooshmand. Common dietary sources of vitamin B12 include fish, poultry, and meat products."
healthfact,32261,0,1,0.96312183,Wikileaks documents reveal Hillary Clinton was gravely injured in a plane crash during a secret mission to Iran in 2012.
healthfact,42116,0,1,0.96142566,Roe v. Wade was passed only because Roe lied about being raped.
healthfact,2666,1,0,0.95738584,Human virus linked to mountain gorilla deaths.
healthfact,5259,1,0,0.95590943,Data suggests opioid-related overdose deaths in Alaska down.
healthfact,21649,0,1,0.9557051,"Under last year’s health care reform, ""a bunch of bureaucrats decide whether you get care, such as continuing on dialysis or cancer chemotherapy."
healthfact,6498,1,0,0.95538944,Critics gear up for response to lease sale in Arctic refuge.
healthfact,5836,1,0,0.9548019,Clark County ranks first in nation in syphilis rates.
fakehealth,news_reviews_00228,1,0,0.95394176,"CLEVELAND, Ohio (May 17, 2017)--Fennel, an anise-flavored herb used for cooking, has long been known for its health benefits for a variety of issues, including digestion and premenstrual symptoms. A new study confirms that it is also effective in the management of postmenopause symptoms such as hot flashes, sleeplessness, vaginal dryness, and anxiety, without serious side effects. The study outcomes are published online today in Menopause, the journal of The North American Menopause Society (NAMS). The use of complementary and alternative medicine for the management of menopause symptoms has surged in recent years as women have attempted to identify alternatives to hormone therapy (HT). Although HT is the most effective treatment for managing most menopause symptoms, some women have turned to herbal medicine because they are either not candidates for HT or are concerned about the negative publicity surrounding potential side effects. Fennel, an herb containing essential oils, has phytoestrogenic properties. Phytoestrogens are estrogen-like chemicals in plants that have been used to effectively treat a wide array of menopause symptoms. In this small trial of 79 Iranian women aged 45 to 60 years, soft capsules containing 100 mg of fennel were administered twice daily for eight weeks. Improvements were compared between the intervention and placebo groups at four, eight, and 10 weeks, with a significant statistical difference documented. In the end, fennel was concluded to be a safe and effective treatment to reduce menopause symptoms without serious side effects. The study described in the article ""Effect of Foeniculum vulgare Mill. (fennel) on menopausal symptoms in postmenopausal women: a randomized, triple-blind, placebo-controlled trial"" is one of the first clinical studies to examine the benefits of fennel for managing menopause symptoms, even though it had been previously studied and confirmed to manage premenopause symptoms. The study was completed in Tehran, Iran, where the average age of women at menopause is younger than in the United States: 48.2 years versus 51 years, respectively. Some of the most common adverse effects of menopause are hot flashes, vaginal dryness, sleep problems, joint and muscular discomfort, exhaustion, irritability, anxiety, and depression. ""This small pilot study found that, on the basis of a menopause-rating scale, twice-daily consumption of fennel as a phytoestrogen improved menopause symptoms compared with an unusual minimal effect of placebo,"" says Dr. JoAnn Pinkerton, executive director of NAMS. ""A larger, longer, randomized study is still needed to help determine its long-term benefits and side effect profile."" ###"
fakehealth,story_reviews_01316,0,1,0.9528951,"A complex and expensive pacemaker-defibrillator can significantly improve the chance for survival among the tens of thousands of heart-failure patients with only mild symptoms, according to a major, multiyear clinical study. The research, regarded as likely to change medical practice, showed that the device to ""resynchronize"" the hearts of such patients lowered the death rate by 29% in such patients over 40 months, compared to those who had a standard defibrillator implanted. View Full Image Bloomberg News Medtronic, Boston Scientific and St. Jude Medical make the devices. Above, Medtronic offices in Minneapolis. The study, presented in Chicago at the American Heart Association meeting, was in part sponsored by device maker Medtronic Inc. of Minneapolis. But it would appear to apply to such devices also made by competitors Boston Scientific Corp. and St. Jude Medical Inc. The study's findings ""are indeed breathtaking,"" said prominent cardiologist Arthur J. Moss of the University of Rochester, in an editorial published online Sunday in the New England Journal of Medicine. The New England Journal also is publishing the study, which included 1,798 patients in Canada, Europe and Turkey. While apparently definitive, the study raised questions about who will be willing to pay for such devices. The devices cost up to $35,000, versus the roughly $25,000 cost of a standard defibrillator. Hospital and doctor fees can raise the total cost over $50,000. ""How is this going to get funded, and who's going to pay for it?"" asked Eric J. Topol, cardiologist and chief academic officer at Scripps Health in LaJolla, Calif. However, he noted that the reduced rate of hospitalizations in the study ""may actually present a net reduction in costs from a societal standpoint."" The research could provide a boost for the heart-rhythm device business, whose sales have flattened in recent years, although the increased cost is one factor that might limit such a sales increase. Another consideration Dr. Topol mentioned is an increase in immediate ""adverse events"" noted in the research, such as the dislodgement of the wire, or ""lead,"" connecting to the heart. Overall in this study, mild-to-moderate-symptom patients had a 25% relative reduction in death or heart-failure hospitalization with the pacemaker-defibrillators, compared with a standard defibrillator. (This was also a 7.1 percentage point ""absolute"" reduction in death and hospitalization—33.2% compared with 40.3%.) But it was the 29% reduction in deaths among the mild-symptom patients that many cardiologists focused on. Heart-failure specialists said the improvement appears to stem from a phenomenon called remodeling. This means that the device actually makes the otherwise-enlarged and weakened heart smaller and stronger. William T. Abraham, chief of cardiology at Ohio State University, said that with the lowered death rate, the devices will gain increased adoption despite the cost. ""There will be no way to keep the floodgates closed,"" he said. Dr. Abraham headed Medtronic's first study of such devices a decade ago. It's estimated that 22 million people world-wide have heart failure, a reduced pumping capacity of the heart that can lead to severe shortness of breath and frequent hospitalization. Of these, six million are in the U.S., and the cost of the disease in this country is about $40 billion. One reason for the high cost is that such patients can quickly wind up in the emergency room and hospitalized after a slight change in diet leads to fluid buildup in the lungs. Patients with reduced heart capacity tend to have fluid build up in their bodies. The complex pacemaker-defibrillator causes the heart's chambers to beat in a more coordinated fashion. Like a standard defibrillator, it can also ""defibrillate"" the heart, or administer a sharp shock to stop a lethal heart rhythm. Just over a month ago, Boston Scientific won federal approval to treat mild-symptom heart-failure patients with such devices. Medtronic is seeking such approval, but already sells it for more severe heart failure patients. But the study showed an increase in the number of device- or implantation-related complications within 30 days of implant: 118 among 888 patients with the new device, compared to 61 of 898 in the standard defibrillator group. The study's lead author, Dr. Anthony S.L. Tang of the University of Ottawa and the University of British Columbia, explained this is partly because there are more wires, or ""leads,"" in the body with the more complex device than with a standard defibrillator. Write to Thomas M. Burton at tom.burton@wsj.com and Jennifer Corbett Dooren at jennifer.corbett-dooren@dowjones.com"
healthfact,1646,1,0,0.95287085,"Recipe winners dine on brussels sprouts, smoothies at White House."
healthfact,3108,1,0,0.95277786,Malaysia vaccinating for polio after first case in 27 years .
healthfact,4088,1,0,0.9524848,Utah investigates 21 cases of lung disease linked to vaping.
healthfact,33675,0,1,0.9522877,Muslim girls buried alive by their father are fed and comforted by Jesus until rescuers come for them.
healthfact,38035,0,1,0.9507245,A meme claiming that tilapia is a “mutant” fish that’s unsafe to eat combines a number of long-running warnings about the fish.
fakehealth,story_reviews_01099,1,0,0.95071834,"NEW YORK (Reuters Health) - U.S. researchers say they have found clear signs that blood clots in the lungs are being overdiagnosed, exposing patients to potentially dangerous side effects from unnecessary drugs. Using national data, the researchers found the rate of so-called pulmonary embolisms, or PEs, nearly doubled with the introduction of a new powerful diagnostic test more than a decade ago. Yet there was only a slight drop in deaths from the condition over the same period, suggesting many of the clots were too small to cause harm. “Rather than an epidemic of disease, we think the increased incidence of PE reflects an epidemic of diagnostic testing that has created overdiagnosis,” the researchers write in the Archives of Internal Medicine. It’s been estimated that more than 600,000 Americans have a pulmonary embolism each year. The condition usually occurs when a blood clot travels from the legs to the lungs, sometimes with fatal results. But with increasingly sophisticated tools, doctors may be spotting clots that would never have been fatal in the first place. One such tool is called a CT chest scan, which produces detailed images with high-dose x-rays and is being used in millions of patients every year in the U.S. In the years before 1998, when the technique was introduced, 62 per 100,000 Americans were diagnosed with a pulmonary embolism annually. After 1998, that number rose to 112 per 100,000. The number of deaths caused by the condition dropped only little, however: from 12.3 per 100,000 in 1998 to 11.9 per 100,000 in 2006. “This is consistent with overdiagnosis of pulmonary embolisms that may have caused very little harm, may not have caused death,” said Dr. Renda Soylemez Wiener of Boston University, who worked on the study. On the other hand, the blood-thinning drugs used to treat blood clots increase the risk of bleeding in the brain or gastrointestinal tract, for example. According to the new results, such complications rose from three to five per 100,000 people hospitalized with PE per year after doctors began using chest CT scans. The new findings add to other evidence showing that medical testing is on the rise across the U.S., although in many cases the impact on overall health remains unclear. CT scans expose patients to radiation, for example, which can increase the likelihood of developing cancer. And the dyes used to enhance the scan also cause kidney damage in a significant portion of people. “I think doctors should think carefully about the pretest probability of a pulmonary embolism before they order this test,” Wiener told Reuters Health. Yet there is no easy solution at this point, because untreated blood clots can be fatal, she added. “Right now, it is a difficult place for the patient to be in,” Wiener said. SOURCE: bit.ly/mmZK9K Archives of Internal Medicine, online May 9, 2011."
fakehealth,story_reviews_01035,0,1,0.94915295,"NEW YORK (Reuters Health) - The inexpensive tests that look for hidden blood in a person’s stool are effective for colon cancer screening, a study out Tuesday confirms. The findings, reported in the Canadian Medical Association Journal, give some extra weight to fecal occult blood testing (FOBT) as a valid option for early detection of colon cancer. Experts generally recommend that people at average risk of colon cancer start screening tests for the disease at age 50. And they can pick from a number of tests that have all been found to cut the risk of dying from colon cancer. Along with stool tests — done once a year at home — the choices include two invasive procedures: colonoscopy done every 10 years and flexible sigmoidoscopy done every five years. The U.S. Preventive Services Task Force, a federally supported expert panel, recommends that people at average risk of colon cancer choose any of the three methods. FOBT detects hidden blood in the stool, which can be a sign of colon cancer or pre-cancerous growths called polyps. Positive results on the screen prompt a follow-up colonoscopy to investigate the source of the blood. Advances in the stool tests in recent years have made them more effective. A newer version called immunochemical FOBT (iFOBT) is supposed to zero in on colon growths better than an older version known as guaiac FOBT — which often picked up bleeding originating in the upper digestive tract, such as from a stomach ulcer. Immunochemical FOBT is now largely replacing the older test. But there’s been surprisingly little evidence that it really is highly “specific” to colon cancer, according to Dr. Yi-Chia Lee of National Taiwan University Hospital, one of the researchers on the new study. So for their study, the researchers followed nearly 2,800 adults who all volunteered to have iFOBT, a colonoscopy and an upper endoscopy to check for problems in the upper digestive tract. They found that of 28 people confirmed to have colon tumors after a colonoscopy, all but one had also a positive iFOBT result. “It means that almost every case with colon cancer can be identified by iFOBT,” Lee told Reuters Health in an email. “It is a strong support to iFOBT as an effective screening tool.” The researchers also found that iFOBT had “specificity” for colon cancer of close to 90 percent, meaning the test would accurately give a negative result to almost 90 percent of people who did not have colon cancer. Of three study participants who were found to have cancers of the stomach or esophagus, for instance, none had a positive result on the iFOBT test. Like any screening test, iFOBT does have a risk of false-positive results, which leads to unnecessary invasive testing in some people. In this study, about 10 percent of all participants had a false-positive finding on the stool test. Among the risk factors for false-positives the authors identified were the use of anticlotting drugs and low levels of the iron-rich molecule hemoglobin in the blood. In practice, a positive iFOBT result would be followed by colonoscopy, in which a scope is used to investigate the interior of the colon. Whether used for first-line screening or as a follow-up, colonoscopy has the advantage of allowing doctors to spot and remove pre-cancerous growths called polyps — which means the test can prevent cases of colon cancer. But as far as cutting the risk of death from colon cancer, stool testing is similarly effective, according to the U.S. Preventive Services Task Force. And it’s much cheaper: iFOBT is more expensive than the older stool tests, but it is still roughly $30. A screening colonoscopy averages around $3,000. The downside of iFOBT being specific to colon tumors is that it is not useful for catching cancers of the stomach or throat. That’s particularly important in Asia, where those cancers are common. Lee said researchers there are looking into whether combining iFOBT with the older guaiac test is useful for catching cancers in the lower and upper digestive tract — and whether adding a third stool test, which looks for the ulcer-causing bacteria H. pylori, can help as well. Infection with H. pylori is associated with increased risks of stomach and throat cancers. In the U.S., cancers of the upper digestive tract are relatively uncommon. The average American has a one in 200 chance of developing esophageal cancer, while the risk of stomach cancer is one in 114. In contrast, Americans’ lifetime risk of colon cancer is about one in 19, according to the American Cancer Society. More than 50,000 Americans died of the disease in 2010. SOURCE: bit.ly/mUOj1 Canadian Medical Association Journal, online August 2, 2011."
healthfact,10944,1,0,0.9486825,Early breast cancers may need less lymph node surgery
healthfact,2923,1,0,0.94849926,Most U.S. doctors fail to discuss alcohol with patients: study.
healthfact,26274,0,1,0.9480987,"“If you look at the one (hydroxychloroquine) survey, the only bad survey, they were giving it to people that were in very bad shape. They were very old. Almost dead.”"
healthfact,37492,0,1,0.94793737,"Using the ""African method"" of sitting over a steaming cooking pot can help you avoid contracting COVID-19."
fakehealth,story_reviews_00588,1,0,0.94779336,"If mass mammography screening for breast cancer worked well, fewer women would die from the disease. And yet, a new study published in JAMA Internal Medicine has found something that may seem counterintuitive: More breast cancer screening didn't actually save lives. Screening did however lead to more ""overdiagnosis,"" detecting cancers that would not have been fatal or even harmful. The research, led by Richard Wilson of Harvard University, revealed that in more than 500 US counties, mammography screening programs were linked with more diagnoses of smaller breast cancers — but not with fewer deaths or with fewer larger breast cancers (which theoretically would be prevented by finding the disease early through screening). You can see this clearly in the chart below: The number of diagnosed breast cancers rose with more screening, yet the number of deaths from breast cancer 10 years later remained stubbornly stable. To be clear: Mass screening is different from using technologies like ultrasounds to diagnose people at risk of a disease or who have symptoms that require investigation. And not all mass screening programs are bad. Colorectal cancer screening, for example, has been shown to save lives as a result of early detection, and the Pap test transformed cervical cancer into a treatable disease. But this isn't the first study to call into question the benefits of mammography and whether women are too often the victims of overdiagnosis. The trouble with overdiagnosis is that while the cancers doctors find wouldn't have harmed their patients, the treatment and stress that result from the diagnosis probably will. We have to find a better way to screen women for breast cancer The medical community has known about overdiagnosis and overtreatment for years, documenting the problem in a range of cancers — in breast, prostate, lung, and thyroid (which you can see in the chart above). This raises a tough question: What should the medical community do about overdiagnosis? In a related commentary in the journal, a pair of doctors from the University of Washington School of Medicine note that the estimates of overdiagnosis of breast cancer are ""frustratingly broad"" — from less than 10 percent to 50 percent or more of women who get screened. In other words, we don't actually know how bad the problem is. ""Sadly,"" they write, ""we are left in a conundrum. Women will increasingly approach their physicians with questions and concerns about overdiagnosis, and we have no clear answers to provide."" The authors of the newest study don't advocate no screening. Instead, they note that the benefits of screening will probably be more favorable when screening is directed at people with a high risk of the disease — such as those with a family history of breast cancer. The US Preventive Services Task Force, which analyzes the best available evidence to create guidelines for doctors, now recommends biennial mammography screening for the general population in women ages 50 to 74. For women under 50 and over 75 — who aren't at a high risk of breast cancer — the benefits of mass screening are less clear. There are small things doctors can do that still don't happen often enough. For example, most women aren't told about the potential downsides of mammography screening — even though they're almost always briefed on the benefits. For now, it's up to patients to talk to their doctors about their particular risk profiles and how to screen accordingly. We also need to remember that in medicine, more often than not, we generally overestimate the benefits and underestimate the harms. WATCH: The naked mole rat might help us cure cancer"
healthfact,12156,1,0,0.94727457,"I think what the authors of the (25th) Amendment principally had in mind was some kind of physical incapacitation or serious mental illness or a breakdown, an inability to function in office."
healthfact,35340,0,1,0.9440669,"When U.S. President Donald Trump was asked what he'd say to people who lost family members to COVID-19, he replied, ""I would say this didn't hurt anyone as much as it hurt me."
healthfact,27491,1,0,0.944015,Cleveland Browns running back Isaiah Crowell once posted to his Instagram profile an artist's rendering of a hooded man cutting the throat of a police officer.
healthfact,8733,1,0,0.9434146,Japan defends cautious approach on coronavirus testing amid concerns.
healthfact,2132,1,0,0.9433409,"Routine ""recess"" a hit at White House obesity summit."
healthfact,8900,1,0,0.9418589,Tests of New AIDS Gel Show Promise for Women.
fakehealth,news_reviews_00405,1,0,0.94182223,"EAST HANOVER, N.J., June 22, 2016 /PRNewswire/ -- A new analysis published today in JAMA Cardiology has found that timely and broad adoption of Entresto® (sacubitril/valsartan) by all eligible heart failure patients with reduced ejection fraction (HFrEF) could prevent or postpone more than 28,000 deaths each year in the US alone.1 This analysis, based on an application of the results of PARADIGM-HF to published heart failure statistics, is the first to quantify the possible impact of Entresto's potential benefit in reducing death.1 Heart failure is a chronic condition that contributes to more than 300,000 deaths in the US every year.4 About half of people with heart failure have HFrEF.5 This new analysis estimates that as many as 28,484 deaths in HFrEF patients annually could be prevented or postponed with optimal use of Entresto (with sensitivity analyses demonstrating a range of 18,230 to 41,017).1 Further, the study suggests that delaying routine use of Entresto in clinical practice could have a substantial negative effect on patients, given the expected risk-benefit profile, as it could result in failure to prevent tens of thousands of deaths.1 These findings demonstrate the significant survival benefits Entresto could offer to those living with HFrEF, if patients in the group defined by the authors were given access to treatment.1 The study authors stated that nearly 84% of HFrEF patients – 2.2 million people – may be candidates for treatment with Entresto.1 Heart failure is a life-threatening condition and despite available medicines, about half of patients diagnosed with heart failure die within 5 years.4,6,7 According to the study authors, these findings may substantially impact the national health of the HFrEF population, offering significant clinical benefit in preventing or postponing death when applied in clinical practice.1 ""This expert analysis adds to the already compelling case for the treatment of heart failure patients with reduced ejection fraction with Entresto,"" said Fabrice Chouraqui, president of Novartis Pharmaceuticals Corporation. ""In addition to survival benefits, the study also recognizes other treatment effects of Entresto, particularly in reducing HF hospitalizations.1 Coupled with the recent Class I recommendation, the strongest endorsement, in the focused update to the US HF Guideline,2 these findings underscore the potential of Entresto as a standard therapy for chronic HFrEF patients."" In a separate analysis published in the same issue of JAMA Cardiology, researchers used data from the PARADIGM-HF trial to model the health consequences and cost-effectiveness of Entresto over a 30-year time period.3 They compared Entresto to the ACE-inhibitor enalapril and found Entresto was associated with more than a year longer average survival time, and that it was cost-effective compared to enalapril when these medications were used with other standard of care therapies.3 For every 1,000 patients treated with Entresto vs. enalapril, potentially 59.7 HF hospital admissions could be averted per each year alive in the model.3 In addition, Entresto increased life expectancy at an incremental cost-effectiveness ratio consistent with other high-value widely accepted cardiovascular interventions such as implantable cardioverter defibrillators (ICDs) and cholesterol-lowering statins before they became generic.3 About Heart Failure Heart failure is a debilitating and life-threatening condition, which impacts nearly 6 million Americans and is the leading cause of hospitalization among Americans over the age of 65.4,8 About half of people with heart failure have heart failure with reduced ejection fraction (HFrEF).5 Reduced ejection fraction means the heart does not contract with enough force, so less blood is pumped out.9 Heart failure presents a major and growing health-economic burden that currently exceeds $30 billion in the United States, which accounts for both direct and indirect costs.10 About Entresto Entresto is a twice-a-day medicine that reduces the strain on the failing heart. It does this by enhancing the protective neurohormonal systems (Natriuretic Peptide system) while simultaneously inhibiting the harmful effects of the overactive renin-angiotensin-aldosterone system (RAAS).11 Other heart failure medicines only block the harmful effects of the overactive RAAS.12 Entresto contains the neprilysin inhibitor sacubitril, and the angiotensin receptor blocker (ARB) valsartan.11 Entresto is indicated in the US to reduce the risk of cardiovascular death and hospitalization for heart failure in patients with chronic heart failure (NYHA Class II-IV) and reduced ejection fraction.11 Entresto is usually administered in conjunction with other heart failure therapies, in place of an Angiotensin Converting Enzyme (ACE) inhibitor or an angiotensin II receptor blocker (ARB).11 Entresto film-coated tablets are available in three dosage strengths: 24/26 mg, 49/51 mg, and 97/103 mg (sacubitril/valsartan).11 These doses are referred to as 50 mg, 100 mg, and 200 mg in the clinical trial literature including the New England Journal of Medicine publication of the results of PARADIGM-HF. The target treatment dose of Entresto is 97/103 mg twice daily.11 Novartis is committed to providing patients with affordable access and resources through Entresto Central. For more information, please call 1-888-ENTRESTO or visit www.entresto.com. Please visit http://www.pharma.us.novartis.com/product/pi/pdf/entresto.pdf for Entresto full Prescribing Information. IMPORTANT SAFETY INFORMATION Entresto can harm or cause death to an unborn baby. Patients should talk to their doctor about other ways to treat heart failure if they plan to become pregnant. If a patient gets pregnant while taking Entresto, she should tell her doctor right away. Patients are not to take Entresto if they are allergic to sacubitril or valsartan or any of the ingredients in Entresto; have had an allergic reaction including swelling of the face, lips, tongue, throat or trouble breathing while taking a type of medicine called angiotensin-converting enzyme (ACE) inhibitor or angiotensin II receptor blocker (ARB); or take an ACE inhibitor medicine. Patients are not to take Entresto for at least 36 hours before or after they take an ACE inhibitor medicine. Patients should talk with their doctor or pharmacist before taking Entresto if they are not sure if they take an ACE inhibitor medicine. Patients are not to take Entresto if they have diabetes and take a medicine that contains aliskiren. Before they take Entresto, patients should tell their doctor about all of their medical conditions, including if they have kidney or liver problems; are pregnant or plan to become pregnant; are breastfeeding or plan to breastfeed. Patients should either take Entresto or breastfeed. They should not do both. Patients should tell their doctor about all the medicines they take, including prescription and over-the-counter medicines, vitamins, and herbal supplements. They should especially tell their doctor if they take potassium supplements or a salt substitute; nonsteroidal anti-inflammatory drugs (NSAIDs); lithium; or other medicines for high blood pressure or heart problems such as an ACE inhibitor, ARB, or aliskiren. Entresto may cause serious side effects including serious allergic reactions causing swelling of the face, lips, tongue, and throat (angioedema) that may cause trouble breathing and death. Patients are to get emergency medical help right away if they have symptoms of angioedema or trouble breathing. Patients are not to take Entresto again if they have had angioedema while taking Entresto. People who are black or who have had angioedema may have a higher risk of having angioedema if they take Entresto. Entresto may cause low blood pressure (hypotension). Patients are to call their doctor if they become dizzy or lightheaded, or they develop extreme fatigue. Entresto may cause kidney problems or an increased amount of potassium in the blood. The most common side effects were low blood pressure, high potassium, cough, dizziness, and kidney problems. Please see full Prescribing Information, including Boxed WARNING available at http://www.pharma.us.novartis.com/product/pi/pdf/entresto.pdf. Patients are encouraged to report negative side effects of prescription drugs to the FDA. Visit www.fda.gov/medwatch, or call 1-800-FDA-1088. Disclaimer The foregoing release contains forward-looking statements that can be identified by words such as ""could,"" ""potential,"" ""call for,"" ""accelerate,"" ""possible,"" ""suggests,"" ""expected,"" ""may,"" ""compelling,"" ""endorsement,"" ""potentially,"" ""growing,"" ""committed,"" or similar terms, or by express or implied discussions regarding potential new indications or labeling for Entresto, or regarding potential future revenues from Entresto. You should not place undue reliance on these statements. Such forward-looking statements are based on the current beliefs and expectations of management regarding future events, and are subject to significant known and unknown risks and uncertainties. Should one or more of these risks or uncertainties materialize, or should underlying assumptions prove incorrect, actual results may vary materially from those set forth in the forward-looking statements. There can be no guarantee that Entresto will be submitted or approved for any additional indications or labeling in any market, or at any particular time. Nor can there be any guarantee that Entresto will be commercially successful in the future. In particular, management's expectations regarding Entresto could be affected by, among other things, the uncertainties inherent in research and development, including unexpected clinical trial results and additional analysis of existing clinical data; unexpected regulatory actions or delays or government regulation generally; the company's ability to obtain or maintain proprietary intellectual property protection; general economic and industry conditions; global trends toward health care cost containment, including ongoing pricing pressures; unexpected safety, quality or manufacturing issues, and other risks and factors referred to in Novartis AG's current Form 20-F on file with the US Securities and Exchange Commission. Novartis is providing the information in this press release as of this date and does not undertake any obligation to update any forward-looking statements contained in this press release as a result of new information, future events or otherwise. About Novartis Novartis Pharmaceuticals Corporation researches, develops, manufactures and markets innovative medicines aimed at improving patients' lives. We offer a broad range of medicines for cancer, cardiovascular disease, endocrine disease, inflammatory disease, infectious disease, neurological disease, organ transplantation, respiratory disease, eye and ear care and skin conditions. The company's mission is to improve people's lives by pioneering novel healthcare solutions. Located in East Hanover, NJ Novartis Pharmaceuticals Corporation is an affiliate of Novartis AG, which provides innovative healthcare solutions that address the evolving needs of patients and societies. Headquartered in Basel, Switzerland, Novartis offers a diversified portfolio to best meet these needs: innovative medicines, eye care and cost-saving generic pharmaceuticals. Novartis is the only global company with leading positions in these areas. In 2015, the Group achieved net sales of USD 49.4 billion, while R&D throughout the Group amounted to approximately USD 8.9 billion (USD 8.7 billion excluding impairment and amortization charges). Novartis Group companies employ approximately 118,000 full-time-equivalent associates. Novartis products are available in more than 180 countries around the world. For more information, please visit http://www.novartis.com Novartis is on Twitter. Sign up to follow @Novartis at http://twitter.com/novartis. References Fonarow GC, Hernandez AF, Solomon SD, et al. Potential Mortality Reduction with Optimal Implementation of Angiotensin Receptor Neprilysin Inhibitor Therapy in Heart Failure. JAMA Cardiol. 2016;1(6):1-4. doi:10.1001/jamacardio.2016.1724 Yancy CW, Jessup M, Bozkurt B, Butler J, Casey Jr DE, Colvin MM, Drazner, MH, Filippatos G, Fonarow GC, Givertz MM, Hollenberg SM, Lindenfeld J, Masoudi FA, McBride, PE, Peterson PN, Stevenson LW, Westlake C, 2016 ACC/AHA/HFSA Focused Update on New Pharmacological Therapy for Heart Failure: An Update of the 2013 ACCF/AHA Guideline for the Management of Heart Failure, Journal of the American College of Cardiology (2016), doi: 10.1016/j.jacc.2016.05.011. Gaziano TA, Fonarow GC, et al. Cost-Effectiveness Analysis of Sacubitril/Valsartan versus Enalapril in Heart Failure Patients with Reduced Ejection Fraction in the United States . JAMA Cardiol. 2016;1(6):1-7. doi:10.1001/jamacardio.2016.1747 Mozaffarian D, Benjamin EJ, Go AS, et al. Heart Disease and Stroke Statistics—2016 Update: A report from the American Heart Association. Circulation. 2015;133;e38-e360. doi: 10.1161/CIR.0000000000000350. Owan TE, Hodge DO, Herges RM, et al. Trends in prevalence and outcome of heart failure with preserved ejection fraction. N Engl J Med. 2006;355:251–259. Roger VL, Weston SA, Redfield MM, et al. Trends in heart failure incidence and survival community-based population. JAMA. 2004;292:344-350 Levy D, Kenchaiah S, Larson MG, et al. Long term trends in the incidence and survival with heart failure. N Engl J Med. 2002;347(18):1397-1422. Weir LM, Pfuntner A, Maeda J, et al. HCUP facts and figures: statistics on hospital-based care in the United States , 2009. Rockville, MD : Agency for Healthcare Research and Quality, 2011. Ejection Fraction Heart Failure Measurement. American Heart Association Website.http://www.heart.org/HEARTORG/Conditions/HeartFailure/SymptomsDiagnosisofHeartFailure/Ejection-Fraction-Heart-Failure-Measurement_UCM_306339_Article.jsp. Published March 24, 2015 . Accessed March 10, 2016 . Heidenreich PA, Albert NM, Allen LA , et al. Forecasting the impact of heart failure in the United States : a policy statement from the American Heart Association. Circ Heart Fail. 2013;6:606-619. Entresto Prescribing Information. Yancy CW, Jessup M, Bozkurt B, et al. 2013 ACCF/AHA guideline for the management of heart failure: A report of the American College of Cardiology Foundation/American Heart Association task force on practice guidelines. Circulation. 2013;128:e240-e327. For Novartis multimedia content, please visit www.thenewsmarket.com/Novartis. For questions about the site or required registration, please contact: journalisthelp@thenewsmarket.com. SOURCE Novartis Pharmaceuticals Corporation Related Links http://www.novartis.com"
healthfact,36020,1,0,0.9398419,"South Dakota launched a campaign against methamphetamine addiction with the tagline ""Meth. We're On It."
healthfact,30552,0,1,0.93786657,"ABC fired Joy Behar from her job co-hosting ""The View"" after she made comments about Vice President Mike Pence's religious beliefs."
healthfact,4596,1,0,0.9368084,New Mexico land boss concerned about border wall work.
healthfact,7874,1,0,0.9338042,"In Yemen, world's worst cholera outbreak traced to eastern Africa."
healthfact,10777,1,0,0.93343574,Trial Shows Cystic Fibrosis Drug Helped Ease Breathing
healthfact,5748,1,0,0.93118054,Tougher vaccine rules move forward in California.
healthfact,7961,1,0,0.9306252,"Canada faces 'critical week' in coronavirus crisis, death toll jumps."
fakehealth,story_reviews_01081,1,0,0.92983234,"Autism spectrum disorders , marked by impaired language, repetitive behaviors, and social difficulties, now affect up to one in 110 children, according to the CDC. The research needs to be duplicated, Hertz-Picciotto tells WebMD. Still, she says, the finding points to a gene-environment interaction that may possibly help explain some cases of autism. Taking prenatal vitamins was found even more protective for mothers and children who had a high-risk genetic makeup . ""It appears that women who reported taking prenatal vitamins starting three months prior to conception and through the first month after conception seem to have a reduced chance their child will develop autism ,"" says study researcher Irva Hertz-Picciotto, PhD, professor of epidemiology and environmental health at the MIND Institute and Department of Public Health, University of California, Davis. June 1, 2011 -- Taking prenatal vitamins may reduce the risk of having a child with autism , new research shows. Prenatal Vitamins and Autism Risk The researchers looked at three groups of children, all aged 2 to 5. All were enrolled in the CHARGE study (CHildhood Autism Risks from Genetics and Environment) from 2003 to 2009. The groups included: 288 children with autism 141 with autism spectrum disorder 278 children with typical development Mothers reported their use of prenatal vitamins or other supplements before, during, and after pregnancy. The researchers collected blood from all family members to evaluate their genetic makeup. They focused on genes known to play a role in folate metabolism. These genes include MTHFR and COMT as well as others. Folate and other B vitamins are crucial to brain development. Overall, Hertz-Picciotto says, ""For the women who didn't take prenatal vitamins, there was about a 60% higher risk of having a child with autism."" The risk rose if the mothers or the children had a high-risk gene form. The mothers with the high-risk form of MTHFR had a 4.5 times higher chance of a child developing autism, she says, than mothers without this high-risk form who did take the prenatal vitamins. Children who had the high-risk COMT gene form were seven times as likely to have autism as children without it whose mothers did take the vitamins. ""Overall, it does look like there are at least a couple of genes here, either the mother's genotype or the child's genotype, that show this interaction ... magnifying the size of the effect from not taking the vitamins,"" Hertz-Picciotto says. Exactly why the prenatal vitamins may protect against autism is not clear, she says. It may be that the vitamins contribute to high levels of folate."
fakehealth,story_reviews_00504,1,0,0.92849267,"Photo For years, research has shown that babies born by cesarean section are more likely to develop health problems. Now, a groundbreaking study suggests that not all C-sections are equally risky. The research looked at all full-term, firstborn births in Scotland over a 15-year period and tracked the babies’ long-term health. It is one of the largest and longest studies to explore how planned C-sections differ from other deliveries. Surprisingly, the data showed more health problems among babies born by planned C-section than among those delivered by emergency C-section or vaginal birth, even though the planned surgery is done under more controlled conditions. The finding suggests that the arduous experience of labor — that exhausting, sweaty, utterly unpredictable yet often strangely exhilarating process — may give children a healthy start, even when it’s interrupted by a surgical birth. The new findings, published in JAMA this month, are important because the number of babies born by C-section has increased tremendously. In the United States, nearly one in three babies are born by C-section. Cesarean births that had no medical indication increased, to 5.5 percent of low-risk women in 2001, up from 3.3 percent of such women in 1991. Dr. Mairead Black, the University of Aberdeen obstetrician who led the study, said that as cesarean births had increased in Scotland and worldwide, the researchers wondered what, if anything, children born by C-section “are missing out on.” “Our thinking was: If a baby is born naturally, it comes into contact with bacteria from the mother, which might help with immune system development,” Dr. Black said. Even attempted labor may provide some exposure to bacteria, she said. But babies delivered by a planned C-section, which is usually scheduled to take place well before the first pang of labor, may miss out entirely. “When you don’t wait for labor to begin on its own, you cut short all kinds of physiological changes and preparations for birth that are taking place toward the end of pregnancy,” said Carol Sakala, the director of the nonprofit Childbirth Connection programs at the National Partnership for Women & Families. “What is the effect of cutting off those processes so casually on such a large scale?” Studies have consistently found that children born by C-section are at higher risk for health problems like obesity and allergies. C-section birth has also been associated with a higher risk for Type 1 diabetes. The Scottish study took advantage of the small country’s rich trove of linked birth and medical databases to track the long-term health of 321,287 babies. Nearly 4 percent were born by planned C-section and 17 percent were delivered by emergency surgery. The remaining 252,917 were vaginal births. The researchers compared a range of health outcomes among the babies, including asthma, irritable bowel syndrome, obesity, Type 1 diabetes, early death and cancer. Over all, the differences between a scheduled C-section and an emergency C-section were slight. However, the data do begin to shed light on why babies born through vaginal birth may have fewer health risks than babies born by C-section. The biggest difference between babies born by scheduled and unscheduled C-section appeared in risk for Type 1 diabetes. The results showed that babies born by planned C-section had a 35 percent higher risk of Type 1 diabetes compared with babies born by emergency C-section, after adjusting for differences among the mothers. All of the babies born by C-section were slightly more likely to use an asthma inhaler at age 5: 10.3 percent of planned C-section babies and 10.19 percent of unscheduled C-section babies wound up using an inhaler, compared with 9.6 percent of vaginally born babies. Asthma hospitalization rates were also higher for babies born by planned C-section with a statistically significant increase of 22 percent over vaginally born babies. Although all of the C-section babies were more likely to be obese at age 5, the differences were not statistically significant after adjusting for differences among the mothers. There were no significant differences in cancer and irritable bowel disease among any of the types of births. No one knows exactly why labor may be protective, but the spontaneous onset of labor prompts fluid to clear from a baby’s lungs, said Dr. Aaron Caughey, who helped draw up 2014 guidelines for the American College of Obstetricians and Gynecologists that urged providers to let women spend more time in labor and avoid an unnecessary C-section. The step is just one of a cascade of physiological changes that take place in mother and baby during the labor process, including surges in stress hormones and reproductive hormones like oxytocin that may help the fetus adapt during labor, preserve blood flow to the organs, and keep the baby alert and prepared for breast-feeding. During labor, a newborn absorbs maternal microbes into its mouth and gastrointestinal tract, said Dr. Josef Neu, a neonatologist at the University of Florida who has written about C-section babies and the hygiene hypothesis. The theory is that maternal microbes “train” the infant’s immune system, so it doesn’t overreact or become destructive and precipitate autoimmune disorders like Type 1 diabetes. “It’s an education process that says, ‘Calm down, you’re going to be seeing this antigen again, you don’t have to be so aggressive,’” Dr. Neu said. Dr. Neu said the broad-spectrum antibiotics prescribed to the mother before a surgical delivery were another concern; the antibiotics can be transmitted to the baby through breast milk if not before birth, decreasing the diversity of natural bacteria. The findings are a reminder that although C-sections are appropriate in some circumstances, they are a poor substitute for labor. Childbirth and labor are “a physiological process that we’ve evolved to over millions of years,” Dr. Caughey said. “It’s been really well-designed by evolution.” Related:"
healthfact,8642,1,0,0.9272058,U.S. coronavirus supply spree sparks outrage among allies.
healthfact,10248,1,0,0.9225684,Trendy fizzy drink is mushrooming
healthfact,2750,1,0,0.9188183,Biogen multiple sclerosis drug Tecfidera wins European approval.
healthfact,8807,1,0,0.918361,Medtronic recalls heparin-coated bypass equipment.
healthfact,4035,1,0,0.9172851,2007 mass shooting survivor copes with 300 pellets of lead.
healthfact,37577,1,0,0.9166501,"As the United States government tried to negotiate a response to a novel coronavirus strain, cost issues temporarily stalled passing a bill approving roughly $8 billion in emergency funding."
healthfact,5530,1,0,0.9154691,Teacher saves caged puppy from drowning in Illinois lake.
fakehealth,story_reviews_01213,1,0,0.9151927,"Some women with early breast cancers can safely opt for less surgery, greatly reducing the risk of painful long-term complications, according to a new study that's already changing standard medical practice. The study, reported in the Journal of the American Medical Association, involved 900 women with early breast cancers who had lumpectomies and radiation, and most got drug therapy. Although the tumors were small, these cancers can spread to lymph nodes under the arm, which can allow the tumors to spread around the body through the lymph system. As a precaution, doctors usually remove some of these lymph nodes. But that surgery can be painful and lead to an incurable and sometimes disabling condition called lymphedema, which causes the arm to swell. In recent years, doctors have made an effort to spare women from this complication by first removing only one or two crucial lymph nodes, called the sentinel nodes. If those nodes contain cancer, doctors remove many of the other lymph nodes. If the sentinel nodes are cancer-free, doctors leave the others in place, greatly reducing the risk of lymphedema. In this study, doctors found that it's not necessary to take out additional lymph nodes, even if they find cancer in the sentinel ones. About 92% of women were alive after five years, whether or not the extra lymph nodes were removed, according to the study, conducted at 115 locations around the USA and funded by the National Cancer Institute. Results of the study were presented at a medical meeting last summer, and some surgeons are already changing their practices. The University of Washington-Seattle Cancer Care Alliance began removing fewer lymph nodes at the end of last year, ""after a faculty retreat and lots of discussion,"" professor Julie Gralow says. The findings apply to only a small number of breast cancer patients. On average, the women in the study were in their 50s, and women who had mastectomies weren't included, Gralow says. Also, women in the study had small tumors, with only one or two affected lymph nodes, says Mehra Golshan, of Boston's Dana Farber/Brigham and Women's Cancer Center. The findings may not apply to women with three or four affected lymph nodes or larger tumors. And doctors don't yet know how the women will fare in the long term, because researchers followed them for only six years, he says. The American Cancer Society's Otis Brawley doesn't think doctors will change their methods overnight. Even so, depending on the results of other ongoing research, this study may influence medical practice over the next three to five years, he says."
healthfact,36746,0,1,0.9132205,A federal judge has approved GOP Congressman Trey Gowdy’s request to exhume the body of Vince Foster to determine if Bill and Hillary Clinton were involved in his death 23 years ago.
healthfact,4709,1,0,0.91274863,Hospital closings hit hard on the edge of the Rust Belt.
healthfact,27696,1,0,0.91189253,Pokémon Go developer Niantic is working on a Harry Potter version of the hugely popular augmented-reality game.
healthfact,102,1,0,0.91174406,"VW ramps up China electric car factories, taking aim at Tesla."
healthfact,16374,1,0,0.91123104,In the last six years of Cianci’s administration violent crime was down in the United States. It was down in the region. It was down in Rhode Island. But it was up in Providence.
healthfact,1549,1,0,0.9110996,French foie gras makers worry as bird flu spreads in Europe.
fakehealth,story_reviews_01271,1,0,0.9090273,"latimes.com/health/la-he-skeptic-telomeres-20101220,0,5791340.story By Chris Woolston, Special to the Los Angeles Times December 20, 2010 Advertisement We all know what aging looks like from the outside: wrinkled skin, gray hair, a growing need to turn up the volume on ""Jeopardy."" But in recent years, scientists have made some breakthrough discoveries about how we age on the inside, right down to our genes. The science of aging has created a glimmer of hope that we could someday slow the process — a dream that has already spread beyond the lab to the marketplace. Anti-aging research used to be mainly about finding new ways to get lab mice to take their vitamins. But if you visited a lab today, you'd be more likely to hear scientists talking excitedly about telomeres, protective strands of DNA at the end of chromosomes that seem to play an important — some would say crucial — role in aging. Whenever a healthy cell divides, the telomeres get a little shorter. In fact, you could tell a lot about the age of a person simply by looking at the length of his or her telomeres. Studies have found that in people older than 60, short telomeres are one sign that the end may be relatively near: Older people with short telomeres seem to be especially vulnerable to disease, including heart disease and infections. But telomeres aren't as reliable as a clock or even a tree ring. Recent studies suggest that you can help your telomeres stay relatively long and youthful if you get regular exercise, eat a healthful diet and avoid stress. At a time when people are willing to spend big bucks to look and feel younger, it's not surprising that telomeres have become a buzzword in the supplement industry. One expensive option, TA-65, supposedly works by stimulating telomerase, a natural enzyme that helps restore telomeres after a cell divides. (The TA stands for ""telomerase activator."") Created by Geron Corp., a biotech research company, TA-65 contains extracts of astragalus, an herb often used as an immunity-booster in traditional Chinese medicine. Although TA-65 is legally classified as a dietary supplement, TA Sciences, the company that bought the licensing rights from Geron, makes it available only through select doctors who have paid a fee and have passed a test on telomere biology. Seven doctors offer TA-65 in California, including two in Los Angeles, according to the company website. When TA-65 was first released in 2007, patients spent $25,000 a year on the supplement and accompanying tests. Now patients spend $1,200 to $4,000 for a six-month supply, depending on the dose. The company recommends taking the supplement for two years. Patients must spend an additional $500 on doctor's fees, and they have the option of spending several hundred to a couple of thousand dollars more on tests to check the results. Reneuve, a supplement sold online, supposedly lengthens telomeres by giving users an extra-large dose of telomerase. You won't see telomerase in the list of ingredients, but Reneuve does offer ""select proprietary glandular extracts"" from pig thymuses that provide ""enough telomerase enzyme for the cellular infrastructure of one adult."" A single 30-milliliter vial of Reneuve purchased through the company website costs $250. Users are instructed to drink the vial in a single sitting, perhaps with some Mountain Dew or Gatorade. The effects are said to last six months. Claims The TA Science website says the company ""is the first and only … in the world to offer Telomerase-Activating products to combat the effects of aging through leading-edge science."" Company founder Noel Patton says, ""Our product is not the fountain of youth. You won't miraculously turn into a 20-year-old again. But it is a fountain of youth for certain cells."" Specifically, Patton says, the product will ""strengthen and rejuvenate"" the immune system. He points to an unpublished company-run study that compared an astragalus supplement similar to TA-65 to a placebo in 36 men ages 60 to 85. The study reportedly found that men who took the supplement for six months developed stronger immune system cells, better eyesight, improved sexual satisfaction and younger-looking skin. He also says that tests paid for by patients show that the supplement improves bone density, cognitive function, cholesterol levels and control of blood sugar. The Reneuve website says the product uses "" Nobel Prize-winning technology to supply immune-system enhancing and anti-aging enzymes to the body."" It also says that, thanks to Reneuve, ""aging is now a choice, not a fact."" Rasjesh Sharma, the chief scientific officer of Reneuve, declined to be interviewed but said in an e-mail that the supplement helps replace the telomerase that people make naturally until they turn 25. The bottom line Dr. Richard Cawthon, who studies the link between telomeres and disease at the University of Utah School of Medicine in Salt Lake City, says he would love to take an anti-aging supplement, but he's not willing to part with several thousand dollars for TA-65. ""Even if I could afford it, it's still too early in the research,"" he says. The benefits for now are unclear, he adds, and there's still the possibility of undesirable side effects. As for Reneuve, ""that's nonsense,"" says Peter Hornsby, professor of physiology at the Barshop Institute for Longevity and Aging Studies at the University of Texas Health Science Center in San Antonio. Any enzyme in the supplement would be quickly broken down in the digestive system, he says. Research with mice suggests that telomerase is a double-edged enzyme. A study published in the journal Nature last month showed that activating telomerase seemed to reverse aging in decrepit mice that had been genetically engineered to lack a working version of the enzyme. But other studies have found that stimulating telomerase in mice raises the risk of cancer. (Patton says that, to his knowledge, no one has developed cancer while taking TA-65.) So far, TA-65 has been tested in just one published study (which is still one more than Reneuve). This year, Geron Corp. researchers reported in the journal Rejuvenation Research that TA-65 boosted the activity of telomerase in 114 people who took the supplement for a year. The supplements also seemed to lengthen the telomeres of some immune system cells. Still, Hornsby points out that a single study in a not-especially-prestigious journal doesn't come close to answering all of the questions about the anti-aging potential of TA-65. He says scientists aren't even sure that short telomeres contribute to the classic signs of growing old. They could just be byproducts of aging, not the driving force. Hornsby sees another issue: If TA-65 is really tinkering with people's chromosomes, it should be classified as a drug. As it is, the supplement has never gone through any of the testing or Food and Drug Administration oversight required of prescription drugs. Curious about a consumer health product? Send an e-mail to health@latimes.com. Read more at latimes.com/skeptic. health@latimes.com"
healthfact,2774,1,0,0.90640473,Aveo Oncology to end breast cancer study due to low enrollment.
healthfact,35389,1,0,0.906392,Some grocery store receipts contain chemicals linked to infertility and hormone-related cancers.
healthfact,1851,1,0,0.9061055,Want to quit smoking ? Try acupuncture or hypnosis.
healthfact,26603,0,1,0.90489966,“Fish tank additive may treat coronavirus.”
healthfact,1535,1,0,0.9031553,"Taiwan's 'holy pig' festival cruel, says rights group."
healthfact,8815,1,0,0.90275335,Medicare 5-year cancer bill tops $21.1 bln: study.
fakehealth,story_reviews_01133,1,0,0.9018851,"Two existing drugs, in combination, have shown significant promise in promoting weight loss, according to a new report. The drugs, phentermine and Topamax, in combination with lifestyle and weight-loss counseling were associated with a 18-22 pound weight loss in trial participants, compared with a three-pound weight loss in patients who received counseling alone. The drug also appears to have reduced other obesity-related indicators, such as blood pressure, cholesterol and inflammation levels. By comparison, the only approved long-term prescription weight loss medication available on the market today, Xenical, is associated with a seven-pound weight loss when combined with diet and exercise. The study was funded by the pharmaceutical company Vivus, which combined the two drugs into one pill called Qnexa, and petitioned the U.S. Food and Drug Administration for approval in October 2010. The Food and Drug Administration denied the request, asking for more safety data from the company before moving forward. According to the report, there were specific concerns about each drug's safety individually; specifically Topamax, which is reported to cause some psychiatric and cognitive side effects and may cause clef palate birth defects if taken while pregnant. According to the manufacturer's study, the two drugs, when taken together, and at controlled-release doses, were very safe. Participants in the trial reported minor side effects such as dry mouth and constipation, however at higher doses, some participants did complain about some psychiatric side effects. Among the 2,487 study participants, nine became pregnant, and none of their children were born with cleft palates, the report said. The drug could be a good option for some people, but it's most likely not a silver bullet, said Dr. Melina Jampolis, CNNHealth's physician nutrition expert, who is not connected with the study. ""This might be a good tool in the short term to get someone motivated, and that's great,"" she said. ""But unless it's paired with aggressive lifestyle changes, it may not be great in the long term."" Phentermine is commonly used as a short-term weight loss treatment, and was previously paired with fenfluramine to make the successful but now-discontinued weight loss drug Fen-phen. Fen-phen was removed from the market in 1997 amid concerns about the drug's heart risk, but phentermine has been used successfully for short-term appetite suppression since then with no major safety concerns. Topamax is commonly used to treat migraines and seizures."
healthfact,3364,1,0,0.90187573,Shots for food workers urged in 2 West Virginia counties.
healthfact,34010,1,0,0.90110075,The snakehead fish can survive on land.
healthfact,2962,1,0,0.8987458,China investigates after vaccine suspected in seven deaths.
fakehealth,story_reviews_01659,1,0,0.8982035,"NEW YORK (Reuters Health) - Monitoring high-risk pregnancies with ultrasound tests may help prevent some fetal and newborn deaths, a new research review finds. The review assessed a technology called Doppler ultrasound, which measures blood flow through the umbilical cord. Abnormal findings indicate that the fetus may be under stress. Doppler ultrasound, done in the third trimester, is an established way to monitor high-risk pregnancies — those complicated by problems like poor fetal growth or health conditions in the mother, such as high blood pressure and heart and kidney diseases. Still, the benefits of such monitoring had not been entirely clear. There have been concerns that abnormal findings on Doppler ultrasound may prompt doctors to sometimes unnecessarily intervene — by, for instance, performing a cesarean section. But in the new review, researchers found that across 16 studies of more than 10,000 high-risk pregnancies, Doppler ultrasound testing was linked to a 29 percent reduction in fetal and newborn deaths. Among women who did not receive ultrasound monitoring, 1.7 percent suffered a fetal or newborn death, versus 1.2 percent of women who underwent ultrasound. The benefit seemed to stem from better decisions on C-sections and inductions of labor, according to the researchers, led by Dr. Zarko Alfirevic of the University of Liverpool in the UK. He and his colleagues report their review findings in the Cochrane Database of Systematic Reviews, which is published by the Cochrane Collaboration, an international research organization that evaluates medical studies. In an interview, Alfirevic said that the evidence supports using Doppler in high-risk pregnancies where the mother has high blood pressure or the fetus is abnormally small. In these cases, the fetus may not be getting enough nutrients and oxygen through the placenta. “These women really should have a Doppler investigation of the umbilical artery,” Alfirevic said. Typically, high-risk women would receive other types prenatal testing as well, such as electronic fetal-heart monitoring. “We’re just saying this (Doppler ultrasound) should be part of it,” Alfirevic said. In practice, Doppler ultrasound may also be recommended for women who have diabetes or are having a prolonged pregnancy (beyond 42 weeks). But there is not yet strong evidence that these women benefit, Alfirevic said. In general, he and his colleagues found, the trials included in the review, which were mainly done in the 1990s, had their shortcomings. Some had flaws in their design, while in other cases the researchers failed to provide details on key elements of the study design. However, with Doppler an established technique for monitoring high-risk pregnancies, Alfirevic said it is very unlikely that any future studies will test Doppler against no Doppler — as most studies in this review did. Research, according to Alfirevic, has moved on to other questions, including how to best manage abnormal findings from a Doppler scan. In some cases, early delivery may be the best course, but it is unclear whether other options — such as bed rest or tighter blood pressure control in a woman with high blood pressure — are effective. Another question, Alfirevic said, is whether ultrasounds of blood vessels other than the umbilical artery might improve pregnancy outcomes. One thing that is clear, the researcher stressed, is that Doppler ultrasound is not necessary for women with average, healthy pregnancies. “There is no evidence to suggest that it should be done in low-risk women,” Alfirevic said. SOURCE: Cochrane Database of Systematic Reviews, January 2010."
healthfact,11057,0,1,0.8977344,"Oregano, Thyme May Hold the Cure for Wasting Syndrome Disease"
fakehealth,story_reviews_01357,0,1,0.8963532,"WASHINGTON (Reuters) - Viagra, developed to help ailing hearts long before it got a more high-profile job fighting erectile dysfunction, might help treat heart symptoms of muscular dystrophy, researchers reported on Monday. A box of Viagra, typically used to treat erectile dysfunction, is seen in a pharmacy in Toronto January 31, 2008. REUTERS/Mark Blinch Tests in mice genetically engineered to have a condition similar to Duchenne muscular dystrophy showed the drug could improve how the heart works, Joseph Beavoa of the University of Washington and colleagues at the University of North Carolina found. It is not clear just how the drug is helping the mice, they reported in the Proceedings of the National Academy of Sciences, but they said it may be worth trying it as a treatment for muscular dystrophy. Duchenne muscular dystrophy affects an estimated one in 3,500 males, according to the National Institutes of Health. “Duchenne muscular dystrophy (DMD) is a progressive and fatal genetic disorder of muscle degeneration. Patients with DMD lack expression of the protein dystrophin as a result of mutations in the X-linked dystrophin gene,” the researchers wrote. Because of the involvement of the X chromosome, boys are far more likely to be affected than girls, who have two copies of the X chromosome and, thus, are likely to have a “spare” copy of the healthy gene. Muscles all over the body break down as the patient grows up, the heart included. Many patients die of heart failure and most patients with the condition die before age 40. Viagra, known generically as sildenafil, is sold by Pfizer Inc for erectile dysfunction and under the brand name Revatio to treat a heart condition called pulmonary hypertension. It is in a class of drugs called PDE5 inhibitors that work in a variety of ways to increase blood flow. The team, working with funds from the NIH and non-profit groups, tested Viagra in mice that had heart damage similar to that seen in muscular dystrophy. It slowed the damage and in some cases reversed it, they found. “Although PDE5 inhibitors will certainly not cure DMD, the current studies suggest that they could be used in combination with current or future therapies,” the researchers wrote."
healthfact,5780,1,0,0.8941557,Massachusetts lawmakers weigh ‘Medicare for all’ bill.
healthfact,27280,1,0,0.89385116,"A Russian asbestos company placed a seal with the face of President Donald Trump on their product with the note ""Approved by Donald Trump, 45th President of the United States."
healthfact,986,1,0,0.89307064,Death toll from acute encephalitis in east Indian town rises to 129 children.
fakehealth,story_reviews_01220,1,0,0.89171875,"Feb. 2, 2011 -- The human papillomavirus (HPV) vaccine can help stave off genital warts in boys and men, according to a new study in the Feb. 3 issue of the New England Journal of Medicine. Of 4,065 boys and men aged 16 to 26 from 18 countries, vaccination with an HPV vaccine that targets four types of HPV infection -- HPV-6, HPV-11, HPV-16, and HPV-18 -- protects against infection with these types of HPV and potentially the development of related external genital warts or lesions. HPV, a sexually transmitted disease, can be transmitted through vaginal, anal, and oral sex and has been linked to genital warts as well as cervical, vaginal, vulvar, oral, penile, and anal cancers. Two HPV vaccines are now approved by the FDA: Cervarix and Gardasil. Both of these vaccines are recommended to prevent cervical cancers. These vaccines are now on the CDC’s routine childhood vaccine schedule for girls starting at age 9. The Gardasil vaccine has also received FDA approval for prevention of genital warts. The vaccine is recommended for optional use in boys and men. The vaccine is used in girls and boys and young adults ages 9 to 26 for prevention of genital warts caused by HPV types 6 and 11. “The most salient message is that the [Gardasil] vaccine can prevent HPV infection on the external genital region, which means that we can now prevent most cases of genital warts if the boy is vaccinated at a sufficiently early age,” says study researcher Joel Palefsky, MD, a professor of medicine at the University of California, San Francisco."
fakehealth,story_reviews_00772,1,0,0.89116186,"“It’s promising that we can see an effect from a single dose,” says researcher Leah Coles, PhD, a research fellow at the Baker IDI Heart and Diabetes Institute in Melbourne, Australia. “That effect might be even greater over the long term if they are drinking it day upon day.” Researchers say that drop may seem small, but on a public health level a reduction like that would equate to a 10% reduction in deaths due to heart disease . The study shows that within hours of drinking it, beet juice lowered systolic blood pressure (the top number in a blood pressure reading) by an average of 4-5 points among a small group of healthy men . Dec. 14, 2012 -- Drinking a glass of beet juice may have an immediate impact on lowering blood pressure , according to a new study. Beetroot Benefits Previous studies have shown that beet juice, also known as beetroot juice, can lower blood pressure in a laboratory setting. But researchers say this is the first study to look at the effects of adding beet juice to a heathy person’s diet without making any other diet or lifestyle changes. The results appear in Nutrition Journal. In the study, 15 men and 15 women drank either 17.6 ounces of a beet juice beverage consisting of about three-fourths beet juice and one-fourth apple juice, or a placebo juice. They were then monitored for 24 hours. The same procedure was repeated two weeks later, with those who drank the placebo on the first round receiving beetroot juice on the second. Among both men and women, the results showed a trend to lower systolic blood pressure six hours after drinking the beet juice. But when researchers limited their analysis to men only, they found a significant reduction of about 4.7 points among those who drank the beetroot juice. Previous studies have also suggested that beetroot’s blood-pressure-lowering effects may not be as strong in women. In this case, Coles says it may be partially explained by the fact that the women in the study tended to be older, and many were on prescription medications, such as oral contraceptives."
healthfact,9396,1,0,0.8908217,How barbershops could help lower blood pressure
healthfact,16065,0,1,0.89041406,We've caught Iran cheating on the interim (nuclear) deal.
fakehealth,story_reviews_00805,1,0,0.8900941,"By Alan Mozes HealthDay Reporter MONDAY, Oct. 15, 2012 (HealthDay News) -- A prescription medication originally developed to treat epilepsy may help obese adults shed weight when combined with routine nutritional counseling, researchers say. Patients who took 400 milligrams of the anti-seizure drug zonisamide daily for a year lost nearly 7.5 pounds more on average than those assigned to dietaryand lifestyle changes alone, the new study found. But they also suffered more side effects than patients not taking the medication. ""The question was to see if more weight loss could be achieved if we provided decent quality lifestyle intervention, mostly dietary counseling, along with this medication,"" said study lead author Dr. Kishore Gadde, director of the Obesity Clinical Trials Program at Duke University Medical Center in Durham, N.C. ""And the answer was yes,"" Gadde said. The research, funded by the U.S. National Institutes of Health, appears online Oct. 15 in the journal Archives of Internal Medicine. For obese men and women who can't control their weight through diet and lifestyle changes, nonsurgical options are limited, the study authors noted. Just a few prescription medications are approved in the United States for long-term treatment of obesity, including orlistat (brand name Xenical) and lorcaserin hydrochloride (Belviq). Gadde and colleagues set out to follow up on a 16-week investigation they conducted in 2003 that had indicated that zonisamide (Zonegran) at a dosage of 400 milligrams a day might offer an alternative. Between 2006 and 2011 the study team randomly assigned more than 200 obese men and women to one of three groups. One group took 200 milligrams of zonisamide daily, another got 400 mg of zonisamide daily and one received a dummy pill. The participants' average age was 43, and their average body-mass index (BMI) was nearly 38. BMI is a calculation of body fat based on height and weight, and a BMI of more than 30 is considered obese. None had diabetes. All study participants followed their treatment plan for one year. During this time, they all also received monthly individualized nutritional counseling, which Gadde described as ""not intensive,"" to help them reduce their overall caloric intake. Those on the higher-dose zonisamide protocol fared the best in terms of overall weight loss, while the lower-dose regimen was not much more effective than the placebo. Although nearly 55 percent of those on the higher-dose medication shed 5 percent or more of their pre-study weight, that figure was 34 percent among the lower-dose group and 31 percent among the non-medication participants. But patients in both drug groups faced a higher risk for side effects, including diarrhea, headache, fatigue, nausea/vomiting, concentration and memory difficulties, anxiety, and depression-related symptoms. The authors said such side effects were typically ""mild."" They concluded that the higher-dose zonisamide showed promise as a weight-loss aid, but advised clinicians to carefully weigh the pros and cons on a patient-by-patient basis. ""There's no medicine that is a panacea for obesity,"" cautioned Gadde. ""The important thing to keep in mind is that although we diagnose obesity on the basis of a mathematical formula -- a BMI of 30 and up -- the basis for obesity may differ from one individual to another."" Psychological factors or lifestyle factors may play a role, he said. ""But for about a third [of patients], biological issues are at play, such as not easily experiencing satiety signals from the gut to the brain, which senses what your energy intake has been,"" he said. ""And for those people, medication can help."" Lona Sandon, a registered dietitian and assistant professor of clinical nutrition at the University of Texas Southwestern Medical Center at Dallas, agreed. Caution is vital when using any drug that has been approved for one condition for another, Sandon said. ""But for many people, this kind of drug might absolutely be of great help, by doing something that helps the regulation of these appetite hormones and the regulatory pathway,"" she said. More information For more on obesity, visit the U.S. National Institutes of Health."
fakehealth,story_reviews_00202,1,0,0.88983196,"Emily Whitehead, 12, catches fireflies in her backyard in Philipsburg, Pa. In 2012, Emily was the first child treated with an experimental immunotherapy that is on the verge of approval by the Food and Drug Administration. (Sean Simmers for The Washington Post) When doctors saw the report on Bill Ludwig’s bone-marrow biopsy, they thought it was a mistake and ordered the test repeated. But the results came back the same: His lethal leukemia had been wiped out by an experimental treatment never before used in humans. “We were hoping for a little improvement,” remembered the 72-year-old retired New Jersey corrections officer, who had battled the disease for a decade. He and his oncologist both broke down when she delivered the good news in 2010. “Nobody was hoping for zero cancer.” The pioneering therapy administered to Ludwig and a few other adults at the University of Pennsylvania hospital paved the way for clinical trials with children. Six-year-old Emily Whitehead, who was near death, became the first pediatric recipient in 2012. Like Ludwig, she remains cancer-free. Such results are why the treatment is on track to become the first gene therapy approved by the Food and Drug Administration. An FDA advisory committee will decide Wednesday whether to recommend approval of the approach, which uses patients’ own genetically altered immune cells to fight blood cancers. If the panel gives the nod, the agency probably will follow suit by the end of September. That would open the latest chapter in immunotherapy — “a true living drug,” said Penn scientist Carl June, who led its development. Emily and her father, Tom Whitehead, have some ice cream alongside their dog, Lucy. Emily remains cancer-free five years after receiving CAR T-cell therapy. (Sean Simmers for The Washington Post) The CAR T-cell treatment, manufactured by the drug company Novartis, initially would be available only for the small number of children and young adults whose leukemia does not respond to standard care. Those patients typically have a grim prognosis, but in the pivotal trial testing the therapy in almost a dozen countries, 83 percent of patients went into remission. A year later, two-thirds remained so. And childhood leukemia is just the start for a field that has attracted intense interest in academia and industry. Kite Pharma of Santa Monica, Calif., has applied for FDA approval to treat aggressive non-Hodgkin’s lymphoma, and a similar Novartis application is close behind. Researchers also are exploring CAR T-cell therapy’s use for multiple myeloma and chronic lymphocytic leukemia, the disease that afflicted Ludwig. They are also tackling a far more difficult challenge — using the therapy for solid tumors in the lungs or brain, for example. The excitement among doctors and researchers is palpable. “We’re saving patients who three or four years ago we were at our wit’s end trying to keep alive,” said Stephen Schuster, the Penn oncologist who is leading a Novartis lymphoma study. That study and a Kite trial have shown that the treatment can put about one-third of adults with advanced disease — those who have exhausted all options — into remission. Yet along with the enthusiasm come pressing questions about safety, cost and the complexity of the procedure. It involves extracting white blood cells called T cells — the foot soldiers of the immune system — from a patient’s blood, freezing them and sending them to Novartis’s sprawling manufacturing plant in Morris Plains, N.J. There, a crippled HIV fragment is used to genetically modify the T cells so they can find and attack the cancer. The cells then are refrozen and sent back to be infused into the patient. Once inside the person’s body, the T-cell army multiplies astronomically. Novartis has not disclosed the price for its therapy, but analysts are predicting $300,000 to $600,000 for a one-time infusion. Brad Loncar, whose investment fund focuses on companies that develop immunotherapy treatments, hopes the cost does not prompt a backlash. “CAR-T is not the EpiPen,” he said. “This is truly pushing the envelope and at the cutting edge of science.” The biggest concerns, however, center on safety. The revved-up immune system becomes a potent cancer-fighting agent but also a dangerous threat to the patient. Serious side effects abound, raising concerns about broad use. “Treating patients safely is the heart of the rollout,” said Stephan Grupp of Children’s Hospital of Philadelphia, who as director of the hospital’s cancer immunotherapy program led early pediatric studies as well as Novartis’s global trial. “The efficacy takes care of itself, but safety takes a lot of attention.” One of the most common side effects is called cytokine release syndrome, which causes high fever and flulike symptoms that in some cases can be so dangerous that the patient ends up in intensive care. The other major worry is neurotoxicity, which can result in temporary confusion or potentially fatal brain swelling. Juno Therapeutics, a biotech firm in Seattle, shut down one of its CAR T-cell programs after five patients died of brain swelling. Novartis has not seen brain swelling in its trials, company officials said. To try to ensure patient safety, Novartis is not planning a typical product rollout, with a drug pushed as widely and aggressively as possible. The company instead will designate 30 to 35 medical centers to administer the treatment. Many of them took part in the clinical trial, and all have gotten extensive training by Grupp and others. Grupp said he and his staff learned about the side effects of CAR T-cell therapy — and what to do about them — through terrifying experiences that began five years ago with Emily Whitehead. The young girl, who had relapsed twice on conventional treatments for acute lymphoblastic leukemia, was in grave condition. Grupp suggested to her parents that she be the first child to get the experimental therapy. “I said, ‘Surely, this has been tried on kids somewhere else in the world,’ ” recalled her father, Thomas Whitehead of Philipsburg, Pa. “But Steve said, ‘Nope, some adults got it, but that was a different kind of leukemia.’ ” After she received the therapy, Emily’s fever soared, her blood pressure plummeted, and she ended up in a coma and on a ventilator for two weeks in the hospital’s intensive care unit. Convinced his patient would not survive another day, a frantic Grupp got rushed lab results that suggested a surge of the protein Interleukin 6 was causing her immune system to relentlessly hammer her body. Doctors decided to give Emily an immunosuppressant drug called tocilizumab. She was dramatically better within hours. She woke up the next day, her seventh birthday. Tests showed her cancer was gone. The approval of CAR T-cell therapy would represent the second big immunotherapy advance in less than a decade. In 2011, the FDA cleared the first agent in a new class of drugs called checkpoint inhibitors. It has approved five more since then. There are big differences between the two approaches. The checkpoint inhibitors are targeted at solid tumors, such as advanced melanoma and lung and bladder cancer, while CAR T-cell therapy has been aimed at blood disorders. And although checkpoint inhibitors are off the shelf, with every patient getting the same drug, CAR T-cell therapy is customized to an individual. Many immunotherapy experts think the greatest progress against cancer will be achieved when researchers figure out how to combine the approaches. For the Penn team, the CAR T-cell story goes back decades, starting at the then-National Naval Medical Center in Bethesda, Md., where June and a postdoctorate fellow named Bruce Levine worked on new HIV treatments. In the process, they figured out a way to turbocharge T cells to make them more powerful and plentiful. The pair moved to Philadelphia in 1999 and dove into cancer research. Two years later, June’s wife died of ovarian cancer, something he has credited as spurring him to work even harder in the field. In the years that followed, researchers across the country, including at the Memorial Sloan Kettering Cancer Center in New York and Fred Hutchinson Cancer Research Center in Seattle, racked up an array of tantalizing discoveries involving T cells. Fast-forward to 2010, when Ludwig, who lives in Bridgeton, N.J., became Penn’s first patient to receive CAR T-cell therapy. Two other men got the treatment not long after. One is still in remission; the other relapsed and died. But after those three patients, the Penn researchers ran out of money for more treatments. To try to raise interest and funding, they decided to publish the results of their work. The article that appeared in the New England Journal of Medicine in August 2011 created a “firestorm,” June said — one that brought them new resources. David Porter, a Penn oncologist working with June, was on vacation in western Maryland and had to stop at a Kohl’s to buy a dress shirt for the immediate TV interviews. The pediatric trial opened the following spring with Emily. Six months later, Penn licensed its technology to Novartis in exchange for financial support, which included a new on-campus cell-manufacturing facility. With FDA approval seeming imminent, the researchers who were so instrumental in the therapy’s development and testing are almost giddy. Grupp is especially pleased that the advance will be available first to children. “Usually everything is developed first for adults,” he noted recently, “and children are an afterthought.” Read more: ‘This is not the end’: Using immunotherapy and a genetic glitch to give cancer patients hope This 8-year-old is free of cancer — for now — after a ‘breakthrough’ treatment For a 6-year-old with cancer, a future staked on medicine’s hottest field"
fakehealth,news_reviews_00344,1,0,0.8896913,"PROVIDENCE, R.I. [Brown University] -- To the tantalizing delight of chocolate lovers everywhere, a number of recent studies employing various methods have suggested that compounds in cocoa called flavanols could benefit cardiovascular health. Now a systematic review and meta-analysis of 19 randomized controlled trials (RCTs) of cocoa consumption reveals some further pieces of supporting evidence. The meta-analysis in the Journal of Nutrition, an assessment of the combined evidence from all 19 RCTs, focused on whether consumption of flavanol-rich cocoa products was associated with improvements in specific circulating biomarkers of cardiometabolic health as compared to consuming placebos with negligible cocoa flavanol content. In all, 1,139 volunteers were involved in these trials. ""Our meta-analysis of RCTs characterizes how cocoa flavanols affect cardiometabolic biomarkers, providing guidance in designing large, definitive prevention trials against diabetes and cardiovascular disease in future work,"" said corresponding author Dr. Simin Liu, professor and director of the Center for Global Cardiometabolic Health at Brown University who worked with epidemiology graduate student and lead author Xiaochen Lin. ""We found that cocoa flavanol intake may reduce dyslipidemia (elevated triglycerides), insulin resistance and systemic inflammation, which are all major subclinical risk factors for cardiometabolic diseases."" Liu noted some limitations in the trials. All studies were small and of short duration, not all of the biomarkers tracked in these studies changed for the better, and none of the studies were designed to test directly whether cocoa flavanol consumption leads to reduced cases of heart attacks or type 2 diabetes. But taking into account some of these heterogeneities across studies, the team's meta-analysis summarizing data from 19 trials found potential beneficial effects of flavanol-rich cocoa on cardiometabolic health. There were small-to-modest but statistically significant improvements among those who ate flavanol-rich cocoa product vs. those who did not. The greatest effects were seen among trial volunteers who ate between 200 and 600 milligrams of flavanols a day (based on their cocoa consumption). They saw significant declines in blood glucose and insulin, as well as another indicator of insulin resistance called HOMA-IR. They also saw an increase in HDL, or ""good,"" cholesterol. Those consuming higher doses saw some of the insulin resistance benefits and a drop in triglycerides, but not a significant increase in HDL. Those with lower doses of flavanols only saw a significant HDL benefit. In general, Lin said, where there were benefits they were evident for both women and men and didn't depend on what physical form the flavanol-rich cocoa product was consumed in --dark chocolate vs. a beverage, for example. ""The treatment groups of the trials included in our meta-analysis are primarily dark chocolate -- a few were using cocoa powder-based beverages,"" Lin said. ""Therefore, the findings from the current study apparently shouldn't be generalized to different sorts of chocolate candies or white chocolates, of which the content of sugar/food additives could be substantially higher than that of the dark chocolate."" The authors therefore concluded, ""Our study highlights the urgent need for large, long-term RCTs that improve our understanding of how the short-term benefits of cocoa flavanol intake on cardiometabolic biomarkers may be translated into clinical outcomes."" ### In addition to Lin and Liu, the study's other authors are Isabel Zhang, Alina Li from Brown University, JoAnn Manson, Howard Sesso and Lu Wang from Brigham and Women's Hospital. The authors acknowledge funding from the National Institutes of Health including the National Heart, Lung and Blood Institute, the American Heart Association, and Pfizer. Co-authors at Brigham and Women's also noted receiving funding from Mars Symbioscience, a research segment of Mars, Inc., which makes chocolate products."
healthfact,3794,1,0,0.8895024,Trump backs Fla. plan to import lower-cost meds from abroad.
healthfact,2799,1,0,0.88880223,South Korea expands poultry cull on bird flu fears.
fakehealth,story_reviews_00630,1,0,0.88761246,"Both men and women have utilized many resources to combat baldness, but now a former NASA scientist is using lasers to regrow hair. Dr. Tamim Hamid is the CEO and inventor of Theradome, a helmet that he said “uses 80 cold lasers to promote hair growth by stimulating the base of the hair follicle.” He based his helmet off the findings of Endre Mester, a Hungarian physician who accidentally discovered that lasers can grow hair in mice in 1965. ADVERTISEMENT ADVERTISEMENT “This has been sitting dormant for many, many years until about 2009. We discovered that the same wavelength of 678 nanometers was able to stimulate hair on humans as well,” Hamid told FoxNews.com. To further explain how light grows hair Hamid said, “the laser light stimulates the mitochondria at the base of the hair follicle, which is where the stem cells that grow hair are located. Once the hair follicle is reactivated using light energy, the hair reverses the miniaturization process which was induced by the hormone DHT.” The challenge that Hamid faced was putting this technology into something that was wearable and easy to use. Board certified dermatologist Dr. Eric Schweiger who has not worked on Theradome, told FoxNews.com that there have been other products that use low level laser technology to grow hair, but Theradome is the first of its kind to be wearable. It doesn’t require anything from the patient apart from wearing the helmet for 20 minutes, two times a week. “The major benefit of therdome is you wear it as a cap and you don’t have to hold it up to your scalp. I think that will increase compliance,” Schweiger said. Hamid said that Theradome has helped tens of thousands of people. One of those is Sabra Hardy who suffers from alopecia areata, an autoimmune disease that left her with huge bald spots on either side of her head. “I was using creams that were developed for the coats of animals when they had problems with their coat. I was using oils developed for animals that were dangerous to use and smelled really bad,” Hardy said. Her hair loss was costly and painful. She spent hundreds of dollars on wigs and was getting steroid injections in her scalp for nearly two years with no signs of progress until she started using Theradome. According to the Theradome website, 97 percent of subjects saw positive results after 26 weeks of treatment and they reported a 20 percent increase in hair growth. Schweiger said that Theradome is safe for someone who wants another option in conjunction with other conventional baldness remedies, and that its effectiveness should be studied more over time. “For patients who are looking for an additional therapy it’s not unreasonable to use. I think we’ll know more as time goes on,” Schweiger said. As far as the product’s safety, Schweiger said that since the lights are low energy and are not UV, he is confident that Theradome is safe. Theradome is FDA cleared and costs $895. Patients should always see their physician before trying any new treatments."
healthfact,39745,1,0,0.88591784,A photo shows a weasel riding on the back of a woodpecker in flight.
healthfact,3995,1,0,0.8830597,Chronic wasting disease found in buck on Winona County farm.
healthfact,8618,1,0,0.88287014,Thailand extends ban on incoming passenger flights.
healthfact,9785,1,0,0.882321,Robotic surgeries costlier but safer: study
healthfact,5944,1,0,0.88132423,Post-war Liberians are demanding better mental health care.
fakehealth,news_reviews_00403,1,0,0.8810904,"Post-operative cognitive dysfunction (POCD), a condition mostly observed in older patients following surgery under general anesthesia, is characterized by impaired memory and concentration. The impairment may be temporary or permanent and incapacitating. The problem has become more frequent as the population ages and also as a growing number of older adults undergo surgical procedures made possible by more advanced medical technology. Data from the scientific literature suggest a rise in mortality from POCD in the first year after surgery under general anesthesia. The good news, according to a Brazilian study published by the journal PLoS One, is that two relatively simple measures can help to reduce the incidence of POCD: administering a small dose of the anti-inflammatory drug dexamethasone immediately before an operation and avoiding profound anesthesia during the operation. Opinions on the adequate depth of anesthesia and the risks of very profound anesthesia currently diverge. Excessively superficial anesthesia is known to incur a risk of patient recall of the procedure, which is undesirable. ""Our findings confirm recent evidence that the deeper the anesthesia-induced hypnosis, the higher the incidence of POCD. The literature points to a link with the systemic inflammatory response induced by surgical trauma, damaging the central nervous system. If so, the use of an anti-inflammatory drug may have a protective effect,"" said Maria José Carvalho Carmona, a professor of anesthesiology at the University of São Paulo's Medical School (FM-USP) and principal investigator for the study. The researchers evaluated 140 patients aged between 60 and 87 who underwent surgery under propofol-induced general anesthesia at the Central Institute of Hospital das Clínicas, FM-USP's teaching hospital, in most cases for removal of gallstones. Pre-operative assessment included a battery of tests to measure mental and cognitive status. Patients who failed to achieve a cutoff score were excluded. The remaining subjects were divided randomly into four groups. In the operating room, deep anesthesia typical of major surgical procedures was induced in the first and third groups, and more superficial anesthesia in the second and fourth. Only the third and fourth groups received dexamethasone. The depth of anesthesia was monitored using bispectral index (BIS) technology, which processes electroencephalogram signals to measure drug-induced unconsciousness. The researchers classified a BIS of 35-45 as deep anesthesia and a BIS of 46-55 as superficial anesthesia. In the fourth group (superficial anesthesia with dexamethasone), the incidence of POCD was 15.3% immediately after surgery, but after six months the pre-operative cognitive status was restored in all patients. ""The results reinforce recent evidence of the importance of avoiding deep anesthesia,"" Carmona said. ""With regard to the use of dexamethasone, more research is needed to confirm our finding, preferably in multicenter trials, but there are strong indications that it can be beneficial in many cases."" The earliest trials with patients who developed POCD were performed after the 1950s. Before that, older patients were rarely subjected to major surgery, and significant research in this field has only been conducted for approximately 15-20 years. ""The causes of and risk factors for POCD are still being discussed,"" she said. ""Little is said about rehabilitation or ways of helping patients recover pre-operative cognitive function."" One of the obstacles to reliable diagnosis and rehabilitation is a lack of practical and secure instruments for pre- and post-operative cognitive assessment. ""The tests available today are either too time consuming or quick but unreliable,"" Carmona said. ""This makes it hard to follow up on patients."" ###"
fakehealth,news_reviews_00483,0,1,0.87933564,"Robotic nephrectomy for inferior vena cava tumor thrombus has favorable outcomes and reproducibility when performed by surgeons with adequate robotic experience, according to first multi-institutional report, published in the journal of urology New York, NY, Feb. 7, 2016 - Renal cell carcinoma can sometimes spread to the inferior vena cava (IVC), the body's largest vein, posing a threat to the heart and brain. Robotic nephrectomy for inferior vena cava tumor thrombus has favorable outcomes in selected patients compared with open surgery, which can have a high rate of complications, report surgeons in The Journal of Urology®. Renal vein surgery can often be managed with minimally invasive laparoscopic techniques, but this is not typically advisable for an IVC thrombus (a fibrous clot), which is surgically far more complex with potentially fatal complications that can occur in the course of removing the thrombus and reconstructing the IVC. The first known procedure using robotic surgery of renal tumors with IVC tumor thrombi was performed in 2008. Experts from nine leading U.S. medical centers report here on their combined experience of 32 cases since 2008. Each surgeon performed between one and ten procedures for IVC tumor thrombi which ranged from one to 11 cm in length on preoperative imaging. Patient age ranged from 43 to 80 years. The IVC required cross-clamping in 24 cases. One patient had two renal veins with two caval thrombi and one patient required a synthetic patch. Surgeries lasted from three to seven hours. None of the operations was converted to open surgery and all but two patients were ambulatory on the day of or day after surgery. Twenty-one patients resumed regular diets the day after surgery. Eight patients had node positive disease and seven patients had distant recurrence 15 months later including four of those with node positive disease. ""This is a complex condition and the complication rate with open surgery is 12% to 47%, depending on the thrombus level, with a mortality rate of 5% to 10%,"" explained lead investigator Ronney Abaza, MD, Robotic Surgery Director at OhioHealth Dublin Methodist Hospital. ""Using robotic nephrectomy, our complication rate and lack of mortalities compare reasonably with open series with no grade III to V complications, according to the Clavien system, in any patient, including no deaths."" Dr Abaza added, ""While complications were relatively minor in our series, it is evident that complications are not entirely avoidable. Even with a minimally invasive approach, the surgical management of severe cancers in mostly elderly patients will likely involve complications. However, despite the complex and critical nature of these procedures, our series demonstrates favorable outcomes and reproducibility by surgeons with adequate robotic experience."" ###"
healthfact,7299,1,0,0.8788788,Planned Parenthood funding in Texas at stake in hearing.
healthfact,8909,1,0,0.87860197,China agrees to WHO sending experts to study virus.
healthfact,4242,1,0,0.8757174,Texas IDs cancer cluster in polluted Houston neighborhood.
healthfact,8748,1,0,0.875554,Older emphysema drug linked to heart deaths.
fakehealth,story_reviews_01235,0,1,0.87424845,"Tired? Depressed? Forgetting things? Who isn't these days? Those are also symptoms of a deficiency of B12, a key nutrient needed to make red blood cells and DNA and keep the nervous system working right. Vitamin B12 deficiency is officially considered rare, affecting about 1 in 1,000 Americans, according to a 2005 study. But the incidence rises with age, to about 15% of elderly people. The rate is also much higher among people who don't eat meat or dairy products, people with absorption problems, people taking acid-blocking medications and those with Type 2 diabetes who take the drug Metformin. ""B12 deficiency is much more common than the textbooks and journal articles say it is,"" says Alan Pocinki, an internist in Washington D.C., who routinely tests his patients who fall into those categories. He also notes that since the Metformin connection was discovered only recently, some physicians aren't aware of it. ""They assume that if patients complain of numbness and tingling in the feet, it's a diabetes issue and not a B12 issue."" Other symptoms of low B12 include anemia, depression, dementia, confusion, loss of appetite and balance problems. Long-term deficiency can bring severe anemia, nerve damage and neurological changes that may be irreversible. Just three ounces of clams, breaded and fried, have about 570% of the daily allowance. Getty Images Sometimes the symptoms are subtle. Internist Linda Assatourians, one of Dr. Pocinki's partners, says that a surprising number of her young female patients also have low levels of B12. Typically they are healthy and active, but they don't eat much meat and they have minor mood, memory or balance problems. ""When I supplement their B12, they feel better,"" Dr. Assatourians says. ""It's not a controlled study, but I see a lot of them."" ""I was sort of tired, but I thought, 'It's winter and I'm doing too much,' "" says Jessica Riester, 27, editor of publications for a German-American think tank. Her B12 level was slightly over 200 picograms per milliliter (the normal range is considered 200 to 800 pg per ml). After several weeks of B12 injections, then 1,000 milligrams daily in pill form, her B12 is now over 600 pg per ml and she says she feels better. ""My color is better and the shadows under my eyes are gone,"" she says. Indeed, several studies have shown that some symptoms of B12 deficiency, particularly early problems with cognitive function, can be apparent even when patients' blood levels are still in the normal range. How Much Recommended Dietary Allowances for vitamin B12 by age: 0-6 months: 400 nanograms 6-12 months: 500 ng 1-3 years: 900 ng 4-8 years: 1.2 micrograms 9-13 years: 1.8 mcg 14 years and older: 2.4 mcg Pregnant women: 2.6 mcg Nursing mothers: 2.8 mcg Source: National Academy of Sciences, 1998 Still, vitamin B12 isn't a miracle pick-me-up, a performance enhancer, a weight-loss aid or a quick way to sober up after a long night of drinking, as some celebrities and Internet marketers claim. For people who aren't deficient, ""there's no evidence whatsoever that these injections are useful to pep you up,"" says Irwin H. Rosenberg, a professor and former dean of the Friedman School of Nutrition at Tufts University. Taking too much B12 is unlikely to be harmful, he adds; the excess is simply excreted. B12 is one of the newest of the human vitamins, identified in 1948. It originates in bacteria, yeast and microbes in soil. Plants can't store it, so people get their B12 almost exclusively from meat, liver, poultry, fish and dairy products. Adults need just 2.4 micrograms a day, the amount in three ounces of beef, and can generally store it in fat tissue for several years. Dr. Pocinki speculates that some of his very lean patients are B12 deficient because they don't have much fat to store it in. Some people have trouble absorbing B12 in the first place. Stomach acid is needed to release it from food particles. People who have used acid-blocking medications, particularly proton-pump inhibitors, for years may not have enough. And many elderly people naturally stop making stomach acid, so B12 deficiencies are increasingly common as people age. Boosting B12 B12 comes almost exclusively from meat, liver, poultry, fish and dairy products. Some breakfast cereals are also fortified with the vitamin. Selected Food Sources of Vitamin B12 Food Micrograms (mcg) per serving Percent DV* Liver, beef, braised, 1 slice 48 800 Clams, cooked, breaded and fried, 3 ounces 34.2 570 Breakfast cereals, fortified with 100% of the DV for vitamin B12, 1 serving 6 100 Trout, rainbow, wild, cooked, 3 ounces 5.4 90 Salmon, sockeye, cooked, 3 ounces 4.9 80 Trout, rainbow, farmed, cooked, 3 ounces 4.2 50 Beef, top sirloin, broiled, 3 ounces 2.4 40 Cheeseburger, double patty and bun, 1 sandwich 1.9 30 Breakfast cereals, fortified with 25% of the DV for vitamin B12, 1 serving 1.5 25 Yogurt, plain, 1 cup 1.4 25 Haddock, cooked, 3 ounces 1.2 20 Tuna, white, 3 ounces 1 15 Milk, 1 cup 0.9 15 Cheese, Swiss, 1 ounce 0.9 15 Beef taco, 1 taco 0.8 13 Ham, cured, roasted, 3 ounces 0.6 10 Egg, large, 1 whole 0.6 10 Chicken, roasted, ½ breast 0.3 6 That's why the Institute of Medicine recommends that people over age 51 get most of their daily requirement from B12 supplements or cereals fortified with the vitamin that break down more easily in the digestive tract. Further down the digestive tract, B12 must combine with a protein called intrinsic factor to be absorbed into the body. Without intrinsic factor, people absorb much less B12, resulting in a condition called pernicious anemia, in which red blood cells don't develop properly. Left untreated, pernicious anemia can bring on neurological changes, delusions and hallucinations. The discovery that eating large amounts of liver could cure pernicious anemia led to the Nobel Prize for medicine in 1934. Other conditions can also interfere with B12 absorption, including celiac disease and Crohn's disease. ""I thought I was going to die in my sleep because I had so little energy,"" says Ellen Icochea, a senior executive at the Federal Bureau of Investigation who had a very low B12 level along with several major medical problems. Weekly B12 injections made a dramatic difference. ""It was like, 'Wow, here's energy!' "" she says. David H. Johnson, a 54-year old wildlife biologist, takes B12 shots every three days to cope with the challenges of chronic fatigue syndrome. ""Imagine you are on a small roller coaster,"" he says. ""You feel up one day and the next and then you start slumping until you're really flat again."" B12 comes in pill form and a new nasal spray, but injections are the fastest way to correct a severe deficiency, since it does not need to be absorbed in the digestive tract. Many patients learn to inject themselves or have a spouse do it to cut down on doctor visits. ""I have world travelers who take their B12 and needles with them. It's like traveling with insulin,"" says Dr. Pocinki. He says he has seen low-grade depression lift when patients were given B12 supplements. Researchers are still investigating possible links between long-term B12 deficiency and other health problems. It's known, for example, that B12 and the other B vitamins help reduce homocysteine, an amino acid in the bloodstream that may be associated with heart disease. But several large prospective studies have not shown that taking B12 supplements reduces the risk. It's also not clear whether low B12 raises the risk of dementia and Alzheimer's disease, although cognitive impairment brought on by low B12 is sometimes mistaken for Alzheimer's. ""It's really easy to miss, and really easy to fix,"" says Dr. Pocinki. An additional concern: A high level of folic acid can mask symptoms of B12 deficiency, and many people are getting more folic acid than they realize. Since 1996, all enriched flour must contain folic acid to reduce the risk of neural-tube defects, a severe malformation that occurs in developing fetuses. Some studies suggest that having high folic acid can make cognitive damage from low B12 even worse. ""To this day, we are concerned about the trade-off,"" says Dr. Rosenberg, who was on the advisory panel that recommended enriching flour. Write to Melinda Beck at HealthJournal@wsj.com"
healthfact,2267,1,0,0.87131447,Jury clears J&J of liability in California talc cancer case.
healthfact,23881,1,0,0.8702166,Bill McCollum holds the same position on (embryonic stem cell research) as Barack Obama.
healthfact,6496,1,0,0.8686604,Ohio county to distribute bags that deactivate drugs.
healthfact,26363,0,1,0.86834294,"“The flu killed 80,000 people in the U.S. last year”"
healthfact,21930,1,0,0.8659761,"An amendment inserted by lawmakers into the state budget ""exempts scientific researchers from all state animal cruelty laws."
fakehealth,news_reviews_00267,1,0,0.8658527,"ROCHESTER, Minn. — A new type of blood test may help physicians identify which patients with and without evidence of coronary blockages are at risk for heart attacks and strokes. Even individuals with normal levels of low-density lipoprotein (LDL), known as the so-called “bad” cholesterol, but still at risk, seem to be identified, according to Mayo Clinic research being presented at the American College of Cardiology’s 66th Annual Scientific Session. The test, released commercially by Mayo Medical Laboratories in August 2016, measures blood concentrations of plasma ceramides, a class of lipids that are highly linked to cardiovascular disease processes. The study found that individuals with the highest levels of blood ceramides were found to have a 3- to 4-times greater risk of having a cardiovascular event compared with those with the lowest ceramide score, regardless of their LDL cholesterol level or the presence of a blockage in the heart’s arteries. “Our research suggests that evaluating ceramide levels in patients who are not at immediate risk for coronary artery disease events may help cardiologists decide who could benefit from proactive and preventive treatment, such as statins, or lifestyle changes to prevent a serious cardiac event down the road,” says Jeff Meeusen, Ph.D., a clinical chemist, co-director of Cardiovascular Laboratory Medicine at Mayo Clinic and the study’s lead author. According to Dr. Meeusen, ceramides are different than cholesterol, which gathers and causes a clog in the arteries. Ceramides are more active, attracting inflammatory cells and promoting clotting. In the study, 499 Mayo Clinic patients who were referred for coronary angiography to check for possible artery blockages were included and followed prospectively for approximately eighteen years. Patients were similar in age and with regard to blood pressure, smoking status and high-density lipoprotein (HDL), the “good” cholesterol; excluded were those who had diabetes or a previous heart attack, stroke or procedure to open narrowed coronary arteries. Researchers measured four different types of ceramides in the blood at baseline and combined the values into a 12-point scale. Patients were grouped into four risk categories according to their ceramide levels: low (0–2), intermediate (3–6), moderate (7–9) and high (10–12). Over the eighteen years, researchers recorded occurrences of heart attack, stroke, revascularization and death. Overall, 5.1 percent of patients had a major cardiovascular event each year. But the risk of having an event became higher as ceramide level increased; for each 1-point increase in the ceramide risk score, the risk rose by 9 percent. The rate of events was double among people with the highest ceramide score compared with those with the lowest (8.1 vs. 4.1 percent, respectively). In patients without coronary artery disease following angiography, the rate of cardiovascular events was only 3.1 percent, lower than the average overall. But when researchers examined cardiovascular disease in this population by ceramide scores, people with the highest levels of ceramides were four times more likely to have an event compared with those with the lowest (7.8 vs. 2.2 percent, respectively). A similar trend was seen among people with low LDL levels (<100 mg/dL), typically considered a good LDL target. In this group, the rate of heart attack, stroke and revascularization and death was 3.7 percent among those with a low ceramide score, but 16.4 percent in people with the highest ceramide levels. “There is a need to identify patients at increased risk for cardiovascular events so that we can test strategies to prevent those events. This test seems to provide such information,” says Allan S. Jaffe, M.D., senior author of the study, cardiologist at Mayo Clinic and chair of the Division of Clinical Core Laboratory Services. The trial was funded by Mayo Clinic. The new test is available to health care providers worldwide through Mayo Medical Laboratories, which offers laboratory testing and pathology services to more than 4,000 health care organizations in more than 70 countries. Mayo Medical Laboratories collaborated with some of the original researchers who established the role of ceramides in cardiovascular disease and Zora Biosciences Oy, a diagnostics discovery company based in Finland, to develop and refine the test. The present study is also the first to test its clinical utility in a U.S. population. Co-authors are: Leslie Donato, Ph.D.; Sandra Bryant; Grant Spears; Peter Berger, M.D.; and Linnea Baudhuin, Ph.D., all of Mayo Clinic. ### About Mayo Clinic Mayo Clinic is a nonprofit organization committed to clinical practice, education and research, providing expert, whole-person care to everyone who needs healing. For more information, visit http://www.mayoclinic.org/about-mayo-clinic or https://newsnetwork.mayoclinic.org/. MEDIA CONTACT Traci Klein, Mayo Clinic Public Affairs, 507-284-5005, newsbureau@mayo.edu"
healthfact,8912,1,0,0.8651236,'What choice do I have?' Lock-down strands millions in China's Wuhan.
healthfact,7122,1,0,0.8628462,Judge weighs whether NC schools conspired to depress wages.
healthfact,6047,1,0,0.8627948,Inmate awaiting mental health treatment dies in Aspen jail.
healthfact,3854,1,0,0.8599779,3 Nebraska Medicaid providers honored for serving patients.
healthfact,2010,1,0,0.8587467,China to ban smoking at indoor public places.
healthfact,9995,1,0,0.85874593,"More evidence coffee, tea could prevent diabetes"
healthfact,20583,1,0,0.85870296,On mandatory ultrasounds before abortions.
healthfact,10665,1,0,0.85610795,"Timely use of Novartis' Entresto could prevent or postpone over 28,000 US deaths per year among HFrEF patients, according to an expert analysis in JAMA Cardiology"
healthfact,9444,1,0,0.8528862,First test of anti-epilepsy surgeries in children shows dramatic benefit
healthfact,3317,1,0,0.8526824,O’Rourke offers blue vision for red Texas during Nelson show.
healthfact,24790,1,0,0.8503295,"The stimulus bill contains ""$20 million for the removal of small to medium-sized fish passage barriers"" and ""$25 million to rehabilitate off-roading trails for ATVs."
fakehealth,news_reviews_00576,1,0,0.8479731,"Newswise — MONTREAL June 8, 2015 – Weekly sessions of non-invasive repetitive transcranial magnetic stimulation provided sufficient long-term pain relief in 61 percent of patients with central post-stroke pain, and delivered long-term relief for patients who continued for one year, according to a study presented at the International Neuromodulation Society 12th World Congress by Masahito Kobayashi, MD, PhD, of the Department of Neurosurgery, Saitama Medical University – Department of Neurology, Institute of Brain and Blood Vessels, Mihara Memorial Hospital in Saitama, Japan. Of 18 patients in the open-label series, 11 patients achieved satisfactory-to-excellent pain relief. Pain relief was sustained in six patients who continued treatment for one year. All patients received repetitive transcranial magnetic stimulation (rTMS) to their primary motor cortex once a week for at least 12 weeks. Satisfactory relief was considered a 40 - 69 percent reduction in pain scores (6 patients) and excellent relief, pain reduction of 70 percent or more (5 patients). Overall, 8 patients who had severe stroke-caused dysesthesias, such as uncomfortable numbness or prickling, experienced less relief than patients without severe dysesthesias, suggesting possible neural circuit damage was inhibiting response to treatment. The study participants had all been treated medically after a blood clot or bleed in one side of the brain (unilateral ischemic or hemorrhagic stroke). Several weeks into their recovery, they had begun to experience severe hand or leg pain as a consequence of brain damage from the stroke. Such central post-stroke pain can be extremely disabling and difficult to treat, impacting general functioning, mood, and overall quality of life. Since the 1990s, Japan has been an active center of research into the study of electrical motor cortex stimulation (EMCS) to treat post-stroke pain using surgically implanted devices. The study reported at the INS 12th World Congress builds on observations that electrical motor cortex stimulation’s effectiveness in relieving central post-stroke pain can be predicted by rTMS, suggesting the techniques share similar pain-relief mechanisms. However, Kobayashi and colleagues point out in their peer-reviewed online publication of this study, “Repetitive Transcranial Magnetic Stimulation Once a Week Induces Sustainable Long-Term Relief of Central Poststroke Pain” (Neuromodulation: Technology at the Neural Interface: April 23, 2015)[1] that there has still been controversy about the efficacy of rTMS in post-stroke pain. Kobayashi said in comparison to EMCS, his impression is rTMS efficacy seemed almost the same, without requiring surgery. In 2014, a review[2] suggested that there is probable efficacy (a level A recommendation) for short-term rTMS treatment of neuropathic pain, including central post-stroke pain, but did not speak to long-term efficacy. Since pain relief from rTMS increases a few days after treatment, weekly treatment sessions were selected to try to sustain pain relief at treatment intervals that could be maintained on an outpatient basis. Kobayashi believes neurologists would especially have an interest in this method, which is also attractive due to its low side-effect profile. None of the 18 patients reported any serious side effects from weekly sessions of 10 trains of 10-second 5Hz rTMS, at 90 percent of the active motor threshold. Two patients reported transient, slight scalp discomfort after rTMS. In addition to the potential of rTMS in pain relief, there has been growing research into noninvasive stimulation to augment progress in physical rehabilitation soon after stroke. It is believed that the stimulation aids in plasticity, the ability of the brain to gradually form new neural connections to take on functions previously performed by damaged areas. A first phase of the study assessed whether rTMS had a treatment effect on pain. In it, the research team randomly assigned six patients to receive either sham or active rTMS one week and the other treatment the next, measuring pain scores before and after each session. Once that phase had shown that rTMS did reduce the patients’ pain, an open-label treatment phase began. In this second phase, the 18 patients underwent 12 weekly rTMS sessions. The patients’ pain scores were measured just before each weekly session. Data were collected for eight years, ending in 2014. Kobayashi said that some patients really hoped to continue rTMS after the study because their pain worsened after rTMS treatment sessions were over, and almost all the patients said that after the study ended, their pain increased to the level before rTMS. He added that the remaining question to answer is whether the level of the patients’ severe uncontrollable pain would continue to decrease if rTMS continued for several years."
healthfact,5749,1,0,0.84627366,‘Hippie’ island off Seattle sees shift in low vaccine rate.
fakehealth,story_reviews_00688,1,0,0.8462306,"An ancient herbal remedy is getting fresh attention this cold and flu season. Some parents and even pediatricians believe elderberry extract or syrup can help kids stay healthy and lessen the symptoms when they do get sick. The Brennan family in Glen Rock, New Jersey, believes it works.. ""So we give the kids, and we take it ourselves, elderberry every morning right after breakfast,"" Kevin Brennan told CBS News. He whips up a homemade concoction using frozen elderberries, blueberries and honey. Some medical research suggests elderberry may reduce swelling in the mucous membranes to help relieve congestion. The Brennans' pediatrician, Dr. Lawrence Rosen, explains, ""Elderberry contains chemicals which are flavonoids which are anti-inflammatory agents."" Raw elderberry is poisonous. istockphoto One small study found an elderberry extract called Sambucol could shorten the duration of flu symptoms after a person gets sick by about 3 days. That would be similar to prescription antiviral medications like Tamiflu or Relenza, which have been proven effective in much larger studies and approved by the FDA to shorten the duration of the flu. ""There is not enough research about whether [elderberry] works in children and there is also isn't enough information about the proper dose in children,"" Dr. Anna Minta of Johns Hopkins Children's Center told CBS News. Before you start popping elderberries, beware: eating them raw can make you sick. The University of Maryland Medical Center says European elder, also called black elder, is the variety most often used for medicinal purposes. Raw or unripe elderberries, as well as other parts of the plant, contain a toxic compound related to cyanide. If the berries are not cooked thoroughly they can be poisonous. But Kevin Brennan says, for his family, the natural alternative seems to be working. ""The duration and the severity of how they get sick is much less and they get healthy quicker,"" he said."
healthfact,1532,1,0,0.8456088,"Hate daylight saving time? You may have a point, researchers say."
healthfact,37542,0,1,0.8404291,"A national four-week quarantine will start on April 1 2020, affecting the entire population of the United States."
healthfact,31440,0,1,0.84000355,A 31-year-old Cincinnati woman was taken to the hospital after the 14-month-old toddler she was babysitting got stuck in her vaginal cavity.
healthfact,8612,1,0,0.8392338,Scramble for masks as Italian region orders coronavirus cover-up.
healthfact,10979,0,1,0.83866084,"Drugs may make stents deadly, study says"
healthfact,2872,1,0,0.837976,Many younger U.S. adults skipping flu shots: report.
healthfact,8257,1,0,0.83565325,"UK pushes for more ventilators, hospital beds as coronavirus cases mount."
healthfact,14822,0,1,0.8352997,"Donald Trump Says 25 percent of U.S. Muslims ""agreed that violence against Americans here in the United States is justified as a part of the global jihad."
healthfact,36851,0,1,0.83368975,Hillary Clinton was forced to cancel a campaign event after a video showed her making lizard-like “bizarre eye movements” that prove she’s suffering the lingering effects of head trauma.
healthfact,2430,1,0,0.83252215,U.S. bishop may have exposed Catholics to hepatitis during Communion.
healthfact,968,1,0,0.83194613,Mozambique to start cholera vaccinations next week after cyclone.
healthfact,23913,1,0,0.826226,Two-thirds of the top-rated hospitals in Florida were our hospitals.
healthfact,16913,1,0,0.82416254,"In Iran in 1979, the extremists hijacked the broad-based popular revolution against the Shah and established a brutal theocracy."
healthfact,2853,1,0,0.82362515,FDA advisory panel backs Merck's blood clot-preventing drug.
healthfact,35211,1,0,0.822861,U.S. President Donald Trump golfed several times and held a number of rallies after learning about the threat of the coronavirus.
healthfact,15933,1,0,0.82030565,"Miscellany Blue Says a ""lawmaker seeks to defund Planned Parenthood for ‘cutting children into small pieces.’"
healthfact,3954,1,0,0.82008296,Kentucky reports 4 adults have died of the flu this season.
healthfact,5829,1,0,0.81876165,Arkansas Colleges of Health Education celebrates 5 years.
fakehealth,news_reviews_00042,1,0,0.8181357,"An international team of researchers has developed a simple laboratory score that is safer and faster at diagnosing patients who visit the emergency department with heart attack symptoms. The score, published in CMAJ (Canadian Medical Association Journal), can also identify patients at risk of subsequent heart issues after discharge. ""We have developed a simple lab score that is superior to using cardiac troponin alone for the identification of patients at low and high risk for heart attack or death at emergency department presentation,"" say Dr. Peter Kavsak, McMaster University, Hamilton, Ontario. According to Professor Andrew Worster, also from McMaster University, ""This lab score may reduce both the number of blood tests and time spent in the emergency department for chest pain patients."" Patients with chest pain symptoms require multiple blood tests over several hours before a diagnosis is reached. Previous studies using high-sensitivity cardiac troponin alone to rule out and rule in heart attacks have not consistently demonstrated sufficient safety to use in clinical practice. In this international study, researchers from Canada, Australia, New Zealand and Germany combined common laboratory blood tests available at many hospitals around the world to create a single laboratory score, or clinical chemistry score, to diagnose heart attack. These blood tests are part of the World Health Organization's list of essential in vitro diagnostics tests for health care facilities with clinical laboratories. The researchers validated the clinical chemistry score as a predictor of heart attack or death within 30 days using data on 4245 patients from emergency department studies in the four countries. Within one month of the emergency department visits, 727 heart attacks or death in patients occurred. A negative (or low-risk) clinical chemistry score at emergency department presentation missed only one of these events compared with up to 25 missed heart attacks/death when using a high-sensitivity cardiac troponin test alone. A positive (or high-risk) clinical chemistry score also identified about 75% of patients at high risk of heart attack or death when positive compared with a low of 40% detected when the high-sensitivity cardiac troponin test alone was positive. The clinical chemistry score worked equally well in men and women. The authors suggest the score can be useful for standardizing diagnoses and improving safety. ""Adoption of the clinical chemistry score algorithm would standardize reporting of high-sensitivity cardiac troponin test results, how the tests are interpreted in the normal range, and represent an option less susceptible to both analytical and preanalytical errors. This could result in the safest laboratory approach for physicians to use at presentation in the emergency department,"" says Dr. Kavsak. ### The Canadian Institutes of Health Research funded the study with reagent support from Abbott Laboratories and Roche Diagnostics. ""Clinical chemistry score versus high-sensitivity cardiac troponin I and T tests alone to identify patients at low or high risk for myocardial infarction or death at presentation to the emergency department"" is published August 20, 2018."
fakehealth,story_reviews_00061,1,0,0.81219417,"Fasting diets have gained popularity in the past few years, but the scientific evidence proving that they keep us healthy while they help us lose weight is sparse. Now, researchers have shed light on what one type of time-restricted eating does to the body. In a small, preliminary study, researchers put 23 obese volunteers on the 16:8 diet, a form of intermittent fasting. Followers of the popular regime eat during an eight-hour window, in this case between 10 a.m. and 6 p.m. And for the 16 hours in between, they consume only calorie-free drinks, such as water. For 12 weeks, the scientists measured various factors, including the participants' fat mass, blood pressure and cholesterol and glucose levels. The researchers compared the results to existing data from a separate weight loss trial carried out between 2011 and 2015. Individuals who ate between 10 a.m. and 6 p.m. consumed around 350 fewer calories, resulting in a loss of 3 percent body weight, and their blood pressure dropped by around 7mm Hg. However, their fat mass, insulin resistance and cholesterol levels were similar to the control group's. Getty Images Krista Varady, one of the study's authors and associate professor of kinesiology and nutrition at the University of Illinois at Chicago's School of Applied Health Sciences, said in a statement that the take-home message from the study is that cutting out certain foods or counting calories aren’t the only effective methods for losing weight. The authors noted that the results mirror those from previous studies of other forms of intermittent fasting, including alternate day fasting, where an individual eats normally every other day. Keep up with this story and more by subscribing now ""But one of the benefits of the 16:8 diet may be that it is easier for people to maintain. We observed that fewer participants dropped out of this study when compared to studies on other fasting diets,” said Varady. Further research is now needed to uncover whether 16:8 works better than other fasting diets in terms of weight loss and health benefits. The study's authors acknowledged that their preliminary data offers ""promise for the use of time-restricted feeding as a weight loss technique in obese adults, but longer-term, large-scale randomized controlled trials [are needed]."" Varady stressed that ""when it comes to weight loss, people need to find what works for them, because even small amounts of success can lead to improvements in metabolic health."" Commenting broadly on fast-style diets, James Catterson of the Institute of Healthy Ageing at University College London, who was not involved in the study, previously told Newsweek the jury is still out on fasting diets. He said that the data on the effects of fasting in animals are more convincing, probably because animals can be investigated in large sample sizes and in a highly controlled environment that is almost impossible to replicate in humans. ""There are also many studies that either report no overall effect or sometimes the opposite. And this is where it gets a bit murky, as it is very difficult to put proper controls in place when performing studies to do with nutrition,"" Catterson said. He concluded, ""So far, the consensus seems to be ‘let’s wait until more rigorous studies, with larger sample sizes that adjust for confounding lifestyle behaviors, have been performed before we conclude anything prematurely.'"""
healthfact,27545,1,0,0.81103367,A Texas girl required surgery after she swallowed part of a fidget spinner while cleaning it.
healthfact,2834,1,0,0.8105413,North Carolina ultrasound abortion law ruled illegal by judge.
healthfact,7301,1,0,0.80953866,County board votes to evict Planned Parenthood health clinic.
fakehealth,story_reviews_00980,1,0,0.80953294,"You wouldn’t last very long without oxygen. But just as rust slowly eats away at a nail, oxygen can age your body. As your cells use this vital element, they produce free radicals — unstable molecules that can damage your tissues and add wear and tear to your entire body, including your skin. Many anti-aging products promise younger-looking skin through the power of antioxidants, compounds that help neutralize free radicals before they can do any harm. Antioxidants such as vitamin E, vitamin C and beta carotene show up in a lot of sunscreens and lotions. But if you want your antioxidants to go more than skin deep, you might be interested in oral supplements. Proleva, a supplement from Allmera Nutraceuticals, contains antioxidants from several different sources, including green tea, acai berries, goji berries and resveratrol, a compound found in grape skins. Users are instructed to take two capsules once a day. You can buy a bottle of 60 capsules on the company website for about $60. Vivida, a supplement from Lifes2Good Inc., contains astaxanthin, an antioxidant that’s extracted from algae, along with vitamin C. Other ingredients include silica, from the horsetail plant, and a “marine extract” from cod and other ocean fish. Users are instructed to take one tablet in the morning and one in the evening. A bottle of 60 tablets costs about $50. Advertisement The claims According to the company website, Proleva is a “fountain of youth” that can give users “youthful, glowing skin.” The site adds that “healthy vibrant skin comes not from a cream but from within.” (The site also says that the supplement will improve memory, enhance the immune system and speed healing, but those are claims for another time.) Ron Slavick, the managing director of Allmera Nutraceuticals, says many Proleva customers boast of their softer, younger-looking skin. “You can’t treat skin with lotions and potions,” he says. “Healthy skin is a reflection of the health of the body.” He believes that the natural plant extracts in Proleva work better than the artificially produced antioxidants found in most multivitamins. The website for Vivida says that the product “nourishes skin from the inside” to make it “smoother, firmer, and healthier.” Lifes2Good President Mark Holland says that antioxidants help “take impurities away from the skin” while softening fine lines and wrinkles. According to Holland, the antioxidants work together with the marine extract to keep the skin moist and supple. Advertisement The bottom line Over the years, scientists have largely dashed the hopes that antioxidants could be the secret to good health and longer lives. Studies have failed to show that antioxidant supplements such as vitamin E and beta carotene can prevent heart disease, cancer or other major diseases. There’s still some hope that antioxidants can help the skin, but the results likely aren’t as dramatic as the companies suggest, says Dr. Patricia Farris, a fellow of the American Academy of Dermatology who has a cosmetic dermatology practice in Metarie, La. “These products are over-hyped,” Farris says. “Only a few studies show that you can improve the appearance of skin with any type of supplement.” According to Farris, some but not all studies suggest that antioxidants can help protect the skin from sun damage, one of the major causes of wrinkles. But she notes that this would only prevent signs of aging, not fix any problems that a person already has. “I tell patients that antioxidants might help protect the skin, but they won’t repair the skin,” she says. Proponents of antioxidants can point to a few studies with encouraging results. For example, a German study of 36 adults published in 2006 in the journal Skin Pharmacology and Physiology found that volunteers taking supplements containing the antioxidants lutein, selenium and lycopene (among other things) had measurably smoother skin after 12 weeks. There were no such benefits for the subjects taking a placebo. The changes were assessed with a scanning device, and it’s unclear if any benefits were visible to the naked eye. In an unpublished, company-funded study provided by Holland, 83 women who took Vivida reported generally positive results. After 12 weeks, 74% said that their skin looked smoother and softer. These results weren’t confirmed by a dermatologist or anyone else, and there was no control group for comparison. Plant-based nutrients deserve more study, but the field is still in its infancy, says Dr. David McDaniel, an assistant professor of clinical dermatology at Eastern Virginia Medical School who runs a cosmetic dermatology clinic in Virginia Beach. Because products vary widely in their ingredients and their doses, he can’t recommend any particular product without evidence to back it up. “Without well-designed, statistically valid trials, I’m a skeptic,” he says. Advertisement Curious about a consumer health product? Send an email to health@latimes.com. Read more at latimes.com/skeptic."
fakehealth,news_reviews_00321,0,1,0.8086286,"A new Norwegian diet intervention study (FATFUNC), performed by researchers at the KG Jebsen center for diabetes research at the University of Bergen, raises questions regarding the validity of a diet hypothesis that has dominated for more than half a century: that dietary fat and particularly saturated fat is unhealthy for most people. The researchers found strikingly similar health effects of diets based on either lowly processed carbohydrates or fats. In the randomized controlled trial, 38 men with abdominal obesity followed a dietary pattern high in either carbohydrates or fat, of which about half was saturated. Fat mass in the abdominal region, liver and heart was measured with accurate analyses, along with a number of key risk factors for cardiovascular disease. ""The very high intake of total and saturated fat did not increase the calculated risk of cardiovascular diseases,"" says professor and cardiologist Ottar Nygård who contributed to the study. ""Participants on the very-high-fat diet also had substantial improvements in several important cardiometabolic risk factors, such as ectopic fat storage, blood pressure, blood lipids (triglycerides), insulin and blood sugar."" High quality food is healthier Both groups had similar intakes of energy, proteins, polyunsaturated fatty acids, the food types were the same and varied mainly in quantity, and intake of added sugar was minimized. ""We here looked at effects of total and saturated fat in the context of a healthy diet rich in fresh, lowly processed and nutritious foods, including high amounts of vegetables and rice instead of flour-based products,"" says PhD candidate Vivian Veum. ""The fat sources were also lowly processed, mainly butter, cream and cold-pressed oils."" Total energy intake was within the normal range. Even the participants who increased their energy intake during the study showed substantial reductions in fat stores and disease risk. ""Our findings indicate that the overriding principle of a healthy diet is not the quantity of fat or carbohydrates, but the quality of the foods we eat,"" says PhD candidate Johnny Laupsa-Borge. Saturated fat increases the ""good"" cholesterol Saturated fat has been thought to promote cardiovascular diseases by raising the ""bad"" LDL cholesterol in the blood. But even with a higher fat intake in the FATFUNC study compared to most comparable studies, the authors found no significant increase in LDL cholesterol. Rather, the ""good"" cholesterol increased only on the very-high-fat diet. ""These results indicate that most healthy people probably tolerate a high intake of saturated fat well, as long as the fat quality is good and total energy intake is not too high. It may even be healthy,"" says Ottar Nygård. ""Future studies should examine which people or patients may need to limit their intake of saturated fat,"" assistant professor Simon Nitter Dankel points out, who led the study together with the director of the laboratory clinics, professor Gunnar Mellgren, at Haukeland university hospital in Bergen, Norway. ""But the alleged health risks of eating good-quality fats have been greatly exaggerated. It may be more important for public health to encourage reductions in processed flour-based products, highly processed fats and foods with added sugar,"" he says. ### Facts: The FATFUNC-study"
fakehealth,story_reviews_00283,1,0,0.8081725,"People with psoriasis who haven’t seen improvement with standard treatments now have a new option. The Food and Drug Administration (FDA) has approved the injectable drug Siliq (broadalumab) for the treatment of moderate-to-severe plaque psoriasis in adults. Because of an association with suicidal thoughts and behaviors, Siliq will be sold with a “black box” warning and should be considered only for patients whose psoriasis has not responded—or has stopped responding—to phototherapy or to other systemic medicines taken orally or via injection. Plaque psoriasis is an autoimmune condition that causes cells to build up on the surface of the skin, forming thick red patches and flaky silver-white scales. Current treatment options for psoriasis include topical treatments (like corticosteroids) phototherapy (using an ultraviolet light box or a laser) and systemic drugs—delivered via a pill, an injection or an IV infusion—that work throughout the body. Siliq is unique because it binds to the receptor of a protein called interleukin-17, a known contributor to inflammation. By blocking the receptor from being activated, it keeps the body from receiving signals that can fuel inflammatory responses and psoriasis progression. Two other psoriasis drugs currently on the market work similarly, but instead bind to the protein itself. Health Newsletter Get the latest health and science news, plus: burning questions and expert tips. View Sample Sign Up Now This small difference is significant, says Dr. Richard Fried, a member of the National Psoriasis Foundation medical board, since responses to drug treatments can vary dramatically from person to person. “Having another agent in our armamentarium that works by a different mechanism is a welcome addition and may prove beneficial to many psoriasis suffers,” he says in an email. (Fried says he has no involvement with the drug or the drug company.) In the three clinical trials considered for drug approval, more than 50% of patients who used Siliq achieved total skin clearance—the ultimate goal of psoriasis treatments—within a year. The most common side effects of the drug were joint and muscle pain, headache, fatigue, diarrhea, throat pain, nausea, flu, low white blood cell count, fungal infections and reactions at the injection site. The drug also comes with a more serious warning, as well. In a total of six clinical trials totaling about 6,200 participants, six suicides were reported by people receiving Siliq. People with a history of suicide attempts or depression had an increased risk of suicidal ideation and behavior. Get The Brief. Sign up to receive the top stories you need to know right now. Choose your country United States of America Afghanistan Albania Algeria American Samoa Andorra Angola Anguilla Antigua and Barbuda Argentina Armenia Aruba Australia Austria Azerbaijan Bahamas Bahrain Bangladesh Barbados Belarus Belgium Belize Benin Bermuda Bhutan Bolivia Bosnia and Herzegovina Botswana Brazil Brunei Darussalam Bulgaria Burkina Faso Burundi Cambodia Cameroon Canada Cape Verde Cayman Islands Central African Republic Chad Chile China Colombia Comoros Congo Congo, Democratic Republic of Cook Islands Costa Rica Cote d'Ivoire Croatia Cuba Cyprus Czech Republic Denmark Djibouti Dominica Dominican Republic Ecuador Egypt El Salvador Equatorial Guinea Eritrea Estonia Ethiopia Faeroe Islands Falkland Islands (Malvinas) Fiji Finland France French Guiana French Polynesia Gabon Gambia Georgia Germany Ghana Gibraltar Greece Greenland Grenada Guadeloupe Guam Guatemala Guinea Guinea-Bissau Guyana Haiti Holy See Honduras Hong Kong Hungary Iceland India Indonesia Iran Iraq Ireland Israel Italy Jamaica Japan Jordan Kazakhstan Kenya Kiribati Korea Kuwait Kyrgyzstan Laos Latvia Lebanon Lesotho Liberia Libyan Arab Jamahiriya Liechtenstein Lithuania Luxembourg Macao Macedonia Madagascar Malawi Malaysia Maldives Mali Malta Marshall Islands Martinique Mauritania Mauritius Mayotte Mexico Micronesia Monaco Mongolia Montserrat Morocco Mozambique Myanmar Namibia Nauru Nepal Netherlands Netherlands Antilles New Caledonia New Zealand Nicaragua Niger Nigeria Niue Norfolk Island Northern Mariana Islands Norway Oman Pakistan Palau Palestinian Territory, Occupied Panama Papua New Guinea Paraguay Peru Philippines Pitcairn Poland Portugal Puerto Rico Qatar Republic of Korea Republic of Moldova Reunion Romania Russian Federation Rwanda Saint Helena Saint Kitts and Nevis Saint Lucia Saint Pierre and Miquelon Saint Vincent and the Grenadines Samoa San Marino Sao Tome and Principe Saudi Arabia Senegal Serbia and Montenegro Seychelles Sierra Leone Singapore Slovakia Slovenia Solomon Islands Somalia South Africa Spain Sri Lanka Sudan Suriname Svalbard and Jan Mayen Islands Swaziland Sweden Switzerland Syrian Arab Republic Taiwan Tajikistan Tanzania, United Republic of Thailand Timor-Leste Togo Tokelau Tonga Trinidad and Tobago Tunisia Turkey Turkmenistan Turks and Caicos Islands Tuvalu Uganda Ukraine United Arab Emirates United Kingdom Virgin Islands (U.S.) Virgin Islands (British) Uruguay Uzbekistan Vanuatu Venezuela Viet Nam Wallis and Futuna Islands Western Sahara Yemen Zambia Zimbabwe Please enter a valid email address. Please select your country. I can confirm I have read and accept the Terms Of Use. Please check to proceed. Sign Up Now You may unsubscribe from email communication at any time. See our Privacy Policy for further details. Thank you! For your security, we've sent a confirmation email to the address you entered. Click the link to confirm your subscription and begin receiving our newsletters. If you don't get the confirmation within 10 minutes, please check your spam folder. Because of these events, the labeling for Siliq will include a Boxed Warning, and the drug will only be available through a restricted REMS (Risk Evaluation and Mitigation Strategy) program. In order to prescribe it, doctors must be certified with the program and must counsel patients about this risk. Patients must also agree to seek medical attention should they experience new or worsening mood changes, anxiety or suicidal thoughts. A causal association between Siliq and increased risk of suicidal ideation and behavior has not been established. Fried, a dermatologist and clinical psychologist, points out that psoriasis itself can be associated with mental health problems. “Effective treatment has consistently shown reduction in the incidence and severity of depression and reduced likelihood of suicide,” says Fried. He adds that the data on Siliq suggests that it is not only effective in treating psoriasis, but that many patients experience improvement in anxiety and depression, as well. Siliq, like other psoriasis medications, also affects the immune system. It can raise patients’ risk of infections and shouldn’t be used by people with certain chronic conditions, such as Crohn’s disease or active tuberculosis infections. People should also avoid immunizations with live vaccines while being treated with Siliq. “Patients and their health care providers should discuss the benefits and risks of Siliq before considering treatment,” said Dr. Julie Beitz, director of the Office of Drug Evaluation III in the FDA’s Center for Drug Evaluation and Research, in an agency press release. The drug’s recommended dosage schedule is an injection once a week for the first three weeks, followed by an injection every other week. Valeant Pharmaceuticals, Siliq’s manufacturer, says that pricing information is not available at this time, and expects to begin sales and marketing in the second half of 2017. Contact us at editors@time.com."
healthfact,7394,1,0,0.8070993,Gene-editing Chinese scientist kept much of his work secret.
healthfact,7968,1,0,0.8068331,U.S. doctors on coronavirus frontline seek protection from malpractice suits.
fakehealth,story_reviews_00421,1,0,0.8064147,"About 800,000 people in the United States suffer from a stroke each year. Of those who survive, about 70 percent will be left disabled, making the cardiac event a major cause of adult disability. While there are therapies to help improve patients' mobility, they’re only effective within the first few hours of an event. Recently, researchers from the Stanford University School of Medicine have made it their mission to improve these outcomes. They hypothesized that injecting stem cells into the brains of chronic stroke patients would increase their survival rates. And in a clinical trial testing the technique, researchers found injections can safely improve patients' motor function. “What surprised us most was the remarkable recovery some patients had,” Dr. Gary Steinberg, professor and chair of neurosurgery at Stanford, told Medical Daily, “While we had hoped for that, we didn’t really expect it. Patients recover from strokes over the first six months, and then there’s very little recovery [after that]. You know, they go to rehab and there’s not much more [more] they can recover usually.” For the study, Steinberg and his team recruited 18 patients who had suffered their first and only stroke six months to three years prior to the trial. Each patient had a small hole drilled through their skulls in order for researchers to be able to inject stem cells taken from the bone marrow of two donors directly into parts of their brains that were damaged from stroke. After patients were sent home, researchers continued to monitor their health through blood tests, clinical evaluations, and brain imaging. Results showed that the implanted stem cells didn’t survive very long in the brain, disappearing about one to two months after injections; however, patients still showed significant motor recovery at six and 12 months post-surgery. Some of the patients bound to wheelchairs were even able to walk again. “The recovery some patients showed was not just minimal, it was significant,” said Steinberg, who has researched stem cell therapies for more than 15 years. “It wasn’t just someone who couldn’t move their thumb now being able to move their thumb, [it was more profound than that]."" The types of stem cells used, called mesenchymal stem cells, can differentiate into a variety of cell types. In other words, they are the precursors to muscle, fat, bone, and tendon tissue. Past research has shown that these cells can be used to treat the effects of hypoxic-ischemic encephalopathy, brain damage caused by loss of oxygen. In Steinberg's study, it did not “cause problems by differentiating into unwanted tissues or forming tumors.” And even when the stem cells came from an unrelated donor, the participants did not experience a strong immune reaction. Although more than 75 percent of patients reported suffering headaches afterward, the researchers said it was probably due to the surgical procedure rather than the stem cells themselves. Furthermore, there were no life-threatening effects linked to the procedure used to administer them. Motor improvement was also independent of the severity of the stroke patients’ conditions— an important detail considering older adults tend to respond less to treatment, the researchers said. In addition to setting the stage for an expanded trial of the procedure, the promising results also change “our notion of what happens after a stroke,” Steinberg explained. The findings suggest that stroke-damaged areas of the brain, once thought to be dead or irreversible, can actually be “resurrected.” Source: Steinberg G, Kondziolka D, Wechsler L, et al. Clinical Outcomes of Transplanted Modified Bone Marrow-Derived Mesenchymal Stem Cells in Stroke: A Phase 1/2a Study. Stroke. 2016."
healthfact,6478,1,0,0.8014918,Bald eagle died of lead poisoning in Montana’s Glacier Park.
