dataset,record_id,label,tfidf_prediction,biobert_prediction,tfidf_prob_0,tfidf_prob_1,tfidf_confidence,biobert_prob_0,biobert_prob_1,biobert_confidence,text,model_text
healthfact,26678,1,0,1,0.7165312947112694,0.2834687052887306,0.7165312947112694,0.0051235883,0.99487644,0.99487644,"Viral image Says 80% of novel coronavirus cases are ""mild.","Viral image Says 80% of novel coronavirus cases are ""mild."
healthfact,29144,0,1,0,0.4782138987948234,0.5217861012051765,0.5217861012051765,0.5306983,0.46930176,0.5306983,Queen Elizabeth II wore a Burmese Ruby Tiara as a slight against U.S. President Donald Trump.,Queen Elizabeth II wore a Burmese Ruby Tiara as a slight against U.S. President Donald Trump.
healthfact,9960,0,1,0,0.3893358843162802,0.6106641156837198,0.6106641156837198,0.69255495,0.30744505,0.69255495,Scientists look to stem cells to mend broken hearts,Scientists look to stem cells to mend broken hearts
healthfact,11523,0,1,0,0.2838200359974725,0.7161799640025275,0.7161799640025275,0.5103041,0.48969588,0.5103041,Study suggests a second LDL test,Study suggests a second LDL test
healthfact,10970,1,0,1,0.5073552167871385,0.4926447832128616,0.5073552167871385,0.1179385,0.88206154,0.88206154,"To reverse damage of sitting, take a brisk, hour-long walk","To reverse damage of sitting, take a brisk, hour-long walk"
healthfact,22800,1,0,1,0.5006906919626652,0.4993093080373347,0.5006906919626652,0.2788092,0.72119087,0.72119087,The city of Atlanta has $56 million in its reserves.,The city of Atlanta has $56 million in its reserves.
healthfact,5571,1,0,1,0.7421097581303584,0.2578902418696416,0.7421097581303584,0.008737645,0.9912623,0.9912623,CVI: The impairment affecting children whose eyes are fine.,CVI: The impairment affecting children whose eyes are fine.
healthfact,28092,1,0,1,0.7328321979921655,0.2671678020078344,0.7328321979921655,0.41786763,0.5821323,0.5821323,Immigration authorities are taking rosaries away from immigrants at the border.,Immigration authorities are taking rosaries away from immigrants at the border.
healthfact,33919,0,1,0,0.4998792716024113,0.5001207283975887,0.5001207283975887,0.60949284,0.39050722,0.60949284,A list compiles Andy Rooney's wry observations on a variety of topics.,A list compiles Andy Rooney's wry observations on a variety of topics.
healthfact,33983,0,1,0,0.4499180277098359,0.5500819722901641,0.5500819722901641,0.8224605,0.17753959,0.8224605,NASA and NOAA faked climate data in the GISTEMP global temperature record to exaggerate global warming.,NASA and NOAA faked climate data in the GISTEMP global temperature record to exaggerate global warming.
healthfact,20583,1,0,1,0.7547750019659134,0.2452249980340865,0.7547750019659134,0.070668966,0.929331,0.929331,On mandatory ultrasounds before abortions.,On mandatory ultrasounds before abortions.
healthfact,15867,0,1,0,0.2100482259659825,0.7899517740340175,0.7899517740340175,0.5582724,0.44172758,0.5582724,"Drug Policy Alliance Says Debbie Wasserman Schultz ""voted repeatedly to send terminally ill patients to prison.","Drug Policy Alliance Says Debbie Wasserman Schultz ""voted repeatedly to send terminally ill patients to prison."
healthfact,2654,1,0,1,0.56293028159577,0.4370697184042301,0.56293028159577,0.0010400916,0.9989599,0.9989599,French breast implant boss arrested.,French breast implant boss arrested.
healthfact,11399,0,1,0,0.4596482050445337,0.5403517949554663,0.5403517949554663,0.68892354,0.31107646,0.68892354,Blood Test May Predict Rheumatoid Arthritis,Blood Test May Predict Rheumatoid Arthritis
healthfact,37894,1,0,1,0.7584940270184048,0.2415059729815951,0.7584940270184048,0.4679755,0.53202444,0.53202444,"Dr. Deborah Birx said at a press conference concerning testing for COVID-19 that ""At $50 a test, it wasn’t enough to hire another technician to run the machine full-time. So at $100 a test, it is.","Dr. Deborah Birx said at a press conference concerning testing for COVID-19 that ""At $50 a test, it wasn’t enough to hire another technician to run the machine full-time. So at $100 a test, it is."
healthfact,33361,0,1,0,0.3459576138083632,0.6540423861916368,0.6540423861916368,0.8830576,0.11694245,0.8830576,"HIV-positive basketball star Earvin ""Magic"" Johnson donated blood to patients with leukemia.","HIV-positive basketball star Earvin ""Magic"" Johnson donated blood to patients with leukemia."
healthfact,27351,1,0,1,0.8936923761728217,0.1063076238271783,0.8936923761728217,0.45469254,0.54530746,0.54530746,"In February and March 2018, hundreds of Canadian doctors signed a petition asking for the cancellation of pay deals from which they would personally benefit.","In February and March 2018, hundreds of Canadian doctors signed a petition asking for the cancellation of pay deals from which they would personally benefit."
healthfact,29946,0,1,0,0.4947963253826448,0.5052036746173552,0.5052036746173552,0.58303523,0.4169648,0.58303523,U.S. Representatives Rashid Tlaib and Ilhan Omar co-sponsored legislation to recognize Muslim holidays as federal holidays.,U.S. Representatives Rashid Tlaib and Ilhan Omar co-sponsored legislation to recognize Muslim holidays as federal holidays.
healthfact,25743,0,1,0,0.2716343031872837,0.7283656968127162,0.7283656968127162,0.56154776,0.43845227,0.56154776,The coronavirus has seen a “big surge in New Zealand. It's terrible. We don't want that.,The coronavirus has seen a “big surge in New Zealand. It's terrible. We don't want that.
healthfact,27236,1,0,1,0.8173441381752251,0.1826558618247748,0.8173441381752251,0.47970325,0.52029675,0.52029675,"A photograph shows the Arch of Baal erected on the National Mall in Washington, D.C.","A photograph shows the Arch of Baal erected on the National Mall in Washington, D.C."
healthfact,29548,0,1,0,0.1529682349321275,0.8470317650678725,0.8470317650678725,0.7333217,0.26667824,0.7333217,"Students at Emory University were offered ""emergency counseling"" after pro-Trump graffiti appeared overnight in campus ""safe spaces.","Students at Emory University were offered ""emergency counseling"" after pro-Trump graffiti appeared overnight in campus ""safe spaces."
healthfact,31986,0,1,0,0.4762177625066633,0.5237822374933366,0.5237822374933366,0.9265775,0.07342249,0.9265775,"The term ""Black Friday"" originated with the practice of selling off slaves on the day after Thanksgiving.","The term ""Black Friday"" originated with the practice of selling off slaves on the day after Thanksgiving."
healthfact,28126,1,0,1,0.6138570254039218,0.3861429745960781,0.6138570254039218,0.49872833,0.50127167,0.50127167,"An increase in documented cases of people ""scromiting"" (screaming while vomiting) is linked to chronic heavy marijuana use.","An increase in documented cases of people ""scromiting"" (screaming while vomiting) is linked to chronic heavy marijuana use."
healthfact,39292,0,1,0,0.3697778697763436,0.6302221302236564,0.6302221302236564,0.806131,0.19386904,0.806131,Pro-life activists say Girl Scout cookie sales benefit Planned Parenthood and have called for a boycott.,Pro-life activists say Girl Scout cookie sales benefit Planned Parenthood and have called for a boycott.
healthfact,30817,0,1,0,0.496966282888739,0.503033717111261,0.503033717111261,0.71774703,0.282253,0.71774703,Authorities in Kenya warned of a new outbreak of HPV that spreads through kissing and is deadlier than HIV/Aids.,Authorities in Kenya warned of a new outbreak of HPV that spreads through kissing and is deadlier than HIV/Aids.
healthfact,25301,1,0,1,0.8328704306965182,0.1671295693034817,0.8328704306965182,0.49148995,0.50851005,0.50851005,"In the Illinois Legislature, Barack Obama ""voted 'present,' instead of yes or no"" on seven votes involving abortion rights.","In the Illinois Legislature, Barack Obama ""voted 'present,' instead of yes or no"" on seven votes involving abortion rights."
healthfact,24475,0,1,0,0.3431610555172447,0.6568389444827553,0.6568389444827553,0.7941342,0.20586574,0.7941342,"The Baucus health care bill ""could be used to ban guns in home self-defense.","The Baucus health care bill ""could be used to ban guns in home self-defense."
healthfact,12507,1,0,1,0.538357472427198,0.461642527572802,0.538357472427198,0.18015794,0.81984204,0.81984204,Planned Parenthood is the biggest abortion provider in the country.,Planned Parenthood is the biggest abortion provider in the country.
healthfact,40445,0,1,0,0.4060781794087199,0.5939218205912801,0.5939218205912801,0.6380485,0.3619514,0.6380485,A warning about a chemical called benzene that is linked to cancer such as leukemia . The warning says that benzene can build up inside parked automobiles and suggests that drivers roll down their windows to ventilate the car’s interior prior to switching on the air conditioner.,A warning about a chemical called benzene that is linked to cancer such as leukemia . The warning says that benzene can build up inside parked automobiles and suggests that drivers roll down their windows to ventilate the car’s interior prior to switching on the air conditioner.
healthfact,22704,1,0,1,0.5206245573488617,0.4793754426511382,0.5206245573488617,0.18572874,0.8142713,0.8142713,"Of the top five cities for staged automobile accidents, three are in Florida. … We rank No. 1 in the country in staged auto accidents.","Of the top five cities for staged automobile accidents, three are in Florida. … We rank No. 1 in the country in staged auto accidents."
healthfact,24238,1,0,1,0.793911827463995,0.2060881725360049,0.793911827463995,0.4018429,0.5981571,0.5981571,"As bank president, Alex Sink eliminated thousands of Florida jobs while taking over $8 million in salary and bonuses.","As bank president, Alex Sink eliminated thousands of Florida jobs while taking over $8 million in salary and bonuses."
healthfact,11354,1,0,1,0.6045878926061711,0.3954121073938289,0.6045878926061711,0.4083633,0.5916367,0.5916367,Stem Cell Research: The Quest Resumes,Stem Cell Research: The Quest Resumes
healthfact,27220,1,0,1,0.7690135942025027,0.2309864057974973,0.7690135942025027,0.2930262,0.7069738,0.7069738,The school shooting rate in non-Christian Japan is vastly lower than that of mostly Christian Texas.,The school shooting rate in non-Christian Japan is vastly lower than that of mostly Christian Texas.
healthfact,10438,0,1,0,0.4051845663492438,0.5948154336507562,0.5948154336507562,0.50114346,0.49885657,0.50114346,Panel recommends pneumonia vaccine for adult smokers,Panel recommends pneumonia vaccine for adult smokers
healthfact,7848,1,0,1,0.5971274322963387,0.4028725677036613,0.5971274322963387,0.021084776,0.97891515,0.97891515,Five minutes in the green can boost self esteem.,Five minutes in the green can boost self esteem.
healthfact,29768,0,1,0,0.2298417354993258,0.7701582645006742,0.7701582645006742,0.92317766,0.07682238,0.92317766,Dutch teen author Noa Pothoven was voluntarily euthanized.,Dutch teen author Noa Pothoven was voluntarily euthanized.
healthfact,17712,1,0,1,0.757767519792524,0.242232480207476,0.757767519792524,0.48132014,0.5186799,0.5186799,"Hilary Rosen Says Chris Christie ""vetoed Planned Parenthood funding five times over the course of his governorship.","Hilary Rosen Says Chris Christie ""vetoed Planned Parenthood funding five times over the course of his governorship."
healthfact,993,1,0,1,0.5127247738544711,0.4872752261455288,0.5127247738544711,0.0064876364,0.99351233,0.99351233,"In an impoverished Chilean suburb, a recycling drive flourishes.","In an impoverished Chilean suburb, a recycling drive flourishes."
healthfact,37509,1,0,1,0.6291211137971939,0.370878886202806,0.6291211137971939,0.29592818,0.7040718,0.7040718,"In January 2017, Dr. Anthony Fauci predicted a serious pandemic during U.S. President Donald Trump's tenure in office.","In January 2017, Dr. Anthony Fauci predicted a serious pandemic during U.S. President Donald Trump's tenure in office."
healthfact,9692,0,1,0,0.2939458450679664,0.7060541549320336,0.7060541549320336,0.77182716,0.2281729,0.77182716,Cortisol levels in children's hair may reveal future mental health risk,Cortisol levels in children's hair may reveal future mental health risk
healthfact,2364,1,0,1,0.5728794011338258,0.4271205988661741,0.5728794011338258,0.007626542,0.9923734,0.9923734,Scientists grow viable vaginas from girls' own cells.,Scientists grow viable vaginas from girls' own cells.
healthfact,31320,0,1,0,0.2797157547143553,0.7202842452856447,0.7202842452856447,0.6381472,0.36185282,0.6381472,"Covfefe"" means something, anything.","Covfefe"" means something, anything."
healthfact,26434,1,0,1,0.6453953599406608,0.3546046400593393,0.6453953599406608,0.47180098,0.5281991,0.5281991,Virginia has “lagged behind other states when it comes to (covid-19) testing.”,Virginia has “lagged behind other states when it comes to (covid-19) testing.”
healthfact,37884,1,0,1,0.544397569919199,0.455602430080801,0.544397569919199,0.4837915,0.5162086,0.5162086,"Although Georgia Gov. Brian Kemp ""opened"" the state, his mansion remained closed for tours during the COVID-19 pandemic.","Although Georgia Gov. Brian Kemp ""opened"" the state, his mansion remained closed for tours during the COVID-19 pandemic."
healthfact,9853,1,0,1,0.6095891132386373,0.3904108867613626,0.6095891132386373,0.48524544,0.51475453,0.51475453,Test may help predict colon cancer recurrence risk,Test may help predict colon cancer recurrence risk
healthfact,14124,0,1,0,0.3252975090657599,0.6747024909342401,0.6747024909342401,0.5289295,0.4710705,0.5289295,"A three-cents-per-ounce soda tax in Philadelphia ""would result in the loss of 2,000 family-sustaining Teamster Union jobs and countless other jobs in the beverage industry.","A three-cents-per-ounce soda tax in Philadelphia ""would result in the loss of 2,000 family-sustaining Teamster Union jobs and countless other jobs in the beverage industry."
healthfact,35972,1,0,1,0.6308359938129091,0.3691640061870908,0.6308359938129091,0.15076396,0.8492361,0.8492361,Current expenditures could likely cover the estimated costs of Medicare for All.,Current expenditures could likely cover the estimated costs of Medicare for All.
healthfact,26961,0,1,0,0.348578895256901,0.651421104743099,0.651421104743099,0.91554815,0.084451854,0.91554815,Event 201 “gave out stuffed souvenir coronavirus toys” to “commemorate” Novel coronavirus outbreak,Event 201 “gave out stuffed souvenir coronavirus toys” to “commemorate” Novel coronavirus outbreak
healthfact,15378,1,0,1,0.6681105574976232,0.3318894425023768,0.6681105574976232,0.46293128,0.53706867,0.53706867,"Hillary Clinton Says she ""called for addressing risks of derivatives, cracking down on subprime mortgages and improving financial oversight"" early on in the financial crisis.","Hillary Clinton Says she ""called for addressing risks of derivatives, cracking down on subprime mortgages and improving financial oversight"" early on in the financial crisis."
healthfact,2591,1,0,1,0.6456437339441307,0.3543562660558693,0.6456437339441307,0.011951027,0.988049,0.988049,"For a full-body workout, drumming is the novelty to beat.","For a full-body workout, drumming is the novelty to beat."
healthfact,9496,1,0,1,0.6915120466631296,0.3084879533368704,0.6915120466631296,0.109258935,0.89074105,0.89074105,Therapy animals are everywhere. Proof that they help is not.,Therapy animals are everywhere. Proof that they help is not.
healthfact,13391,0,1,0,0.3380071782803852,0.6619928217196148,0.6619928217196148,0.5674978,0.43250215,0.5674978,"Mike Coffman Says state Sen. Morgan Carroll's votes made ""it easier to sue doctors, small businesses, even nurses. Putting her own shady interests first.","Mike Coffman Says state Sen. Morgan Carroll's votes made ""it easier to sue doctors, small businesses, even nurses. Putting her own shady interests first."
healthfact,17243,1,0,1,0.6838500361666067,0.3161499638333934,0.6838500361666067,0.395123,0.604877,0.604877,"Women ""are still paid 82 cents for every dollar a man earns in Texas.","Women ""are still paid 82 cents for every dollar a man earns in Texas."
healthfact,16891,1,0,1,0.5156109390952393,0.4843890609047607,0.5156109390952393,0.2922361,0.70776397,0.70776397,"The typical Wisconsin worker makes $5,000 less each year than our neighbors in Minnesota"" under Gov. Scott Walker’s policies.","The typical Wisconsin worker makes $5,000 less each year than our neighbors in Minnesota"" under Gov. Scott Walker’s policies."
healthfact,4122,1,0,1,0.6537799361261278,0.3462200638738722,0.6537799361261278,0.0012987865,0.9987012,0.9987012,"Cracking the mysteries of the elusive, majestic whale shark.","Cracking the mysteries of the elusive, majestic whale shark."
healthfact,30280,0,1,0,0.3893785941139435,0.6106214058860565,0.6106214058860565,0.81596595,0.18403403,0.81596595,"The University of Louisville Hospital confirmed the deaths of 16 people from a rare strain of the ""HR3211 virus.","The University of Louisville Hospital confirmed the deaths of 16 people from a rare strain of the ""HR3211 virus."
healthfact,33578,0,1,0,0.304914396362814,0.695085603637186,0.695085603637186,0.83471453,0.16528551,0.83471453,"The web site Genpets.com sells mass-produced, bioengineered pets.","The web site Genpets.com sells mass-produced, bioengineered pets."
healthfact,38349,0,1,0,0.2501071088842944,0.7498928911157056,0.7498928911157056,0.5819871,0.41801286,0.5819871,A report of a 7-year-old girl who got breast implants has stirred controversy.,A report of a 7-year-old girl who got breast implants has stirred controversy.
healthfact,9698,1,0,1,0.6666366462277964,0.3333633537722036,0.6666366462277964,0.10886831,0.89113176,0.89113176,12 Minutes of Yoga for Better Bone Health,12 Minutes of Yoga for Better Bone Health
healthfact,14799,1,0,1,0.5539110602541508,0.4460889397458492,0.5539110602541508,0.21597888,0.78402114,0.78402114,"Since 2004, more than 2,000 suspected terrorists have legally purchased weapons in the United States.","Since 2004, more than 2,000 suspected terrorists have legally purchased weapons in the United States."
healthfact,37542,0,1,0,0.4123791423138885,0.5876208576861115,0.5876208576861115,0.5643711,0.43562883,0.5643711,"A national four-week quarantine will start on April 1 2020, affecting the entire population of the United States.","A national four-week quarantine will start on April 1 2020, affecting the entire population of the United States."
healthfact,22813,1,0,1,0.8238089365559524,0.1761910634440475,0.8238089365559524,0.39151618,0.60848385,0.60848385,"In 1981, Matagorda, Brazoria, and Galveston Counties all opted out of the Social Security program for their employees. Today, their program is very, very well-funded and there is no question about whether it’s going to be funded in"" years to come.","In 1981, Matagorda, Brazoria, and Galveston Counties all opted out of the Social Security program for their employees. Today, their program is very, very well-funded and there is no question about whether it’s going to be funded in"" years to come."
healthfact,30693,0,1,0,0.407755670514957,0.592244329485043,0.592244329485043,0.7903631,0.20963693,0.7903631,A tourist's unfortunate bout of stomach upset on a Spanish roller coaster splashed liquid fecal matter on other customers.,A tourist's unfortunate bout of stomach upset on a Spanish roller coaster splashed liquid fecal matter on other customers.
healthfact,24588,1,0,1,0.8827146664247023,0.1172853335752977,0.8827146664247023,0.009208505,0.99079156,0.99079156,Preventive care does not save the government money.,Preventive care does not save the government money.
healthfact,21498,1,0,1,0.7186405312057829,0.2813594687942171,0.7186405312057829,0.49517605,0.5048239,0.5048239,The ratio of corporate profits to wages is now higher than at any time since just before the Great Depression.,The ratio of corporate profits to wages is now higher than at any time since just before the Great Depression.
healthfact,13129,1,0,1,0.5414707140726731,0.4585292859273268,0.5414707140726731,0.20642188,0.79357815,0.79357815,"California has seen a ""56 percent decline in the gun murder rate"" since the 1990s.","California has seen a ""56 percent decline in the gun murder rate"" since the 1990s."
healthfact,35447,1,0,1,0.7308993017134384,0.2691006982865615,0.7308993017134384,0.3884069,0.61159307,0.61159307,The U.S. has had 143 criminal convictions for absentee-ballot fraud (or .0006% of the total vote) over the past 20 years.,The U.S. has had 143 criminal convictions for absentee-ballot fraud (or .0006% of the total vote) over the past 20 years.
healthfact,10848,0,1,0,0.295534987001752,0.7044650129982479,0.7044650129982479,0.8839153,0.11608469,0.8839153,"Pfizer: New cancer pill gives hope, new strategy","Pfizer: New cancer pill gives hope, new strategy"
healthfact,23732,1,0,1,0.5254392321719994,0.4745607678280005,0.5254392321719994,0.33783162,0.66216844,0.66216844,"Under President George W. Bush, the U.S. had ""52 months of ... uninterrupted job creation"" and ""revenues were at an all-time high in 2007.","Under President George W. Bush, the U.S. had ""52 months of ... uninterrupted job creation"" and ""revenues were at an all-time high in 2007."
healthfact,35011,0,1,0,0.3854211278233082,0.6145788721766918,0.6145788721766918,0.614147,0.38585296,0.614147,"A viral social media post in January 2020 represented an authentic, accurate ""health bulletin"" about the new coronavirus outbreak from an official public health authority.","A viral social media post in January 2020 represented an authentic, accurate ""health bulletin"" about the new coronavirus outbreak from an official public health authority."
healthfact,33988,1,0,1,0.6035272373420573,0.3964727626579427,0.6035272373420573,0.489783,0.5102171,0.5102171,"U.S. Sen. Elizabeth Warren said or argued to the effect that ""taxpayers must fund sex reassignment surgery.","U.S. Sen. Elizabeth Warren said or argued to the effect that ""taxpayers must fund sex reassignment surgery."
healthfact,35014,0,1,0,0.410294472424866,0.589705527575134,0.589705527575134,0.62754,0.37246004,0.62754,A coronavirus-related health advisory graphic issued by the World Health Organization warned against unprotected sex with farm animals.,A coronavirus-related health advisory graphic issued by the World Health Organization warned against unprotected sex with farm animals.
healthfact,11440,0,1,0,0.3900953700925209,0.6099046299074791,0.6099046299074791,0.7257661,0.2742339,0.7257661,Anti-Gravity Treadmill helps injured get moving again,Anti-Gravity Treadmill helps injured get moving again
healthfact,11485,0,1,0,0.3845887225691496,0.6154112774308503,0.6154112774308503,0.92139804,0.0786019,0.92139804,New Portable Scanner for Breast Cancer,New Portable Scanner for Breast Cancer
healthfact,2834,1,0,1,0.5769208216335099,0.4230791783664901,0.5769208216335099,0.01748961,0.9825104,0.9825104,North Carolina ultrasound abortion law ruled illegal by judge.,North Carolina ultrasound abortion law ruled illegal by judge.
healthfact,5195,1,0,1,0.515556012104466,0.484443987895534,0.515556012104466,0.015104439,0.9848956,0.9848956,GOP senators blink on a big chance to repeal ‘Obamacare’.,GOP senators blink on a big chance to repeal ‘Obamacare’.
healthfact,11332,0,1,0,0.3809462083429786,0.6190537916570213,0.6190537916570213,0.9665745,0.033425543,0.9665745,Researchers Develop Simple Paper Test That Quickly Diagnoses Illnesses by Changing Colour,Researchers Develop Simple Paper Test That Quickly Diagnoses Illnesses by Changing Colour
healthfact,29305,0,1,0,0.3450213564828686,0.6549786435171314,0.6549786435171314,0.67704594,0.32295403,0.67704594,"A Johns Hopkins scientist issued a ""blistering report"" on flu vaccine dangers in the British Medical Journal.","A Johns Hopkins scientist issued a ""blistering report"" on flu vaccine dangers in the British Medical Journal."
healthfact,4855,1,0,1,0.5555587553374199,0.44444124466258,0.5555587553374199,0.0072157118,0.99278426,0.99278426,US Sen. Reed wants to shorten the suicide prevention hotline.,US Sen. Reed wants to shorten the suicide prevention hotline.
healthfact,35602,0,1,0,0.4636981623424709,0.536301837657529,0.536301837657529,0.94563276,0.054367214,0.94563276,The common allergy drug Benadryl can be used to treat rattlesnake bites.,The common allergy drug Benadryl can be used to treat rattlesnake bites.
healthfact,8977,0,1,0,0.3781233322862661,0.6218766677137338,0.6218766677137338,0.90673184,0.093268126,0.90673184,A brain injury diagnosed with a single drop of blood,A brain injury diagnosed with a single drop of blood
healthfact,9466,1,0,1,0.5078426176117422,0.4921573823882578,0.5078426176117422,0.25807607,0.7419239,0.7419239,Immune-Focused Drug May Be New Weapon Against Advanced Melanoma,Immune-Focused Drug May Be New Weapon Against Advanced Melanoma
healthfact,15067,0,1,0,0.288145875506515,0.711854124493485,0.711854124493485,0.6581886,0.34181148,0.6581886,"Pope Francis uses a modest compact car to get around, while Creflo Dollar drives an expensive sports car.","Pope Francis uses a modest compact car to get around, while Creflo Dollar drives an expensive sports car."
healthfact,9089,0,1,0,0.2101030212413072,0.7898969787586928,0.7898969787586928,0.6403449,0.35965505,0.6403449,Bodycad Announces First Use of Its Unicompartmental Knee System in Patients,Bodycad Announces First Use of Its Unicompartmental Knee System in Patients
healthfact,33568,0,1,0,0.3369523843156293,0.6630476156843707,0.6630476156843707,0.6978879,0.30211213,0.6978879,A megalodon capsized a South African charter vessel in April 2013.,A megalodon capsized a South African charter vessel in April 2013.
healthfact,32860,0,1,0,0.3592653963643792,0.6407346036356207,0.6407346036356207,0.9337448,0.066255175,0.9337448,"Pantene shampoo and conditioner leave a build-up on hair that causes it to heat up and ""smoke"" when combined with highlight foils.","Pantene shampoo and conditioner leave a build-up on hair that causes it to heat up and ""smoke"" when combined with highlight foils."
healthfact,9077,0,1,0,0.265289695729202,0.734710304270798,0.734710304270798,0.55338895,0.44661108,0.55338895,On-and-off fasting helps fight obesity,On-and-off fasting helps fight obesity
healthfact,8426,1,0,1,0.5429909170990022,0.4570090829009979,0.5429909170990022,0.02186347,0.9781365,0.9781365,'Stink flirting' is a thing - just ask a ring-tailed lemur.,'Stink flirting' is a thing - just ask a ring-tailed lemur.
healthfact,26382,0,1,0,0.3513651292049808,0.6486348707950191,0.6486348707950191,0.71809316,0.28190684,0.71809316,The existence of a canine coronavirus vaccine casts doubt on statements that there isn’t one for humans.,The existence of a canine coronavirus vaccine casts doubt on statements that there isn’t one for humans.
healthfact,26307,0,1,0,0.4130117818413865,0.5869882181586135,0.5869882181586135,0.6147276,0.38527238,0.6147276,"“Since the reopening of (Georgia), we’ve seen our COVID rate skyrocket by 40%.”","“Since the reopening of (Georgia), we’ve seen our COVID rate skyrocket by 40%.”"
healthfact,3927,1,0,1,0.5315894968073742,0.4684105031926258,0.5315894968073742,0.01010513,0.9898949,0.9898949,Chicago’s mayor says top cop drinking before incident in car.,Chicago’s mayor says top cop drinking before incident in car.
healthfact,40645,1,0,1,0.6765027677010733,0.3234972322989267,0.6765027677010733,0.48129424,0.51870584,0.51870584,"A prayer alert about Ryan Corbin, the grandson of singer Pat Boone. Ryan is described as being in a coma in Southern California with brain injury from a fall of three stories.","A prayer alert about Ryan Corbin, the grandson of singer Pat Boone. Ryan is described as being in a coma in Southern California with brain injury from a fall of three stories."
healthfact,9368,0,1,0,0.4388073314275815,0.5611926685724185,0.5611926685724185,0.8991073,0.10089268,0.8991073,Newly Identified Form of Vertigo Responds to Treatment,Newly Identified Form of Vertigo Responds to Treatment
healthfact,3933,1,0,1,0.5005288561079146,0.4994711438920853,0.5005288561079146,0.00093091954,0.99906915,0.99906915,Health experts back treatment for kids with peanut allergy.,Health experts back treatment for kids with peanut allergy.
healthfact,30972,0,1,0,0.2191760422961688,0.7808239577038312,0.7808239577038312,0.6705711,0.3294289,0.6705711,"The actor Nora Kirkpatrick ""played"" a victim as part of a fake terrorist bomb attack at Parsons Green in London.","The actor Nora Kirkpatrick ""played"" a victim as part of a fake terrorist bomb attack at Parsons Green in London."
healthfact,9995,1,0,1,0.5271425252893676,0.4728574747106324,0.5271425252893676,0.24689366,0.7531063,0.7531063,"More evidence coffee, tea could prevent diabetes","More evidence coffee, tea could prevent diabetes"
healthfact,1851,1,0,1,0.6820204515831418,0.3179795484168581,0.6820204515831418,0.003109343,0.9968907,0.9968907,Want to quit smoking ? Try acupuncture or hypnosis.,Want to quit smoking ? Try acupuncture or hypnosis.
healthfact,10041,1,0,1,0.5504198918822086,0.4495801081177913,0.5504198918822086,0.06939284,0.93060714,0.93060714,Estrogen Lowers Breast Cancer and Heart Attack Risk in Some,Estrogen Lowers Breast Cancer and Heart Attack Risk in Some
healthfact,42004,0,1,0,0.420775930518162,0.579224069481838,0.579224069481838,0.81784505,0.18215494,0.81784505,"Viral posts claim that climate change is a ""made-up catastrophe.","Viral posts claim that climate change is a ""made-up catastrophe."
healthfact,25931,1,0,1,0.8535221334745727,0.1464778665254273,0.8535221334745727,0.4731894,0.52681065,0.52681065,Facebook post says Joe Biden has said 150 million Americans died from guns and another 120 million from COVID-19,Facebook post says Joe Biden has said 150 million Americans died from guns and another 120 million from COVID-19
healthfact,22042,1,0,1,0.6767915245280358,0.3232084754719642,0.6767915245280358,0.47311226,0.5268878,0.5268878,Sometimes I was the only 'no' vote on the entire board.,Sometimes I was the only 'no' vote on the entire board.
healthfact,10352,0,1,0,0.4595872715462265,0.5404127284537735,0.5404127284537735,0.8547909,0.14520909,0.8547909,"New Breast Reconstruction Technique Provides Better Outcomes, Less Discomfort for Women Recovering From Breast Cancer","New Breast Reconstruction Technique Provides Better Outcomes, Less Discomfort for Women Recovering From Breast Cancer"
healthfact,9637,0,1,0,0.3455001073871374,0.6544998926128626,0.6544998926128626,0.87061507,0.12938486,0.87061507,Same-day hip replacements get patients back on their feet,Same-day hip replacements get patients back on their feet
healthfact,11003,0,1,0,0.2770323383728774,0.7229676616271226,0.7229676616271226,0.8471251,0.15287487,0.8471251,Wrist replacement surgery is a last resort for those who wish to save hand’s range of motion,Wrist replacement surgery is a last resort for those who wish to save hand’s range of motion
healthfact,10461,0,1,0,0.0891806614682272,0.9108193385317728,0.9108193385317728,0.88150615,0.118493915,0.88150615,Researchers produce first widely protective vaccine against chlamydia,Researchers produce first widely protective vaccine against chlamydia
healthfact,3295,1,0,1,0.5771505856734243,0.4228494143265757,0.5771505856734243,0.00127752,0.9987225,0.9987225,Christmas miracle for Florida dog whose heart stopped.,Christmas miracle for Florida dog whose heart stopped.
curated_health_claims,curated_0042,0,1,0,0.3829105675477977,0.6170894324522023,0.6170894324522023,0.84522253,0.1547775,0.84522253,High doses of vitamin C prevent the common cold entirely.,High doses of vitamin C prevent the common cold entirely.
fakehealth,news_reviews_00011,1,0,1,0.5338031361405273,0.4661968638594726,0.5338031361405273,0.4151925,0.58480746,0.58480746,"One day, MRI brain scans may help predict whether older people will develop dementia, new research suggests. In a small study, MRI brain scans predicted with 89 percent accuracy who would go on to develop dementia within three years, according to research at Washington University School of Medicine in St. Louis and the University of California San Francisco. The findings, presented Sunday, Nov. 25 at the Radiological Society of North America meeting in Chicago, suggest that doctors may one day be able to use widely available tests to tell people their risk of developing dementia before symptoms arise. ""Right now it's hard to say whether an older person with normal cognition or mild cognitive impairment is likely to develop dementia,"" said lead author Cyrus A. Raji, MD, PhD, an assistant professor of radiology at Washington University's Mallinckrodt Institute of Radiology. ""We showed that a single MRI scan can predict dementia on average 2.6 years before memory loss is clinically detectable, which could help doctors advise and care for their patients."" Alzheimer's disease is a progressive, irreversible brain disorder that destroys memory and thinking skills. The disease affects 5.5 million Americans, according to the National Institutes of Health (NIH). Neurologists can get a ballpark estimate of a patient's risk of Alzheimer's dementia using the Mini-Mental State Examination questionnaire, or by testing for the high-risk form of the gene ApoE, which increases a person's risk of Alzheimer's by up to 12-fold. Both tests were about 70 to 80 percent accurate in this study. Other assessments, such as PET scans for plaques of Alzheimer's proteins in the brain, are good at detecting early signs of Alzheimer's disease, but available to few patients. PET scans cost thousands of dollars and require radioactive materials not found in a typical hospital. MRI brain scans are widely available and give doctors a glimpse into what's going on inside a person's brain. Raji and colleagues at the School of Medicine including Tammie Benzinger, MD, PhD, a professor of radiology, Parinaz Massoumzadeh, PhD, and Adedamola Adedokun, as well as radiologist Pratik Mukherjee, MD, PhD, of the University of California San Francisco, analyzed MRI scans for physical signs of impending cognitive decline. They used a technique called diffusion tensor imaging to assess the health of the brain's white matter, which encompasses the cables that enable different parts of the brain to talk to one another. ""Diffusion tensor imaging is a way of measuring the movement of water molecules along white matter tracts,"" Raji said. ""If water molecules are not moving normally it suggests underlying damage to white tracts that can underlie problems with cognition."" Using information from the Alzheimer's Disease Neuroimaging Initiative - a multisite collaboration that pools data, funding and expertise to improve clinical trials for Alzheimer's disease - Raji and colleagues identified 10 people whose cognitive skills declined over a two-year period and matched them by age and sex with 10 people whose thinking skills held steady. The average age of people in both groups was 73. Then, the researchers analyzed diffusion tensor MRI scans taken just before the two-year period for all 20 people. The researchers found that people who went on to experience cognitive decline had significantly more signs of damage to their white matter. The researchers repeated their analysis in a separate sample of 61 people, using a more refined measure of white matter integrity. With this new analysis, they were able to predict cognitive decline with 89 percent accuracy when looking at the whole brain. When the researchers focused on specific parts of the brain most likely to show damage, the accuracy rose to 95 percent. ""We could tell that the individuals who went on to develop dementia have these differences on diffusion MRI, compared with scans of cognitively normal people whose memory and thinking skills remained intact,"" Raji said. ""What we need now, before we can bring it into the clinic, is to get more control subjects and develop computerized tools that can more reliably compare individual patients' scans to a baseline normal standard. With that, doctors might soon be able to tell people whether they are likely to have Alzheimer's develop in the next few years."" Although there are no drugs available yet to prevent or delay the onset of Alzheimer's disease, identifying those at high risk of developing dementia within the next few years could still be beneficial, the researchers said. People could make decisions on their financial and living arrangements while they are still in full control of their faculties. ###","MRI scans shows promise in predicting dementia. One day, MRI brain scans may help predict whether older people will develop dementia, new research suggests. In a small study, MRI brain scans predicted with 89 percent accuracy who would go on to develop dementia within three years, according to research at Washington University School of Medicine in St. Louis and the University of California San Francisco. The findings, presented Sunday, Nov. 25 at the Radiological Society of North America meeting in Chicago, suggest that doctors may one day be able to use widely available tests to tell people their risk of developing dementia before symptoms arise. ""Right now it's hard to say whether an older person with normal cognition or mild cognitive impairment is likely to develop dementia,"" said lead author Cyrus A. Raji, MD, PhD, an assistant professor of radiology at Washington University's Mallinckrodt Institute of Radiology. ""We showed that a single MRI scan can predict dementia on average 2.6 years before memory loss is clinically detectable, which could help doctors advise and care for their patients."" Alzheimer's disease is a progressive, irreversible brain disorder that destroys memory and thinking skills. The disease affects 5.5 million Americans, according to the National Institutes of Health (NIH). Neurologists can get a ballpark estimate of a patient's risk of Alzheimer's dementia using the Mini-Mental State Examination questionnaire, or by testing for the high-risk form of the gene ApoE, which increases a person's risk of Alzheimer's by up to 12-fold. Both tests were about 70 to 80 percent accurate in this study. Other assessments, such as PET scans for plaques of Alzheimer's proteins in the brain, are good at detecting early signs of Alzheimer's disease, but available to few patients. PET scans cost thousands of dollars and require radioactive materials not found in a typical hospital. MRI brain scans are widely available and give doctors a glimpse into what's going on inside a person's brain. Raji and colleagues at the School of Medicine including Tammie Benzinger, MD, PhD, a professor of radiology, Parinaz Massoumzadeh, PhD, and Adedamola Adedokun, as well as radiologist Pratik Mukherjee, MD, PhD, of the University of California San Francisco, analyzed MRI scans for physical signs of impending cognitive decline. They used a technique called diffusion tensor imaging to assess the health of the brain's white matter, which encompasses the cables that enable different parts of the brain to talk to one another. ""Diffusion tensor imaging is a way of measuring the movement of water molecules along white matter tracts,"" Raji said. ""If water molecules are not moving normally it suggests underlying damage to white tracts that can underlie problems with cognition."" Using information from the Alzheimer's Disease Neuroimaging Initiative - a multisite collaboration that pools data, funding and expertise to improve clinical trials for Alzheimer's disease - Raji and colleagues identified 10 people whose cognitive skills declined over a two-year period and matched them by age and sex with 10 people whose thinking skills held steady. The average age of people in both groups was 73. Then, the researchers analyzed diffusion tensor MRI scans taken just before the two-year period for all 20 people. The researchers found that people who went on to experience cognitive decline had significantly more signs of damage to their white matter. The researchers repeated their analysis in a separate sample of 61 people, using a more refined measure of white matter integrity. With this new analysis, they were able to predict cognitive decline with 89 percent accuracy when looking at the whole brain. When the researchers focused on specific parts of the brain most likely to show damage, the accuracy rose to 95 percent. ""We could tell that the individuals who went on to develop dementia have these differences on diffusion MRI, compared with scans of cognitively normal people whose memory and thinking skills remained intact,"" Raji said. ""What we need now, before we can bring it into the clinic, is to get more control subjects and develop computerized tools that can more reliably compare individual patients' scans to a baseline normal standard. With that, doctors might soon be able to tell people whether they are likely to have Alzheimer's develop in the next few years."" Although there are no drugs available yet to prevent or delay the onset of Alzheimer's disease, identifying those at high risk of developing dementia within the next few years could still be beneficial, the researchers said. People could make decisions on their financial and living arrangements while they are still in full control of their faculties. ###"
fakehealth,story_reviews_00555,1,0,1,0.7769056802833045,0.2230943197166955,0.7769056802833045,0.39956057,0.6004394,0.6004394,"(Reuters) - Asterias Biotherapeutics Inc said initial data from a small study showed that its lead stem cell therapy could improve mobility in patients paralyzed by a spinal cord injury. Traders gather at the post that trades Asterias Biotherapeutics, Inc. on the floor of the New York Stock Exchange March 5, 2015. REUTERS/Brendan McDermid The company’s shares were up 25 percent at $5.26 in mid-day trading on heavy volumes. Shares of BioTime Inc, a company that owns nearly 70 percent of Asterias, were little changed at $3.07. The therapy, AST OPC-1, is the first product derived from human embryos to be tested on humans. Its success is a key step toward proving that embryonic stem cell research could cure diseases such as cancer, Parkinson’s and serious health conditions such immune deficiencies, stroke and spinal injuries. Data showed that the severity of the spinal injury was reduced in the first patient and two other patients were able to resume their rehabilitation programs soon after being injected with the stem cells. The early study tested the benefits of a smaller dose of 2 million stem cells that are tuned to develop into nerves. Asterias bought OPC-1 in 2013 from the erstwhile stem cell research leader Geron Corp, which decided to focus on developing cancer drugs. Geron chose to abandon its stem cell therapy in 2011 after such research got embroiled in the abortion debate, prompting many biotech companies to stay quiet about their research. Monday’s announcement was the first about the therapy in more than two years. In an early-stage study conducted by Geron, the therapy showed potential in repairing spinal injury in four of the five patients tested, without any adverse events. Asterias is looking to show recovery of mobility in four out of every 10 patients treated with OPC-1, compared with two out of 10 achieving the same level of improvement without any treatment, Chief Executive Pedro Lichtinger told Reuters in early August. Menlo Park, California-based Asterias expects to release complete safety data from the first half of the study later in the year. Lichtinger said he was confident the data would be positive but was not expecting miracles. “It is important to know that we do not expect patients to get up and play basketball,” he said. “But we do expect the patients to have significant improvements in mobility.” Nearly 30,000 Asterias’s shares were traded by 12:30 p.m. ET, or more than twice their 25-day average trading volume.","Asterias's stem cell therapy shows promise in study. (Reuters) - Asterias Biotherapeutics Inc said initial data from a small study showed that its lead stem cell therapy could improve mobility in patients paralyzed by a spinal cord injury. Traders gather at the post that trades Asterias Biotherapeutics, Inc. on the floor of the New York Stock Exchange March 5, 2015. REUTERS/Brendan McDermid The company’s shares were up 25 percent at $5.26 in mid-day trading on heavy volumes. Shares of BioTime Inc, a company that owns nearly 70 percent of Asterias, were little changed at $3.07. The therapy, AST OPC-1, is the first product derived from human embryos to be tested on humans. Its success is a key step toward proving that embryonic stem cell research could cure diseases such as cancer, Parkinson’s and serious health conditions such immune deficiencies, stroke and spinal injuries. Data showed that the severity of the spinal injury was reduced in the first patient and two other patients were able to resume their rehabilitation programs soon after being injected with the stem cells. The early study tested the benefits of a smaller dose of 2 million stem cells that are tuned to develop into nerves. Asterias bought OPC-1 in 2013 from the erstwhile stem cell research leader Geron Corp, which decided to focus on developing cancer drugs. Geron chose to abandon its stem cell therapy in 2011 after such research got embroiled in the abortion debate, prompting many biotech companies to stay quiet about their research. Monday’s announcement was the first about the therapy in more than two years. In an early-stage study conducted by Geron, the therapy showed potential in repairing spinal injury in four of the five patients tested, without any adverse events. Asterias is looking to show recovery of mobility in four out of every 10 patients treated with OPC-1, compared with two out of 10 achieving the same level of improvement without any treatment, Chief Executive Pedro Lichtinger told Reuters in early August. Menlo Park, California-based Asterias expects to release complete safety data from the first half of the study later in the year. Lichtinger said he was confident the data would be positive but was not expecting miracles. “It is important to know that we do not expect patients to get up and play basketball,” he said. “But we do expect the patients to have significant improvements in mobility.” Nearly 30,000 Asterias’s shares were traded by 12:30 p.m. ET, or more than twice their 25-day average trading volume."
fakehealth,story_reviews_00135,1,0,1,0.6123912435556239,0.3876087564443761,0.6123912435556239,0.37027055,0.62972945,0.62972945,"(Reuters Health) - Leaving a bedroom door or window open may help people sleep better, a study from the Netherlands suggests. Open windows and doors helped reduce carbon dioxide levels and improve ventilation and air flow, which was related to better sleep quality for the healthy young adults in the study. “We spend nearly a third of our life in the bedroom environment, but the air quality in our sleeping environment is often overlooked,” said study author Dr. Asit Mishra of Eindhoven University of Technology. “Imagine this - you are in a confined space and have limited ability to adjust the situation (since you are asleep) while you are possibly surrounded by pollutants,” he told Reuters Health by phone. “This is how things are in bed, covered under duvets or a blanket.” For one night of the study, 17 volunteers slept with an open window or internal door. On another night, the windows and door to the room were kept closed. In the meantime, Mishra and colleagues monitored carbon dioxide levels, temperature, background noise and humidity. The study participants were asked not to drink alcoholic beverages or caffeinated drinks, which could influence sleep. They each slept alone, and the bedroom layout with furniture arrangement was kept consistent. For measuring sleep quality, participants wore an armband that measures skin temperature, heat flux, bed temperature and skin moisture levels. They also wore a sensor that tracked their movements at night, including indications of restlessness. Closed environments tended to have less background noise – but they also had significantly higher carbon dioxide levels, which indicated lower ventilation levels. Open conditions were slightly cooler than closed, although humidity levels were similar across settings, according to the report in the journal Indoor Air. Notably, carbon dioxide levels were lower when windows or doors were open. Overall, skin temperature and the bed temperature were higher in closed conditions than open conditions. The number of awakenings and sleep efficiency improved as carbon dioxide levels decreased. “Opening an internal door can be a reasonably good alternative if you don’t want to open windows, either for noise concerns or security concerns,” Mishra said. A limitation of the study is that the motion sensor often slipped off the sleepers at night. “Sleep quality is affected by many factors, such as health and emotional states, bedding conditions and different environmental conditions, including noise levels and temperature,” said Dr. Nuno Canha of the University of Lisbon in Portugal. Canha, who wasn’t involved with this study, researches indoor air quality and sleep during different ventilation patterns. He is also part of LIFE Index-Air, a European research group that focuses on human exposure to pollutants. In a recent study, Canha and colleagues found that closed doors and windows led to higher levels of carbon dioxide, carbon monoxide and other substances such as formaldehyde. “Sleep is essential to our life in several areas: health, well-being and productivity,” Canha told Reuters Health by email. “The exposure we are under while asleep is continuous . . . and we should play it safe in order to breathe better air during sleep.” SOURCE: bit.ly/2BOsgOd Indoor Air, online November 21, 2017.","Open windows and doors can improve sleep quality. (Reuters Health) - Leaving a bedroom door or window open may help people sleep better, a study from the Netherlands suggests. Open windows and doors helped reduce carbon dioxide levels and improve ventilation and air flow, which was related to better sleep quality for the healthy young adults in the study. “We spend nearly a third of our life in the bedroom environment, but the air quality in our sleeping environment is often overlooked,” said study author Dr. Asit Mishra of Eindhoven University of Technology. “Imagine this - you are in a confined space and have limited ability to adjust the situation (since you are asleep) while you are possibly surrounded by pollutants,” he told Reuters Health by phone. “This is how things are in bed, covered under duvets or a blanket.” For one night of the study, 17 volunteers slept with an open window or internal door. On another night, the windows and door to the room were kept closed. In the meantime, Mishra and colleagues monitored carbon dioxide levels, temperature, background noise and humidity. The study participants were asked not to drink alcoholic beverages or caffeinated drinks, which could influence sleep. They each slept alone, and the bedroom layout with furniture arrangement was kept consistent. For measuring sleep quality, participants wore an armband that measures skin temperature, heat flux, bed temperature and skin moisture levels. They also wore a sensor that tracked their movements at night, including indications of restlessness. Closed environments tended to have less background noise – but they also had significantly higher carbon dioxide levels, which indicated lower ventilation levels. Open conditions were slightly cooler than closed, although humidity levels were similar across settings, according to the report in the journal Indoor Air. Notably, carbon dioxide levels were lower when windows or doors were open. Overall, skin temperature and the bed temperature were higher in closed conditions than open conditions. The number of awakenings and sleep efficiency improved as carbon dioxide levels decreased. “Opening an internal door can be a reasonably good alternative if you don’t want to open windows, either for noise concerns or security concerns,” Mishra said. A limitation of the study is that the motion sensor often slipped off the sleepers at night. “Sleep quality is affected by many factors, such as health and emotional states, bedding conditions and different environmental conditions, including noise levels and temperature,” said Dr. Nuno Canha of the University of Lisbon in Portugal. Canha, who wasn’t involved with this study, researches indoor air quality and sleep during different ventilation patterns. He is also part of LIFE Index-Air, a European research group that focuses on human exposure to pollutants. In a recent study, Canha and colleagues found that closed doors and windows led to higher levels of carbon dioxide, carbon monoxide and other substances such as formaldehyde. “Sleep is essential to our life in several areas: health, well-being and productivity,” Canha told Reuters Health by email. “The exposure we are under while asleep is continuous . . . and we should play it safe in order to breathe better air during sleep.” SOURCE: bit.ly/2BOsgOd Indoor Air, online November 21, 2017."
fakehealth,story_reviews_00337,1,0,1,0.7721310385951475,0.2278689614048524,0.7721310385951475,0.3756129,0.6243871,0.6243871,"Testing cholesterol in toddlers and babies? Study says it could help What if a blood test could reveal that your child is at high risk for early heart disease years in the future, giving you a chance to prevent it now? A big study in England did that — screening thousands of babies for inherited risk — and found it was twice as common as has been thought. The study also revealed parents who had the condition but didn’t know it, and had passed it on to their children. Ninety percent of them started taking preventive medicines after finding out. Researchers say the two-generation benefits may convince more parents to agree to cholesterol testing for their kids. An expert panel in the United States recommends this test for children between the ages of 9 and 11, but many aren’t tested now unless they are obese or have other heart risk factors such as diabetes or high blood pressure. advertisement For every 1,000 people screened in the study, four children and four parents were identified as being at risk for early heart disease. That’s nearly twice as many as most studies in the past have suggested. “We really need to pay attention to this,” said Dr. Elaine Urbina, director of preventive cardiology at Cincinnati Children’s Hospital Medical Center and a member of the US. expert panel. “It’s reasonable to screen for something that’s common, dangerous and has a treatment that’s effective and safe.” Dr. William Cooper, a pediatrics and preventive medicine professor at Vanderbilt University, called it “an innovative approach” that finds not just kids at risk but also parents while they’re still young enough to benefit from preventive treatment, such as cholesterol-lowering statin drugs. Statins aren’t recommended until around age 10, but certain dietary supplements such as plant sterols and stanols could help younger kids, Urbina said. “We’re not talking about putting all these kids on statins,” she said. The study was led by Dr. David Wald at Queen Mary University of London. He and another author founded a company that makes a combination pill to prevent heart disease. The work was funded by the Medical Research Council, the British government’s health research agency. Results were published Wednesday by the New England Journal of Medicine. Researchers were testing for familial hypercholesterolemia, a genetic disorder that, untreated, raises the risk of a heart attack by age 40 tenfold. They did a heel-stick blood test on 10,059 children ages 1 to 2 during routine immunization visits to check for high cholesterol and 48 gene mutations that can cause the disorder. If a child was found with the disorder, parents were tested. One in 270 children had the gene mutations; others were identified through cholesterol levels alone. Newsletters Sign up for Morning Rounds Your daily dose of news in health and medicine. Please enter a valid email address. Privacy Policy Leave this field empty if you're human: “That’s a pretty common genetic defect,” said Dr. Stephen Daniels, chairman of pediatrics at the University of Colorado School of Medicine and a member of the US expert panel. But many parents balk at the idea of testing children for a disorder associated with middle age, experts say. Karen Teber, a media relations specialist in Madison, Wis., was surprised when a doctor wanted to test her 12-year-old stepson. “My reluctance was really born out of lack of information,” she said. “I hadn’t heard of it before.” The study did not address whether screening is cost-effective. In the US, cholesterol tests cost around $80 and usually are covered by health insurance though much lower prices often are negotiated. The study authors in England estimated that if cholesterol testing costs $7 and gene testing costs $300, it would cost $2,900 for every person identified as having the disorder. — Marilynn Marchione","Testing cholesterol in toddlers, even younger? Study says it could help. Testing cholesterol in toddlers and babies? Study says it could help What if a blood test could reveal that your child is at high risk for early heart disease years in the future, giving you a chance to prevent it now? A big study in England did that — screening thousands of babies for inherited risk — and found it was twice as common as has been thought. The study also revealed parents who had the condition but didn’t know it, and had passed it on to their children. Ninety percent of them started taking preventive medicines after finding out. Researchers say the two-generation benefits may convince more parents to agree to cholesterol testing for their kids. An expert panel in the United States recommends this test for children between the ages of 9 and 11, but many aren’t tested now unless they are obese or have other heart risk factors such as diabetes or high blood pressure. advertisement For every 1,000 people screened in the study, four children and four parents were identified as being at risk for early heart disease. That’s nearly twice as many as most studies in the past have suggested. “We really need to pay attention to this,” said Dr. Elaine Urbina, director of preventive cardiology at Cincinnati Children’s Hospital Medical Center and a member of the US. expert panel. “It’s reasonable to screen for something that’s common, dangerous and has a treatment that’s effective and safe.” Dr. William Cooper, a pediatrics and preventive medicine professor at Vanderbilt University, called it “an innovative approach” that finds not just kids at risk but also parents while they’re still young enough to benefit from preventive treatment, such as cholesterol-lowering statin drugs. Statins aren’t recommended until around age 10, but certain dietary supplements such as plant sterols and stanols could help younger kids, Urbina said. “We’re not talking about putting all these kids on statins,” she said. The study was led by Dr. David Wald at Queen Mary University of London. He and another author founded a company that makes a combination pill to prevent heart disease. The work was funded by the Medical Research Council, the British government’s health research agency. Results were published Wednesday by the New England Journal of Medicine. Researchers were testing for familial hypercholesterolemia, a genetic disorder that, untreated, raises the risk of a heart attack by age 40 tenfold. They did a heel-stick blood test on 10,059 children ages 1 to 2 during routine immunization visits to check for high cholesterol and 48 gene mutations that can cause the disorder. If a child was found with the disorder, parents were tested. One in 270 children had the gene mutations; others were identified through cholesterol levels alone. Newsletters Sign up for Morning Rounds Your daily dose of news in health and medicine. Please enter a valid email address. Privacy Policy Leave this field empty if you're human: “That’s a pretty common genetic defect,” said Dr. Stephen Daniels, chairman of pediatrics at the University of Colorado School of Medicine and a member of the US expert panel. But many parents balk at the idea of testing children for a disorder associated with middle age, experts say. Karen Teber, a media relations specialist in Madison, Wis., was surprised when a doctor wanted to test her 12-year-old stepson. “My reluctance was really born out of lack of information,” she said. “I hadn’t heard of it before.” The study did not address whether screening is cost-effective. In the US, cholesterol tests cost around $80 and usually are covered by health insurance though much lower prices often are negotiated. The study authors in England estimated that if cholesterol testing costs $7 and gene testing costs $300, it would cost $2,900 for every person identified as having the disorder. — Marilynn Marchione"
fakehealth,story_reviews_00156,1,0,1,0.5641604303294561,0.4358395696705439,0.5641604303294561,0.43624786,0.5637521,0.5637521,"Max, Rowan and Charlie Vertin’s muscles have been slowly collecting damage since the day they were born. Someday, they will not be able to walk. They will not be able to stand. Eventually, they will not be able to live. The brothers, ages 6 through 11, suffer from a debilitating and deadly genetic condition called Duchenne muscular dystrophy (DMD). Yet on September 28, Max, Rowan and Charlie Vertin got dressed up. In dark suits and blue shirts, with serious expressions on their round faces, they walked to stand next to their mother in a very beige room outside Washington, D.C. The people in that room, they believed, could change the course of their lives. For years, the Vertin brothers have been participating in a clinical trial for a new medication called ataluren, intended to keep the progression of their disease at bay. By October 24, they’ll know if they will be able to keep taking that drug. That is the deadline for the Food and Drug Administration to make a choice. The agency could approve the drug, allowing the brothers and others like them to continue to take it. Or it could reject the drug for the third time and throw them into an uncertain future. Keep up with this story and more by subscribing now An FDA committee has already voted that data about the drug’s effectiveness was inconclusive. The agency’s final decision almost always echos the decisions of its committees. So, if this were any other kind of drug at any other time in FDA history, the FDA’s final answer would be a very predictable no. If they do say no, the Vertins could lose access to the drug that has stabilized their condition. But there’s still a chance the FDA could approve the drug. Input from people affected by DMD may have convinced the agency once before to approve a drug for the condition despite iffy data. That is what the Vertins—and the company that produces the drug—are hoping will happen again. Courtesy of Betty Vertin Falling Behind “It started out so innocent,” his mother, Betty Vertin, told Newsweek. Max was a big infant, born 10 lbs, 3 oz and nearly two feet long. “When he was missing milestones, I just thought it was because it was a big baby.” Even doctors assumed that he would eventually catch up. But when he started preschool, the difference between Max and other children became more obvious. “When other kids were running and jumping and climbing, Max wasn’t doing those things. He was just behind, physically.” When Max was 4, in 2010, a genetic test confirmed that he had DMD. Betty had never heard of it. “Before we started living this life, I was clueless,” she said. DMD is one of a class of similar genetic disorders. About 15 boys out of every 100,000 in the United States under 24 years old have DMD or a milder form, called Becker muscular dystrophy. (Most of the children affected are boys.) The illness affects the way their legs, heart, and lungs work. Max’s diagnosis was devastating for Betty. “I feel like I walked into the room with a healthy four-year-old boy and I walked out with a child that was dying,” she said. But the family’s struggles with DMD were just beginning. At the time, Rowan was 2, and Betty suspected that he also had the disease; she’d seen how her son struggled to stand up onto a stepstool in the bathroom to brush his teeth. She was also ten weeks pregnant with Charlie. Genetic tests eventually confirmed both Rowan and Charlie also had DMD. Betty’s two daughters, Lexi, 16, and Mary, 2, as well as a fourth son, Chance, 10, do not. “I felt like we had a year and a half of the same horrible diagnosis over and over and over again,” she said. “It was the hardest 18 months I’ve ever had and I hope I ever had.” Courtesy of Betty Vertin via Facebook Still Walking DMD always results in muscle weakness due to a lack of a protein called dystrophin. Some of the newest treatments for the condition try to fix that. One drug, which the FDA approved in 2016, works for people whose illness springs from a mutation in the gene that codes for dystrophin. The drug, called Exondys 51 or eteplirsen, allows the genetic machinery that produces the protein to skip over the mutated part to make something that will work better. About 13 percent of people with DMD have this particular mutation, according to the FDA. The Vertin brothers are not among them; the drug shouldn’t help them at all. So they tried ataluren. (The drug’s brand name is Translarna.) The company that produces ataluren, PTC Therapeutics, says that its drug forces cells to make the proteins in spite of a different kind of mutation called a nonsense mutation. Instead of having an error in the protein, the protein is accidentally cut short. This is the kind of mutation that three of Betty Vertin’s children have. The Vertins have received the drug free through the clinical trial, and expenses for their trip from Nebraska to Washington, D.C. were paid by PTC Therapeutics. Ataluren works by ordering a cell to use a slightly different piece to build the protein—as if someone spray-painted the word “don’t” on the molecular version of a stop sign. Exactly how it does that is still mysterious. A paper published by the company’s scientists in the Proceedings of the National Academies of Science said it probably affected the ribosome, a key part of how proteins are put together in a cell. (Researchers not affiliated with the company did not find the same kind of activity.) Regardless of what mutation causes the illness, most people with DMD die in their 20s. Betty was told to expect her oldest son, Max, to be in a wheelchair full-time by the time he was 9 or 12. Max is 11 now. His 12th birthday is in early November. He uses an electric mobility scooter for long distances, but he can still walk. He rides a bike without training wheels and without any modifications. He has a part in a school play and goes up and down stairs to get to the stage. He even plays a trumpet in his school’s band. “He’s got the lung capacity to blow that thing, very loudly,” Betty said. For that, Betty credits ataluren, which Max started three years ago. “His life is—it’s not like his peers, but he’s getting a lot of the experiences that his peers are having,” she said. “He’s living a sort of a typical sixth-grade life and that diagnosis—I didn’t know what it would look like for him. I didn’t expect it to look like this.” Courtesy of Betty Vertin But not everyone considers ataluren to be a miracle drug—with good reason. The clinical trial results haven't been great. Most of the company’s studies tested how fast a child could go about 30 feet or walk up and down stairs, or how far they could walk in six minutes. They did see some slight positive results, many of which came from a study done with the specific kind of patient the company discovered benefited most in a previous trial. The FDA needs good data to make their decision, because when the agency approves a drug is sends a signal to the world. An approval is the FDA saying, “this drug is safe and effective. You could use it for your child, too.” PTC Therapeutics has tried to get FDA approval for the drug twice before. Both times the agency refused to even consider the application. This time, the application for approval was filed over the FDA’s protest. (The drug has been conditionally approved in Europe.) A Million Dollar Issue Part of the reason that the drug has struggled is because of this requirement: if the drug is effective, the data should show it. But that hasn't happened consistently with ataluren. Many of the clinical trials failed to satisfy the statistical requirement to prove a drug works—at least not for the main outcome the company was looking at. Other, secondary measurements did seem to have good statistics. Certain groups of children seemed to have better results than others, too. PTC Therapeutics founder and CEO Stuart Peltz says the statistics aren't a reason to reject the drug. Just because a drug doesn’t measure up in that way, he says, “doesn’t mean the drug is not effective.” But even if the FDA agrees to overlook some of the negative data about ataluren, insurers may not. That could be a million-dollar issue for the families with affected children. “If the evidence isn’t good, then insurance companies won’t pay for [drugs],” said National Center for Health Research (NCHR) president Diana Zuckerman. Two recently approved drugs have run into this problem: Spinraza, a drug for spinal muscular atrophy, and Exondys 51. Both drugs cost hundreds of thousands of dollars a year. Pharmaceutical companies traditionally will not discuss prices before drugs are approved; that said, ataluren costs about £220,000 in Britain. During clinical trials, participants like the Vertins normally do not pay for the treatment. The NCHR also presented at the FDA meeting in September to discuss ataluren, urging the agency to not approve the drug without more research. The organization’s statement also raised concerns about side effects associated with the drug, specifically about the chance that it raises blood pressure and cholesterol levels in children. The company says these shifts are small and ""not clinically significant."" In an e-mailed statement, FDA spokesperson Sandy Walsh confirmed that the FDA’s decisions are all “based on an assessment of the available data and whether the benefits of the drug outweigh its risks.” That data can include the experience of patients like Max, Rowan and Charlie. Courtesy of Betty Vertin via Facebook To Betty, the benefits are clear, even if they aren’t easily quantified. Rowan’s gait seems better. Max still doesn’t need to use a wheelchair all the time, bucking the prediction she heard when he was first diagnosed. However, financial analysts who track the biotech sector are not optimistic about ataluren’s immediate prospects. Matthew Eckler, a senior biotechnology analyst at RBC Capital Markets, said that analysts and investors are betting the FDA will not approve the drug. The FDA hasn’t said no yet. The agency still has nearly two more weeks to make a decision. Until then, Betty and her sons are living with a lot of uncertainty. “I’m really scared that my boys will have to go off [ataluren],” she said. Will they have access to the drug if it’s rejected? Would their conditions deteriorate if they didn’t? What other options do they have? Betty has no good answers. She is hoping she won’t need to come up with them. “DMD is a progressive disease, and my boys are stable,” Vertin said. “If we can just have a few more years with our boys or buy some time until there is a cure out there, that’s huge.” SaveSave","Muscular Dystrophy: Heartbroken Family Awaits FDA Decision on Experimental Drug. Max, Rowan and Charlie Vertin’s muscles have been slowly collecting damage since the day they were born. Someday, they will not be able to walk. They will not be able to stand. Eventually, they will not be able to live. The brothers, ages 6 through 11, suffer from a debilitating and deadly genetic condition called Duchenne muscular dystrophy (DMD). Yet on September 28, Max, Rowan and Charlie Vertin got dressed up. In dark suits and blue shirts, with serious expressions on their round faces, they walked to stand next to their mother in a very beige room outside Washington, D.C. The people in that room, they believed, could change the course of their lives. For years, the Vertin brothers have been participating in a clinical trial for a new medication called ataluren, intended to keep the progression of their disease at bay. By October 24, they’ll know if they will be able to keep taking that drug. That is the deadline for the Food and Drug Administration to make a choice. The agency could approve the drug, allowing the brothers and others like them to continue to take it. Or it could reject the drug for the third time and throw them into an uncertain future. Keep up with this story and more by subscribing now An FDA committee has already voted that data about the drug’s effectiveness was inconclusive. The agency’s final decision almost always echos the decisions of its committees. So, if this were any other kind of drug at any other time in FDA history, the FDA’s final answer would be a very predictable no. If they do say no, the Vertins could lose access to the drug that has stabilized their condition. But there’s still a chance the FDA could approve the drug. Input from people affected by DMD may have convinced the agency once before to approve a drug for the condition despite iffy data. That is what the Vertins—and the company that produces the drug—are hoping will happen again. Courtesy of Betty Vertin Falling Behind “It started out so innocent,” his mother, Betty Vertin, told Newsweek. Max was a big infant, born 10 lbs, 3 oz and nearly two feet long. “When he was missing milestones, I just thought it was because it was a big baby.” Even doctors assumed that he would eventually catch up. But when he started preschool, the difference between Max and other children became more obvious. “When other kids were running and jumping and climbing, Max wasn’t doing those things. He was just behind, physically.” When Max was 4, in 2010, a genetic test confirmed that he had DMD. Betty had never heard of it. “Before we started living this life, I was clueless,” she said. DMD is one of a class of similar genetic disorders. About 15 boys out of every 100,000 in the United States under 24 years old have DMD or a milder form, called Becker muscular dystrophy. (Most of the children affected are boys.) The illness affects the way their legs, heart, and lungs work. Max’s diagnosis was devastating for Betty. “I feel like I walked into the room with a healthy four-year-old boy and I walked out with a child that was dying,” she said. But the family’s struggles with DMD were just beginning. At the time, Rowan was 2, and Betty suspected that he also had the disease; she’d seen how her son struggled to stand up onto a stepstool in the bathroom to brush his teeth. She was also ten weeks pregnant with Charlie. Genetic tests eventually confirmed both Rowan and Charlie also had DMD. Betty’s two daughters, Lexi, 16, and Mary, 2, as well as a fourth son, Chance, 10, do not. “I felt like we had a year and a half of the same horrible diagnosis over and over and over again,” she said. “It was the hardest 18 months I’ve ever had and I hope I ever had.” Courtesy of Betty Vertin via Facebook Still Walking DMD always results in muscle weakness due to a lack of a protein called dystrophin. Some of the newest treatments for the condition try to fix that. One drug, which the FDA approved in 2016, works for people whose illness springs from a mutation in the gene that codes for dystrophin. The drug, called Exondys 51 or eteplirsen, allows the genetic machinery that produces the protein to skip over the mutated part to make something that will work better. About 13 percent of people with DMD have this particular mutation, according to the FDA. The Vertin brothers are not among them; the drug shouldn’t help them at all. So they tried ataluren. (The drug’s brand name is Translarna.) The company that produces ataluren, PTC Therapeutics, says that its drug forces cells to make the proteins in spite of a different kind of mutation called a nonsense mutation. Instead of having an error in the protein, the protein is accidentally cut short. This is the kind of mutation that three of Betty Vertin’s children have. The Vertins have received the drug free through the clinical trial, and expenses for their trip from Nebraska to Washington, D.C. were paid by PTC Therapeutics. Ataluren works by ordering a cell to use a slightly different piece to build the protein—as if someone spray-painted the word “don’t” on the molecular version of a stop sign. Exactly how it does that is still mysterious. A paper published by the company’s scientists in the Proceedings of the National Academies of Science said it probably affected the ribosome, a key part of how proteins are put together in a cell. (Researchers not affiliated with the company did not find the same kind of activity.) Regardless of what mutation causes the illness, most people with DMD die in their 20s. Betty was told to expect her oldest son, Max, to be in a wheelchair full-time by the time he was 9 or 12. Max is 11 now. His 12th birthday is in early November. He uses an electric mobility scooter for long distances, but he can still walk. He rides a bike without training wheels and without any modifications. He has a part in a school play and goes up and down stairs to get to the stage. He even plays a trumpet in his school’s band. “He’s got the lung capacity to blow that thing, very loudly,” Betty said. For that, Betty credits ataluren, which Max started three years ago. “His life is—it’s not like his peers, but he’s getting a lot of the experiences that his peers are having,” she said. “He’s living a sort of a typical sixth-grade life and that diagnosis—I didn’t know what it would look like for him. I didn’t expect it to look like this.” Courtesy of Betty Vertin But not everyone considers ataluren to be a miracle drug—with good reason. The clinical trial results haven't been great. Most of the company’s studies tested how fast a child could go about 30 feet or walk up and down stairs, or how far they could walk in six minutes. They did see some slight positive results, many of which came from a study done with the specific kind of patient the company discovered benefited most in a previous trial. The FDA needs good data to make their decision, because when the agency approves a drug is sends a signal to the world. An approval is the FDA saying, “this drug is safe and effective. You could use it for your child, too.” PTC Therapeutics has tried to get FDA approval for the drug twice before. Both times the agency refused to even consider the application. This time, the application for approval was filed over the FDA’s protest. (The drug has been conditionally approved in Europe.) A Million Dollar Issue Part of the reason that the drug has struggled is because of this requirement: if the drug is effective, the data should show it. But that hasn't happened consistently with ataluren. Many of the clinical trials failed to satisfy the statistical requirement to prove a drug works—at least not for the main outcome the company was looking at. Other, secondary measurements did seem to have good statistics. Certain groups of children seemed to have better results than others, too. PTC Therapeutics founder and CEO Stuart Peltz says the statistics aren't a reason to reject the drug. Just because a drug doesn’t measure up in that way, he says, “doesn’t mean the drug is not effective.” But even if the FDA agrees to overlook some of the negative data about ataluren, insurers may not. That could be a million-dollar issue for the families with affected children. “If the evidence isn’t good, then insurance companies won’t pay for [drugs],” said National Center for Health Research (NCHR) president Diana Zuckerman. Two recently approved drugs have run into this problem: Spinraza, a drug for spinal muscular atrophy, and Exondys 51. Both drugs cost hundreds of thousands of dollars a year. Pharmaceutical companies traditionally will not discuss prices before drugs are approved; that said, ataluren costs about £220,000 in Britain. During clinical trials, participants like the Vertins normally do not pay for the treatment. The NCHR also presented at the FDA meeting in September to discuss ataluren, urging the agency to not approve the drug without more research. The organization’s statement also raised concerns about side effects associated with the drug, specifically about the chance that it raises blood pressure and cholesterol levels in children. The company says these shifts are small and ""not clinically significant."" In an e-mailed statement, FDA spokesperson Sandy Walsh confirmed that the FDA’s decisions are all “based on an assessment of the available data and whether the benefits of the drug outweigh its risks.” That data can include the experience of patients like Max, Rowan and Charlie. Courtesy of Betty Vertin via Facebook To Betty, the benefits are clear, even if they aren’t easily quantified. Rowan’s gait seems better. Max still doesn’t need to use a wheelchair all the time, bucking the prediction she heard when he was first diagnosed. However, financial analysts who track the biotech sector are not optimistic about ataluren’s immediate prospects. Matthew Eckler, a senior biotechnology analyst at RBC Capital Markets, said that analysts and investors are betting the FDA will not approve the drug. The FDA hasn’t said no yet. The agency still has nearly two more weeks to make a decision. Until then, Betty and her sons are living with a lot of uncertainty. “I’m really scared that my boys will have to go off [ataluren],” she said. Will they have access to the drug if it’s rejected? Would their conditions deteriorate if they didn’t? What other options do they have? Betty has no good answers. She is hoping she won’t need to come up with them. “DMD is a progressive disease, and my boys are stable,” Vertin said. “If we can just have a few more years with our boys or buy some time until there is a cure out there, that’s huge.” SaveSave"
fakehealth,story_reviews_00329,1,0,1,0.6025271198956222,0.3974728801043777,0.6025271198956222,0.34921104,0.6507889,0.6507889,"The recommendations also support the position of the American College of Cardiology and the American Heart Association, which in 2013 radically shifted their advice from suggesting that doctors focus on the level of a patient’s low-density lipoproteins (LDL) or “bad cholesterol” to looking at a more comprehensive picture of risk based on things such as weight and blood pressure, as well as lifestyle factors. “People with no signs, symptoms, or history of cardiovascular disease can still be at risk for having a heart attack or stroke,” said Kirsten Bibbins-Domingo, who chairs the task force. AD AD The task force, which is made up of independent experts but commissioned by the government, concurred after a comprehensive review of the evidence on the topic determined that a broader evaluation of risk is needed. But it puts a greater emphasis on age than the ACC and AHA did in determining who might benefit from the medication in preventing heart attack or stroke. It is also slightly more conservative when it comes to determining the benefits of taking the medications, which include Lipitor, Crestor and Zocor. The new guidelines, published in the Journal of the American Medical Association, suggests that people ages 40 to 75 who have one or more risk factors — such as high cholesterol, high blood pressure, diabetes or smoking that put them at a 10 percent or greater risk of having a heart attack or stroke in the next 10 years — should be on statins. The group also said that people with a 7.5 percent to 10 percent risk “may also benefit” but did not definitively recommend they take them. “People in this group should make an individual decision with their doctor about whether to start taking statins,” the task force advised. AD AD In contrast, the ACC and AHA recommend that people with a 7.5 percent or greater risk take the drugs. Another important difference between the groups is that the task force withheld a recommendation about starting statins in adults who are 76 and older, saying that “the current evidence is insufficient to assess the balance of benefits and harms.” In a commentary accompanying the recommendations, Philip Greenland and Robert Bonow note that there is “uncertainty and hesitation” in the guidelines regarding older people but said it appears that it is not necessary to stop taking statins at age 76 if you are already on them. AD The task force and AHA groups carry tremendous influence in medical practice and in what insurance companies will cover. Medicare typically follows USPSTF guidelines in determining coverage and the Affordable Care Act specifies that USPSTF recommendations rated at the strongest levels must be used as a floor for coverage for private insurers. In the case of statins, this would apply to the use of the drug by those who are 40 to 75 years old with one or more risk factors for cardiovascular disease and who have a 10 percent or greater risk — but not those with 7.5 to 10 percent risk. Individual doctors are free to take the advice or leave it, and in recent months there has been a lot of debate about what the scientific evidence really shows regarding the therapy. There is a consensus among experts that people at substantial risk for heart disease benefit from statins but considerable disagreement about those at lower risk. Last month, National Institutes of Health Director Francis Collins wrote in the journal Lancet that “it’s a force for good.” But Rita Redberg, a cardiologist at the University of California at San Francisco and editor of JAMA Internal Medicine, and others have been vocal about their belief that the drugs are overprescribed and that the side effects — which range from muscle pain and cataracts to possibly an increased risk for diabetes in women — should be taken more seriously. AD AD In an opinion piece Sunday, Redberg and Mitchell Katz, deputy editor of JAMA Internal Medicine, advised everyone to take “a step back” and ask “why this debate is so contentious.” They suggest that the estimates of the benefits of statins may be inflated, that the drugs as an intervention are “weak,” and that the reports of adverse events are incomplete. “In deciding on any therapy, it is important to understand the risks and benefits, particularly for healthy people,” they wrote. The two U.S. guidelines are notably more aggressive in recommending drugs than reports issued by their counterparts in other parts of the world, including the Canadian Cardiovascular Society (which recommends statins in men 40 and older but only after age 50 in women, and the U.K. National Institute for Health and Care Excellence, which recommends discussing lifestyle modification before offering statin therapy). The European Society of Cardiology focuses more on managing LDL. AD AD Statins are among the best-selling drugs in the United States, with a 2011 study showing at least 32 million Americans were taking them. The 2013 ACC and AHA guidelines recommend an estimated 24 million more people should be on them. The task force’s recommendations come on the heels of an important new study, published Saturday, that shows that people who use statins survive heart attacks better than those who do not. They are more likely to not only get to the hospital and survive until they are discharged but also survive in greater numbers a year after their hospitalization than those who do not use statins. This post has been updated. Read more: AD","New statin guidelines: Everyone 40 and older should be considered for the drug therapy. The recommendations also support the position of the American College of Cardiology and the American Heart Association, which in 2013 radically shifted their advice from suggesting that doctors focus on the level of a patient’s low-density lipoproteins (LDL) or “bad cholesterol” to looking at a more comprehensive picture of risk based on things such as weight and blood pressure, as well as lifestyle factors. “People with no signs, symptoms, or history of cardiovascular disease can still be at risk for having a heart attack or stroke,” said Kirsten Bibbins-Domingo, who chairs the task force. AD AD The task force, which is made up of independent experts but commissioned by the government, concurred after a comprehensive review of the evidence on the topic determined that a broader evaluation of risk is needed. But it puts a greater emphasis on age than the ACC and AHA did in determining who might benefit from the medication in preventing heart attack or stroke. It is also slightly more conservative when it comes to determining the benefits of taking the medications, which include Lipitor, Crestor and Zocor. The new guidelines, published in the Journal of the American Medical Association, suggests that people ages 40 to 75 who have one or more risk factors — such as high cholesterol, high blood pressure, diabetes or smoking that put them at a 10 percent or greater risk of having a heart attack or stroke in the next 10 years — should be on statins. The group also said that people with a 7.5 percent to 10 percent risk “may also benefit” but did not definitively recommend they take them. “People in this group should make an individual decision with their doctor about whether to start taking statins,” the task force advised. AD AD In contrast, the ACC and AHA recommend that people with a 7.5 percent or greater risk take the drugs. Another important difference between the groups is that the task force withheld a recommendation about starting statins in adults who are 76 and older, saying that “the current evidence is insufficient to assess the balance of benefits and harms.” In a commentary accompanying the recommendations, Philip Greenland and Robert Bonow note that there is “uncertainty and hesitation” in the guidelines regarding older people but said it appears that it is not necessary to stop taking statins at age 76 if you are already on them. AD The task force and AHA groups carry tremendous influence in medical practice and in what insurance companies will cover. Medicare typically follows USPSTF guidelines in determining coverage and the Affordable Care Act specifies that USPSTF recommendations rated at the strongest levels must be used as a floor for coverage for private insurers. In the case of statins, this would apply to the use of the drug by those who are 40 to 75 years old with one or more risk factors for cardiovascular disease and who have a 10 percent or greater risk — but not those with 7.5 to 10 percent risk. Individual doctors are free to take the advice or leave it, and in recent months there has been a lot of debate about what the scientific evidence really shows regarding the therapy. There is a consensus among experts that people at substantial risk for heart disease benefit from statins but considerable disagreement about those at lower risk. Last month, National Institutes of Health Director Francis Collins wrote in the journal Lancet that “it’s a force for good.” But Rita Redberg, a cardiologist at the University of California at San Francisco and editor of JAMA Internal Medicine, and others have been vocal about their belief that the drugs are overprescribed and that the side effects — which range from muscle pain and cataracts to possibly an increased risk for diabetes in women — should be taken more seriously. AD AD In an opinion piece Sunday, Redberg and Mitchell Katz, deputy editor of JAMA Internal Medicine, advised everyone to take “a step back” and ask “why this debate is so contentious.” They suggest that the estimates of the benefits of statins may be inflated, that the drugs as an intervention are “weak,” and that the reports of adverse events are incomplete. “In deciding on any therapy, it is important to understand the risks and benefits, particularly for healthy people,” they wrote. The two U.S. guidelines are notably more aggressive in recommending drugs than reports issued by their counterparts in other parts of the world, including the Canadian Cardiovascular Society (which recommends statins in men 40 and older but only after age 50 in women, and the U.K. National Institute for Health and Care Excellence, which recommends discussing lifestyle modification before offering statin therapy). The European Society of Cardiology focuses more on managing LDL. AD AD Statins are among the best-selling drugs in the United States, with a 2011 study showing at least 32 million Americans were taking them. The 2013 ACC and AHA guidelines recommend an estimated 24 million more people should be on them. The task force’s recommendations come on the heels of an important new study, published Saturday, that shows that people who use statins survive heart attacks better than those who do not. They are more likely to not only get to the hospital and survive until they are discharged but also survive in greater numbers a year after their hospitalization than those who do not use statins. This post has been updated. Read more: AD"
fakehealth,news_reviews_00557,1,0,1,0.5230682717291858,0.4769317282708142,0.5230682717291858,0.36110833,0.6388917,0.6388917,"A Veterans Affairs database study of more than 83,000 patients found that men whose low testosterone was restored to normal through gels, patches, or injections had a lower risk of heart attack, stroke, or death from any cause, versus similar men who were not treated. The study also found that men who were treated but did not attain normal levels did not see the same benefits as those whose levels did reach normal. The study was published online Aug. 6, 2015, in the European Heart Journal. The findings may sway the ongoing debate over testosterone therapy's benefits and risks, especially for the heart. Studies over the past few years have yielded mixed results, although part of that might stem from differing patient populations and research methods. For example, the new VA study excluded men with a history of heart attacks or strokes, although it did include those with existing heart disease. A much-cited VA database study that was published in JAMA in 2013 looked specifically at men with coronary artery disease; about 20 percent of the total study group of around 8,700 men had suffered a prior heart attack. So far, the medical community lacks results from any definitive clinical trial that might provide clear guidance. Meanwhile, the Food and Drug Administration issued guidance earlier in 2015 advising clinicians about the over-use of testosterone therapy, and pointing to a possible increased risk of heart attack and stroke. The new VA study is likely to draw attention because of its large size and relatively long follow-up period. Dr. Rajat Barua, the paper's corresponding author, says the study is also noteworthy because of its finding that administering the right dose is critical: Treating ""low T"" but not restoring levels to normal doesn't appear to impart much benefit, at least in terms of cardiovascular risk. Testosterone isn't prescribed with the goal of improving heart health, but that is a consideration in many cases. ""It is the first study to demonstrate that significant benefit is observed only if the dose is adequate to normalize the total testosterone levels,"" Barua and his coauthors wrote. ""Patients who failed to achieve the therapeutic range after testosterone replacement therapy did not see a reduction in [heart attack] or stroke and had significantly less benefit on mortality."" Barua is with the Kansas City (Mo.) VA Medical Center. He's also an assistant professor of medicine at the University of Kansas. The study team looked at national data on more than 83,000 men with documented low testosterone, all age 50 or above, who received care in VA between 1999 and 2014. The researchers divided the men into three clinical groups: those who were treated to the point where their total testosterone levels returned to normal (Group 1); those who were treated but without reaching normal (Group 2); and those who were untreated and remained at low levels (Group 3). Importantly, all three groups were ""propensity matched"" so the comparisons would be between men with similar health profiles. The researchers took into account a wide array of factors that might affect cardiovascular and overall risk. They included, for example, age, body mass index, various chronic diseases, LDL cholesterol levels, and the use of aspirin, beta blockers, and statins. The average follow-up across the groups ranged from 4.6 to 6.2 years. The sharpest contrast emerged between Group 1 (those who were treated and attained normal levels) and Group 3 (those whose low testosterone went untreated). The treated men were 56 percent less likely to die during the follow-up period, 24 percent less likely to suffer a heart attack, and 36 percent less likely to have a stroke. The differences between Group 1 and Group 2 (those who were treated but did not attain normal levels) were similar but less pronounced. Little difference emerged between Groups 2 and 3, except for a slight benefit in survival for those who were treated. Barua and colleagues say they don't know the exact reasons for testosterone's apparent benefits for the heart and overall survival. ""The mechanisms for these effects remain speculative,"" they write. Possible explanations, they say, could involve body fat, insulin sensitivity, lipids, blood platelets, inflammation, or other biological pathways. More research is needed, they say, to clarify how testosterone affects the cardiovascular system. While the new study results do seem to advocate for testosterone replacement therapy, Barua stresses the need for ""appropriate screening, selection, dosing, and follow-up of patients to maximize the benefit of testosterone therapy."" The authors also caution that ""off-label"" use remains a concern. In other words, doctors should not write a prescription simply because an older man is complaining of symptoms such as low energy and low sex drive. According to the FDA, ""Testosterone products are FDA-approved only for use in men who lack or have low testosterone levels in conjunction with an associated medical condition. Examples of these conditions include failure of the testicles to produce testosterone because of reasons such as genetic problems or chemotherapy. ... None of the FDA-approved testosterone products are approved for use in men with low testosterone levels who lack an associated medical condition."" ###","Study of 83,000 veterans finds cardiovascular benefits to testosterone replacement. A Veterans Affairs database study of more than 83,000 patients found that men whose low testosterone was restored to normal through gels, patches, or injections had a lower risk of heart attack, stroke, or death from any cause, versus similar men who were not treated. The study also found that men who were treated but did not attain normal levels did not see the same benefits as those whose levels did reach normal. The study was published online Aug. 6, 2015, in the European Heart Journal. The findings may sway the ongoing debate over testosterone therapy's benefits and risks, especially for the heart. Studies over the past few years have yielded mixed results, although part of that might stem from differing patient populations and research methods. For example, the new VA study excluded men with a history of heart attacks or strokes, although it did include those with existing heart disease. A much-cited VA database study that was published in JAMA in 2013 looked specifically at men with coronary artery disease; about 20 percent of the total study group of around 8,700 men had suffered a prior heart attack. So far, the medical community lacks results from any definitive clinical trial that might provide clear guidance. Meanwhile, the Food and Drug Administration issued guidance earlier in 2015 advising clinicians about the over-use of testosterone therapy, and pointing to a possible increased risk of heart attack and stroke. The new VA study is likely to draw attention because of its large size and relatively long follow-up period. Dr. Rajat Barua, the paper's corresponding author, says the study is also noteworthy because of its finding that administering the right dose is critical: Treating ""low T"" but not restoring levels to normal doesn't appear to impart much benefit, at least in terms of cardiovascular risk. Testosterone isn't prescribed with the goal of improving heart health, but that is a consideration in many cases. ""It is the first study to demonstrate that significant benefit is observed only if the dose is adequate to normalize the total testosterone levels,"" Barua and his coauthors wrote. ""Patients who failed to achieve the therapeutic range after testosterone replacement therapy did not see a reduction in [heart attack] or stroke and had significantly less benefit on mortality."" Barua is with the Kansas City (Mo.) VA Medical Center. He's also an assistant professor of medicine at the University of Kansas. The study team looked at national data on more than 83,000 men with documented low testosterone, all age 50 or above, who received care in VA between 1999 and 2014. The researchers divided the men into three clinical groups: those who were treated to the point where their total testosterone levels returned to normal (Group 1); those who were treated but without reaching normal (Group 2); and those who were untreated and remained at low levels (Group 3). Importantly, all three groups were ""propensity matched"" so the comparisons would be between men with similar health profiles. The researchers took into account a wide array of factors that might affect cardiovascular and overall risk. They included, for example, age, body mass index, various chronic diseases, LDL cholesterol levels, and the use of aspirin, beta blockers, and statins. The average follow-up across the groups ranged from 4.6 to 6.2 years. The sharpest contrast emerged between Group 1 (those who were treated and attained normal levels) and Group 3 (those whose low testosterone went untreated). The treated men were 56 percent less likely to die during the follow-up period, 24 percent less likely to suffer a heart attack, and 36 percent less likely to have a stroke. The differences between Group 1 and Group 2 (those who were treated but did not attain normal levels) were similar but less pronounced. Little difference emerged between Groups 2 and 3, except for a slight benefit in survival for those who were treated. Barua and colleagues say they don't know the exact reasons for testosterone's apparent benefits for the heart and overall survival. ""The mechanisms for these effects remain speculative,"" they write. Possible explanations, they say, could involve body fat, insulin sensitivity, lipids, blood platelets, inflammation, or other biological pathways. More research is needed, they say, to clarify how testosterone affects the cardiovascular system. While the new study results do seem to advocate for testosterone replacement therapy, Barua stresses the need for ""appropriate screening, selection, dosing, and follow-up of patients to maximize the benefit of testosterone therapy."" The authors also caution that ""off-label"" use remains a concern. In other words, doctors should not write a prescription simply because an older man is complaining of symptoms such as low energy and low sex drive. According to the FDA, ""Testosterone products are FDA-approved only for use in men who lack or have low testosterone levels in conjunction with an associated medical condition. Examples of these conditions include failure of the testicles to produce testosterone because of reasons such as genetic problems or chemotherapy. ... None of the FDA-approved testosterone products are approved for use in men with low testosterone levels who lack an associated medical condition."" ###"
fakehealth,story_reviews_00220,1,0,1,0.6530798544247716,0.3469201455752284,0.6530798544247716,0.42594898,0.574051,0.574051,"Wagler's pit viper THURSDAY, June 8, 2017 (HealthDay News) -- Scary pit vipers may need an image upgrade: Their venom might end up helping human heart patients, research suggests. Taiwanese scientists say a blood thinner drug based on venom from the Wagler's pit viper was effective in mice, and might prove safer than current anti-clotting meds for humans one day. The serpent-medicine connection isn't new, one cardiologist noted, since venom typically kills by disrupting the blood's clotting mechanisms. ""Blood thinner medications have a long and storied history with snake venom,"" said Dr Satjit Bhysri, a heart specialist at Lenox Hill Hospital in New York City. In fact, ""many current blood thinners are based on initial experiments from proteins found in snake venom,"" he added. In the new study, a team led by Tur-Fu Huang, a pharmacology researcher at National Taiwan University, focused on the venom of the Tropidolaemuswaglerix snake -- a Southeast Asian species known as Wagler's pit viper or the Temple viper. The snake's venom contains a protein called trowaglerix, the researchers explained. Designing a molecule based on trowaglerix, Huang's group was able to block GPVI -- a protein that sits on the surface of blood platelet cells and is crucial to allowing these cells to clump together and form clots. When mixed with blood, the new compound prevented blood cells called platelets from clotting. Also, mice that received the drug had slower blood clot formation than untreated mice, but the treated mice did not bleed longer than untreated mice. Still, experiments in animals often don't translate to success in humans, so further research is needed. Dr. Kevin Marzo is head of cardiology at NYU Winthrop Hospital in Mineola, N.Y. Reviewing the findings, he agreed that the drug under development may have merit. ""Many of the lifesaving drugs used in the treatment of heart attack patients work by inhibiting platelets and preventing blood clotting. However, it is often at the cost of serious bleeding complications,"" he said. ""The potential development of a new agent based on snake venom that could have similar beneficial effects on preventing blood clotting, and potentially cause less bleeding side effects, is an exciting discovery that warrants future investigation,"" Marzo added. The study was published June 8 in the journal Arteriosclerosis, Thrombosis and Vascular Biology. More information The American Heart Association has more on anti-clotting drugs.","It's Snakes to the Rescue for Heart Patients. Wagler's pit viper THURSDAY, June 8, 2017 (HealthDay News) -- Scary pit vipers may need an image upgrade: Their venom might end up helping human heart patients, research suggests. Taiwanese scientists say a blood thinner drug based on venom from the Wagler's pit viper was effective in mice, and might prove safer than current anti-clotting meds for humans one day. The serpent-medicine connection isn't new, one cardiologist noted, since venom typically kills by disrupting the blood's clotting mechanisms. ""Blood thinner medications have a long and storied history with snake venom,"" said Dr Satjit Bhysri, a heart specialist at Lenox Hill Hospital in New York City. In fact, ""many current blood thinners are based on initial experiments from proteins found in snake venom,"" he added. In the new study, a team led by Tur-Fu Huang, a pharmacology researcher at National Taiwan University, focused on the venom of the Tropidolaemuswaglerix snake -- a Southeast Asian species known as Wagler's pit viper or the Temple viper. The snake's venom contains a protein called trowaglerix, the researchers explained. Designing a molecule based on trowaglerix, Huang's group was able to block GPVI -- a protein that sits on the surface of blood platelet cells and is crucial to allowing these cells to clump together and form clots. When mixed with blood, the new compound prevented blood cells called platelets from clotting. Also, mice that received the drug had slower blood clot formation than untreated mice, but the treated mice did not bleed longer than untreated mice. Still, experiments in animals often don't translate to success in humans, so further research is needed. Dr. Kevin Marzo is head of cardiology at NYU Winthrop Hospital in Mineola, N.Y. Reviewing the findings, he agreed that the drug under development may have merit. ""Many of the lifesaving drugs used in the treatment of heart attack patients work by inhibiting platelets and preventing blood clotting. However, it is often at the cost of serious bleeding complications,"" he said. ""The potential development of a new agent based on snake venom that could have similar beneficial effects on preventing blood clotting, and potentially cause less bleeding side effects, is an exciting discovery that warrants future investigation,"" Marzo added. The study was published June 8 in the journal Arteriosclerosis, Thrombosis and Vascular Biology. More information The American Heart Association has more on anti-clotting drugs."
fakehealth,story_reviews_01123,1,0,1,0.5536721516198959,0.4463278483801041,0.5536721516198959,0.22364743,0.7763526,0.7763526,"By Amanda Gardner HealthDay Reporter TUESDAY, April 19, 2011 (HealthDay News) -- More evidence is emerging that women who take calcium supplements to prevent bone deterioration may, in fact, be risking their heart health. But even when added to previous studies with similar findings, the new conclusions don't necessarily mark a death knell for calcium supplements, say the authors of a study released online April 19 in the BMJ. ""There is a lack of consensus at the present time as to what recommendations should be regarding the use of calcium supplements,"" said study senior author Dr. Ian Reid, who fully expected that the new results will have a ""significant impact on recommendations."" ""Our own recommendation is to critically review the use of calcium supplements, since the data in this paper suggests that they do more harm than good,"" added Reid, who is professor of medicine and endocrinology at the University of Auckland in New Zealand. ""The cautious way forward seems to be to encourage people to obtain their calcium from the diet, rather than from supplements, since food calcium has not been shown to carry this increased risk of heart disease,"" Reid added. A recent meta-analysis done by the same group of researchers found a 27 to 31 percent increased risk of heart attacks in women taking calcium without vitamin D. Many older women take calcium supplements with or without vitamin D to keep their bones strong, especially since that has long been standard medical advice. In addition, the mammoth, U.S.-government funded Women's Health Initiative (WHI) earlier found no negative link between calcium and heart health. But, as the current authors point out, more than half of the women in that study were already taking their own calcium supplements on top of what they had been prescribed for the trial, which may have clouded the results. For this analysis, the authors looked only at the 16,718 women in the WHI who had not been taking personal calcium supplements before entering the trial. In this case, women who were randomized to take calcium and vitamin D as part of the study protocol had a modest 13 to 22 percent increased risk of cardiovascular problems, particularly heart attacks. Women in the control arm had no change in risk. The case against calcium became stronger when researchers added in data from 13 other, unpublished trials involving almost 30,000 women. Now the increased risk for heart attack was 25 to 30 percent and, for a stroke, 15 to 20 percent. While the authors speculate that an increased risk could be biologically plausible given that calcium is connected with hardening of the arteries, another expert thinks not. While calcium does tend to be a marker of inflammation, explained Dr. Philip Houck, assistant professor of internal medicine at Texas A&M Health Science Center College of Medicine, ""lesions with calcium are actually more stable so there's less of a chance of having a heart attack than in vessels that are less calcified."" Moreover, the results may have been statistically significant but that doesn't mean they're clinically significant, he added. ""If women have good reason to take calcium because their bones are thin, then they should not be afraid of taking the calcium,"" said Houck, who is also a cardiologist with Scott & White in Temple, Texas. Dr. Susan V. Bukata, associate professor of orthopaedic surgery at the University of Rochester Medical Center, said that the study really doesn't provide enough information to make a definitive conclusion. Nevertheless, accumulating evidence has her urging patients to get their calcium from their diet, rather than reflexively telling them to take 1,200 milligrams of calcium a day. ""With diet plus a supplement combined, women should be getting 1,000- to 1,500-milligrams a day,"" she said. And in an accompanying journal editorial, medical professors Dr. Bo Abrahamsen and Dr. Opinder Sahota wrote that due to study limitations, ""it is not possible to provide reassurance that calcium supplements given with vitamin D do not cause adverse cardiovascular events or to link them with certainty to increased cardiovascular risk. Clearly further studies are needed and the debate remains ongoing."" More information The National Osteoporosis Foundation has more on osteoporosis.","Women Taking Calcium Supplements May Risk Heart Health, Researchers Say. By Amanda Gardner HealthDay Reporter TUESDAY, April 19, 2011 (HealthDay News) -- More evidence is emerging that women who take calcium supplements to prevent bone deterioration may, in fact, be risking their heart health. But even when added to previous studies with similar findings, the new conclusions don't necessarily mark a death knell for calcium supplements, say the authors of a study released online April 19 in the BMJ. ""There is a lack of consensus at the present time as to what recommendations should be regarding the use of calcium supplements,"" said study senior author Dr. Ian Reid, who fully expected that the new results will have a ""significant impact on recommendations."" ""Our own recommendation is to critically review the use of calcium supplements, since the data in this paper suggests that they do more harm than good,"" added Reid, who is professor of medicine and endocrinology at the University of Auckland in New Zealand. ""The cautious way forward seems to be to encourage people to obtain their calcium from the diet, rather than from supplements, since food calcium has not been shown to carry this increased risk of heart disease,"" Reid added. A recent meta-analysis done by the same group of researchers found a 27 to 31 percent increased risk of heart attacks in women taking calcium without vitamin D. Many older women take calcium supplements with or without vitamin D to keep their bones strong, especially since that has long been standard medical advice. In addition, the mammoth, U.S.-government funded Women's Health Initiative (WHI) earlier found no negative link between calcium and heart health. But, as the current authors point out, more than half of the women in that study were already taking their own calcium supplements on top of what they had been prescribed for the trial, which may have clouded the results. For this analysis, the authors looked only at the 16,718 women in the WHI who had not been taking personal calcium supplements before entering the trial. In this case, women who were randomized to take calcium and vitamin D as part of the study protocol had a modest 13 to 22 percent increased risk of cardiovascular problems, particularly heart attacks. Women in the control arm had no change in risk. The case against calcium became stronger when researchers added in data from 13 other, unpublished trials involving almost 30,000 women. Now the increased risk for heart attack was 25 to 30 percent and, for a stroke, 15 to 20 percent. While the authors speculate that an increased risk could be biologically plausible given that calcium is connected with hardening of the arteries, another expert thinks not. While calcium does tend to be a marker of inflammation, explained Dr. Philip Houck, assistant professor of internal medicine at Texas A&M Health Science Center College of Medicine, ""lesions with calcium are actually more stable so there's less of a chance of having a heart attack than in vessels that are less calcified."" Moreover, the results may have been statistically significant but that doesn't mean they're clinically significant, he added. ""If women have good reason to take calcium because their bones are thin, then they should not be afraid of taking the calcium,"" said Houck, who is also a cardiologist with Scott & White in Temple, Texas. Dr. Susan V. Bukata, associate professor of orthopaedic surgery at the University of Rochester Medical Center, said that the study really doesn't provide enough information to make a definitive conclusion. Nevertheless, accumulating evidence has her urging patients to get their calcium from their diet, rather than reflexively telling them to take 1,200 milligrams of calcium a day. ""With diet plus a supplement combined, women should be getting 1,000- to 1,500-milligrams a day,"" she said. And in an accompanying journal editorial, medical professors Dr. Bo Abrahamsen and Dr. Opinder Sahota wrote that due to study limitations, ""it is not possible to provide reassurance that calcium supplements given with vitamin D do not cause adverse cardiovascular events or to link them with certainty to increased cardiovascular risk. Clearly further studies are needed and the debate remains ongoing."" More information The National Osteoporosis Foundation has more on osteoporosis."
fakehealth,story_reviews_00605,1,0,1,0.5740001703610822,0.4259998296389177,0.5740001703610822,0.4148658,0.5851342,0.5851342,"(Reuters) - Details of a large heart safety study presented on Monday appear to give Merck and Co’s diabetes drug Januvia a clean bill of health, possibly setting the stage for a return to sales growth for the drugmaker’s biggest product. A view of the Merck & Co. campus in Linden, New Jersey March 9, 2009. REUTERS/Jeff Zelevansky Merck in April said the study, called Tecos, of 14,724 patients with type 2 diabetes and a history of heart disease demonstrated that adding Januvia to usual care did not increase major heart problems any more than adding a placebo, removing a cloud that has been holding back sales of the medicine and the company’s share price. Januvia, an oral medication known chemically as sitagliptin that helps lower blood sugar levels, had sales of about $4 billion in 2014, plus another $1.8 billion for the related combination product Janumet On the study’s main focus, after about three years 11.4 percent of Januvia patients had experienced cardiovascular death, non-fatal heart attack, non-fatal stroke or hospitalization for unstable angina versus 11.6 percent in the placebo group. The detailed results also showed no increase in hospitalization for heart failure, which had been a particular concern with DPP-4 inhibitors, the class to which Januvia belongs. There were 228 such hospitalizations for Januvia and 229 in the placebo group, according to data also published in the New England Journal of Medicine. “We can be reassured we can use this drug for glucose lowering without affecting the already high cardiovascular risk in people with type 2 diabetes,” said Professor Rury Holman, the study’s lead investigator, who presented the data at the American Diabetes Association meeting in Boston. “For the heart failure concern raised by other agents in the class there is no difference (with placebo),” he added. There was also no significant difference between Januvia and placebo in infections, cancer, kidney failure or severe hypoglycemia, which is dangerously low blood sugar, researchers reported. Acute pancreatitis, a concern with some diabetes drugs, was uncommon but higher with Januvia, 23 versus 12. That was not statistically significant. “Numerically this is hardly a major risk, just something we need to keep an eye on,” Holman said. Pancreatic cancers, also uncommon, were numerically fewer with Januvia, 9 versus 14. Death from any cause occurred in 7.5 percent of Januvia patients versus 7.3 percent for placebo. The Tecos heart safety study was conducted by an independent academic research collaboration between the University of Oxford Diabetes Trials Unit and the Duke University Clinical Research Institute. It was undertaken after heart safety concerns were raised over other diabetes medicines.","No heart safety issues seen with Merck Januvia diabetes drug: study. (Reuters) - Details of a large heart safety study presented on Monday appear to give Merck and Co’s diabetes drug Januvia a clean bill of health, possibly setting the stage for a return to sales growth for the drugmaker’s biggest product. A view of the Merck & Co. campus in Linden, New Jersey March 9, 2009. REUTERS/Jeff Zelevansky Merck in April said the study, called Tecos, of 14,724 patients with type 2 diabetes and a history of heart disease demonstrated that adding Januvia to usual care did not increase major heart problems any more than adding a placebo, removing a cloud that has been holding back sales of the medicine and the company’s share price. Januvia, an oral medication known chemically as sitagliptin that helps lower blood sugar levels, had sales of about $4 billion in 2014, plus another $1.8 billion for the related combination product Janumet On the study’s main focus, after about three years 11.4 percent of Januvia patients had experienced cardiovascular death, non-fatal heart attack, non-fatal stroke or hospitalization for unstable angina versus 11.6 percent in the placebo group. The detailed results also showed no increase in hospitalization for heart failure, which had been a particular concern with DPP-4 inhibitors, the class to which Januvia belongs. There were 228 such hospitalizations for Januvia and 229 in the placebo group, according to data also published in the New England Journal of Medicine. “We can be reassured we can use this drug for glucose lowering without affecting the already high cardiovascular risk in people with type 2 diabetes,” said Professor Rury Holman, the study’s lead investigator, who presented the data at the American Diabetes Association meeting in Boston. “For the heart failure concern raised by other agents in the class there is no difference (with placebo),” he added. There was also no significant difference between Januvia and placebo in infections, cancer, kidney failure or severe hypoglycemia, which is dangerously low blood sugar, researchers reported. Acute pancreatitis, a concern with some diabetes drugs, was uncommon but higher with Januvia, 23 versus 12. That was not statistically significant. “Numerically this is hardly a major risk, just something we need to keep an eye on,” Holman said. Pancreatic cancers, also uncommon, were numerically fewer with Januvia, 9 versus 14. Death from any cause occurred in 7.5 percent of Januvia patients versus 7.3 percent for placebo. The Tecos heart safety study was conducted by an independent academic research collaboration between the University of Oxford Diabetes Trials Unit and the Duke University Clinical Research Institute. It was undertaken after heart safety concerns were raised over other diabetes medicines."
fakehealth,news_reviews_00042,1,0,1,0.7124814154534259,0.2875185845465741,0.7124814154534259,0.46040586,0.5395942,0.5395942,"An international team of researchers has developed a simple laboratory score that is safer and faster at diagnosing patients who visit the emergency department with heart attack symptoms. The score, published in CMAJ (Canadian Medical Association Journal), can also identify patients at risk of subsequent heart issues after discharge. ""We have developed a simple lab score that is superior to using cardiac troponin alone for the identification of patients at low and high risk for heart attack or death at emergency department presentation,"" say Dr. Peter Kavsak, McMaster University, Hamilton, Ontario. According to Professor Andrew Worster, also from McMaster University, ""This lab score may reduce both the number of blood tests and time spent in the emergency department for chest pain patients."" Patients with chest pain symptoms require multiple blood tests over several hours before a diagnosis is reached. Previous studies using high-sensitivity cardiac troponin alone to rule out and rule in heart attacks have not consistently demonstrated sufficient safety to use in clinical practice. In this international study, researchers from Canada, Australia, New Zealand and Germany combined common laboratory blood tests available at many hospitals around the world to create a single laboratory score, or clinical chemistry score, to diagnose heart attack. These blood tests are part of the World Health Organization's list of essential in vitro diagnostics tests for health care facilities with clinical laboratories. The researchers validated the clinical chemistry score as a predictor of heart attack or death within 30 days using data on 4245 patients from emergency department studies in the four countries. Within one month of the emergency department visits, 727 heart attacks or death in patients occurred. A negative (or low-risk) clinical chemistry score at emergency department presentation missed only one of these events compared with up to 25 missed heart attacks/death when using a high-sensitivity cardiac troponin test alone. A positive (or high-risk) clinical chemistry score also identified about 75% of patients at high risk of heart attack or death when positive compared with a low of 40% detected when the high-sensitivity cardiac troponin test alone was positive. The clinical chemistry score worked equally well in men and women. The authors suggest the score can be useful for standardizing diagnoses and improving safety. ""Adoption of the clinical chemistry score algorithm would standardize reporting of high-sensitivity cardiac troponin test results, how the tests are interpreted in the normal range, and represent an option less susceptible to both analytical and preanalytical errors. This could result in the safest laboratory approach for physicians to use at presentation in the emergency department,"" says Dr. Kavsak. ### The Canadian Institutes of Health Research funded the study with reagent support from Abbott Laboratories and Roche Diagnostics. ""Clinical chemistry score versus high-sensitivity cardiac troponin I and T tests alone to identify patients at low or high risk for myocardial infarction or death at presentation to the emergency department"" is published August 20, 2018.","Simple score to diagnose heart attacks is safer, faster than current methods. An international team of researchers has developed a simple laboratory score that is safer and faster at diagnosing patients who visit the emergency department with heart attack symptoms. The score, published in CMAJ (Canadian Medical Association Journal), can also identify patients at risk of subsequent heart issues after discharge. ""We have developed a simple lab score that is superior to using cardiac troponin alone for the identification of patients at low and high risk for heart attack or death at emergency department presentation,"" say Dr. Peter Kavsak, McMaster University, Hamilton, Ontario. According to Professor Andrew Worster, also from McMaster University, ""This lab score may reduce both the number of blood tests and time spent in the emergency department for chest pain patients."" Patients with chest pain symptoms require multiple blood tests over several hours before a diagnosis is reached. Previous studies using high-sensitivity cardiac troponin alone to rule out and rule in heart attacks have not consistently demonstrated sufficient safety to use in clinical practice. In this international study, researchers from Canada, Australia, New Zealand and Germany combined common laboratory blood tests available at many hospitals around the world to create a single laboratory score, or clinical chemistry score, to diagnose heart attack. These blood tests are part of the World Health Organization's list of essential in vitro diagnostics tests for health care facilities with clinical laboratories. The researchers validated the clinical chemistry score as a predictor of heart attack or death within 30 days using data on 4245 patients from emergency department studies in the four countries. Within one month of the emergency department visits, 727 heart attacks or death in patients occurred. A negative (or low-risk) clinical chemistry score at emergency department presentation missed only one of these events compared with up to 25 missed heart attacks/death when using a high-sensitivity cardiac troponin test alone. A positive (or high-risk) clinical chemistry score also identified about 75% of patients at high risk of heart attack or death when positive compared with a low of 40% detected when the high-sensitivity cardiac troponin test alone was positive. The clinical chemistry score worked equally well in men and women. The authors suggest the score can be useful for standardizing diagnoses and improving safety. ""Adoption of the clinical chemistry score algorithm would standardize reporting of high-sensitivity cardiac troponin test results, how the tests are interpreted in the normal range, and represent an option less susceptible to both analytical and preanalytical errors. This could result in the safest laboratory approach for physicians to use at presentation in the emergency department,"" says Dr. Kavsak. ### The Canadian Institutes of Health Research funded the study with reagent support from Abbott Laboratories and Roche Diagnostics. ""Clinical chemistry score versus high-sensitivity cardiac troponin I and T tests alone to identify patients at low or high risk for myocardial infarction or death at presentation to the emergency department"" is published August 20, 2018."
fakehealth,story_reviews_00915,1,0,1,0.5402086106716983,0.4597913893283016,0.5402086106716983,0.2952276,0.7047724,0.7047724,"En Español By Kathleen Doheny HealthDay Reporter WEDNESDAY, Feb. 22, 2012 (HealthDay News) -- Breast cancers in women aged 40 to 49 that are diagnosed by mammograms have a better prognosis than those detected by doctors or the women themselves, a new study indicates. ""They have an earlier diagnosis, earlier stage, better prognosis,"" said study author Judith Malmgren, an affiliated professor of epidemiology at the University of Washington School of Public Health and Community Medicine. She is also president of HealthStat Consulting Inc. in Seattle. The new study, like previous ones, re-ignites the ongoing debate about the best age to start routine mammograms and the best screening interval. It appears in the March issue of the journal Radiology. In 2009, the U.S. Preventive Services Task Force issued mammogram recommendations. It recommends women aged 50 to 74 who are at average risk for breast cancer have a mammogram done every two years. It also suggests that women aged 40 to 49 at average risk discuss the pros and cons with their doctors and decide on an individual basis if and when to start screening. Meanwhile, other organizations, including the American Cancer Society, recommend women begin mammograms at age 40 and continue to have them annually. Malmgren and her colleagues evaluated nearly 2,000 women who had breast cancer. All were aged 40 to 49 when they were treated between 1990 and 2008. The researchers looked at the method of diagnosis, whether by mammogram or if the cancer was found by the doctor or the woman. They also took these into account: the cancer's stage at diagnosis; type of treatment; annual follow-up; recurrence; and survival. Over the 18-year period, the number of breast cancers diagnosed at very early stages increased 66 percent, while the number of more advanced cancers (stage 3) decreased by 66 percent. Those whose cancers were detected by mammogram rose from 28 percent in 1990 to 58 percent in 2008. The number of cancers detected by doctor or patients declined from 73 percent in 1990 to 42 percent in 2008. Women whose cancers were detected by mammograms were more likely than the doctor- or patient-detected cancers to have lumpectomy or other breast-conserving surgery: 67 percent vs. 48 percent. The women whose cancers were detected by mammograms were less likely to be given chemotherapy. While 4 percent of women whose cancer was found on mammogram died during a follow-up period that ranged from one to 20 years, 11 percent of those whose cancers were found by the doctor or the women died. When the researchers looked only at invasive cancers, 92 percent of the women whose cancer was found on mammogram survived without recurrence at five years; 88 percent of the other group did. ""I don't think the U.S. Preventive Services Task Force is looking at the whole picture,"" Malmgren said. ""They are concentrating on the harms."" Among them, according to the 2009 guidelines, are false-positives, which can lead to anxiety and unnecessary biopsies. Malmgren, a breast cancer survivor, says more focus should be placed on the benefit of early diagnosis, because it often means less treatment is needed. There was a decrease found in cancers being diagnosed at later stages in those whose cancers were found on mammograms. ""That's where the money is,"" Malmgren said. Dr. Virginia Moyer, chair of the U.S. Preventive Services Task Force and a professor of pediatrics at Baylor College of Medicine, reviewed the study. ""The findings make sense,"" she said. They found that cancers can be detected earlier by mammogram. ""A screening test, if it can't find something earlier than [by] clinical presentation, is a poor test,"" she said. However, she said, the study does not provide support for all women aged 40 to 49 to have routine mammograms. When considering its recommendation, the task force took all available evidence into account, including published studies, Moyer noted. ""The data from randomized trials and modeling show there is a very modest improvement in mortality with mammograms from 40 to 49,"" she said. ""Because it is so modest and there are risks, people need to make their own decision,"" Moyer said. More information To learn more about mammograms, go to the U.S. National Cancer Institute.","Mammograms Can Save Lives of Women in Their 40s: Study. En Español By Kathleen Doheny HealthDay Reporter WEDNESDAY, Feb. 22, 2012 (HealthDay News) -- Breast cancers in women aged 40 to 49 that are diagnosed by mammograms have a better prognosis than those detected by doctors or the women themselves, a new study indicates. ""They have an earlier diagnosis, earlier stage, better prognosis,"" said study author Judith Malmgren, an affiliated professor of epidemiology at the University of Washington School of Public Health and Community Medicine. She is also president of HealthStat Consulting Inc. in Seattle. The new study, like previous ones, re-ignites the ongoing debate about the best age to start routine mammograms and the best screening interval. It appears in the March issue of the journal Radiology. In 2009, the U.S. Preventive Services Task Force issued mammogram recommendations. It recommends women aged 50 to 74 who are at average risk for breast cancer have a mammogram done every two years. It also suggests that women aged 40 to 49 at average risk discuss the pros and cons with their doctors and decide on an individual basis if and when to start screening. Meanwhile, other organizations, including the American Cancer Society, recommend women begin mammograms at age 40 and continue to have them annually. Malmgren and her colleagues evaluated nearly 2,000 women who had breast cancer. All were aged 40 to 49 when they were treated between 1990 and 2008. The researchers looked at the method of diagnosis, whether by mammogram or if the cancer was found by the doctor or the woman. They also took these into account: the cancer's stage at diagnosis; type of treatment; annual follow-up; recurrence; and survival. Over the 18-year period, the number of breast cancers diagnosed at very early stages increased 66 percent, while the number of more advanced cancers (stage 3) decreased by 66 percent. Those whose cancers were detected by mammogram rose from 28 percent in 1990 to 58 percent in 2008. The number of cancers detected by doctor or patients declined from 73 percent in 1990 to 42 percent in 2008. Women whose cancers were detected by mammograms were more likely than the doctor- or patient-detected cancers to have lumpectomy or other breast-conserving surgery: 67 percent vs. 48 percent. The women whose cancers were detected by mammograms were less likely to be given chemotherapy. While 4 percent of women whose cancer was found on mammogram died during a follow-up period that ranged from one to 20 years, 11 percent of those whose cancers were found by the doctor or the women died. When the researchers looked only at invasive cancers, 92 percent of the women whose cancer was found on mammogram survived without recurrence at five years; 88 percent of the other group did. ""I don't think the U.S. Preventive Services Task Force is looking at the whole picture,"" Malmgren said. ""They are concentrating on the harms."" Among them, according to the 2009 guidelines, are false-positives, which can lead to anxiety and unnecessary biopsies. Malmgren, a breast cancer survivor, says more focus should be placed on the benefit of early diagnosis, because it often means less treatment is needed. There was a decrease found in cancers being diagnosed at later stages in those whose cancers were found on mammograms. ""That's where the money is,"" Malmgren said. Dr. Virginia Moyer, chair of the U.S. Preventive Services Task Force and a professor of pediatrics at Baylor College of Medicine, reviewed the study. ""The findings make sense,"" she said. They found that cancers can be detected earlier by mammogram. ""A screening test, if it can't find something earlier than [by] clinical presentation, is a poor test,"" she said. However, she said, the study does not provide support for all women aged 40 to 49 to have routine mammograms. When considering its recommendation, the task force took all available evidence into account, including published studies, Moyer noted. ""The data from randomized trials and modeling show there is a very modest improvement in mortality with mammograms from 40 to 49,"" she said. ""Because it is so modest and there are risks, people need to make their own decision,"" Moyer said. More information To learn more about mammograms, go to the U.S. National Cancer Institute."
fakehealth,story_reviews_00421,1,0,1,0.8006517017779333,0.1993482982220666,0.8006517017779333,0.4545289,0.5454712,0.5454712,"About 800,000 people in the United States suffer from a stroke each year. Of those who survive, about 70 percent will be left disabled, making the cardiac event a major cause of adult disability. While there are therapies to help improve patients' mobility, they’re only effective within the first few hours of an event. Recently, researchers from the Stanford University School of Medicine have made it their mission to improve these outcomes. They hypothesized that injecting stem cells into the brains of chronic stroke patients would increase their survival rates. And in a clinical trial testing the technique, researchers found injections can safely improve patients' motor function. “What surprised us most was the remarkable recovery some patients had,” Dr. Gary Steinberg, professor and chair of neurosurgery at Stanford, told Medical Daily, “While we had hoped for that, we didn’t really expect it. Patients recover from strokes over the first six months, and then there’s very little recovery [after that]. You know, they go to rehab and there’s not much more [more] they can recover usually.” For the study, Steinberg and his team recruited 18 patients who had suffered their first and only stroke six months to three years prior to the trial. Each patient had a small hole drilled through their skulls in order for researchers to be able to inject stem cells taken from the bone marrow of two donors directly into parts of their brains that were damaged from stroke. After patients were sent home, researchers continued to monitor their health through blood tests, clinical evaluations, and brain imaging. Results showed that the implanted stem cells didn’t survive very long in the brain, disappearing about one to two months after injections; however, patients still showed significant motor recovery at six and 12 months post-surgery. Some of the patients bound to wheelchairs were even able to walk again. “The recovery some patients showed was not just minimal, it was significant,” said Steinberg, who has researched stem cell therapies for more than 15 years. “It wasn’t just someone who couldn’t move their thumb now being able to move their thumb, [it was more profound than that]."" The types of stem cells used, called mesenchymal stem cells, can differentiate into a variety of cell types. In other words, they are the precursors to muscle, fat, bone, and tendon tissue. Past research has shown that these cells can be used to treat the effects of hypoxic-ischemic encephalopathy, brain damage caused by loss of oxygen. In Steinberg's study, it did not “cause problems by differentiating into unwanted tissues or forming tumors.” And even when the stem cells came from an unrelated donor, the participants did not experience a strong immune reaction. Although more than 75 percent of patients reported suffering headaches afterward, the researchers said it was probably due to the surgical procedure rather than the stem cells themselves. Furthermore, there were no life-threatening effects linked to the procedure used to administer them. Motor improvement was also independent of the severity of the stroke patients’ conditions— an important detail considering older adults tend to respond less to treatment, the researchers said. In addition to setting the stage for an expanded trial of the procedure, the promising results also change “our notion of what happens after a stroke,” Steinberg explained. The findings suggest that stroke-damaged areas of the brain, once thought to be dead or irreversible, can actually be “resurrected.” Source: Steinberg G, Kondziolka D, Wechsler L, et al. Clinical Outcomes of Transplanted Modified Bone Marrow-Derived Mesenchymal Stem Cells in Stroke: A Phase 1/2a Study. Stroke. 2016.","Stem Cells May Safely Restore Motor Function In Patients Suffering From Disabilities After Stroke. About 800,000 people in the United States suffer from a stroke each year. Of those who survive, about 70 percent will be left disabled, making the cardiac event a major cause of adult disability. While there are therapies to help improve patients' mobility, they’re only effective within the first few hours of an event. Recently, researchers from the Stanford University School of Medicine have made it their mission to improve these outcomes. They hypothesized that injecting stem cells into the brains of chronic stroke patients would increase their survival rates. And in a clinical trial testing the technique, researchers found injections can safely improve patients' motor function. “What surprised us most was the remarkable recovery some patients had,” Dr. Gary Steinberg, professor and chair of neurosurgery at Stanford, told Medical Daily, “While we had hoped for that, we didn’t really expect it. Patients recover from strokes over the first six months, and then there’s very little recovery [after that]. You know, they go to rehab and there’s not much more [more] they can recover usually.” For the study, Steinberg and his team recruited 18 patients who had suffered their first and only stroke six months to three years prior to the trial. Each patient had a small hole drilled through their skulls in order for researchers to be able to inject stem cells taken from the bone marrow of two donors directly into parts of their brains that were damaged from stroke. After patients were sent home, researchers continued to monitor their health through blood tests, clinical evaluations, and brain imaging. Results showed that the implanted stem cells didn’t survive very long in the brain, disappearing about one to two months after injections; however, patients still showed significant motor recovery at six and 12 months post-surgery. Some of the patients bound to wheelchairs were even able to walk again. “The recovery some patients showed was not just minimal, it was significant,” said Steinberg, who has researched stem cell therapies for more than 15 years. “It wasn’t just someone who couldn’t move their thumb now being able to move their thumb, [it was more profound than that]."" The types of stem cells used, called mesenchymal stem cells, can differentiate into a variety of cell types. In other words, they are the precursors to muscle, fat, bone, and tendon tissue. Past research has shown that these cells can be used to treat the effects of hypoxic-ischemic encephalopathy, brain damage caused by loss of oxygen. In Steinberg's study, it did not “cause problems by differentiating into unwanted tissues or forming tumors.” And even when the stem cells came from an unrelated donor, the participants did not experience a strong immune reaction. Although more than 75 percent of patients reported suffering headaches afterward, the researchers said it was probably due to the surgical procedure rather than the stem cells themselves. Furthermore, there were no life-threatening effects linked to the procedure used to administer them. Motor improvement was also independent of the severity of the stroke patients’ conditions— an important detail considering older adults tend to respond less to treatment, the researchers said. In addition to setting the stage for an expanded trial of the procedure, the promising results also change “our notion of what happens after a stroke,” Steinberg explained. The findings suggest that stroke-damaged areas of the brain, once thought to be dead or irreversible, can actually be “resurrected.” Source: Steinberg G, Kondziolka D, Wechsler L, et al. Clinical Outcomes of Transplanted Modified Bone Marrow-Derived Mesenchymal Stem Cells in Stroke: A Phase 1/2a Study. Stroke. 2016."
fakehealth,news_reviews_00268,1,0,1,0.775375458344652,0.2246245416553479,0.775375458344652,0.35322568,0.64677435,0.64677435,"Men who filled prescriptions for erectile dysfunction drugs in the years following a heart attack had a substantially lower risk of dying or being hospitalized for heart failure than men who did not use these drugs, according to a study scheduled for presentation at the American College of Cardiology's 66th Annual Scientific Session. The study, which retrospectively tracked more than 43,000 men for an average of 3.3 years, found that men prescribed phosphodiesterase-5 (PDE5) inhibitors--the type of erectile dysfunction drug sold under the names Viagra, Levitra, Cialis and others--after their first heart attack were 33 percent less likely to die from any cause. No survival benefit was seen among men taking alprostadil, another type of erectile dysfunction drug that works through a different mechanism. ""If you have an active sex life after a heart attack, it is probably safe to use PDE5 inhibitors,"" said Daniel Peter Andersson, MD, PhD, a postdoctoral researcher at Karolinska Institutet in Stockholm and the study's lead author. ""This type of erectile dysfunction treatment is beneficial in terms of prognosis, and having an active sex life seems to be a marker for a decreased risk of death."" The research is based on a Swedish national database of health records that includes all hospitals in Sweden. Researchers analyzed the records of men age 80 years or younger who were hospitalized for a first heart attack between 2007 and 2013. Tracking the men for an average of 3.3 years following this first heart attack, they compared outcomes among those who subsequently filled a prescription for a PDE5 inhibitor or alprostadil to those who did not. Overall just over 7 percent of men were prescribed an erectile dysfunction drug, 92 percent of whom were prescribed a PDE5 inhibitor and 8 percent of whom were prescribed alprostadil. After adjusting for cardiovascular risk factors including diabetes, heart failure and stroke, those taking PDE5 inhibitors were found to be markedly less likely to die than those taking alprostadil or no erectile dysfunction drugs. Filling more prescriptions for PDE5 inhibitors appeared to be associated with a greater benefit, although Andersson said that trend should be interpreted with caution because the study was not large enough for a definitive dose-response analysis. In addition to a decreased mortality, men using PDE5 inhibitors or alprostadil were 40 percent less likely to be hospitalized for heart failure compared to those not taking any erectile dysfunction drugs. Although the results provide evidence that PDE5 inhibitors may benefit heart health, the retrospective study design makes it impossible to ascertain direct cause and effect, Andersson noted. It is possible that using erectile dysfunction drugs simply indicates a more active sex life, which could itself contribute to, or be a marker of, a heart-healthy lifestyle overall. ""We think that if you have an active sex life it's probably an indicator of a healthy lifestyle, especially in the oldest quartile--those 70 to 80 years old,"" Andersson said. ""From the perspective of a doctor, if a patient asks about erectile dysfunction drugs after a heart attack and has no contraindications for PDE5 inhibitors, based on these results you can feel safe about prescribing it."" Andersson said the results came as a surprise because erectile dysfunction is associated with an increased risk of heart disease in otherwise healthy men. However, previous studies have associated the use of PDE5 inhibitors with a decreased blood pressure in the left ventricle, which reduces the amount of work required to pump blood and therefore could help explain why the drugs might benefit people with heart failure. PDE5 inhibitors were initially developed to treat angina, a type of chest pain that results from constricted arteries. The researchers also tracked the risk of a subsequent heart attack or cardiac revascularization procedure, such as angioplasty or coronary artery bypass but found the use of erectile dysfunction drugs had no effect on these outcomes. A limitation of the study is that the researchers did not assess the effects of untreated erectile dysfunction, or conversely, the effect of having an active sex life without taking erectile dysfunction drugs. The researchers also were unable to account for socioeconomic status; as a next step, they are planning a larger study that will include more health records and complete information on marital status, educational level and disposable income. They are also pursuing a separate analysis of outcomes from erectile dysfunction drugs in men with Type 1 and Type 2 diabetes. ### This study received funding from the Stockholm County Council and the Swedish Heart and Lung Foundation. Andersson will present the study, ""Association Between Erectile Dysfunction and Death or Cardiovascular Outcomes After Myocardial Infarction,"" on Friday, March 17, at 1:30 p.m. ET at Poster Hall C at the American College of Cardiology's 66th Annual Scientific Session in Washington. The meeting runs March 17-19. The ACC's Annual Scientific Session, which in 2017 will be March 17-19 in Washington, brings together cardiologists and cardiovascular specialists from around the world to share the newest discoveries in treatment and prevention. Follow @ACCCardioEd, @ACCMediaCenter and #ACC17 for the latest news from the meeting. The American College of Cardiology is a 52,000-member medical society that is the professional home for the entire cardiovascular care team. The mission of the College is to transform cardiovascular care and to improve heart health. The ACC leads in the formation of health policy, standards and guidelines. The College operates national registries to measure and improve care, offers cardiovascular accreditation to hospitals and institutions, provides professional medical education, disseminates cardiovascular research and bestows credentials upon cardiovascular specialists who meet stringent qualifications. Andersson will be available to the media in an embargoed web briefing on Tuesday, March 7, 2017, at 2 p.m. ET. Eligible media should register for ACC.17 to receive access to the briefing.","Erectile dysfunction drugs are safe, possibly beneficial after heart attack. Men who filled prescriptions for erectile dysfunction drugs in the years following a heart attack had a substantially lower risk of dying or being hospitalized for heart failure than men who did not use these drugs, according to a study scheduled for presentation at the American College of Cardiology's 66th Annual Scientific Session. The study, which retrospectively tracked more than 43,000 men for an average of 3.3 years, found that men prescribed phosphodiesterase-5 (PDE5) inhibitors--the type of erectile dysfunction drug sold under the names Viagra, Levitra, Cialis and others--after their first heart attack were 33 percent less likely to die from any cause. No survival benefit was seen among men taking alprostadil, another type of erectile dysfunction drug that works through a different mechanism. ""If you have an active sex life after a heart attack, it is probably safe to use PDE5 inhibitors,"" said Daniel Peter Andersson, MD, PhD, a postdoctoral researcher at Karolinska Institutet in Stockholm and the study's lead author. ""This type of erectile dysfunction treatment is beneficial in terms of prognosis, and having an active sex life seems to be a marker for a decreased risk of death."" The research is based on a Swedish national database of health records that includes all hospitals in Sweden. Researchers analyzed the records of men age 80 years or younger who were hospitalized for a first heart attack between 2007 and 2013. Tracking the men for an average of 3.3 years following this first heart attack, they compared outcomes among those who subsequently filled a prescription for a PDE5 inhibitor or alprostadil to those who did not. Overall just over 7 percent of men were prescribed an erectile dysfunction drug, 92 percent of whom were prescribed a PDE5 inhibitor and 8 percent of whom were prescribed alprostadil. After adjusting for cardiovascular risk factors including diabetes, heart failure and stroke, those taking PDE5 inhibitors were found to be markedly less likely to die than those taking alprostadil or no erectile dysfunction drugs. Filling more prescriptions for PDE5 inhibitors appeared to be associated with a greater benefit, although Andersson said that trend should be interpreted with caution because the study was not large enough for a definitive dose-response analysis. In addition to a decreased mortality, men using PDE5 inhibitors or alprostadil were 40 percent less likely to be hospitalized for heart failure compared to those not taking any erectile dysfunction drugs. Although the results provide evidence that PDE5 inhibitors may benefit heart health, the retrospective study design makes it impossible to ascertain direct cause and effect, Andersson noted. It is possible that using erectile dysfunction drugs simply indicates a more active sex life, which could itself contribute to, or be a marker of, a heart-healthy lifestyle overall. ""We think that if you have an active sex life it's probably an indicator of a healthy lifestyle, especially in the oldest quartile--those 70 to 80 years old,"" Andersson said. ""From the perspective of a doctor, if a patient asks about erectile dysfunction drugs after a heart attack and has no contraindications for PDE5 inhibitors, based on these results you can feel safe about prescribing it."" Andersson said the results came as a surprise because erectile dysfunction is associated with an increased risk of heart disease in otherwise healthy men. However, previous studies have associated the use of PDE5 inhibitors with a decreased blood pressure in the left ventricle, which reduces the amount of work required to pump blood and therefore could help explain why the drugs might benefit people with heart failure. PDE5 inhibitors were initially developed to treat angina, a type of chest pain that results from constricted arteries. The researchers also tracked the risk of a subsequent heart attack or cardiac revascularization procedure, such as angioplasty or coronary artery bypass but found the use of erectile dysfunction drugs had no effect on these outcomes. A limitation of the study is that the researchers did not assess the effects of untreated erectile dysfunction, or conversely, the effect of having an active sex life without taking erectile dysfunction drugs. The researchers also were unable to account for socioeconomic status; as a next step, they are planning a larger study that will include more health records and complete information on marital status, educational level and disposable income. They are also pursuing a separate analysis of outcomes from erectile dysfunction drugs in men with Type 1 and Type 2 diabetes. ### This study received funding from the Stockholm County Council and the Swedish Heart and Lung Foundation. Andersson will present the study, ""Association Between Erectile Dysfunction and Death or Cardiovascular Outcomes After Myocardial Infarction,"" on Friday, March 17, at 1:30 p.m. ET at Poster Hall C at the American College of Cardiology's 66th Annual Scientific Session in Washington. The meeting runs March 17-19. The ACC's Annual Scientific Session, which in 2017 will be March 17-19 in Washington, brings together cardiologists and cardiovascular specialists from around the world to share the newest discoveries in treatment and prevention. Follow @ACCCardioEd, @ACCMediaCenter and #ACC17 for the latest news from the meeting. The American College of Cardiology is a 52,000-member medical society that is the professional home for the entire cardiovascular care team. The mission of the College is to transform cardiovascular care and to improve heart health. The ACC leads in the formation of health policy, standards and guidelines. The College operates national registries to measure and improve care, offers cardiovascular accreditation to hospitals and institutions, provides professional medical education, disseminates cardiovascular research and bestows credentials upon cardiovascular specialists who meet stringent qualifications. Andersson will be available to the media in an embargoed web briefing on Tuesday, March 7, 2017, at 2 p.m. ET. Eligible media should register for ACC.17 to receive access to the briefing."
fakehealth,story_reviews_01326,1,0,1,0.6029599354459321,0.3970400645540679,0.6029599354459321,0.40676698,0.59323305,0.59323305,"Vitamin B and its role in improving memory Studies show a B vitamin cocktail may stave off cognitive decline. Nutrition lab Anyone looking for an easy way to boost brain power is likely to come across an increasingly common piece of advice: Up your intake of B vitamins. Forgot where you left your keys? The name of your neighbor's kid? Whether you locked the car? The vitamins — including folic acid and vitamins B6 and B12 — are often touted as a way to improve memory and stave off cognitive decline. The claims are based on the finding that levels of the vitamin are low in people with various forms of cognitive impairment, including dementia and Alzheimer's disease. But experts say it's still unclear whether taking high doses of the vitamins will keep such conditions at bay. ""I don't know that people need to rush out and buy B vitamins — I don't think we're ready [for that] yet,"" says Mary Haan, an epidemiology professor at UC San Francisco who has studied the relationship between B vitamin intake and cognitive function in elderly adults. Researchers believe B vitamins may affect brain health because of their ability to lower blood levels of an amino acid called homocysteine. In the 1990s, several studies documented high levels of homocysteine in people with cognitive impairment and dementia. But at the time, scientists didn't know whether high levels of the amino acid caused cognitive decline or whether cognitive decline caused people to accumulate high levels of the amino acid. To determine which came first, researchers at Boston University followed approximately 1,100 healthy adults who were enrolled in the ongoing Framingham Heart Study, which began in 1948 to identify risk factors for heart disease. At the end of eight years, the researchers found that the rates of dementia and Alzheimer's disease were higher in people who had had high homocysteine levels compared with those who had low levels. Their conclusions — that high homocysteine levels increase a person's risk of dementia and Alzheimer's disease — were published in the New England Journal of Medicine in 2002. Since then, a handful of studies have administered high doses of homocysteine-lowering B vitamins to subjects in order to determine the vitamins' effects on brain function. The results have so far been mixed, with only a minority of studies showing a benefit, says Joshua Miller, a professor of pathology and laboratory medicine at UC Davis who studies the vitamins.","Vitamin B and its role in improving memory Studies show a B vitamin cocktail may stave off cognitive decline. Nutrition lab Anyone looking for an easy way to boost brain power is likely to come across an increasingly common piece of advice: Up your intake of B vitamins. Forgot where you left your keys? The name of your neighbor's kid? Whether you locked the car? The vitamins — including folic acid and vitamins B6 and B12 — are often touted as a way to improve memory and stave off cognitive decline. The claims are based on the finding that levels of the vitamin are low in people with various forms of cognitive impairment, including dementia and Alzheimer's disease. But experts say it's still unclear whether taking high doses of the vitamins will keep such conditions at bay. ""I don't know that people need to rush out and buy B vitamins — I don't think we're ready [for that] yet,"" says Mary Haan, an epidemiology professor at UC San Francisco who has studied the relationship between B vitamin intake and cognitive function in elderly adults. Researchers believe B vitamins may affect brain health because of their ability to lower blood levels of an amino acid called homocysteine. In the 1990s, several studies documented high levels of homocysteine in people with cognitive impairment and dementia. But at the time, scientists didn't know whether high levels of the amino acid caused cognitive decline or whether cognitive decline caused people to accumulate high levels of the amino acid. To determine which came first, researchers at Boston University followed approximately 1,100 healthy adults who were enrolled in the ongoing Framingham Heart Study, which began in 1948 to identify risk factors for heart disease. At the end of eight years, the researchers found that the rates of dementia and Alzheimer's disease were higher in people who had had high homocysteine levels compared with those who had low levels. Their conclusions — that high homocysteine levels increase a person's risk of dementia and Alzheimer's disease — were published in the New England Journal of Medicine in 2002. Since then, a handful of studies have administered high doses of homocysteine-lowering B vitamins to subjects in order to determine the vitamins' effects on brain function. The results have so far been mixed, with only a minority of studies showing a benefit, says Joshua Miller, a professor of pathology and laboratory medicine at UC Davis who studies the vitamins."
fakehealth,story_reviews_01271,1,0,1,0.5518894464238687,0.4481105535761313,0.5518894464238687,0.47897318,0.52102685,0.52102685,"latimes.com/health/la-he-skeptic-telomeres-20101220,0,5791340.story By Chris Woolston, Special to the Los Angeles Times December 20, 2010 Advertisement We all know what aging looks like from the outside: wrinkled skin, gray hair, a growing need to turn up the volume on ""Jeopardy."" But in recent years, scientists have made some breakthrough discoveries about how we age on the inside, right down to our genes. The science of aging has created a glimmer of hope that we could someday slow the process — a dream that has already spread beyond the lab to the marketplace. Anti-aging research used to be mainly about finding new ways to get lab mice to take their vitamins. But if you visited a lab today, you'd be more likely to hear scientists talking excitedly about telomeres, protective strands of DNA at the end of chromosomes that seem to play an important — some would say crucial — role in aging. Whenever a healthy cell divides, the telomeres get a little shorter. In fact, you could tell a lot about the age of a person simply by looking at the length of his or her telomeres. Studies have found that in people older than 60, short telomeres are one sign that the end may be relatively near: Older people with short telomeres seem to be especially vulnerable to disease, including heart disease and infections. But telomeres aren't as reliable as a clock or even a tree ring. Recent studies suggest that you can help your telomeres stay relatively long and youthful if you get regular exercise, eat a healthful diet and avoid stress. At a time when people are willing to spend big bucks to look and feel younger, it's not surprising that telomeres have become a buzzword in the supplement industry. One expensive option, TA-65, supposedly works by stimulating telomerase, a natural enzyme that helps restore telomeres after a cell divides. (The TA stands for ""telomerase activator."") Created by Geron Corp., a biotech research company, TA-65 contains extracts of astragalus, an herb often used as an immunity-booster in traditional Chinese medicine. Although TA-65 is legally classified as a dietary supplement, TA Sciences, the company that bought the licensing rights from Geron, makes it available only through select doctors who have paid a fee and have passed a test on telomere biology. Seven doctors offer TA-65 in California, including two in Los Angeles, according to the company website. When TA-65 was first released in 2007, patients spent $25,000 a year on the supplement and accompanying tests. Now patients spend $1,200 to $4,000 for a six-month supply, depending on the dose. The company recommends taking the supplement for two years. Patients must spend an additional $500 on doctor's fees, and they have the option of spending several hundred to a couple of thousand dollars more on tests to check the results. Reneuve, a supplement sold online, supposedly lengthens telomeres by giving users an extra-large dose of telomerase. You won't see telomerase in the list of ingredients, but Reneuve does offer ""select proprietary glandular extracts"" from pig thymuses that provide ""enough telomerase enzyme for the cellular infrastructure of one adult."" A single 30-milliliter vial of Reneuve purchased through the company website costs $250. Users are instructed to drink the vial in a single sitting, perhaps with some Mountain Dew or Gatorade. The effects are said to last six months. Claims The TA Science website says the company ""is the first and only … in the world to offer Telomerase-Activating products to combat the effects of aging through leading-edge science."" Company founder Noel Patton says, ""Our product is not the fountain of youth. You won't miraculously turn into a 20-year-old again. But it is a fountain of youth for certain cells."" Specifically, Patton says, the product will ""strengthen and rejuvenate"" the immune system. He points to an unpublished company-run study that compared an astragalus supplement similar to TA-65 to a placebo in 36 men ages 60 to 85. The study reportedly found that men who took the supplement for six months developed stronger immune system cells, better eyesight, improved sexual satisfaction and younger-looking skin. He also says that tests paid for by patients show that the supplement improves bone density, cognitive function, cholesterol levels and control of blood sugar. The Reneuve website says the product uses "" Nobel Prize-winning technology to supply immune-system enhancing and anti-aging enzymes to the body."" It also says that, thanks to Reneuve, ""aging is now a choice, not a fact."" Rasjesh Sharma, the chief scientific officer of Reneuve, declined to be interviewed but said in an e-mail that the supplement helps replace the telomerase that people make naturally until they turn 25. The bottom line Dr. Richard Cawthon, who studies the link between telomeres and disease at the University of Utah School of Medicine in Salt Lake City, says he would love to take an anti-aging supplement, but he's not willing to part with several thousand dollars for TA-65. ""Even if I could afford it, it's still too early in the research,"" he says. The benefits for now are unclear, he adds, and there's still the possibility of undesirable side effects. As for Reneuve, ""that's nonsense,"" says Peter Hornsby, professor of physiology at the Barshop Institute for Longevity and Aging Studies at the University of Texas Health Science Center in San Antonio. Any enzyme in the supplement would be quickly broken down in the digestive system, he says. Research with mice suggests that telomerase is a double-edged enzyme. A study published in the journal Nature last month showed that activating telomerase seemed to reverse aging in decrepit mice that had been genetically engineered to lack a working version of the enzyme. But other studies have found that stimulating telomerase in mice raises the risk of cancer. (Patton says that, to his knowledge, no one has developed cancer while taking TA-65.) So far, TA-65 has been tested in just one published study (which is still one more than Reneuve). This year, Geron Corp. researchers reported in the journal Rejuvenation Research that TA-65 boosted the activity of telomerase in 114 people who took the supplement for a year. The supplements also seemed to lengthen the telomeres of some immune system cells. Still, Hornsby points out that a single study in a not-especially-prestigious journal doesn't come close to answering all of the questions about the anti-aging potential of TA-65. He says scientists aren't even sure that short telomeres contribute to the classic signs of growing old. They could just be byproducts of aging, not the driving force. Hornsby sees another issue: If TA-65 is really tinkering with people's chromosomes, it should be classified as a drug. As it is, the supplement has never gone through any of the testing or Food and Drug Administration oversight required of prescription drugs. Curious about a consumer health product? Send an e-mail to health@latimes.com. Read more at latimes.com/skeptic. health@latimes.com","The Healthy Skeptic: telomerase activators. latimes.com/health/la-he-skeptic-telomeres-20101220,0,5791340.story By Chris Woolston, Special to the Los Angeles Times December 20, 2010 Advertisement We all know what aging looks like from the outside: wrinkled skin, gray hair, a growing need to turn up the volume on ""Jeopardy."" But in recent years, scientists have made some breakthrough discoveries about how we age on the inside, right down to our genes. The science of aging has created a glimmer of hope that we could someday slow the process — a dream that has already spread beyond the lab to the marketplace. Anti-aging research used to be mainly about finding new ways to get lab mice to take their vitamins. But if you visited a lab today, you'd be more likely to hear scientists talking excitedly about telomeres, protective strands of DNA at the end of chromosomes that seem to play an important — some would say crucial — role in aging. Whenever a healthy cell divides, the telomeres get a little shorter. In fact, you could tell a lot about the age of a person simply by looking at the length of his or her telomeres. Studies have found that in people older than 60, short telomeres are one sign that the end may be relatively near: Older people with short telomeres seem to be especially vulnerable to disease, including heart disease and infections. But telomeres aren't as reliable as a clock or even a tree ring. Recent studies suggest that you can help your telomeres stay relatively long and youthful if you get regular exercise, eat a healthful diet and avoid stress. At a time when people are willing to spend big bucks to look and feel younger, it's not surprising that telomeres have become a buzzword in the supplement industry. One expensive option, TA-65, supposedly works by stimulating telomerase, a natural enzyme that helps restore telomeres after a cell divides. (The TA stands for ""telomerase activator."") Created by Geron Corp., a biotech research company, TA-65 contains extracts of astragalus, an herb often used as an immunity-booster in traditional Chinese medicine. Although TA-65 is legally classified as a dietary supplement, TA Sciences, the company that bought the licensing rights from Geron, makes it available only through select doctors who have paid a fee and have passed a test on telomere biology. Seven doctors offer TA-65 in California, including two in Los Angeles, according to the company website. When TA-65 was first released in 2007, patients spent $25,000 a year on the supplement and accompanying tests. Now patients spend $1,200 to $4,000 for a six-month supply, depending on the dose. The company recommends taking the supplement for two years. Patients must spend an additional $500 on doctor's fees, and they have the option of spending several hundred to a couple of thousand dollars more on tests to check the results. Reneuve, a supplement sold online, supposedly lengthens telomeres by giving users an extra-large dose of telomerase. You won't see telomerase in the list of ingredients, but Reneuve does offer ""select proprietary glandular extracts"" from pig thymuses that provide ""enough telomerase enzyme for the cellular infrastructure of one adult."" A single 30-milliliter vial of Reneuve purchased through the company website costs $250. Users are instructed to drink the vial in a single sitting, perhaps with some Mountain Dew or Gatorade. The effects are said to last six months. Claims The TA Science website says the company ""is the first and only … in the world to offer Telomerase-Activating products to combat the effects of aging through leading-edge science."" Company founder Noel Patton says, ""Our product is not the fountain of youth. You won't miraculously turn into a 20-year-old again. But it is a fountain of youth for certain cells."" Specifically, Patton says, the product will ""strengthen and rejuvenate"" the immune system. He points to an unpublished company-run study that compared an astragalus supplement similar to TA-65 to a placebo in 36 men ages 60 to 85. The study reportedly found that men who took the supplement for six months developed stronger immune system cells, better eyesight, improved sexual satisfaction and younger-looking skin. He also says that tests paid for by patients show that the supplement improves bone density, cognitive function, cholesterol levels and control of blood sugar. The Reneuve website says the product uses "" Nobel Prize-winning technology to supply immune-system enhancing and anti-aging enzymes to the body."" It also says that, thanks to Reneuve, ""aging is now a choice, not a fact."" Rasjesh Sharma, the chief scientific officer of Reneuve, declined to be interviewed but said in an e-mail that the supplement helps replace the telomerase that people make naturally until they turn 25. The bottom line Dr. Richard Cawthon, who studies the link between telomeres and disease at the University of Utah School of Medicine in Salt Lake City, says he would love to take an anti-aging supplement, but he's not willing to part with several thousand dollars for TA-65. ""Even if I could afford it, it's still too early in the research,"" he says. The benefits for now are unclear, he adds, and there's still the possibility of undesirable side effects. As for Reneuve, ""that's nonsense,"" says Peter Hornsby, professor of physiology at the Barshop Institute for Longevity and Aging Studies at the University of Texas Health Science Center in San Antonio. Any enzyme in the supplement would be quickly broken down in the digestive system, he says. Research with mice suggests that telomerase is a double-edged enzyme. A study published in the journal Nature last month showed that activating telomerase seemed to reverse aging in decrepit mice that had been genetically engineered to lack a working version of the enzyme. But other studies have found that stimulating telomerase in mice raises the risk of cancer. (Patton says that, to his knowledge, no one has developed cancer while taking TA-65.) So far, TA-65 has been tested in just one published study (which is still one more than Reneuve). This year, Geron Corp. researchers reported in the journal Rejuvenation Research that TA-65 boosted the activity of telomerase in 114 people who took the supplement for a year. The supplements also seemed to lengthen the telomeres of some immune system cells. Still, Hornsby points out that a single study in a not-especially-prestigious journal doesn't come close to answering all of the questions about the anti-aging potential of TA-65. He says scientists aren't even sure that short telomeres contribute to the classic signs of growing old. They could just be byproducts of aging, not the driving force. Hornsby sees another issue: If TA-65 is really tinkering with people's chromosomes, it should be classified as a drug. As it is, the supplement has never gone through any of the testing or Food and Drug Administration oversight required of prescription drugs. Curious about a consumer health product? Send an e-mail to health@latimes.com. Read more at latimes.com/skeptic. health@latimes.com"
fakehealth,news_reviews_00240,0,1,0,0.3771820767697982,0.6228179232302018,0.6228179232302018,0.73669934,0.26330066,0.73669934,"A SIMPLE eye test could help solve the biggest global cause of irreversible blindness, glaucoma. In clinical trials, the pioneering diagnostic -- developed by researchers at University College London (UCL) and the Western Eye Hospital -- allowed doctors to see individual nerve cell death in the back of the eye. Glaucoma affects 60 million people in the world, with 1 in 10 suffering total sight loss in both eyes. Early detection means doctors can start treatments before sight loss begins. The test also has potential for early diagnosis of other degenerative neurological conditions, including Parkinson's, Alzheimer's and multiple sclerosis. Results of first clinical trials with glaucoma patients are published today (28/04/17) in the journal BRAIN. Professor Francesca Cordeiro at UCL Institute of Ophthalmology, who led the research, said: ""Detecting glaucoma early is vital as symptoms are not always obvious. Although detection has been improving, most patients have lost a third of vision by the time they are diagnosed. Now, for the first time, we have been able to show individual cell death and detect the earliest signs of glaucoma. While we cannot cure the disease, our test means treatment can start before symptoms begin. In the future, the test could also be used to diagnose other neurodegenerative diseases."" Loss of sight in patients with glaucoma is caused by the death of cells in the retina at the back of the eye. This cell death is called apoptosis. As with other neurodegenerative conditions, more and more nerve cells are lost as the disease progresses. Professor Philip Bloom, Chief Investigator at Western Eye Hospital, part of Imperial College Healthcare NHS Trust, added: ""Treatment is much more successful when it is begun in early stages of the disease, when sight loss is minimal. Our developments mean we could diagnose patients 10 years earlier than was previously possible."" The technique developed is called DARC, which stands for detection of apoptosing retinal cells. It uses a specially developed fluorescent marker which attaches to cell proteins when injected into patients. Sick cells appear as white fluorescent spots during eye examination. UCL Business, the commercialisation company of UCL, holds the patents for the technology. The examination uses equipment used during routine hospital eye examinations. Researchers hope that eventually it may be possible for opticians to do the tests, enabling even earlier detection of the disease. The research is funded by Wellcome Trust. Bethan Hughes, from Wellcome's Innovation team said: ""This innovation has the potential to transform lives for those who suffer loss of sight through glaucoma, and offers hope of a breakthrough in early diagnosis of other neurodegenerative diseases. Loss of sight as you age is an incredibly difficult disability, impacting quality of life and independence."" Initial clinical trials were carried out on a small number of glaucoma patients and compared with tests on healthy people. The initial clinical trials established the safety of the test for patients. Further studies will now be carried out to into DARC and how it can be used not only to diagnose and treat glaucoma patients but also for other neurodegenerative conditions. ### Link to paper: The following link will go live at the time the embargo lifts: https:/ / academic. oup. com/ brain/ article-lookup/ doi/ 10. 1093/ brain/ awx088 For embargoed copies of the BRAIN paper and for media enquiries please contact Maggie Stratton: m.stratton@wellcome.ac.uk +44 (0)20 7611 8609/ +44 (0)787 211 2656 For further information about DARC technology please contact Emma Alam: e.alam@uclb.com +44 (0)207 679 9000/ +44 (0)7896 058667 About UCL Business UCL Business PLC (UCLB) is a leading technology transfer company that supports and commercialises research and innovations arising from UCL, one of the UK's top research-led universities. UCLB has a successful track record and a strong reputation for identifying and protecting promising new technologies and innovations from UCL academics. UCLB has a strong track record in commercialising medical technologies and provides technology transfer services to UCL's associated hospitals; University College London Hospitals, Moorfields Eye Hospital, Great Ormond Street Hospital for Children and the Royal Free London Hospital. It invests directly in development projects to maximise the potential of the research and manages the commercialisation process of technologies from laboratory to market. For further information, please visit: http://www. uclb. com Twitter: @UCL_Business About UCL (University College London) UCL was founded in 1826. We were the first English university established after Oxford and Cambridge, the first to open up university education to those previously excluded from it, and the first to provide systematic teaching of law, architecture and medicine. We are among the world's top universities, as reflected by performance in a range of international rankings and tables. UCL currently has over 38,000 students from 150 countries and over 12,000 staff. Our annual income is more than £1 billion. http://www. ucl. ac. uk | Follow us on Twitter @uclnews | Watch our YouTube channel YouTube.com/UCLTV About Imperial Hospitals NHS Trust/Western Eye Hospital Imperial College Healthcare NHS Trust is one of the largest hospital Trust's in England, providing acute and specialist healthcare for a population of nearly two million people. The Trust has five hospitals - Charing Cross, Hammersmith, Queen Charlotte's & Chelsea, St Mary's and The Western Eye -- as well as community services. The Western Eye Hospital is a specialist eye hospital in West London with a 24/7 accident and emergency department. The hospital's facilities also include outpatients, inpatients, day case and inpatient surgery. The equipment used in the study was funded by a grant from Imperial Health Charity. Imperial Health Charity (formerly Imperial College Healthcare Charity) raises funds for five London hospitals within Imperial College Healthcare NHS Trust: Charing Cross, Hammersmith, Queen Charlotte's & Chelsea, St Mary's and Western Eye hospitals. It has awarded more than £12million to 300 healthcare projects to date, and in the autumn of 2015 committed a further £20million to the hospitals of Imperial College Healthcare NHS Trust over the next three years for a series of major projects. About Wellcome Wellcome exists to improve health for everyone by helping great ideas to thrive. We're a global charitable foundation, both politically and financially independent. We support scientists and researchers, take on big problems, fuel imaginations and spark debate.","New eye test detects earliest signs of glaucoma. A SIMPLE eye test could help solve the biggest global cause of irreversible blindness, glaucoma. In clinical trials, the pioneering diagnostic -- developed by researchers at University College London (UCL) and the Western Eye Hospital -- allowed doctors to see individual nerve cell death in the back of the eye. Glaucoma affects 60 million people in the world, with 1 in 10 suffering total sight loss in both eyes. Early detection means doctors can start treatments before sight loss begins. The test also has potential for early diagnosis of other degenerative neurological conditions, including Parkinson's, Alzheimer's and multiple sclerosis. Results of first clinical trials with glaucoma patients are published today (28/04/17) in the journal BRAIN. Professor Francesca Cordeiro at UCL Institute of Ophthalmology, who led the research, said: ""Detecting glaucoma early is vital as symptoms are not always obvious. Although detection has been improving, most patients have lost a third of vision by the time they are diagnosed. Now, for the first time, we have been able to show individual cell death and detect the earliest signs of glaucoma. While we cannot cure the disease, our test means treatment can start before symptoms begin. In the future, the test could also be used to diagnose other neurodegenerative diseases."" Loss of sight in patients with glaucoma is caused by the death of cells in the retina at the back of the eye. This cell death is called apoptosis. As with other neurodegenerative conditions, more and more nerve cells are lost as the disease progresses. Professor Philip Bloom, Chief Investigator at Western Eye Hospital, part of Imperial College Healthcare NHS Trust, added: ""Treatment is much more successful when it is begun in early stages of the disease, when sight loss is minimal. Our developments mean we could diagnose patients 10 years earlier than was previously possible."" The technique developed is called DARC, which stands for detection of apoptosing retinal cells. It uses a specially developed fluorescent marker which attaches to cell proteins when injected into patients. Sick cells appear as white fluorescent spots during eye examination. UCL Business, the commercialisation company of UCL, holds the patents for the technology. The examination uses equipment used during routine hospital eye examinations. Researchers hope that eventually it may be possible for opticians to do the tests, enabling even earlier detection of the disease. The research is funded by Wellcome Trust. Bethan Hughes, from Wellcome's Innovation team said: ""This innovation has the potential to transform lives for those who suffer loss of sight through glaucoma, and offers hope of a breakthrough in early diagnosis of other neurodegenerative diseases. Loss of sight as you age is an incredibly difficult disability, impacting quality of life and independence."" Initial clinical trials were carried out on a small number of glaucoma patients and compared with tests on healthy people. The initial clinical trials established the safety of the test for patients. Further studies will now be carried out to into DARC and how it can be used not only to diagnose and treat glaucoma patients but also for other neurodegenerative conditions. ### Link to paper: The following link will go live at the time the embargo lifts: https:/ / academic. oup. com/ brain/ article-lookup/ doi/ 10. 1093/ brain/ awx088 For embargoed copies of the BRAIN paper and for media enquiries please contact Maggie Stratton: m.stratton@wellcome.ac.uk +44 (0)20 7611 8609/ +44 (0)787 211 2656 For further information about DARC technology please contact Emma Alam: e.alam@uclb.com +44 (0)207 679 9000/ +44 (0)7896 058667 About UCL Business UCL Business PLC (UCLB) is a leading technology transfer company that supports and commercialises research and innovations arising from UCL, one of the UK's top research-led universities. UCLB has a successful track record and a strong reputation for identifying and protecting promising new technologies and innovations from UCL academics. UCLB has a strong track record in commercialising medical technologies and provides technology transfer services to UCL's associated hospitals; University College London Hospitals, Moorfields Eye Hospital, Great Ormond Street Hospital for Children and the Royal Free London Hospital. It invests directly in development projects to maximise the potential of the research and manages the commercialisation process of technologies from laboratory to market. For further information, please visit: http://www. uclb. com Twitter: @UCL_Business About UCL (University College London) UCL was founded in 1826. We were the first English university established after Oxford and Cambridge, the first to open up university education to those previously excluded from it, and the first to provide systematic teaching of law, architecture and medicine. We are among the world's top universities, as reflected by performance in a range of international rankings and tables. UCL currently has over 38,000 students from 150 countries and over 12,000 staff. Our annual income is more than £1 billion. http://www. ucl. ac. uk | Follow us on Twitter @uclnews | Watch our YouTube channel YouTube.com/UCLTV About Imperial Hospitals NHS Trust/Western Eye Hospital Imperial College Healthcare NHS Trust is one of the largest hospital Trust's in England, providing acute and specialist healthcare for a population of nearly two million people. The Trust has five hospitals - Charing Cross, Hammersmith, Queen Charlotte's & Chelsea, St Mary's and The Western Eye -- as well as community services. The Western Eye Hospital is a specialist eye hospital in West London with a 24/7 accident and emergency department. The hospital's facilities also include outpatients, inpatients, day case and inpatient surgery. The equipment used in the study was funded by a grant from Imperial Health Charity. Imperial Health Charity (formerly Imperial College Healthcare Charity) raises funds for five London hospitals within Imperial College Healthcare NHS Trust: Charing Cross, Hammersmith, Queen Charlotte's & Chelsea, St Mary's and Western Eye hospitals. It has awarded more than £12million to 300 healthcare projects to date, and in the autumn of 2015 committed a further £20million to the hospitals of Imperial College Healthcare NHS Trust over the next three years for a series of major projects. About Wellcome Wellcome exists to improve health for everyone by helping great ideas to thrive. We're a global charitable foundation, both politically and financially independent. We support scientists and researchers, take on big problems, fuel imaginations and spark debate."
fakehealth,news_reviews_00344,1,0,1,0.5731217036587806,0.4268782963412194,0.5731217036587806,0.43889326,0.5611068,0.5611068,"PROVIDENCE, R.I. [Brown University] -- To the tantalizing delight of chocolate lovers everywhere, a number of recent studies employing various methods have suggested that compounds in cocoa called flavanols could benefit cardiovascular health. Now a systematic review and meta-analysis of 19 randomized controlled trials (RCTs) of cocoa consumption reveals some further pieces of supporting evidence. The meta-analysis in the Journal of Nutrition, an assessment of the combined evidence from all 19 RCTs, focused on whether consumption of flavanol-rich cocoa products was associated with improvements in specific circulating biomarkers of cardiometabolic health as compared to consuming placebos with negligible cocoa flavanol content. In all, 1,139 volunteers were involved in these trials. ""Our meta-analysis of RCTs characterizes how cocoa flavanols affect cardiometabolic biomarkers, providing guidance in designing large, definitive prevention trials against diabetes and cardiovascular disease in future work,"" said corresponding author Dr. Simin Liu, professor and director of the Center for Global Cardiometabolic Health at Brown University who worked with epidemiology graduate student and lead author Xiaochen Lin. ""We found that cocoa flavanol intake may reduce dyslipidemia (elevated triglycerides), insulin resistance and systemic inflammation, which are all major subclinical risk factors for cardiometabolic diseases."" Liu noted some limitations in the trials. All studies were small and of short duration, not all of the biomarkers tracked in these studies changed for the better, and none of the studies were designed to test directly whether cocoa flavanol consumption leads to reduced cases of heart attacks or type 2 diabetes. But taking into account some of these heterogeneities across studies, the team's meta-analysis summarizing data from 19 trials found potential beneficial effects of flavanol-rich cocoa on cardiometabolic health. There were small-to-modest but statistically significant improvements among those who ate flavanol-rich cocoa product vs. those who did not. The greatest effects were seen among trial volunteers who ate between 200 and 600 milligrams of flavanols a day (based on their cocoa consumption). They saw significant declines in blood glucose and insulin, as well as another indicator of insulin resistance called HOMA-IR. They also saw an increase in HDL, or ""good,"" cholesterol. Those consuming higher doses saw some of the insulin resistance benefits and a drop in triglycerides, but not a significant increase in HDL. Those with lower doses of flavanols only saw a significant HDL benefit. In general, Lin said, where there were benefits they were evident for both women and men and didn't depend on what physical form the flavanol-rich cocoa product was consumed in --dark chocolate vs. a beverage, for example. ""The treatment groups of the trials included in our meta-analysis are primarily dark chocolate -- a few were using cocoa powder-based beverages,"" Lin said. ""Therefore, the findings from the current study apparently shouldn't be generalized to different sorts of chocolate candies or white chocolates, of which the content of sugar/food additives could be substantially higher than that of the dark chocolate."" The authors therefore concluded, ""Our study highlights the urgent need for large, long-term RCTs that improve our understanding of how the short-term benefits of cocoa flavanol intake on cardiometabolic biomarkers may be translated into clinical outcomes."" ### In addition to Lin and Liu, the study's other authors are Isabel Zhang, Alina Li from Brown University, JoAnn Manson, Howard Sesso and Lu Wang from Brigham and Women's Hospital. The authors acknowledge funding from the National Institutes of Health including the National Heart, Lung and Blood Institute, the American Heart Association, and Pfizer. Co-authors at Brigham and Women's also noted receiving funding from Mars Symbioscience, a research segment of Mars, Inc., which makes chocolate products.","Cocoa compound linked to some cardiovascular biomarker improvements. PROVIDENCE, R.I. [Brown University] -- To the tantalizing delight of chocolate lovers everywhere, a number of recent studies employing various methods have suggested that compounds in cocoa called flavanols could benefit cardiovascular health. Now a systematic review and meta-analysis of 19 randomized controlled trials (RCTs) of cocoa consumption reveals some further pieces of supporting evidence. The meta-analysis in the Journal of Nutrition, an assessment of the combined evidence from all 19 RCTs, focused on whether consumption of flavanol-rich cocoa products was associated with improvements in specific circulating biomarkers of cardiometabolic health as compared to consuming placebos with negligible cocoa flavanol content. In all, 1,139 volunteers were involved in these trials. ""Our meta-analysis of RCTs characterizes how cocoa flavanols affect cardiometabolic biomarkers, providing guidance in designing large, definitive prevention trials against diabetes and cardiovascular disease in future work,"" said corresponding author Dr. Simin Liu, professor and director of the Center for Global Cardiometabolic Health at Brown University who worked with epidemiology graduate student and lead author Xiaochen Lin. ""We found that cocoa flavanol intake may reduce dyslipidemia (elevated triglycerides), insulin resistance and systemic inflammation, which are all major subclinical risk factors for cardiometabolic diseases."" Liu noted some limitations in the trials. All studies were small and of short duration, not all of the biomarkers tracked in these studies changed for the better, and none of the studies were designed to test directly whether cocoa flavanol consumption leads to reduced cases of heart attacks or type 2 diabetes. But taking into account some of these heterogeneities across studies, the team's meta-analysis summarizing data from 19 trials found potential beneficial effects of flavanol-rich cocoa on cardiometabolic health. There were small-to-modest but statistically significant improvements among those who ate flavanol-rich cocoa product vs. those who did not. The greatest effects were seen among trial volunteers who ate between 200 and 600 milligrams of flavanols a day (based on their cocoa consumption). They saw significant declines in blood glucose and insulin, as well as another indicator of insulin resistance called HOMA-IR. They also saw an increase in HDL, or ""good,"" cholesterol. Those consuming higher doses saw some of the insulin resistance benefits and a drop in triglycerides, but not a significant increase in HDL. Those with lower doses of flavanols only saw a significant HDL benefit. In general, Lin said, where there were benefits they were evident for both women and men and didn't depend on what physical form the flavanol-rich cocoa product was consumed in --dark chocolate vs. a beverage, for example. ""The treatment groups of the trials included in our meta-analysis are primarily dark chocolate -- a few were using cocoa powder-based beverages,"" Lin said. ""Therefore, the findings from the current study apparently shouldn't be generalized to different sorts of chocolate candies or white chocolates, of which the content of sugar/food additives could be substantially higher than that of the dark chocolate."" The authors therefore concluded, ""Our study highlights the urgent need for large, long-term RCTs that improve our understanding of how the short-term benefits of cocoa flavanol intake on cardiometabolic biomarkers may be translated into clinical outcomes."" ### In addition to Lin and Liu, the study's other authors are Isabel Zhang, Alina Li from Brown University, JoAnn Manson, Howard Sesso and Lu Wang from Brigham and Women's Hospital. The authors acknowledge funding from the National Institutes of Health including the National Heart, Lung and Blood Institute, the American Heart Association, and Pfizer. Co-authors at Brigham and Women's also noted receiving funding from Mars Symbioscience, a research segment of Mars, Inc., which makes chocolate products."
fakehealth,story_reviews_00248,1,0,1,0.6467246970995197,0.3532753029004802,0.6467246970995197,0.46723843,0.5327616,0.5327616,"The new study is the latest chapter in an extraordinary, decades-long collaboration among cognitive scientists, brain surgeons and people with severe epilepsy being evaluated for an operation. The preoperative “evaluation” is a fishing expedition of sorts, in which doctors sink an array of electrodes through the top of the skull and wait for a seizure to occur, to see whether it’s operable. Many of the electrodes sit in or near memory areas, and the wait can take weeks in the hospital. Cognitive scientists use this opportunity, with patients’ consent, to present memory tests and take recordings. This approach — called direct neural recording, and piggybacking entirely on the clinical placement of the electrodes — has become the leading edge of research into the biology of human memory. This study used data from 150 patients, and had 20 collaborators from institutions around the country, including Emory University, the University of Washington, the Mayo Clinic and the University of California, San Francisco. In a series of experiments, the researchers had patients memorize lists of words and later, after a distraction, asked them to freely recall as many of the words as they could. All the while, the scientists monitored a handful of “hot spots” in the brain which, previous work had shown, were strongly related to memory encoding. Before the stimulation tests, the team determined the precise settings for each patient’s high- and low-functioning states. Each participant carried out the word-memorization tests repeatedly, with different words every time; some lists were memorized with brain stimulation, and other lists with no stimulation, which served as a control. The authors then examined memory performance based on whether stimulation arrived during low- compared with high-functioning brain states. The team then statistically analyzed the results and found that people scored slightly higher than usual on words when stimulation arrived during a low or foggy state — and worse, when the pulse arrived in a high state. “The average enhancement effect was about 12 to 13 percent,” Dr. Kahana said. “And when stimulation arrived in a good state, the average was about 15 to 20 percent worse than usual.” Dr. Doris Greenblatt, a psychiatrist who participated in the trial at Emory, said she sought the surgery because her epilepsy had long caused memory problems. “Each seizure I had tore at the fabric of memory, and it was as if my memories weren’t attached to anything,” Dr. Greenblatt said.","‘Pacemaker’ for the Brain Can Help Memory, Study Finds. The new study is the latest chapter in an extraordinary, decades-long collaboration among cognitive scientists, brain surgeons and people with severe epilepsy being evaluated for an operation. The preoperative “evaluation” is a fishing expedition of sorts, in which doctors sink an array of electrodes through the top of the skull and wait for a seizure to occur, to see whether it’s operable. Many of the electrodes sit in or near memory areas, and the wait can take weeks in the hospital. Cognitive scientists use this opportunity, with patients’ consent, to present memory tests and take recordings. This approach — called direct neural recording, and piggybacking entirely on the clinical placement of the electrodes — has become the leading edge of research into the biology of human memory. This study used data from 150 patients, and had 20 collaborators from institutions around the country, including Emory University, the University of Washington, the Mayo Clinic and the University of California, San Francisco. In a series of experiments, the researchers had patients memorize lists of words and later, after a distraction, asked them to freely recall as many of the words as they could. All the while, the scientists monitored a handful of “hot spots” in the brain which, previous work had shown, were strongly related to memory encoding. Before the stimulation tests, the team determined the precise settings for each patient’s high- and low-functioning states. Each participant carried out the word-memorization tests repeatedly, with different words every time; some lists were memorized with brain stimulation, and other lists with no stimulation, which served as a control. The authors then examined memory performance based on whether stimulation arrived during low- compared with high-functioning brain states. The team then statistically analyzed the results and found that people scored slightly higher than usual on words when stimulation arrived during a low or foggy state — and worse, when the pulse arrived in a high state. “The average enhancement effect was about 12 to 13 percent,” Dr. Kahana said. “And when stimulation arrived in a good state, the average was about 15 to 20 percent worse than usual.” Dr. Doris Greenblatt, a psychiatrist who participated in the trial at Emory, said she sought the surgery because her epilepsy had long caused memory problems. “Each seizure I had tore at the fabric of memory, and it was as if my memories weren’t attached to anything,” Dr. Greenblatt said."
fakehealth,story_reviews_00148,1,0,1,0.5381853305070625,0.4618146694929375,0.5381853305070625,0.29936406,0.70063597,0.70063597,"A procedure used to relieve chest pain in hundreds of thousands of heart patients each year is useless for many of them, researchers reported on Wednesday. Their study focused on the insertion of stents, tiny wire cages, to open blocked arteries. The devices are lifesaving when used to open arteries in patients in the throes of a heart attack. But they are most often used in patients who have a blocked artery and chest pain that occurs, for example, walking up a hill or going up stairs. Sometimes patients get stents when they have no pain at all, just blockages. Heart disease is still the leading killer of Americans — 790,000 people have heart attacks each year — and stenting is a mainstay treatment in virtually every hospital. More than 500,000 heart patients worldwide have stents inserted each year to relieve chest pain, according to the researchers. Other estimates are far higher.","‘Unbelievable’: Heart Stents Fail to Ease Chest Pain. A procedure used to relieve chest pain in hundreds of thousands of heart patients each year is useless for many of them, researchers reported on Wednesday. Their study focused on the insertion of stents, tiny wire cages, to open blocked arteries. The devices are lifesaving when used to open arteries in patients in the throes of a heart attack. But they are most often used in patients who have a blocked artery and chest pain that occurs, for example, walking up a hill or going up stairs. Sometimes patients get stents when they have no pain at all, just blockages. Heart disease is still the leading killer of Americans — 790,000 people have heart attacks each year — and stenting is a mainstay treatment in virtually every hospital. More than 500,000 heart patients worldwide have stents inserted each year to relieve chest pain, according to the researchers. Other estimates are far higher."
fakehealth,story_reviews_00980,1,0,1,0.7616947993435514,0.2383052006564485,0.7616947993435514,0.49612743,0.5038726,0.5038726,"You wouldn’t last very long without oxygen. But just as rust slowly eats away at a nail, oxygen can age your body. As your cells use this vital element, they produce free radicals — unstable molecules that can damage your tissues and add wear and tear to your entire body, including your skin. Many anti-aging products promise younger-looking skin through the power of antioxidants, compounds that help neutralize free radicals before they can do any harm. Antioxidants such as vitamin E, vitamin C and beta carotene show up in a lot of sunscreens and lotions. But if you want your antioxidants to go more than skin deep, you might be interested in oral supplements. Proleva, a supplement from Allmera Nutraceuticals, contains antioxidants from several different sources, including green tea, acai berries, goji berries and resveratrol, a compound found in grape skins. Users are instructed to take two capsules once a day. You can buy a bottle of 60 capsules on the company website for about $60. Vivida, a supplement from Lifes2Good Inc., contains astaxanthin, an antioxidant that’s extracted from algae, along with vitamin C. Other ingredients include silica, from the horsetail plant, and a “marine extract” from cod and other ocean fish. Users are instructed to take one tablet in the morning and one in the evening. A bottle of 60 tablets costs about $50. Advertisement The claims According to the company website, Proleva is a “fountain of youth” that can give users “youthful, glowing skin.” The site adds that “healthy vibrant skin comes not from a cream but from within.” (The site also says that the supplement will improve memory, enhance the immune system and speed healing, but those are claims for another time.) Ron Slavick, the managing director of Allmera Nutraceuticals, says many Proleva customers boast of their softer, younger-looking skin. “You can’t treat skin with lotions and potions,” he says. “Healthy skin is a reflection of the health of the body.” He believes that the natural plant extracts in Proleva work better than the artificially produced antioxidants found in most multivitamins. The website for Vivida says that the product “nourishes skin from the inside” to make it “smoother, firmer, and healthier.” Lifes2Good President Mark Holland says that antioxidants help “take impurities away from the skin” while softening fine lines and wrinkles. According to Holland, the antioxidants work together with the marine extract to keep the skin moist and supple. Advertisement The bottom line Over the years, scientists have largely dashed the hopes that antioxidants could be the secret to good health and longer lives. Studies have failed to show that antioxidant supplements such as vitamin E and beta carotene can prevent heart disease, cancer or other major diseases. There’s still some hope that antioxidants can help the skin, but the results likely aren’t as dramatic as the companies suggest, says Dr. Patricia Farris, a fellow of the American Academy of Dermatology who has a cosmetic dermatology practice in Metarie, La. “These products are over-hyped,” Farris says. “Only a few studies show that you can improve the appearance of skin with any type of supplement.” According to Farris, some but not all studies suggest that antioxidants can help protect the skin from sun damage, one of the major causes of wrinkles. But she notes that this would only prevent signs of aging, not fix any problems that a person already has. “I tell patients that antioxidants might help protect the skin, but they won’t repair the skin,” she says. Proponents of antioxidants can point to a few studies with encouraging results. For example, a German study of 36 adults published in 2006 in the journal Skin Pharmacology and Physiology found that volunteers taking supplements containing the antioxidants lutein, selenium and lycopene (among other things) had measurably smoother skin after 12 weeks. There were no such benefits for the subjects taking a placebo. The changes were assessed with a scanning device, and it’s unclear if any benefits were visible to the naked eye. In an unpublished, company-funded study provided by Holland, 83 women who took Vivida reported generally positive results. After 12 weeks, 74% said that their skin looked smoother and softer. These results weren’t confirmed by a dermatologist or anyone else, and there was no control group for comparison. Plant-based nutrients deserve more study, but the field is still in its infancy, says Dr. David McDaniel, an assistant professor of clinical dermatology at Eastern Virginia Medical School who runs a cosmetic dermatology clinic in Virginia Beach. Because products vary widely in their ingredients and their doses, he can’t recommend any particular product without evidence to back it up. “Without well-designed, statistically valid trials, I’m a skeptic,” he says. Advertisement Curious about a consumer health product? Send an email to health@latimes.com. Read more at latimes.com/skeptic.","The Healthy Skeptic: Seeing through skin supplements’ claims. You wouldn’t last very long without oxygen. But just as rust slowly eats away at a nail, oxygen can age your body. As your cells use this vital element, they produce free radicals — unstable molecules that can damage your tissues and add wear and tear to your entire body, including your skin. Many anti-aging products promise younger-looking skin through the power of antioxidants, compounds that help neutralize free radicals before they can do any harm. Antioxidants such as vitamin E, vitamin C and beta carotene show up in a lot of sunscreens and lotions. But if you want your antioxidants to go more than skin deep, you might be interested in oral supplements. Proleva, a supplement from Allmera Nutraceuticals, contains antioxidants from several different sources, including green tea, acai berries, goji berries and resveratrol, a compound found in grape skins. Users are instructed to take two capsules once a day. You can buy a bottle of 60 capsules on the company website for about $60. Vivida, a supplement from Lifes2Good Inc., contains astaxanthin, an antioxidant that’s extracted from algae, along with vitamin C. Other ingredients include silica, from the horsetail plant, and a “marine extract” from cod and other ocean fish. Users are instructed to take one tablet in the morning and one in the evening. A bottle of 60 tablets costs about $50. Advertisement The claims According to the company website, Proleva is a “fountain of youth” that can give users “youthful, glowing skin.” The site adds that “healthy vibrant skin comes not from a cream but from within.” (The site also says that the supplement will improve memory, enhance the immune system and speed healing, but those are claims for another time.) Ron Slavick, the managing director of Allmera Nutraceuticals, says many Proleva customers boast of their softer, younger-looking skin. “You can’t treat skin with lotions and potions,” he says. “Healthy skin is a reflection of the health of the body.” He believes that the natural plant extracts in Proleva work better than the artificially produced antioxidants found in most multivitamins. The website for Vivida says that the product “nourishes skin from the inside” to make it “smoother, firmer, and healthier.” Lifes2Good President Mark Holland says that antioxidants help “take impurities away from the skin” while softening fine lines and wrinkles. According to Holland, the antioxidants work together with the marine extract to keep the skin moist and supple. Advertisement The bottom line Over the years, scientists have largely dashed the hopes that antioxidants could be the secret to good health and longer lives. Studies have failed to show that antioxidant supplements such as vitamin E and beta carotene can prevent heart disease, cancer or other major diseases. There’s still some hope that antioxidants can help the skin, but the results likely aren’t as dramatic as the companies suggest, says Dr. Patricia Farris, a fellow of the American Academy of Dermatology who has a cosmetic dermatology practice in Metarie, La. “These products are over-hyped,” Farris says. “Only a few studies show that you can improve the appearance of skin with any type of supplement.” According to Farris, some but not all studies suggest that antioxidants can help protect the skin from sun damage, one of the major causes of wrinkles. But she notes that this would only prevent signs of aging, not fix any problems that a person already has. “I tell patients that antioxidants might help protect the skin, but they won’t repair the skin,” she says. Proponents of antioxidants can point to a few studies with encouraging results. For example, a German study of 36 adults published in 2006 in the journal Skin Pharmacology and Physiology found that volunteers taking supplements containing the antioxidants lutein, selenium and lycopene (among other things) had measurably smoother skin after 12 weeks. There were no such benefits for the subjects taking a placebo. The changes were assessed with a scanning device, and it’s unclear if any benefits were visible to the naked eye. In an unpublished, company-funded study provided by Holland, 83 women who took Vivida reported generally positive results. After 12 weeks, 74% said that their skin looked smoother and softer. These results weren’t confirmed by a dermatologist or anyone else, and there was no control group for comparison. Plant-based nutrients deserve more study, but the field is still in its infancy, says Dr. David McDaniel, an assistant professor of clinical dermatology at Eastern Virginia Medical School who runs a cosmetic dermatology clinic in Virginia Beach. Because products vary widely in their ingredients and their doses, he can’t recommend any particular product without evidence to back it up. “Without well-designed, statistically valid trials, I’m a skeptic,” he says. Advertisement Curious about a consumer health product? Send an email to health@latimes.com. Read more at latimes.com/skeptic."
fakehealth,story_reviews_00061,1,0,1,0.5762761573435701,0.4237238426564299,0.5762761573435701,0.39050588,0.60949415,0.60949415,"Fasting diets have gained popularity in the past few years, but the scientific evidence proving that they keep us healthy while they help us lose weight is sparse. Now, researchers have shed light on what one type of time-restricted eating does to the body. In a small, preliminary study, researchers put 23 obese volunteers on the 16:8 diet, a form of intermittent fasting. Followers of the popular regime eat during an eight-hour window, in this case between 10 a.m. and 6 p.m. And for the 16 hours in between, they consume only calorie-free drinks, such as water. For 12 weeks, the scientists measured various factors, including the participants' fat mass, blood pressure and cholesterol and glucose levels. The researchers compared the results to existing data from a separate weight loss trial carried out between 2011 and 2015. Individuals who ate between 10 a.m. and 6 p.m. consumed around 350 fewer calories, resulting in a loss of 3 percent body weight, and their blood pressure dropped by around 7mm Hg. However, their fat mass, insulin resistance and cholesterol levels were similar to the control group's. Getty Images Krista Varady, one of the study's authors and associate professor of kinesiology and nutrition at the University of Illinois at Chicago's School of Applied Health Sciences, said in a statement that the take-home message from the study is that cutting out certain foods or counting calories aren’t the only effective methods for losing weight. The authors noted that the results mirror those from previous studies of other forms of intermittent fasting, including alternate day fasting, where an individual eats normally every other day. Keep up with this story and more by subscribing now ""But one of the benefits of the 16:8 diet may be that it is easier for people to maintain. We observed that fewer participants dropped out of this study when compared to studies on other fasting diets,” said Varady. Further research is now needed to uncover whether 16:8 works better than other fasting diets in terms of weight loss and health benefits. The study's authors acknowledged that their preliminary data offers ""promise for the use of time-restricted feeding as a weight loss technique in obese adults, but longer-term, large-scale randomized controlled trials [are needed]."" Varady stressed that ""when it comes to weight loss, people need to find what works for them, because even small amounts of success can lead to improvements in metabolic health."" Commenting broadly on fast-style diets, James Catterson of the Institute of Healthy Ageing at University College London, who was not involved in the study, previously told Newsweek the jury is still out on fasting diets. He said that the data on the effects of fasting in animals are more convincing, probably because animals can be investigated in large sample sizes and in a highly controlled environment that is almost impossible to replicate in humans. ""There are also many studies that either report no overall effect or sometimes the opposite. And this is where it gets a bit murky, as it is very difficult to put proper controls in place when performing studies to do with nutrition,"" Catterson said. He concluded, ""So far, the consensus seems to be ‘let’s wait until more rigorous studies, with larger sample sizes that adjust for confounding lifestyle behaviors, have been performed before we conclude anything prematurely.'""","16:8 Fasting Diet Linked to Weight Loss and Health Benefits in Study. Fasting diets have gained popularity in the past few years, but the scientific evidence proving that they keep us healthy while they help us lose weight is sparse. Now, researchers have shed light on what one type of time-restricted eating does to the body. In a small, preliminary study, researchers put 23 obese volunteers on the 16:8 diet, a form of intermittent fasting. Followers of the popular regime eat during an eight-hour window, in this case between 10 a.m. and 6 p.m. And for the 16 hours in between, they consume only calorie-free drinks, such as water. For 12 weeks, the scientists measured various factors, including the participants' fat mass, blood pressure and cholesterol and glucose levels. The researchers compared the results to existing data from a separate weight loss trial carried out between 2011 and 2015. Individuals who ate between 10 a.m. and 6 p.m. consumed around 350 fewer calories, resulting in a loss of 3 percent body weight, and their blood pressure dropped by around 7mm Hg. However, their fat mass, insulin resistance and cholesterol levels were similar to the control group's. Getty Images Krista Varady, one of the study's authors and associate professor of kinesiology and nutrition at the University of Illinois at Chicago's School of Applied Health Sciences, said in a statement that the take-home message from the study is that cutting out certain foods or counting calories aren’t the only effective methods for losing weight. The authors noted that the results mirror those from previous studies of other forms of intermittent fasting, including alternate day fasting, where an individual eats normally every other day. Keep up with this story and more by subscribing now ""But one of the benefits of the 16:8 diet may be that it is easier for people to maintain. We observed that fewer participants dropped out of this study when compared to studies on other fasting diets,” said Varady. Further research is now needed to uncover whether 16:8 works better than other fasting diets in terms of weight loss and health benefits. The study's authors acknowledged that their preliminary data offers ""promise for the use of time-restricted feeding as a weight loss technique in obese adults, but longer-term, large-scale randomized controlled trials [are needed]."" Varady stressed that ""when it comes to weight loss, people need to find what works for them, because even small amounts of success can lead to improvements in metabolic health."" Commenting broadly on fast-style diets, James Catterson of the Institute of Healthy Ageing at University College London, who was not involved in the study, previously told Newsweek the jury is still out on fasting diets. He said that the data on the effects of fasting in animals are more convincing, probably because animals can be investigated in large sample sizes and in a highly controlled environment that is almost impossible to replicate in humans. ""There are also many studies that either report no overall effect or sometimes the opposite. And this is where it gets a bit murky, as it is very difficult to put proper controls in place when performing studies to do with nutrition,"" Catterson said. He concluded, ""So far, the consensus seems to be ‘let’s wait until more rigorous studies, with larger sample sizes that adjust for confounding lifestyle behaviors, have been performed before we conclude anything prematurely.'"""
fakehealth,story_reviews_00772,1,0,1,0.6823709970651639,0.3176290029348361,0.6823709970651639,0.3610933,0.63890666,0.63890666,"“It’s promising that we can see an effect from a single dose,” says researcher Leah Coles, PhD, a research fellow at the Baker IDI Heart and Diabetes Institute in Melbourne, Australia. “That effect might be even greater over the long term if they are drinking it day upon day.” Researchers say that drop may seem small, but on a public health level a reduction like that would equate to a 10% reduction in deaths due to heart disease . The study shows that within hours of drinking it, beet juice lowered systolic blood pressure (the top number in a blood pressure reading) by an average of 4-5 points among a small group of healthy men . Dec. 14, 2012 -- Drinking a glass of beet juice may have an immediate impact on lowering blood pressure , according to a new study. Beetroot Benefits Previous studies have shown that beet juice, also known as beetroot juice, can lower blood pressure in a laboratory setting. But researchers say this is the first study to look at the effects of adding beet juice to a heathy person’s diet without making any other diet or lifestyle changes. The results appear in Nutrition Journal. In the study, 15 men and 15 women drank either 17.6 ounces of a beet juice beverage consisting of about three-fourths beet juice and one-fourth apple juice, or a placebo juice. They were then monitored for 24 hours. The same procedure was repeated two weeks later, with those who drank the placebo on the first round receiving beetroot juice on the second. Among both men and women, the results showed a trend to lower systolic blood pressure six hours after drinking the beet juice. But when researchers limited their analysis to men only, they found a significant reduction of about 4.7 points among those who drank the beetroot juice. Previous studies have also suggested that beetroot’s blood-pressure-lowering effects may not be as strong in women. In this case, Coles says it may be partially explained by the fact that the women in the study tended to be older, and many were on prescription medications, such as oral contraceptives.","Beet Juice Lowers Blood Pressure. “It’s promising that we can see an effect from a single dose,” says researcher Leah Coles, PhD, a research fellow at the Baker IDI Heart and Diabetes Institute in Melbourne, Australia. “That effect might be even greater over the long term if they are drinking it day upon day.” Researchers say that drop may seem small, but on a public health level a reduction like that would equate to a 10% reduction in deaths due to heart disease . The study shows that within hours of drinking it, beet juice lowered systolic blood pressure (the top number in a blood pressure reading) by an average of 4-5 points among a small group of healthy men . Dec. 14, 2012 -- Drinking a glass of beet juice may have an immediate impact on lowering blood pressure , according to a new study. Beetroot Benefits Previous studies have shown that beet juice, also known as beetroot juice, can lower blood pressure in a laboratory setting. But researchers say this is the first study to look at the effects of adding beet juice to a heathy person’s diet without making any other diet or lifestyle changes. The results appear in Nutrition Journal. In the study, 15 men and 15 women drank either 17.6 ounces of a beet juice beverage consisting of about three-fourths beet juice and one-fourth apple juice, or a placebo juice. They were then monitored for 24 hours. The same procedure was repeated two weeks later, with those who drank the placebo on the first round receiving beetroot juice on the second. Among both men and women, the results showed a trend to lower systolic blood pressure six hours after drinking the beet juice. But when researchers limited their analysis to men only, they found a significant reduction of about 4.7 points among those who drank the beetroot juice. Previous studies have also suggested that beetroot’s blood-pressure-lowering effects may not be as strong in women. In this case, Coles says it may be partially explained by the fact that the women in the study tended to be older, and many were on prescription medications, such as oral contraceptives."
fakehealth,story_reviews_00411,1,0,1,0.8717891075559283,0.1282108924440717,0.8717891075559283,0.49591845,0.50408155,0.50408155,"Youssef Cohen, 68, undergoes cancer treatment as his wife Lindsay Wright checks his medication drip on March 17, 2016 in New York City. After trying other treatments, he is currently taking immunotherapy infusions of the drug Keytruda in a final effort to fight the disease. Cohen has an incurable cancer called mesothelioma and is advocating for the right to choose how and when he will die. John Moore / Getty Images, file","Lung Cancer Trial Stopped After Jimmy Carter Drug Shrinks Tumors. Youssef Cohen, 68, undergoes cancer treatment as his wife Lindsay Wright checks his medication drip on March 17, 2016 in New York City. After trying other treatments, he is currently taking immunotherapy infusions of the drug Keytruda in a final effort to fight the disease. Cohen has an incurable cancer called mesothelioma and is advocating for the right to choose how and when he will die. John Moore / Getty Images, file"
fakehealth,story_reviews_01240,1,0,1,0.8517838482910163,0.1482161517089837,0.8517838482910163,0.47118765,0.52881235,0.52881235,"Is there a 'natural' aid for diabetes? THE HEALTHY SKEPTIC There's something about Type 2 diabetes that inspires creativity, innovation and promises from the alternative medicine industry. People who want to control their blood sugar without medications can choose from a huge variety of pills and elixirs. ""I hear new claims on a nearly daily basis,"" says Dr. Daniel Einhorn, clinical professor of medicine at UC San Diego and the president of the American Assn. of Clinical Endocrinologists. ""There's a constant market for new products."" The product comes in two varieties, regular Sugar Crush and the milder Sugar Crush Daily. Users are instructed to drink 2.5 milliliters of regular Sugar Crush mixed with a glass of water right before breakfast and dinner every day. Sugar Crush Daily is recommended as a prelude to lunch and bedtime. After two or three months, users are told that they can stop taking Sugar Crush and stick with two doses of Sugar Crush Daily, one before each of the two largest meals of the day. Sugar Crush isn't yet sold in stores -- company President Uri Man says it will be widely available starting in March -- but you can buy a 125 ml bottle of either variety online for $89.95. If you prefer more simplicity in your supplement, you could always try one of several products offering Cinnulin PF -- an extract of cinnamon bark made by Integrity Nutraceuticals -- as their sole active ingredient. Each capsule of Cinnulin PF from iVitals contains 125 milligrams of the extract. Users are instructed to take one capsule before breakfast and one before dinner for best results. A bottle of 120 capsules, available only online, costs about $30. Nature's Way sells a supplement called Blood Sugar that contains, among other things, 133 mg of cinnamon bark extract, 100 micrograms of chromium and 33 mg of extract of the tropical South Asian herb Gymnema sylvestre per capsule. Users are instructed to take three capsules twice daily. You can buy a bottle of 90 capsules, available at many health food stores, for about $15. The claims","Is there a 'natural' aid for diabetes? THE HEALTHY SKEPTIC There's something about Type 2 diabetes that inspires creativity, innovation and promises from the alternative medicine industry. People who want to control their blood sugar without medications can choose from a huge variety of pills and elixirs. ""I hear new claims on a nearly daily basis,"" says Dr. Daniel Einhorn, clinical professor of medicine at UC San Diego and the president of the American Assn. of Clinical Endocrinologists. ""There's a constant market for new products."" The product comes in two varieties, regular Sugar Crush and the milder Sugar Crush Daily. Users are instructed to drink 2.5 milliliters of regular Sugar Crush mixed with a glass of water right before breakfast and dinner every day. Sugar Crush Daily is recommended as a prelude to lunch and bedtime. After two or three months, users are told that they can stop taking Sugar Crush and stick with two doses of Sugar Crush Daily, one before each of the two largest meals of the day. Sugar Crush isn't yet sold in stores -- company President Uri Man says it will be widely available starting in March -- but you can buy a 125 ml bottle of either variety online for $89.95. If you prefer more simplicity in your supplement, you could always try one of several products offering Cinnulin PF -- an extract of cinnamon bark made by Integrity Nutraceuticals -- as their sole active ingredient. Each capsule of Cinnulin PF from iVitals contains 125 milligrams of the extract. Users are instructed to take one capsule before breakfast and one before dinner for best results. A bottle of 120 capsules, available only online, costs about $30. Nature's Way sells a supplement called Blood Sugar that contains, among other things, 133 mg of cinnamon bark extract, 100 micrograms of chromium and 33 mg of extract of the tropical South Asian herb Gymnema sylvestre per capsule. Users are instructed to take three capsules twice daily. You can buy a bottle of 90 capsules, available at many health food stores, for about $15. The claims"
fakehealth,story_reviews_00038,1,0,1,0.8991571365247775,0.1008428634752225,0.8991571365247775,0.49656302,0.503437,0.503437,"TMS treats conditions by delivering brief, powerful magnetic field pulses that stimulate nerve cells in the brain. The procedure is noninvasive and doesn't require anesthesia, and the pulses are delivered via an electromagnetic device or coil that is placed or worn on the head. The Food and Drug Administration made the announcement on Friday, expanding the use of a technology that has been around for decades. The FDA first approved TMS devices for major depression in 2008, and in 2013 they were approved to treat pain associated with some types of migraine headaches. The approval was based on a clinical trial of 100 people with obsessive-compulsive disorder, where roughly half received treatment with TMS and the other half had a sham treatment that didn't deliver the electromagnetic pulses. People who were taking medication for OCD continued to do so for the trial. Overall, 38% of the people with the real device responded to the treatment compared with 11% of those with the sham device. A response was considered a 30% reduction in the Yale-Brown Obsessive Compulsive Scale (YBOCS) score, which is used to measure the severity of OCD symptoms.","The FDA Says This Brain-Stimulating Device May Help People With Obsessive-Compulsive Disorder. TMS treats conditions by delivering brief, powerful magnetic field pulses that stimulate nerve cells in the brain. The procedure is noninvasive and doesn't require anesthesia, and the pulses are delivered via an electromagnetic device or coil that is placed or worn on the head. The Food and Drug Administration made the announcement on Friday, expanding the use of a technology that has been around for decades. The FDA first approved TMS devices for major depression in 2008, and in 2013 they were approved to treat pain associated with some types of migraine headaches. The approval was based on a clinical trial of 100 people with obsessive-compulsive disorder, where roughly half received treatment with TMS and the other half had a sham treatment that didn't deliver the electromagnetic pulses. People who were taking medication for OCD continued to do so for the trial. Overall, 38% of the people with the real device responded to the treatment compared with 11% of those with the sham device. A response was considered a 30% reduction in the Yale-Brown Obsessive Compulsive Scale (YBOCS) score, which is used to measure the severity of OCD symptoms."
fakehealth,news_reviews_00036,0,1,0,0.4305542272521567,0.5694457727478432,0.5694457727478432,0.70080096,0.29919904,0.70080096,"REHOVOT, Israel, Sept. 6, 2018 /PRNewswire/ -- Nucleix Ltd., a leading cancer detection company, announced today positive results from a clinical study designed to evaluate its innovative Lung EpiCheck™, a blood test for early detection of lung cancer. The results will be presented in a poster presentation titled Lung EpiCheck ™ - Results of the Training and Test Sets of a Methylation-Based Blood Test for Early Detection of Lung Cancer at the IASLC 19th World Conference on Lung Cancer hosted by the International Association for the Study of Lung Cancer, to take place on September 22-26, 2018 in Toronto, Canada. In the study, blood was prospectively collected from 20 centers and 3 biobanks in Europe and Israel. The samples were used for detection of lung cancer with the Lung EpiCheck blood test. Lung EpiCheck was validated on this independent test set comprising 181 lung cancer cases and 141 current or former smoker controls. Results show specificity of 91% and a sensitivity of 74% with an Area Under the Curve (AUC) of 89%. These results demonstrated similar performance to the preceding training set results from 102 lung cancer cases and 265 current or former smoker controls. In particular, in the non-small-cell lung carcinoma group (n=162), the most prevalent type of lung cancer affecting about 85% of lung cancer patients, Lung EpiCheck was able to identify correctly approximately 70% of patients. With a correct identification of 59% of stage I patients, 77% of stage II, 76% of stage III and 83% of stage IV patients. In the small cell lung cancer group (n=13), Lung EpiCheck was able to identify correctly 92% of the patients, with a sensitivity of 100% in the limited stage, and 86% at the extensive stage. ""Lung cancer is the leading cause of death from cancer worldwide due to the high incidence of the disease, and the low rate of diagnosis at early and more curable stages,"" stated Prof. Mina Gaga, the President of the European Respiratory Society (ERS) and a lead investigator in the study. ""Clearly, we must establish screening programs for lung cancer worldwide. At the moment, low-dose computerized tomography (LDCT) screening which has been shown to reduce mortality from lung cancer in the very large NLST study is only reimbursed in the US for high-risk individuals. LDCT screening is not reimbursed in Europe or most areas in the world while there is still a debate about its cost and safety. Screening is however necessary in order to identify lung cancer at early, operable, stages for the entire at-risk population so currently, not only CT screening but also methods of molecular screening are being tested. I am therefore very encouraged with the results of this study, showing that EpiCheck has the ability to identify both non-small-cell and small-cell lung cancer at early stages, with a high level of sensitivity and specificity. Such promising results combined with the simplicity of the test, could allow us to detect lung cancer at the early stages and hence improve 5-year survival from about 15% to about 50-70%. This will offer significant added value in the fight against lung cancer."" ""We are very excited to present the best published clinically validated results of a blood test for the early detection of lung cancer,"" said Opher Shapira, PhD, CEO of Nucleix. ""Furthermore, these results were validated prospectively in an independent cohort. Currently, early stage lung cancer can be detected either accidentally, when testing for other conditions, or by using low-dose CT scans, which are costly, carry associated risks such as high radiation, and are employed only for a very high-risk population. Early detection of lung cancer can be a game-changer in the fight against this devastating disease, and we are looking forward to begin extensive clinical trials in the US, Europe and China next year, in order to get the test to the market as soon as possible at an affordable price."" About Lung EpiCheck The Lung EpiCheck blood test is based on a proprietary molecular biomarker technology, which combines new biochemical assays and sophisticated algorithms. The technology is based on identification and analysis of subtle changes in DNA methylation patterns, a powerful tool for distinguishing between cancer and healthy cells and thus for detection of tumors in the body. Dying tumor cells release cell-free DNA (cfDNA) into the blood, where cancer-specific methylation changes can be detected at any disease stage. The Lung EpiCheck blood test detects changes in DNA methylation in 6 markers in cfDNA associated with lung cancer. About Lung Cancer Lung cancer is the deadliest and most common of all cancer types. It is estimated that there are about 1.8 million new cases of lung cancer annually worldwide and about 1.55 million die from the disease each year. The reason for the high mortality rate is that currently most cases are detected when the patient becomes symptomatic, which is usually at late stages of the disease. To date, there is no adequate screening process for the early detection of lung cancer, bringing 5-year survival rate to approximately 15%. In addition, there is a well-defined risk group for developing the disease – mostly smokers and former smokers above the age of 50. In the US, low-dose CT is available for screening of individuals 55-79 years old who smoked at least 1 pack a day for 30 years, which represent less than half of the lung cancer population. Therefore, a screening test aimed at the entire risk group to assist in the early detection of the disease is highly needed and can dramatically increase lung cancer survival. About Nucleix Nucleix Ltd. develops, manufactures and markets innovative, non-invasive, molecular cancer diagnostic tests. Its highly sensitive and specific tests are based on identification of subtle changes in methylation patterns. Nucleix's technology is based on a combination of a new biochemical assay in conjunction with sophisticated algorithms. The Company's pipeline includes CE Mark Bladder EpiCheck, for the non-invasive detection of bladder cancer based on a urine test; Lung EpiCheck, a screening diagnostic blood test for early detection of lung cancer; Liver EpiCheck, a blood test for liver cancer detection in patients with cirrhosis; and Pan Cancer EpiCheck, a molecular diagnostic tool for early detection of multiple cancer types in blood samples, all based on Nucleix's proprietary and innovative epigenetic platforms. Investors in the Company include OrbiMed and other leading investors. For further information, please visit www.nucleix.com. SOURCE Nucleix","Nucleix Announces Positive Clinical Results for Lung EpiCheck in Early Detection of Lung Cancer. REHOVOT, Israel, Sept. 6, 2018 /PRNewswire/ -- Nucleix Ltd., a leading cancer detection company, announced today positive results from a clinical study designed to evaluate its innovative Lung EpiCheck™, a blood test for early detection of lung cancer. The results will be presented in a poster presentation titled Lung EpiCheck ™ - Results of the Training and Test Sets of a Methylation-Based Blood Test for Early Detection of Lung Cancer at the IASLC 19th World Conference on Lung Cancer hosted by the International Association for the Study of Lung Cancer, to take place on September 22-26, 2018 in Toronto, Canada. In the study, blood was prospectively collected from 20 centers and 3 biobanks in Europe and Israel. The samples were used for detection of lung cancer with the Lung EpiCheck blood test. Lung EpiCheck was validated on this independent test set comprising 181 lung cancer cases and 141 current or former smoker controls. Results show specificity of 91% and a sensitivity of 74% with an Area Under the Curve (AUC) of 89%. These results demonstrated similar performance to the preceding training set results from 102 lung cancer cases and 265 current or former smoker controls. In particular, in the non-small-cell lung carcinoma group (n=162), the most prevalent type of lung cancer affecting about 85% of lung cancer patients, Lung EpiCheck was able to identify correctly approximately 70% of patients. With a correct identification of 59% of stage I patients, 77% of stage II, 76% of stage III and 83% of stage IV patients. In the small cell lung cancer group (n=13), Lung EpiCheck was able to identify correctly 92% of the patients, with a sensitivity of 100% in the limited stage, and 86% at the extensive stage. ""Lung cancer is the leading cause of death from cancer worldwide due to the high incidence of the disease, and the low rate of diagnosis at early and more curable stages,"" stated Prof. Mina Gaga, the President of the European Respiratory Society (ERS) and a lead investigator in the study. ""Clearly, we must establish screening programs for lung cancer worldwide. At the moment, low-dose computerized tomography (LDCT) screening which has been shown to reduce mortality from lung cancer in the very large NLST study is only reimbursed in the US for high-risk individuals. LDCT screening is not reimbursed in Europe or most areas in the world while there is still a debate about its cost and safety. Screening is however necessary in order to identify lung cancer at early, operable, stages for the entire at-risk population so currently, not only CT screening but also methods of molecular screening are being tested. I am therefore very encouraged with the results of this study, showing that EpiCheck has the ability to identify both non-small-cell and small-cell lung cancer at early stages, with a high level of sensitivity and specificity. Such promising results combined with the simplicity of the test, could allow us to detect lung cancer at the early stages and hence improve 5-year survival from about 15% to about 50-70%. This will offer significant added value in the fight against lung cancer."" ""We are very excited to present the best published clinically validated results of a blood test for the early detection of lung cancer,"" said Opher Shapira, PhD, CEO of Nucleix. ""Furthermore, these results were validated prospectively in an independent cohort. Currently, early stage lung cancer can be detected either accidentally, when testing for other conditions, or by using low-dose CT scans, which are costly, carry associated risks such as high radiation, and are employed only for a very high-risk population. Early detection of lung cancer can be a game-changer in the fight against this devastating disease, and we are looking forward to begin extensive clinical trials in the US, Europe and China next year, in order to get the test to the market as soon as possible at an affordable price."" About Lung EpiCheck The Lung EpiCheck blood test is based on a proprietary molecular biomarker technology, which combines new biochemical assays and sophisticated algorithms. The technology is based on identification and analysis of subtle changes in DNA methylation patterns, a powerful tool for distinguishing between cancer and healthy cells and thus for detection of tumors in the body. Dying tumor cells release cell-free DNA (cfDNA) into the blood, where cancer-specific methylation changes can be detected at any disease stage. The Lung EpiCheck blood test detects changes in DNA methylation in 6 markers in cfDNA associated with lung cancer. About Lung Cancer Lung cancer is the deadliest and most common of all cancer types. It is estimated that there are about 1.8 million new cases of lung cancer annually worldwide and about 1.55 million die from the disease each year. The reason for the high mortality rate is that currently most cases are detected when the patient becomes symptomatic, which is usually at late stages of the disease. To date, there is no adequate screening process for the early detection of lung cancer, bringing 5-year survival rate to approximately 15%. In addition, there is a well-defined risk group for developing the disease – mostly smokers and former smokers above the age of 50. In the US, low-dose CT is available for screening of individuals 55-79 years old who smoked at least 1 pack a day for 30 years, which represent less than half of the lung cancer population. Therefore, a screening test aimed at the entire risk group to assist in the early detection of the disease is highly needed and can dramatically increase lung cancer survival. About Nucleix Nucleix Ltd. develops, manufactures and markets innovative, non-invasive, molecular cancer diagnostic tests. Its highly sensitive and specific tests are based on identification of subtle changes in methylation patterns. Nucleix's technology is based on a combination of a new biochemical assay in conjunction with sophisticated algorithms. The Company's pipeline includes CE Mark Bladder EpiCheck, for the non-invasive detection of bladder cancer based on a urine test; Lung EpiCheck, a screening diagnostic blood test for early detection of lung cancer; Liver EpiCheck, a blood test for liver cancer detection in patients with cirrhosis; and Pan Cancer EpiCheck, a molecular diagnostic tool for early detection of multiple cancer types in blood samples, all based on Nucleix's proprietary and innovative epigenetic platforms. Investors in the Company include OrbiMed and other leading investors. For further information, please visit www.nucleix.com. SOURCE Nucleix"
fakehealth,story_reviews_00588,1,0,1,0.5262724082815406,0.4737275917184594,0.5262724082815406,0.36879593,0.63120407,0.63120407,"If mass mammography screening for breast cancer worked well, fewer women would die from the disease. And yet, a new study published in JAMA Internal Medicine has found something that may seem counterintuitive: More breast cancer screening didn't actually save lives. Screening did however lead to more ""overdiagnosis,"" detecting cancers that would not have been fatal or even harmful. The research, led by Richard Wilson of Harvard University, revealed that in more than 500 US counties, mammography screening programs were linked with more diagnoses of smaller breast cancers — but not with fewer deaths or with fewer larger breast cancers (which theoretically would be prevented by finding the disease early through screening). You can see this clearly in the chart below: The number of diagnosed breast cancers rose with more screening, yet the number of deaths from breast cancer 10 years later remained stubbornly stable. To be clear: Mass screening is different from using technologies like ultrasounds to diagnose people at risk of a disease or who have symptoms that require investigation. And not all mass screening programs are bad. Colorectal cancer screening, for example, has been shown to save lives as a result of early detection, and the Pap test transformed cervical cancer into a treatable disease. But this isn't the first study to call into question the benefits of mammography and whether women are too often the victims of overdiagnosis. The trouble with overdiagnosis is that while the cancers doctors find wouldn't have harmed their patients, the treatment and stress that result from the diagnosis probably will. We have to find a better way to screen women for breast cancer The medical community has known about overdiagnosis and overtreatment for years, documenting the problem in a range of cancers — in breast, prostate, lung, and thyroid (which you can see in the chart above). This raises a tough question: What should the medical community do about overdiagnosis? In a related commentary in the journal, a pair of doctors from the University of Washington School of Medicine note that the estimates of overdiagnosis of breast cancer are ""frustratingly broad"" — from less than 10 percent to 50 percent or more of women who get screened. In other words, we don't actually know how bad the problem is. ""Sadly,"" they write, ""we are left in a conundrum. Women will increasingly approach their physicians with questions and concerns about overdiagnosis, and we have no clear answers to provide."" The authors of the newest study don't advocate no screening. Instead, they note that the benefits of screening will probably be more favorable when screening is directed at people with a high risk of the disease — such as those with a family history of breast cancer. The US Preventive Services Task Force, which analyzes the best available evidence to create guidelines for doctors, now recommends biennial mammography screening for the general population in women ages 50 to 74. For women under 50 and over 75 — who aren't at a high risk of breast cancer — the benefits of mass screening are less clear. There are small things doctors can do that still don't happen often enough. For example, most women aren't told about the potential downsides of mammography screening — even though they're almost always briefed on the benefits. For now, it's up to patients to talk to their doctors about their particular risk profiles and how to screen accordingly. We also need to remember that in medicine, more often than not, we generally overestimate the benefits and underestimate the harms. WATCH: The naked mole rat might help us cure cancer","Here's new evidence that widespread breast cancer screening isn't effective. If mass mammography screening for breast cancer worked well, fewer women would die from the disease. And yet, a new study published in JAMA Internal Medicine has found something that may seem counterintuitive: More breast cancer screening didn't actually save lives. Screening did however lead to more ""overdiagnosis,"" detecting cancers that would not have been fatal or even harmful. The research, led by Richard Wilson of Harvard University, revealed that in more than 500 US counties, mammography screening programs were linked with more diagnoses of smaller breast cancers — but not with fewer deaths or with fewer larger breast cancers (which theoretically would be prevented by finding the disease early through screening). You can see this clearly in the chart below: The number of diagnosed breast cancers rose with more screening, yet the number of deaths from breast cancer 10 years later remained stubbornly stable. To be clear: Mass screening is different from using technologies like ultrasounds to diagnose people at risk of a disease or who have symptoms that require investigation. And not all mass screening programs are bad. Colorectal cancer screening, for example, has been shown to save lives as a result of early detection, and the Pap test transformed cervical cancer into a treatable disease. But this isn't the first study to call into question the benefits of mammography and whether women are too often the victims of overdiagnosis. The trouble with overdiagnosis is that while the cancers doctors find wouldn't have harmed their patients, the treatment and stress that result from the diagnosis probably will. We have to find a better way to screen women for breast cancer The medical community has known about overdiagnosis and overtreatment for years, documenting the problem in a range of cancers — in breast, prostate, lung, and thyroid (which you can see in the chart above). This raises a tough question: What should the medical community do about overdiagnosis? In a related commentary in the journal, a pair of doctors from the University of Washington School of Medicine note that the estimates of overdiagnosis of breast cancer are ""frustratingly broad"" — from less than 10 percent to 50 percent or more of women who get screened. In other words, we don't actually know how bad the problem is. ""Sadly,"" they write, ""we are left in a conundrum. Women will increasingly approach their physicians with questions and concerns about overdiagnosis, and we have no clear answers to provide."" The authors of the newest study don't advocate no screening. Instead, they note that the benefits of screening will probably be more favorable when screening is directed at people with a high risk of the disease — such as those with a family history of breast cancer. The US Preventive Services Task Force, which analyzes the best available evidence to create guidelines for doctors, now recommends biennial mammography screening for the general population in women ages 50 to 74. For women under 50 and over 75 — who aren't at a high risk of breast cancer — the benefits of mass screening are less clear. There are small things doctors can do that still don't happen often enough. For example, most women aren't told about the potential downsides of mammography screening — even though they're almost always briefed on the benefits. For now, it's up to patients to talk to their doctors about their particular risk profiles and how to screen accordingly. We also need to remember that in medicine, more often than not, we generally overestimate the benefits and underestimate the harms. WATCH: The naked mole rat might help us cure cancer"
fakehealth,story_reviews_00467,1,0,1,0.6351780809597898,0.3648219190402101,0.6351780809597898,0.41609457,0.5839054,0.5839054,"Despite considerable progress in prevention and treatment, heart disease continues to be the leading cause of death in the United States. When patients suffer from a heart attack or other cardiac event, it's critical that they get appropriate care and adopt lifestyle changes to prevent future damage. Participating in a cardiac rehabilitation program has been proven to be particularly effective in helping patients recover and stay healthy. Research indicates that CR improves five-year mortality rates by 25 to 46 percent for patients following a heart attack or other cardiac event. In fact, CR has been given a Class 1A recommendation by the American Heart Association/American College of Cardiology Foundation for secondary prevention of coronary heart disease, making it a critical component of the standard of care. In recent years, Intensive cardiac rehabilitation programs have been created as enhanced alternatives to ordinary CR. Patients and their physicians choose ICR programs over CR for at least three reasons: they are backed by published clinical evidence supporting their efficacy; they offer more complete education and exercise to improve patients' health; and they achieve greater patient adherence to the prescribed course of care. ICR Programs Have Documented Results Medicare covers both CR and ICR, but only ICR programs are required to meet specific efficacy standards. Each Medicare-approved ICR program must demonstrate through peer-reviewed published research that it has a positive impact on cardiac outcomes, such as decreasing the need for bypass surgery or stenting, and reduces specific risk factors for cardiovascular disease. One of the Medicare-approved programs, Pritikin ICR, is based on a lifestyle change program that has more than 100 peer-reviewed studies validating its effectiveness, including significantly reducing levels of cholesterol and triglycerides, body mass index and blood pressure, as well as reducing risk factors for diabetes, breast cancer, prostate cancer and other comorbidities. R. James Barnard, Ph.D., a researcher at the University of California–Los Angeles and a co-author of many of these studies, says, ""These studies have consistently shown the value of a more comprehensive approach to health – combining exercise with proper nutrition and a healthy mindset – at preventing, controlling or reversing common diseases, including heart disease, diabetes and hypertension, and have proven the long-term sustainability of these lifestyle changes."" When physicians refer their cardiac patients to an ICR program, they can have confidence knowing that the program has been proven to be effective. ICR Offers More In-Depth Education on Lifestyle Change In practice, ordinary CR is undertaken in a series of up to 36 individual sessions, and patients typically spend most of that time on exercise rather than education and counseling to modify cardiac risk factors. In contrast, Medicare covers 72 sessions of ICR, allowing patients to supplement the exercise portion of ordinary CR with an in-depth education about the relationship between lifestyle and cardiovascular health. Each day of ICR includes both an exercise class and at least one class with practical lessons on how to make better nutrition choices, manage stress, stop smoking or maintain a positive attitude. This type of education is crucial for many patients to recover from a cardiovascular event and optimize their health going forward. Dr. Albert Krause, cardiac rehab medical director at CHRISTUS Health in Shreveport-Bossier, Louisiana, said that ICR ""allows hospitals to provide cardiac patients with a comprehensive education about critical lifestyle changes following a heart attack or other cardiac event. It is an essential component of our continuum of care, complementing the surgical and medical treatments we offer, to improve patients' long-term outcomes."" ICR Achieves Better Patient Engagement ICR programs also have improved patient engagement compared to ordinary CR. A study recently published in JAMA Internal Medicine found that only 62 percent of eligible cardiac patients are referred by their physician to a CR program, and only one-third of those patients actually attend the program. These patients attend an average of 20 to 24 sessions of ordinary CR, despite being prescribed up to 36 sessions. In comparison, a review of a sample of hospitals that recently implemented ICR programs all experienced a significantly higher level of patient adherence to the prescribed course of rehabilitation. Most of these hospitals averaged over 48 sessions per patient in the second half of 2015 – over double the industry average for ordinary CR. As Dr. John Harvey, president and medical director of Oklahoma Heart Hospital, says: Patients report high levels of satisfaction with ICR and feel encouraged to stick with the program and adopt a heart healthy lifestyle.""","The Benefits of Intensive Cardiac Rehabilitation Over Ordinary Cardiac Rehabilitation. Despite considerable progress in prevention and treatment, heart disease continues to be the leading cause of death in the United States. When patients suffer from a heart attack or other cardiac event, it's critical that they get appropriate care and adopt lifestyle changes to prevent future damage. Participating in a cardiac rehabilitation program has been proven to be particularly effective in helping patients recover and stay healthy. Research indicates that CR improves five-year mortality rates by 25 to 46 percent for patients following a heart attack or other cardiac event. In fact, CR has been given a Class 1A recommendation by the American Heart Association/American College of Cardiology Foundation for secondary prevention of coronary heart disease, making it a critical component of the standard of care. In recent years, Intensive cardiac rehabilitation programs have been created as enhanced alternatives to ordinary CR. Patients and their physicians choose ICR programs over CR for at least three reasons: they are backed by published clinical evidence supporting their efficacy; they offer more complete education and exercise to improve patients' health; and they achieve greater patient adherence to the prescribed course of care. ICR Programs Have Documented Results Medicare covers both CR and ICR, but only ICR programs are required to meet specific efficacy standards. Each Medicare-approved ICR program must demonstrate through peer-reviewed published research that it has a positive impact on cardiac outcomes, such as decreasing the need for bypass surgery or stenting, and reduces specific risk factors for cardiovascular disease. One of the Medicare-approved programs, Pritikin ICR, is based on a lifestyle change program that has more than 100 peer-reviewed studies validating its effectiveness, including significantly reducing levels of cholesterol and triglycerides, body mass index and blood pressure, as well as reducing risk factors for diabetes, breast cancer, prostate cancer and other comorbidities. R. James Barnard, Ph.D., a researcher at the University of California–Los Angeles and a co-author of many of these studies, says, ""These studies have consistently shown the value of a more comprehensive approach to health – combining exercise with proper nutrition and a healthy mindset – at preventing, controlling or reversing common diseases, including heart disease, diabetes and hypertension, and have proven the long-term sustainability of these lifestyle changes."" When physicians refer their cardiac patients to an ICR program, they can have confidence knowing that the program has been proven to be effective. ICR Offers More In-Depth Education on Lifestyle Change In practice, ordinary CR is undertaken in a series of up to 36 individual sessions, and patients typically spend most of that time on exercise rather than education and counseling to modify cardiac risk factors. In contrast, Medicare covers 72 sessions of ICR, allowing patients to supplement the exercise portion of ordinary CR with an in-depth education about the relationship between lifestyle and cardiovascular health. Each day of ICR includes both an exercise class and at least one class with practical lessons on how to make better nutrition choices, manage stress, stop smoking or maintain a positive attitude. This type of education is crucial for many patients to recover from a cardiovascular event and optimize their health going forward. Dr. Albert Krause, cardiac rehab medical director at CHRISTUS Health in Shreveport-Bossier, Louisiana, said that ICR ""allows hospitals to provide cardiac patients with a comprehensive education about critical lifestyle changes following a heart attack or other cardiac event. It is an essential component of our continuum of care, complementing the surgical and medical treatments we offer, to improve patients' long-term outcomes."" ICR Achieves Better Patient Engagement ICR programs also have improved patient engagement compared to ordinary CR. A study recently published in JAMA Internal Medicine found that only 62 percent of eligible cardiac patients are referred by their physician to a CR program, and only one-third of those patients actually attend the program. These patients attend an average of 20 to 24 sessions of ordinary CR, despite being prescribed up to 36 sessions. In comparison, a review of a sample of hospitals that recently implemented ICR programs all experienced a significantly higher level of patient adherence to the prescribed course of rehabilitation. Most of these hospitals averaged over 48 sessions per patient in the second half of 2015 – over double the industry average for ordinary CR. As Dr. John Harvey, president and medical director of Oklahoma Heart Hospital, says: Patients report high levels of satisfaction with ICR and feel encouraged to stick with the program and adopt a heart healthy lifestyle."""
fakehealth,story_reviews_01055,1,0,1,0.6433096253554242,0.3566903746445757,0.6433096253554242,0.391978,0.60802203,0.60802203,"July 7, 2011 -- An experimental therapy involving stem cell injections from the patient's own blood is showing promise in the treatment of people with chest pain that is not responsive to drugs, angioplasty, or surgery. Results from a pivotal study of the treatment were reported today in the American Heart Association (AHA) journal Circulation Research. Patients with untreatable angina who received the injections of CD34+ stem cells in key areas of the heart had significantly fewer chest pain episodes and significantly better performance on exercise tests than patients who got placebo injections. Treating Angina Drugs, angioplasty, and coronary artery bypass graft (CABG) surgery are the main treatments for angina -- chest pain caused by blocked coronary arteries. About 850,000 Americans have angina that persists despite available treatments. ""These are patients who have been on drugs and may have had multiple angioplasties or CABG surgeries,"" AHA President Gordon Tomaselli, MD, tells WebMD. ""Their activities are severely restricted by their chest pain and right now we have little to offer them."" The new treatment came from the discovery about a decade ago that CD34+ stem cells stimulate the formation of new blood vessels, study researcher Douglas W. Losordo, MD, of Chicago's Northwestern University tells WebMD. ""Coronary artery disease involves not only the blockage of major arteries, but the death of small vessels, or capillaries, of the heart muscle,"" he says. ""This treatment targets these small vessels that have been damaged. The stem cells have shown the ability to repair and replace them in animal models."" The approach also showed promise in a 2007 pilot study involving fewer than 30 patients. The newly reported study included 167 patients with severe angina treated at 26 medical centers across the country.","Stem Cell Treatment May Relieve Angina. July 7, 2011 -- An experimental therapy involving stem cell injections from the patient's own blood is showing promise in the treatment of people with chest pain that is not responsive to drugs, angioplasty, or surgery. Results from a pivotal study of the treatment were reported today in the American Heart Association (AHA) journal Circulation Research. Patients with untreatable angina who received the injections of CD34+ stem cells in key areas of the heart had significantly fewer chest pain episodes and significantly better performance on exercise tests than patients who got placebo injections. Treating Angina Drugs, angioplasty, and coronary artery bypass graft (CABG) surgery are the main treatments for angina -- chest pain caused by blocked coronary arteries. About 850,000 Americans have angina that persists despite available treatments. ""These are patients who have been on drugs and may have had multiple angioplasties or CABG surgeries,"" AHA President Gordon Tomaselli, MD, tells WebMD. ""Their activities are severely restricted by their chest pain and right now we have little to offer them."" The new treatment came from the discovery about a decade ago that CD34+ stem cells stimulate the formation of new blood vessels, study researcher Douglas W. Losordo, MD, of Chicago's Northwestern University tells WebMD. ""Coronary artery disease involves not only the blockage of major arteries, but the death of small vessels, or capillaries, of the heart muscle,"" he says. ""This treatment targets these small vessels that have been damaged. The stem cells have shown the ability to repair and replace them in animal models."" The approach also showed promise in a 2007 pilot study involving fewer than 30 patients. The newly reported study included 167 patients with severe angina treated at 26 medical centers across the country."
fakehealth,story_reviews_00698,1,0,1,0.6288665351310807,0.3711334648689193,0.6288665351310807,0.47131845,0.52868164,0.52868164,"How do you convert a simple saline solution into a useful treatment for people with Parkinson’s disease? Tell them it’s a drug that costs $100 per dose. And if you want to make it even more effective, tell them it costs $1,500 instead. That’s what researchers from the University of Cincinnati discovered in an unusual clinical trial. Instead of testing a placebo against an actual drug, they pitted two placebos against each other. The only difference between the two sham treatments was their purported price. Medical researchers are well aware that the dummy pills used in clinical trials often provide as much relief as the actual drugs being tested. This is what’s known as the placebo effect, and it’s quite common in people with Parkinson’s, a movement disorder that causes tremors, stiffness and balance problems. A 2008 meta-analysis found that placebos used in clinical trials of Parkinson’s treatments improved symptoms by an average of 16%. The team from the University of Cincinnati and their colleagues had a hunch that patients would be more responsive to a fake drug they thought was real if it came with a heftier price tag. The higher price would be seen as a signal that the treatment was better, they figured. Advertisement So they recruited 12 patients with “moderately advanced” Parkinson’s and asked them to participate in a clinical trial of a medication described as “a new injectable dopamine agonist.” Patients with Parkinson’s lose the brain cells that produce dopamine, and a drug like this could pick up the slack. The study volunteers were told that there were two versions of the experimental drug and that both were believed to work equally well. The main difference, the story went, was the way they were made. As a result, one version cost 15 times more than the other. In reality, both placebos were composed of the exact same saline solution. And yet, the patients perceived the expensive version to be more effective than the cheaper one, according to results published Wednesday in the journal Neurology. Both of the placebos improved motor function compared with a base line test. But when patients got the $1,500-per-dose placebo, their improvement was 9% greater than when they got the $100-per-dose placebo, the researchers reported. Advertisement In another test, 67% of the patients were judged “very good” or having “marked improvement” after they took the expensive placebo, compared with 58% of patients after they took the purportedly cheap placebo. The researchers also used functional MRI scans to assess the patients’ brain activity and found that the “cheap” placebo prompted more action than the “expensive” one. To the researchers, this was a sign that the patients expected less from the placebo they believed cost less, so their brains responded by doing more work. “Patients’ expectations have an important role in the efficacy of medical therapies,” the researchers wrote. Another manifestation of this is the preference many patients have for name-brand drugs instead of their generic counterparts, they added. Placebos may be fake, but understanding the placebo effect – and finding ways to make the most of it – is a real priority for researchers. To the extent that doctors can use placebos to improve patients’ symptoms, they can use the real drugs less, which may be expensive or toxic. “Placebo can be the physician’s friend,” a pair of neurologists wrote an editorial that accompanied the study. “The outcome of this study … opens our eyes to another nuance of placebo effect.” For medical news that’s the real deal, follow me on Twitter @LATkarenkaplan and “like” Los Angeles Times Science & Health on Facebook.","‘Expensive’ placebos work better than ‘cheap’ ones, study finds. How do you convert a simple saline solution into a useful treatment for people with Parkinson’s disease? Tell them it’s a drug that costs $100 per dose. And if you want to make it even more effective, tell them it costs $1,500 instead. That’s what researchers from the University of Cincinnati discovered in an unusual clinical trial. Instead of testing a placebo against an actual drug, they pitted two placebos against each other. The only difference between the two sham treatments was their purported price. Medical researchers are well aware that the dummy pills used in clinical trials often provide as much relief as the actual drugs being tested. This is what’s known as the placebo effect, and it’s quite common in people with Parkinson’s, a movement disorder that causes tremors, stiffness and balance problems. A 2008 meta-analysis found that placebos used in clinical trials of Parkinson’s treatments improved symptoms by an average of 16%. The team from the University of Cincinnati and their colleagues had a hunch that patients would be more responsive to a fake drug they thought was real if it came with a heftier price tag. The higher price would be seen as a signal that the treatment was better, they figured. Advertisement So they recruited 12 patients with “moderately advanced” Parkinson’s and asked them to participate in a clinical trial of a medication described as “a new injectable dopamine agonist.” Patients with Parkinson’s lose the brain cells that produce dopamine, and a drug like this could pick up the slack. The study volunteers were told that there were two versions of the experimental drug and that both were believed to work equally well. The main difference, the story went, was the way they were made. As a result, one version cost 15 times more than the other. In reality, both placebos were composed of the exact same saline solution. And yet, the patients perceived the expensive version to be more effective than the cheaper one, according to results published Wednesday in the journal Neurology. Both of the placebos improved motor function compared with a base line test. But when patients got the $1,500-per-dose placebo, their improvement was 9% greater than when they got the $100-per-dose placebo, the researchers reported. Advertisement In another test, 67% of the patients were judged “very good” or having “marked improvement” after they took the expensive placebo, compared with 58% of patients after they took the purportedly cheap placebo. The researchers also used functional MRI scans to assess the patients’ brain activity and found that the “cheap” placebo prompted more action than the “expensive” one. To the researchers, this was a sign that the patients expected less from the placebo they believed cost less, so their brains responded by doing more work. “Patients’ expectations have an important role in the efficacy of medical therapies,” the researchers wrote. Another manifestation of this is the preference many patients have for name-brand drugs instead of their generic counterparts, they added. Placebos may be fake, but understanding the placebo effect – and finding ways to make the most of it – is a real priority for researchers. To the extent that doctors can use placebos to improve patients’ symptoms, they can use the real drugs less, which may be expensive or toxic. “Placebo can be the physician’s friend,” a pair of neurologists wrote an editorial that accompanied the study. “The outcome of this study … opens our eyes to another nuance of placebo effect.” For medical news that’s the real deal, follow me on Twitter @LATkarenkaplan and “like” Los Angeles Times Science & Health on Facebook."
fakehealth,story_reviews_01300,1,0,1,0.6871090695257854,0.3128909304742145,0.6871090695257854,0.42448983,0.57551014,0.57551014,"NEW YORK (Reuters Health) - Women undergoing surgery for endometrial cancer can confidently opt for a minimally invasive hysterectomy performed by a skilled surgeon — with or without a robot’s help — suggests a new review of surgical outcomes. The researchers found that the two advanced minimally invasive techniques led to similar results, and both appeared to be generally superior to the traditional open procedure. “With minimally invasive surgery by an experienced surgeon’s hands, the incisions are smaller, pain and suffering is less, visualization is better, and recovery is faster than with open surgery,” Dr. Ceana Nezhat of the Emory University School of Medicine in Atlanta who was not involved in the review, told Reuters Health. “Robotics makes it easier for surgeons to transition from open to minimally invasive procedures,” he added. More than 40,000 women are diagnosed with endometrial cancer in the U.S. every year. Treatment usually involves surgical removal of the uterus, known as hysterectomy. At the same time, lymph nodes are often removed to determine the stage of the cancer and whether further treatment is necessary. The research team from the Florida Hospital Cancer Institute, in Orlando, reviewed eight prior studies, including nearly 1,600 patients who underwent either an open, closed or robot-assisted hysterectomy and lymph node removal. In the open surgery, a relatively large incision is made in the abdominal wall. The closed procedure, known as laparoscopy, requires a much smaller cut, through which small instruments and a video camera are inserted. However, this minimally invasive approach also calls for significant training on the part of the surgeon to overcome challenges such as the counterintuitive movements involved in working from images on a TV monitor. Robotic-assisted surgery is similar to laparoscopy, only the instruments and cameras are integrated into robotic arms, which the surgeon operates through a control console. The robotic equipment provides better three-dimensional vision, increased range of motion and intuitive, downscaled movements, while adding a few thousand more dollars to the procedure’s price tag, the authors note. “Also with the computer-enhanced robotic technology, no matter how much coffee you drink in the morning, your movements don’t have tremors,” said Nezhat. Based on their review, the researchers found that minimally invasive surgeries done with a human hand and instruments or with robotic assistance equipment took around the same time and resulted in similarly long stays in the hospital. However, about half as much blood was lost when robots were enlisted than with standard laparoscopy. Both minimally invasive techniques resulted in longer-duration operations than open surgery. But both also led to shorter hospital stays and, in the case of robotic surgery, less blood-loss. Further, the average number of lymph nodes removed was about the same in the robotic and open procedures, suggesting that both approaches result in about equal surgeon accuracy in staging endometrial cancer. No differences between the three methods were seen in the numbers of complications, report the researchers in the journal Obstetrics & Gynecology. “The robot will not really decrease human errors but it will make the surgery easier,” Dr. Tommaso Falcone of the Cleveland Clinic, in Ohio, who was also not involved in the study, told Reuters Health in an e-mail. “Robotics increases the chance that a hysterectomy can be done by laparoscopy,” he added. “However, if the surgeon is skilled enough to do the hysterectomy without the robot by laparoscopy then the outcomes will be similar.” Nezhat further noted that while robotic assistance can be a good “enabler” for a minimally invasive approach, surgeons should have at least the basic knowledge of regular laparoscopy too, as there may be times when the robotic equipment doesn’t work. The reviewers point out that some of the differences found, such as the longer operation times for robotic-assisted surgery, may be due to surgeons’ inexperience with the new tool and could improve over time. On the other hand, the newness of the technology could have deterred surgeons from using it for difficult cases, potentially biasing the results in a positive way for the robotic technique. Robotic surgery equipment only received U.S. Food and Drug Administration approval in 2005. More research is needed to be able to compare long-term outcomes, wrote the researchers. Nezhat advises women to look for a surgeon experienced in doing minimally invasive surgery. If a robot is to be enlisted, he recommends asking how the procedure would be performed if the robot is not available or if it doesn’t work. “Robotic-assisted surgery is in its infancy, and it definitely has a future,” said Nezhat. “Its benefits should offset its higher costs.” SOURCE: link.reuters.com/kef67q Obstetrics & Gynecology, December 2010.","Robotic assist eases less-invasive hysterectomies. NEW YORK (Reuters Health) - Women undergoing surgery for endometrial cancer can confidently opt for a minimally invasive hysterectomy performed by a skilled surgeon — with or without a robot’s help — suggests a new review of surgical outcomes. The researchers found that the two advanced minimally invasive techniques led to similar results, and both appeared to be generally superior to the traditional open procedure. “With minimally invasive surgery by an experienced surgeon’s hands, the incisions are smaller, pain and suffering is less, visualization is better, and recovery is faster than with open surgery,” Dr. Ceana Nezhat of the Emory University School of Medicine in Atlanta who was not involved in the review, told Reuters Health. “Robotics makes it easier for surgeons to transition from open to minimally invasive procedures,” he added. More than 40,000 women are diagnosed with endometrial cancer in the U.S. every year. Treatment usually involves surgical removal of the uterus, known as hysterectomy. At the same time, lymph nodes are often removed to determine the stage of the cancer and whether further treatment is necessary. The research team from the Florida Hospital Cancer Institute, in Orlando, reviewed eight prior studies, including nearly 1,600 patients who underwent either an open, closed or robot-assisted hysterectomy and lymph node removal. In the open surgery, a relatively large incision is made in the abdominal wall. The closed procedure, known as laparoscopy, requires a much smaller cut, through which small instruments and a video camera are inserted. However, this minimally invasive approach also calls for significant training on the part of the surgeon to overcome challenges such as the counterintuitive movements involved in working from images on a TV monitor. Robotic-assisted surgery is similar to laparoscopy, only the instruments and cameras are integrated into robotic arms, which the surgeon operates through a control console. The robotic equipment provides better three-dimensional vision, increased range of motion and intuitive, downscaled movements, while adding a few thousand more dollars to the procedure’s price tag, the authors note. “Also with the computer-enhanced robotic technology, no matter how much coffee you drink in the morning, your movements don’t have tremors,” said Nezhat. Based on their review, the researchers found that minimally invasive surgeries done with a human hand and instruments or with robotic assistance equipment took around the same time and resulted in similarly long stays in the hospital. However, about half as much blood was lost when robots were enlisted than with standard laparoscopy. Both minimally invasive techniques resulted in longer-duration operations than open surgery. But both also led to shorter hospital stays and, in the case of robotic surgery, less blood-loss. Further, the average number of lymph nodes removed was about the same in the robotic and open procedures, suggesting that both approaches result in about equal surgeon accuracy in staging endometrial cancer. No differences between the three methods were seen in the numbers of complications, report the researchers in the journal Obstetrics & Gynecology. “The robot will not really decrease human errors but it will make the surgery easier,” Dr. Tommaso Falcone of the Cleveland Clinic, in Ohio, who was also not involved in the study, told Reuters Health in an e-mail. “Robotics increases the chance that a hysterectomy can be done by laparoscopy,” he added. “However, if the surgeon is skilled enough to do the hysterectomy without the robot by laparoscopy then the outcomes will be similar.” Nezhat further noted that while robotic assistance can be a good “enabler” for a minimally invasive approach, surgeons should have at least the basic knowledge of regular laparoscopy too, as there may be times when the robotic equipment doesn’t work. The reviewers point out that some of the differences found, such as the longer operation times for robotic-assisted surgery, may be due to surgeons’ inexperience with the new tool and could improve over time. On the other hand, the newness of the technology could have deterred surgeons from using it for difficult cases, potentially biasing the results in a positive way for the robotic technique. Robotic surgery equipment only received U.S. Food and Drug Administration approval in 2005. More research is needed to be able to compare long-term outcomes, wrote the researchers. Nezhat advises women to look for a surgeon experienced in doing minimally invasive surgery. If a robot is to be enlisted, he recommends asking how the procedure would be performed if the robot is not available or if it doesn’t work. “Robotic-assisted surgery is in its infancy, and it definitely has a future,” said Nezhat. “Its benefits should offset its higher costs.” SOURCE: link.reuters.com/kef67q Obstetrics & Gynecology, December 2010."
fakehealth,news_reviews_00562,1,0,1,0.7102898892054554,0.2897101107945445,0.7102898892054554,0.39234567,0.60765433,0.60765433,"Low-dose lithium reduced involuntary motor movements - the troubling side effect of the medication most commonly used to treat Parkinson's disease (PD) - in a mouse model of the condition that is diagnosed in about 60,000 Americans each year. The third in a series of studies from the Andersen lab involving PD and low-dose lithium, the results add to mounting evidence that low-doses of the psychotropic drug could benefit patients suffering from the incurable, degenerative condition. This study, published online in Brain Research, involved Parkinsonian mice that were given Carbidopa/Levodopa (sold as Sinemet®), a drug used to boost levels of the neurotransmitter dopamine, which is lost in PD. While the medication remains the single most effective agent in the management of PD symptoms, long-term use causes its own side effects, among them abnormal involuntary movements or AIMS. Buck professor and senior scientist Julie Andersen, PhD, says AIMS become problematic for 30 percent of patients after four to six years of treatment with Sinemet, with 90 percent of patients suffering from the complication after nine years of chronic use. ""For patients these side effects are just as devastating as the freezing that is associated with PD."" ""In our mice we saw significant behavioral improvement."" In this study, Andersen and her team dosed the mice with an amount of lithium equivalent to about a quarter of what humans receive for the treatment of psychiatric diseases. Researchers found that lithium boosted the expression of tyrosine hydroxylase which increases dopamine synthesis via the inhibition of calpain-1, an enzyme that normally reduces dopamine synthesis. In earlier studies, Andersen's team found that low-dose lithium was protective in two different mouse models of PD. Treatment in mice with a human mutation for PD began when the animals reached late middle-age, the human equivalent of about 60, which is the average age of onset of Parkinson's in humans. ""We clearly saw a prevention of the motor difficulties we would expect to see in the animals,"" said Andersen. ""The treatment also protected the area of the brain that is normally damaged by Parkinson's."" Plans for a clinical trial of low-dose lithium for PD patients are in early stages. ""This study suggests potential therapeutic benefit in PD,"" said David K. Simon, MD, PhD, Associate Professor of Neurology at Harvard Medical School in Boston. Simon chairs the Scientific Review Committee for the Parkinson's Study Group, a not-for-profit network of Parkinson's Centers. ""One caveat is that other agents that have shown clear efficacy in this model of PD have subsequently failed to show benefit in clinical studies in PD (e.g. CoQ10, creatine, and pioglitazone). However, this study provides additional evidence on top of prior work from Dr. Andersen's lab and others that lithium may have therapeutic potential in PD, which is a hypothesis that should be tested in clinical trials,"" he said. Lithium is a naturally occurring element, not a 'developed' molecule like most medications. It was approved by the FDA for the treatment of bipolar disorder in 1970 and has shown to be effective for treating mood disorders and suicidal thoughts. Previous studies suggest that at low doses lithium has a protective effect in other neurodegenerative diseases including Alzheimer's and Huntington's. ### Citation: The combination of lithium and L-Dopa/Carbidopa reduces MPTP-induced abnormal involuntary movements (AIMs) via calpain-1 inhibition in a mouse model: relevance for Parkinson's disease therapy. This work was supported by grants from National Institutes of Health 5P20GM103653-02; RL! NS062415 Other Buck Institute contributors include: Rebecca R. Riley and Anand Rane. Corresponding author Y. Hwan Kim, a former member of the Andersen lab, is now in the Department of Biological Sciences, Delaware State University, Carol A. Lazzara, from Delaware State University also contributed to the work. About the Buck Institute for Research on Aging","Low-dose lithium reduces side effects from most common treatment for Parkinson's disease. Low-dose lithium reduced involuntary motor movements - the troubling side effect of the medication most commonly used to treat Parkinson's disease (PD) - in a mouse model of the condition that is diagnosed in about 60,000 Americans each year. The third in a series of studies from the Andersen lab involving PD and low-dose lithium, the results add to mounting evidence that low-doses of the psychotropic drug could benefit patients suffering from the incurable, degenerative condition. This study, published online in Brain Research, involved Parkinsonian mice that were given Carbidopa/Levodopa (sold as Sinemet®), a drug used to boost levels of the neurotransmitter dopamine, which is lost in PD. While the medication remains the single most effective agent in the management of PD symptoms, long-term use causes its own side effects, among them abnormal involuntary movements or AIMS. Buck professor and senior scientist Julie Andersen, PhD, says AIMS become problematic for 30 percent of patients after four to six years of treatment with Sinemet, with 90 percent of patients suffering from the complication after nine years of chronic use. ""For patients these side effects are just as devastating as the freezing that is associated with PD."" ""In our mice we saw significant behavioral improvement."" In this study, Andersen and her team dosed the mice with an amount of lithium equivalent to about a quarter of what humans receive for the treatment of psychiatric diseases. Researchers found that lithium boosted the expression of tyrosine hydroxylase which increases dopamine synthesis via the inhibition of calpain-1, an enzyme that normally reduces dopamine synthesis. In earlier studies, Andersen's team found that low-dose lithium was protective in two different mouse models of PD. Treatment in mice with a human mutation for PD began when the animals reached late middle-age, the human equivalent of about 60, which is the average age of onset of Parkinson's in humans. ""We clearly saw a prevention of the motor difficulties we would expect to see in the animals,"" said Andersen. ""The treatment also protected the area of the brain that is normally damaged by Parkinson's."" Plans for a clinical trial of low-dose lithium for PD patients are in early stages. ""This study suggests potential therapeutic benefit in PD,"" said David K. Simon, MD, PhD, Associate Professor of Neurology at Harvard Medical School in Boston. Simon chairs the Scientific Review Committee for the Parkinson's Study Group, a not-for-profit network of Parkinson's Centers. ""One caveat is that other agents that have shown clear efficacy in this model of PD have subsequently failed to show benefit in clinical studies in PD (e.g. CoQ10, creatine, and pioglitazone). However, this study provides additional evidence on top of prior work from Dr. Andersen's lab and others that lithium may have therapeutic potential in PD, which is a hypothesis that should be tested in clinical trials,"" he said. Lithium is a naturally occurring element, not a 'developed' molecule like most medications. It was approved by the FDA for the treatment of bipolar disorder in 1970 and has shown to be effective for treating mood disorders and suicidal thoughts. Previous studies suggest that at low doses lithium has a protective effect in other neurodegenerative diseases including Alzheimer's and Huntington's. ### Citation: The combination of lithium and L-Dopa/Carbidopa reduces MPTP-induced abnormal involuntary movements (AIMs) via calpain-1 inhibition in a mouse model: relevance for Parkinson's disease therapy. This work was supported by grants from National Institutes of Health 5P20GM103653-02; RL! NS062415 Other Buck Institute contributors include: Rebecca R. Riley and Anand Rane. Corresponding author Y. Hwan Kim, a former member of the Andersen lab, is now in the Department of Biological Sciences, Delaware State University, Carol A. Lazzara, from Delaware State University also contributed to the work. About the Buck Institute for Research on Aging"
fakehealth,story_reviews_00087,1,0,1,0.6096613530444497,0.3903386469555502,0.6096613530444497,0.39105892,0.6089411,0.6089411,"“We thought we’d be young forever,” said Francis, who co-anchors a radio news program in Washington, D.C. “The big wake-up call is when our bodies wear down.” Take Elliott Francis, 64, who had his second hip replacement surgery in February. Growing up, he was “a jumper and a rebounder,” he said, scooping basketballs off the rim during Roxbury pickup games and later playing in high school and college. For a generation that pounded its joints doing aerobics, running marathons, and carving up the ski slopes, it’s time to roll out the spare parts. Baby boomers, determined to keep moving no matter what wear and tear and arthritis have wrought, are fueling a surge in joint replacements. Taking advantage of improved artificial joints and surgical methods, aging Americans are getting so many new hips, knees, shoulders, and ankles that orthopedic surgeons are having trouble meeting the demand. Advertisement Hip replacements in the United States more than doubled between 2000 and 2014 — from 160,282 to 371,605 a year — according to the most recent data from the Healthcare Cost and Utilization Project, which tracks hospital discharges. Knee replacements increased at an even faster clip in the same period, from 274,467 to 680,886. The procedures can cost up to $50,000 for knees and $40,000 for hips, though the prices vary widely among Medicare and private insurers, which typically bear the bulk of the cost. The average age of patients listed in the American Joint Replacement Registry is about 66. With millions more boomers still in their late 50s and early 60s, the trend will only continue. “They’re aging, they’ve had some injuries, and they want to continue to be active into their 60s, 70s, and 80s. And they need a good joint to do that,” said Dr. David Mattingly, surgeon in chief at New England Baptist Hospital in Boston, one of the nation’s top orthopedics centers. Advertisement A patient looked at joint replacement models. Suzanne Kreiter/Globe staff The surgical surge has created an expanding brigade of bionic baby boomers whose artificial parts are accompanied by sky-high expectations — something doctors struggle to manage. Despite steady improvement in technology and outcomes, replacement joints don’t create superhumans. Still, many patients are lifelong fitness buffs who begin plotting their return to the gym, the golf course, or the cross-country skiing trails the moment they are discharged from the hospital. Winthrop retiree John Carver, 76, is already back at the fitness center after having replacement surgery on his right knee in February. “My goal is to get back to an hour — 30 minutes on the elliptical and some back exercises,” he said. A Marine veteran who ran the New York City Marathon the year he turned 40, Carver has scheduled a similar procedure on his left knee in May, early enough “to be ready for golf season.” For those who are still working at physically demanding jobs, there are other considerations. “I’m up and down the scaffolding all day,” said David Smith, 62, of Arlington, a construction superintendent in Boston who had a hip replacement in January. “My first focus was to just get on my feet so I can work another 10 years. So I said, ‘OK, let’s get this done.’ ” Smith, who played hockey in college and as an adult and spent years lifting heavy equipment on building sites, plans to return to his job this spring. But he has already resumed golfing — on a March trip to visit his son and his family in Atlanta. And, he promised, “I will get on the skates again.” Advertisement Like Smith, many boomers endured months or years of pain before surgery, pain caused by “bone-on-bone” friction when cartilage deterioration eroded their bone cushioning. Some took multiple cortisone shots, hoping to avoid surgeries. But having had the procedures, many say they wish they’d done it sooner. West Newbury’s town clerk, Mike McCarron,, 62, played high school and college football and once climbed Mount Washington in the winter. McCarron underwent two knee replacements simultaneously in 2011. “I had a coupon,” he joked. Now he runs on the treadmill at his Merrimack Valley gym and hikes in the Maine wilderness. Susan Nadworny, 61, of Melrose, owned an aerobics studio in Boston’s North End during the 1980s and 1990s. There, she spent three or four hours a day leading high-impact exercise classes. Nadworny, who now works as a public policy advocate for people with disabilities, had knee replacement surgery last April. Nearly a year later, she pedals an indoor exercise bicycle and spends an hour a day walking dogs in the woods. The vast majority of joint-surgery patients report much less pain and greater mobility afterward, with success rates topping 95 percent, according to the American Academy of Orthopedic Surgeons, a physicians organization. In patient-reported surveys, some still complain of pain and tissue inflammation after their procedures. Smaller numbers suffer serious complications, ranging from blood clotting to hospital-acquired infections. Advertisement At New England Baptist, a physical therapist showed patients about to have joints replaced how to use crutches. Suzanne Kreiter/Globe staff New England Baptist expects to perform a record 7,000 knee and hip replacements at its Mission Hill campus this year, a nearly sixfold increase from the 1,200 annually it did in the mid-1980s. “Most of the busy guys do 15 to 20 a week,” Mattingly said. Last year, the average salary for joint-replacement specialists topped $575,000, reported the Dallas consulting firm Merritt Hawkins & Associates, compared with just over $230,000 for family doctors. Because of improvements in materials and the way they’re treated and sterilized, implants — which include polyethylene and titanium alloys — don’t wear down as fast as they once did. Implants now have a 90 percent chance of lasting two decades, much longer than in the past, Mattingly said. While physical activity obviously plays a role in joint deterioration, genetics may be the biggest factor in determining who needs a replacement and when, he said. Knee replacements were first offered in the 1960s, and hip replacements began in the 1940s, so many boomers are facing the same surgeries their fathers and mothers underwent. But boomers may have a tougher time coming to terms with the reality that a new body part doesn’t mean they can resume all of the high-impact activities that were a major part of their lives. “Nobody will return to playing football,” Mattingly said. “The person who struggles is the one who’s done long-distance running for years and just doesn’t want to give it up.” Technology could eventually change that. Joint implants have become more customized to suit individual patients, but a Billerica company is pushing the personalization trend further. ConforMIS Inc. uses 3-D printing and imaging software to more precisely tailor replacement joints. It sells between 17,000 and 20,000 personalized knee implants a year — still a small share of the market — and last year won US regulatory approval for its first hip implants. Advertisement “The baby boomer explosion is a big deal in health care,” said ConforMIS chief executive Mark Augusti. “Technology has to be part of the solution. Baby boomers expect to be more active as they get older and have higher expectations about quality of life in their later years.” Stephanie Donvan, 60, of Arlington, who received a ConforMIS knee replacement in May, recalled feeling like she was “carrying a dead tree trunk” before the surgery. Now, she said, “I’m out walking my Lab about five miles a day, every day. I can run in the snow and ride my bike. I have complete range of motion . . . We want to keep going till we’re in our 80s or 90s. We don’t want to give up all the things we’re doing.” Robert Weisman can be reached at robert.weisman@globe.com. Follow him on Twitter @GlobeRobW.","Boomers are going bionic, and they want joint replacements to let them do it all. “We thought we’d be young forever,” said Francis, who co-anchors a radio news program in Washington, D.C. “The big wake-up call is when our bodies wear down.” Take Elliott Francis, 64, who had his second hip replacement surgery in February. Growing up, he was “a jumper and a rebounder,” he said, scooping basketballs off the rim during Roxbury pickup games and later playing in high school and college. For a generation that pounded its joints doing aerobics, running marathons, and carving up the ski slopes, it’s time to roll out the spare parts. Baby boomers, determined to keep moving no matter what wear and tear and arthritis have wrought, are fueling a surge in joint replacements. Taking advantage of improved artificial joints and surgical methods, aging Americans are getting so many new hips, knees, shoulders, and ankles that orthopedic surgeons are having trouble meeting the demand. Advertisement Hip replacements in the United States more than doubled between 2000 and 2014 — from 160,282 to 371,605 a year — according to the most recent data from the Healthcare Cost and Utilization Project, which tracks hospital discharges. Knee replacements increased at an even faster clip in the same period, from 274,467 to 680,886. The procedures can cost up to $50,000 for knees and $40,000 for hips, though the prices vary widely among Medicare and private insurers, which typically bear the bulk of the cost. The average age of patients listed in the American Joint Replacement Registry is about 66. With millions more boomers still in their late 50s and early 60s, the trend will only continue. “They’re aging, they’ve had some injuries, and they want to continue to be active into their 60s, 70s, and 80s. And they need a good joint to do that,” said Dr. David Mattingly, surgeon in chief at New England Baptist Hospital in Boston, one of the nation’s top orthopedics centers. Advertisement A patient looked at joint replacement models. Suzanne Kreiter/Globe staff The surgical surge has created an expanding brigade of bionic baby boomers whose artificial parts are accompanied by sky-high expectations — something doctors struggle to manage. Despite steady improvement in technology and outcomes, replacement joints don’t create superhumans. Still, many patients are lifelong fitness buffs who begin plotting their return to the gym, the golf course, or the cross-country skiing trails the moment they are discharged from the hospital. Winthrop retiree John Carver, 76, is already back at the fitness center after having replacement surgery on his right knee in February. “My goal is to get back to an hour — 30 minutes on the elliptical and some back exercises,” he said. A Marine veteran who ran the New York City Marathon the year he turned 40, Carver has scheduled a similar procedure on his left knee in May, early enough “to be ready for golf season.” For those who are still working at physically demanding jobs, there are other considerations. “I’m up and down the scaffolding all day,” said David Smith, 62, of Arlington, a construction superintendent in Boston who had a hip replacement in January. “My first focus was to just get on my feet so I can work another 10 years. So I said, ‘OK, let’s get this done.’ ” Smith, who played hockey in college and as an adult and spent years lifting heavy equipment on building sites, plans to return to his job this spring. But he has already resumed golfing — on a March trip to visit his son and his family in Atlanta. And, he promised, “I will get on the skates again.” Advertisement Like Smith, many boomers endured months or years of pain before surgery, pain caused by “bone-on-bone” friction when cartilage deterioration eroded their bone cushioning. Some took multiple cortisone shots, hoping to avoid surgeries. But having had the procedures, many say they wish they’d done it sooner. West Newbury’s town clerk, Mike McCarron,, 62, played high school and college football and once climbed Mount Washington in the winter. McCarron underwent two knee replacements simultaneously in 2011. “I had a coupon,” he joked. Now he runs on the treadmill at his Merrimack Valley gym and hikes in the Maine wilderness. Susan Nadworny, 61, of Melrose, owned an aerobics studio in Boston’s North End during the 1980s and 1990s. There, she spent three or four hours a day leading high-impact exercise classes. Nadworny, who now works as a public policy advocate for people with disabilities, had knee replacement surgery last April. Nearly a year later, she pedals an indoor exercise bicycle and spends an hour a day walking dogs in the woods. The vast majority of joint-surgery patients report much less pain and greater mobility afterward, with success rates topping 95 percent, according to the American Academy of Orthopedic Surgeons, a physicians organization. In patient-reported surveys, some still complain of pain and tissue inflammation after their procedures. Smaller numbers suffer serious complications, ranging from blood clotting to hospital-acquired infections. Advertisement At New England Baptist, a physical therapist showed patients about to have joints replaced how to use crutches. Suzanne Kreiter/Globe staff New England Baptist expects to perform a record 7,000 knee and hip replacements at its Mission Hill campus this year, a nearly sixfold increase from the 1,200 annually it did in the mid-1980s. “Most of the busy guys do 15 to 20 a week,” Mattingly said. Last year, the average salary for joint-replacement specialists topped $575,000, reported the Dallas consulting firm Merritt Hawkins & Associates, compared with just over $230,000 for family doctors. Because of improvements in materials and the way they’re treated and sterilized, implants — which include polyethylene and titanium alloys — don’t wear down as fast as they once did. Implants now have a 90 percent chance of lasting two decades, much longer than in the past, Mattingly said. While physical activity obviously plays a role in joint deterioration, genetics may be the biggest factor in determining who needs a replacement and when, he said. Knee replacements were first offered in the 1960s, and hip replacements began in the 1940s, so many boomers are facing the same surgeries their fathers and mothers underwent. But boomers may have a tougher time coming to terms with the reality that a new body part doesn’t mean they can resume all of the high-impact activities that were a major part of their lives. “Nobody will return to playing football,” Mattingly said. “The person who struggles is the one who’s done long-distance running for years and just doesn’t want to give it up.” Technology could eventually change that. Joint implants have become more customized to suit individual patients, but a Billerica company is pushing the personalization trend further. ConforMIS Inc. uses 3-D printing and imaging software to more precisely tailor replacement joints. It sells between 17,000 and 20,000 personalized knee implants a year — still a small share of the market — and last year won US regulatory approval for its first hip implants. Advertisement “The baby boomer explosion is a big deal in health care,” said ConforMIS chief executive Mark Augusti. “Technology has to be part of the solution. Baby boomers expect to be more active as they get older and have higher expectations about quality of life in their later years.” Stephanie Donvan, 60, of Arlington, who received a ConforMIS knee replacement in May, recalled feeling like she was “carrying a dead tree trunk” before the surgery. Now, she said, “I’m out walking my Lab about five miles a day, every day. I can run in the snow and ride my bike. I have complete range of motion . . . We want to keep going till we’re in our 80s or 90s. We don’t want to give up all the things we’re doing.” Robert Weisman can be reached at robert.weisman@globe.com. Follow him on Twitter @GlobeRobW."
fakehealth,story_reviews_00925,1,0,1,0.6258100974959732,0.3741899025040268,0.6258100974959732,0.49076682,0.5092332,0.5092332,"CHICAGO (Reuters) - Lightly shocking a person’s brain just before they learned a new task appeared to strengthen memory in a handful of patients with epilepsy, a tantalizing result that could have implications for Alzheimer’s disease, U.S. researchers said on Wednesday. Pacemaker devices known as deep brain stimulators made by Medtronic and St. Jude Medical are already used to calm muscle tremors in patients with Parkinson’s disease and other movement disorders, and are being tested for a host of other conditions such as treatment-resistant depression. The devices are implanted under the skin in the chest with wires leading up the neck connected to tiny electrodes implanted deep in the brain, which produce electrical impulses. The current study was done at the University of California at Los Angeles in seven epileptic patients awaiting surgery who had electrodes implanted deep in their brains to help pinpoint the source of their seizures. The team used this opportunity to see how stimulating the brain affects memory. They focused on an area of the brain called the entorhinal cortex, which helps form and store memories. “The entorhinal cortex is the golden gate to the brain’s memory mainframe,” Dr. Itzhak Fried, professor of neurosurgery at the David Geffen School of Medicine at UCLA, who worked on the study, said in a telephone interview. The research was published in the New England Journal of Medicine. Fried said sensory experiences that eventually become memories pass through this hub before they are stored in the hippocampus, the brain’s chief memory center. For the study, patients played a video game in which they had to shuttle people around in taxis to different shops in a virtual city. The team tested whether stimulating the entorhinal cortex or the hippocampus while they were learning their way around the city improved their recall. “When we stimulated the hippocampus itself, there was not an effect. It was really stimulation in the gateway to the hippocampus - the entorhinal cortex - where we got the beneficial effect in terms of memory,” Fried said. Compared to testing before stimulation, zapping this part of the brain helped people recognize landmarks and navigate the virtual city more quickly. Fried said the findings suggest stimulating the brain just as memories are forming is key. IMPACT ON ALZHEIMER’S In Alzheimer’s disease, this area of the brain is affected early on, when signs of dementia begin to appear. Fried said the study might have implications for treatments for patients with early Alzheimer’s disease, but he cautioned that the results are very preliminary. “The question would be whether this can help memory in patients with memory impairments,” he said. Scientists are increasingly focused on ways to treat the memory-robbing disease, which affects more than 5 million Americans. Despite costly efforts, no drug has been found that can keep Alzheimer’s from progressing, and policymakers are growing increasingly worried about the swelling ranks of dementia patients as the population ages. Suzanne Haber, a neuroscientist at the University of Rochester Medical Center in New York who was not involved in the study, said she was “very excited about the finding,” but she cautioned that the treatment is very invasive, very expensive and unproven in Alzheimer’s patients. The Obama administration said on Wednesday it plans to spend an additional $156 million over the next two years to help find an effective treatment for Alzheimer’s. One team has already tried deep brain stimulation in Alzheimer’s patients. In a study published in the Annals of Neurology in 2010 researchers tested deep brain stimulation in six patients over the course of a year and found the treatment to be relatively safe. They also saw signs the treatment might have an effect on memory. Dr. Sandra Black, a brain researcher at the University of Toronto who wrote an editorial on the current study, said the findings could have implications for early stage Alzheimer’s disease if tests were developed to identify this process early through imaging or genomics. “Although the current evidence is preliminary, is based on small samples and requires replication, the potential application of deep-brain stimulation in amnestic disorders is enticing,” Black wrote.","Tiny electrical shocks to the brain enhance memory: study. CHICAGO (Reuters) - Lightly shocking a person’s brain just before they learned a new task appeared to strengthen memory in a handful of patients with epilepsy, a tantalizing result that could have implications for Alzheimer’s disease, U.S. researchers said on Wednesday. Pacemaker devices known as deep brain stimulators made by Medtronic and St. Jude Medical are already used to calm muscle tremors in patients with Parkinson’s disease and other movement disorders, and are being tested for a host of other conditions such as treatment-resistant depression. The devices are implanted under the skin in the chest with wires leading up the neck connected to tiny electrodes implanted deep in the brain, which produce electrical impulses. The current study was done at the University of California at Los Angeles in seven epileptic patients awaiting surgery who had electrodes implanted deep in their brains to help pinpoint the source of their seizures. The team used this opportunity to see how stimulating the brain affects memory. They focused on an area of the brain called the entorhinal cortex, which helps form and store memories. “The entorhinal cortex is the golden gate to the brain’s memory mainframe,” Dr. Itzhak Fried, professor of neurosurgery at the David Geffen School of Medicine at UCLA, who worked on the study, said in a telephone interview. The research was published in the New England Journal of Medicine. Fried said sensory experiences that eventually become memories pass through this hub before they are stored in the hippocampus, the brain’s chief memory center. For the study, patients played a video game in which they had to shuttle people around in taxis to different shops in a virtual city. The team tested whether stimulating the entorhinal cortex or the hippocampus while they were learning their way around the city improved their recall. “When we stimulated the hippocampus itself, there was not an effect. It was really stimulation in the gateway to the hippocampus - the entorhinal cortex - where we got the beneficial effect in terms of memory,” Fried said. Compared to testing before stimulation, zapping this part of the brain helped people recognize landmarks and navigate the virtual city more quickly. Fried said the findings suggest stimulating the brain just as memories are forming is key. IMPACT ON ALZHEIMER’S In Alzheimer’s disease, this area of the brain is affected early on, when signs of dementia begin to appear. Fried said the study might have implications for treatments for patients with early Alzheimer’s disease, but he cautioned that the results are very preliminary. “The question would be whether this can help memory in patients with memory impairments,” he said. Scientists are increasingly focused on ways to treat the memory-robbing disease, which affects more than 5 million Americans. Despite costly efforts, no drug has been found that can keep Alzheimer’s from progressing, and policymakers are growing increasingly worried about the swelling ranks of dementia patients as the population ages. Suzanne Haber, a neuroscientist at the University of Rochester Medical Center in New York who was not involved in the study, said she was “very excited about the finding,” but she cautioned that the treatment is very invasive, very expensive and unproven in Alzheimer’s patients. The Obama administration said on Wednesday it plans to spend an additional $156 million over the next two years to help find an effective treatment for Alzheimer’s. One team has already tried deep brain stimulation in Alzheimer’s patients. In a study published in the Annals of Neurology in 2010 researchers tested deep brain stimulation in six patients over the course of a year and found the treatment to be relatively safe. They also saw signs the treatment might have an effect on memory. Dr. Sandra Black, a brain researcher at the University of Toronto who wrote an editorial on the current study, said the findings could have implications for early stage Alzheimer’s disease if tests were developed to identify this process early through imaging or genomics. “Although the current evidence is preliminary, is based on small samples and requires replication, the potential application of deep-brain stimulation in amnestic disorders is enticing,” Black wrote."
fakehealth,story_reviews_01220,1,0,1,0.8288056215656723,0.1711943784343277,0.8288056215656723,0.38376907,0.6162309,0.6162309,"Feb. 2, 2011 -- The human papillomavirus (HPV) vaccine can help stave off genital warts in boys and men, according to a new study in the Feb. 3 issue of the New England Journal of Medicine. Of 4,065 boys and men aged 16 to 26 from 18 countries, vaccination with an HPV vaccine that targets four types of HPV infection -- HPV-6, HPV-11, HPV-16, and HPV-18 -- protects against infection with these types of HPV and potentially the development of related external genital warts or lesions. HPV, a sexually transmitted disease, can be transmitted through vaginal, anal, and oral sex and has been linked to genital warts as well as cervical, vaginal, vulvar, oral, penile, and anal cancers. Two HPV vaccines are now approved by the FDA: Cervarix and Gardasil. Both of these vaccines are recommended to prevent cervical cancers. These vaccines are now on the CDC’s routine childhood vaccine schedule for girls starting at age 9. The Gardasil vaccine has also received FDA approval for prevention of genital warts. The vaccine is recommended for optional use in boys and men. The vaccine is used in girls and boys and young adults ages 9 to 26 for prevention of genital warts caused by HPV types 6 and 11. “The most salient message is that the [Gardasil] vaccine can prevent HPV infection on the external genital region, which means that we can now prevent most cases of genital warts if the boy is vaccinated at a sufficiently early age,” says study researcher Joel Palefsky, MD, a professor of medicine at the University of California, San Francisco.","HPV Shot Prevents Genital Warts in Boys and Men. Feb. 2, 2011 -- The human papillomavirus (HPV) vaccine can help stave off genital warts in boys and men, according to a new study in the Feb. 3 issue of the New England Journal of Medicine. Of 4,065 boys and men aged 16 to 26 from 18 countries, vaccination with an HPV vaccine that targets four types of HPV infection -- HPV-6, HPV-11, HPV-16, and HPV-18 -- protects against infection with these types of HPV and potentially the development of related external genital warts or lesions. HPV, a sexually transmitted disease, can be transmitted through vaginal, anal, and oral sex and has been linked to genital warts as well as cervical, vaginal, vulvar, oral, penile, and anal cancers. Two HPV vaccines are now approved by the FDA: Cervarix and Gardasil. Both of these vaccines are recommended to prevent cervical cancers. These vaccines are now on the CDC’s routine childhood vaccine schedule for girls starting at age 9. The Gardasil vaccine has also received FDA approval for prevention of genital warts. The vaccine is recommended for optional use in boys and men. The vaccine is used in girls and boys and young adults ages 9 to 26 for prevention of genital warts caused by HPV types 6 and 11. “The most salient message is that the [Gardasil] vaccine can prevent HPV infection on the external genital region, which means that we can now prevent most cases of genital warts if the boy is vaccinated at a sufficiently early age,” says study researcher Joel Palefsky, MD, a professor of medicine at the University of California, San Francisco."
fakehealth,news_reviews_00183,1,0,1,0.7375681277972539,0.262431872202746,0.7375681277972539,0.46040478,0.53959525,0.53959525,"Specialists at The Christie and The University of Manchester have made a breakthrough which could potentially improve detection and treatment of anal cancer, as well as have wider implications for other cancers. Anal cancer is a rare form of cancer, but cases have increased dramatically in recent years. Research is urgently needed to improve detection and treatment and to save lives. The findings of this project will play a crucial role in these efforts going forward. Funded by the Bowel Disease Research Foundation (BDRF) charity, the work has been published in the Lancet Oncology journal. The study worked with data on more than 10,000 patients, examining whether current methods of checking if anal cancer has spread to lymph nodes are giving experts an accurate picture of survival rates. The research team was led from Manchester, working hand in hand with centres in Leeds and Switzerland. Anal cancer that has spread to lymph nodes is linked to a worse prognosis and lower chance of survival. The project's findings however have uncovered a phenomenon suggesting rates of lymph node spread are being overestimated, potentially leading to overtreatment of patients with chemo radiotherapy. This can result in damaging side-effects, and doctors are particularly keen to avoid it in cases where it offers little benefit to the patient at potentially great cost. The results will be crucial to future large scale trials looking at optimum care for anal cancer patients. By identifying a unique phenomenon, these results will be taken into account by future work and ultimately could lead to better diagnosis of tumour stage and thus better treatment. Christie consultant and University of Manchester Professor of Cancer Studies and Surgery, Andrew Renehan, leads the Manchester Cancer Research Centre (MCRC) Anorectal Organ Preservation Research Group. He said: ""These high-profile results will play a vital part in improving patient care. Our research team has done a wonderful job highlighting an important and as yet unrecognised issue in the staging of cases of anal cancer. ""These findings will help us to better understand how anal cancer patients should be treated, ultimately improving survival rates and quality of life. It is crucial that we tackle what is becoming an increasingly common form of cancer through research studies like this. These findings could provide learnings for other cancers too."" Christie patient Jill De Nardo, who is 58 from Buxton, was diagnosed with anal cancer in 2010. She said: ""My first thought on diagnosis was that I wanted to survive, I gave little thought to long term or late effects of treatment. Fortunately my treatment has been successful and seven years on my own late effects are manageable but will only get worse. Many are not so fortunate and live daily with the discomfort and impact of side effects such as joint pain and continence issues."" Jill adds: ""Anal cancer is on the increase and those of us who have been through what at times was gruelling radiotherapy regimen, welcome this study and the impact it will have on the treatment plans of patients in the future."" ###","Specialists make breakthrough in the treatment of anal cancer. Specialists at The Christie and The University of Manchester have made a breakthrough which could potentially improve detection and treatment of anal cancer, as well as have wider implications for other cancers. Anal cancer is a rare form of cancer, but cases have increased dramatically in recent years. Research is urgently needed to improve detection and treatment and to save lives. The findings of this project will play a crucial role in these efforts going forward. Funded by the Bowel Disease Research Foundation (BDRF) charity, the work has been published in the Lancet Oncology journal. The study worked with data on more than 10,000 patients, examining whether current methods of checking if anal cancer has spread to lymph nodes are giving experts an accurate picture of survival rates. The research team was led from Manchester, working hand in hand with centres in Leeds and Switzerland. Anal cancer that has spread to lymph nodes is linked to a worse prognosis and lower chance of survival. The project's findings however have uncovered a phenomenon suggesting rates of lymph node spread are being overestimated, potentially leading to overtreatment of patients with chemo radiotherapy. This can result in damaging side-effects, and doctors are particularly keen to avoid it in cases where it offers little benefit to the patient at potentially great cost. The results will be crucial to future large scale trials looking at optimum care for anal cancer patients. By identifying a unique phenomenon, these results will be taken into account by future work and ultimately could lead to better diagnosis of tumour stage and thus better treatment. Christie consultant and University of Manchester Professor of Cancer Studies and Surgery, Andrew Renehan, leads the Manchester Cancer Research Centre (MCRC) Anorectal Organ Preservation Research Group. He said: ""These high-profile results will play a vital part in improving patient care. Our research team has done a wonderful job highlighting an important and as yet unrecognised issue in the staging of cases of anal cancer. ""These findings will help us to better understand how anal cancer patients should be treated, ultimately improving survival rates and quality of life. It is crucial that we tackle what is becoming an increasingly common form of cancer through research studies like this. These findings could provide learnings for other cancers too."" Christie patient Jill De Nardo, who is 58 from Buxton, was diagnosed with anal cancer in 2010. She said: ""My first thought on diagnosis was that I wanted to survive, I gave little thought to long term or late effects of treatment. Fortunately my treatment has been successful and seven years on my own late effects are manageable but will only get worse. Many are not so fortunate and live daily with the discomfort and impact of side effects such as joint pain and continence issues."" Jill adds: ""Anal cancer is on the increase and those of us who have been through what at times was gruelling radiotherapy regimen, welcome this study and the impact it will have on the treatment plans of patients in the future."" ###"
fakehealth,story_reviews_00186,1,0,1,0.5745000547643137,0.4254999452356863,0.5745000547643137,0.420715,0.57928497,0.57928497,Why did this happen? Please make sure your browser supports JavaScript and cookies and that you are not blocking them from loading. For more information you can review our Terms of Service and Cookie Policy.,Are you a robot?. Why did this happen? Please make sure your browser supports JavaScript and cookies and that you are not blocking them from loading. For more information you can review our Terms of Service and Cookie Policy.
fakehealth,story_reviews_01644,1,0,1,0.6085772452300057,0.3914227547699943,0.6085772452300057,0.47525597,0.5247441,0.5247441,"No children in the study who were treated with the computer-assisted system experienced very low blood sugar overnight. But there were nine instances of very low blood sugar among children who had the standard treatment, according to the study, conducted by researchers in Britain at the University of Cambridge. “This is an important step in diabetes control because it shows that, with this system, people can sleep safely with minimized risk of hypoglycemia,” said Dr. Eric Renard, a professor of diabetology at Montpellier University Hospital in Montpellier, France. Dr. Renard, whose commentary accompanied the study in The Lancet, has been a consultant and speaker for several makers of diabetic products, he said. Industry analysts have estimated that 10 to 15 percent of Americans with Type 1 diabetes — perhaps 400,000 of them — use either a continuous glucose monitor or an insulin pump, or in some cases both. Over the last decade, the makers of medical devices have developed techniques that have widened diabetes management options beyond pricking the finger several times a day to test blood glucose levels. Companies like DexCom in San Diego now make small continuous glucose monitors whose sensors can be embedded in the skin. And Animas, a division of Johnson & Johnson, makes programmable pumps the size of a cellphone that administer insulin doses through a tiny implantable catheter. These new-generation devices represent a significant advance over older products, said Aaron J. Kowalski, the assistant senior vice president of glucose control research at the Juvenile Diabetes Research Foundation in Manhattan, one of the largest nonprofit patient advocacy and research groups for diabetes. Even so, Dr. Kowalski said, using separate devices that are not designed to work in concert poses limits to treatment, particularly overnight. If a diabetic person’s blood sugar drops during the night and the glucose monitor alarm goes off, for example, that person may not wake up and the preprogrammed pump, operating separately, could continue to deliver insulin, making the problem worse, Dr. Kowalski said. (His group was one of the sponsors of the Lancet study.) Photo Researchers in Europe and the United States have been racing to develop a fully automated system for Type 1 diabetes that would wirelessly connect an external glucose monitor with an insulin delivery device. Based on algorithms like the ones used in the Lancet study, the devices would continually monitor glucose levels, calibrate insulin dosages and then dispense insulin in real time — automating a delivery task performed by a nurse in the study. Advertisement Continue reading the main story Researchers call such a hypothetical integrated system an “artificial pancreas” because it would mimic the way a healthy pancreas works, sensing glucose and dispensing insulin in the right dose at the right time. The goal is a portable system that could be worn on a belt and would be no larger than a cellphone. Last month, as part of an effort called the Artificial Pancreas Project, the Juvenile Diabetes Research Foundation announced an $8 million partnership with Animas to develop a first-generation combined system. Meanwhile the European Union has just started its own project, called Artificial Pancreas at Home, which involves a grant of 10.5 million euros to research teams across Europe to create a prototype combined device over the next four years, Dr. Renard said. Newsletter Sign Up Continue reading the main story Please verify you're not a robot by clicking the box. Invalid email address. Please re-enter. You must select a newsletter to subscribe to. Sign Up You will receive emails containing news content , updates and promotions from The New York Times. You may opt-out at any time. You agree to receive occasional updates and special offers for The New York Times's products and services. Thank you for subscribing. An error has occurred. Please try again later. View all New York Times newsletters. The new study in The Lancet, proponents say, represents a proof-of-concept milestone in the quest to develop such a system. “The significance is in showing that the existing devices, which are available commercially, can be combined to create the first version of an artificial pancreas,” said Dr. Roman Hovorka, the lead author of the study. Dr. Hovorka, a principal research associate in pediatrics at Cambridge, said he had been a consultant or speaker for several makers of diabetes products. Although the Lancet study was small — only 17 children completed the entire protocol — it is significant because it demonstrated that a computer algorithm could safely interpret glucose data and calculate appropriate insulin doses for a pump, he said. The study not only indicated that the algorithm system prevented very low glucose overnight, Dr. Hovorka said, but it also indicated that the experimental system was better able to keep blood glucose in an acceptable range. After midnight, about 80 percent of the measured glucose levels fell in a target range in children treated with the computer-adjusted system — compared to only 35 percent in the target range for those treated with a standard preprogrammed pump system, according to the study. Advertisement Continue reading the main story Still, while the overall results were statistically significant, the study was not large enough to attain statistical significance in each of its separate arms. Those branches of the study examined how children fared after eating meals or after exercising — factors which can affect glucose levels. And the experimental combined system itself was not fully automated. To ensure that the experimental algorithm did not recommend unsafe doses, a nurse read the computer-generated dosing suggestions and then adjusted the patients’ insulin pumps. Indeed, even if device makers are able to develop fully automated prototypes of combination systems, they are likely to face regulatory hurdles, analysts said, and would have to factor in product liability concerns. “This is something that companies have been striving to do for years, and as computer chip technology evolves, it gets closer,” said Rick Wise, an analyst at Leerink Swann, a health care investment bank. “But you have to appreciate how exquisitely reliable an artificial pancreas would have to be to read glucose correctly and dispense insulin correctly.”","Insulin Study Could Lead to New Dosage Devices. No children in the study who were treated with the computer-assisted system experienced very low blood sugar overnight. But there were nine instances of very low blood sugar among children who had the standard treatment, according to the study, conducted by researchers in Britain at the University of Cambridge. “This is an important step in diabetes control because it shows that, with this system, people can sleep safely with minimized risk of hypoglycemia,” said Dr. Eric Renard, a professor of diabetology at Montpellier University Hospital in Montpellier, France. Dr. Renard, whose commentary accompanied the study in The Lancet, has been a consultant and speaker for several makers of diabetic products, he said. Industry analysts have estimated that 10 to 15 percent of Americans with Type 1 diabetes — perhaps 400,000 of them — use either a continuous glucose monitor or an insulin pump, or in some cases both. Over the last decade, the makers of medical devices have developed techniques that have widened diabetes management options beyond pricking the finger several times a day to test blood glucose levels. Companies like DexCom in San Diego now make small continuous glucose monitors whose sensors can be embedded in the skin. And Animas, a division of Johnson & Johnson, makes programmable pumps the size of a cellphone that administer insulin doses through a tiny implantable catheter. These new-generation devices represent a significant advance over older products, said Aaron J. Kowalski, the assistant senior vice president of glucose control research at the Juvenile Diabetes Research Foundation in Manhattan, one of the largest nonprofit patient advocacy and research groups for diabetes. Even so, Dr. Kowalski said, using separate devices that are not designed to work in concert poses limits to treatment, particularly overnight. If a diabetic person’s blood sugar drops during the night and the glucose monitor alarm goes off, for example, that person may not wake up and the preprogrammed pump, operating separately, could continue to deliver insulin, making the problem worse, Dr. Kowalski said. (His group was one of the sponsors of the Lancet study.) Photo Researchers in Europe and the United States have been racing to develop a fully automated system for Type 1 diabetes that would wirelessly connect an external glucose monitor with an insulin delivery device. Based on algorithms like the ones used in the Lancet study, the devices would continually monitor glucose levels, calibrate insulin dosages and then dispense insulin in real time — automating a delivery task performed by a nurse in the study. Advertisement Continue reading the main story Researchers call such a hypothetical integrated system an “artificial pancreas” because it would mimic the way a healthy pancreas works, sensing glucose and dispensing insulin in the right dose at the right time. The goal is a portable system that could be worn on a belt and would be no larger than a cellphone. Last month, as part of an effort called the Artificial Pancreas Project, the Juvenile Diabetes Research Foundation announced an $8 million partnership with Animas to develop a first-generation combined system. Meanwhile the European Union has just started its own project, called Artificial Pancreas at Home, which involves a grant of 10.5 million euros to research teams across Europe to create a prototype combined device over the next four years, Dr. Renard said. Newsletter Sign Up Continue reading the main story Please verify you're not a robot by clicking the box. Invalid email address. Please re-enter. You must select a newsletter to subscribe to. Sign Up You will receive emails containing news content , updates and promotions from The New York Times. You may opt-out at any time. You agree to receive occasional updates and special offers for The New York Times's products and services. Thank you for subscribing. An error has occurred. Please try again later. View all New York Times newsletters. The new study in The Lancet, proponents say, represents a proof-of-concept milestone in the quest to develop such a system. “The significance is in showing that the existing devices, which are available commercially, can be combined to create the first version of an artificial pancreas,” said Dr. Roman Hovorka, the lead author of the study. Dr. Hovorka, a principal research associate in pediatrics at Cambridge, said he had been a consultant or speaker for several makers of diabetes products. Although the Lancet study was small — only 17 children completed the entire protocol — it is significant because it demonstrated that a computer algorithm could safely interpret glucose data and calculate appropriate insulin doses for a pump, he said. The study not only indicated that the algorithm system prevented very low glucose overnight, Dr. Hovorka said, but it also indicated that the experimental system was better able to keep blood glucose in an acceptable range. After midnight, about 80 percent of the measured glucose levels fell in a target range in children treated with the computer-adjusted system — compared to only 35 percent in the target range for those treated with a standard preprogrammed pump system, according to the study. Advertisement Continue reading the main story Still, while the overall results were statistically significant, the study was not large enough to attain statistical significance in each of its separate arms. Those branches of the study examined how children fared after eating meals or after exercising — factors which can affect glucose levels. And the experimental combined system itself was not fully automated. To ensure that the experimental algorithm did not recommend unsafe doses, a nurse read the computer-generated dosing suggestions and then adjusted the patients’ insulin pumps. Indeed, even if device makers are able to develop fully automated prototypes of combination systems, they are likely to face regulatory hurdles, analysts said, and would have to factor in product liability concerns. “This is something that companies have been striving to do for years, and as computer chip technology evolves, it gets closer,” said Rick Wise, an analyst at Leerink Swann, a health care investment bank. “But you have to appreciate how exquisitely reliable an artificial pancreas would have to be to read glucose correctly and dispense insulin correctly.”"
fakehealth,story_reviews_00324,0,1,0,0.4324000893955995,0.5675999106044005,0.5675999106044005,0.6378125,0.36218753,0.6378125,"WASHINGTON — Breaking a sweat? Researchers are creating a skin patch that can test those droplets while people exercise and beam results to their smartphones, possibly a new way to track health and fitness. The experimental gadget goes well beyond activity monitors like the Fitbit. A little larger than a quarter, it’s almost like a tiny lab stuck to the skin — and a study published Wednesday found it worked on sweaty bicyclists, sticking even during a long-distance race in Arizona. If you think of perspiration as just a drippy nuisance, think again. advertisement “Sweat has biochemical components within it that tell us a lot about physiological health,” said John A. Rogers, who directs Northwestern University’s Center for Bio-Integrated Electronics and led the new research. Today’s wearable technology helps people track their calories, activity and heart rate. A wearable biosensor would be “radically different,” Rogers said. For simple fitness purposes, it could give an early warning that it’s time to replenish electrolytes before someone starts to feel dehydrated. But eventually with additional research, Rogers envisions more sophisticated use of such devices, such as real-time monitoring of how the body adjusts during military training, or even to screen people for diseases such as diabetes or cystic fibrosis. Rogers, who did much of the research while at the University of Illinois at Urbana-Champaign, has long worked to develop electronic devices that can stretch and twist with the body. The skin-like sweat patch adds a capability called microfluidics, capturing and analyzing tiny amounts of body fluid. How it works: Stick the patch on the skin and start moving. Tiny channels collect perspiration and route it to different compartments where it interacts with chemicals that change color to reflect sweat loss, the perspiration’s acidity level, and concentrations of chloride, glucose and lactate. Together, those measurements can indicate such things as hydration levels or electrolyte loss. Hold a smartphone over the patch, and an app takes a picture of the colors and interprets what they mean. In two studies reported Wednesday, Rogers’ team stuck patches to the arms and backs of 21 healthy volunteers. Nine rode exercise bikes in a gym to compare the sweat patches’ performance with the decidedly lower-tech method of sweat-testing used today — taping on absorbent pads and carting the resulting wet samples to a laboratory. For a more real-world test, the other 12 bicyclists wore the patches while competing in a long-distance outdoor race in Tucson. The patches stayed in place and worked even in the challenging outdoor race, and the patches’ biochemical test results agreed with the indoor bikers’ conventional sweat tests, the researchers reported in the journal Science Translational Medicine. “It seems really practical,” said Stanford University chemical engineering professor Zhenan Bao, who also researches novel biomedical materials but wasn’t involved with the sweat patch. By simply looking at a color change, “such a patch allows people to now have an opportunity to understand their health and how it changes depending on activities.” It’s a growing field: Other research groups around the country, including some of Bao’s colleagues, are pursuing wearable biosensors. Rogers’ sweat patches are designed for one-time use over a few hours. While Wednesday’s studies used an early version that analyzed sweat just once during the exercise, he’s now testing a design capable of multiple measurements over time. — Lauran Neergaard","Sweat it out! Skin patch aims to test sweat for health. WASHINGTON — Breaking a sweat? Researchers are creating a skin patch that can test those droplets while people exercise and beam results to their smartphones, possibly a new way to track health and fitness. The experimental gadget goes well beyond activity monitors like the Fitbit. A little larger than a quarter, it’s almost like a tiny lab stuck to the skin — and a study published Wednesday found it worked on sweaty bicyclists, sticking even during a long-distance race in Arizona. If you think of perspiration as just a drippy nuisance, think again. advertisement “Sweat has biochemical components within it that tell us a lot about physiological health,” said John A. Rogers, who directs Northwestern University’s Center for Bio-Integrated Electronics and led the new research. Today’s wearable technology helps people track their calories, activity and heart rate. A wearable biosensor would be “radically different,” Rogers said. For simple fitness purposes, it could give an early warning that it’s time to replenish electrolytes before someone starts to feel dehydrated. But eventually with additional research, Rogers envisions more sophisticated use of such devices, such as real-time monitoring of how the body adjusts during military training, or even to screen people for diseases such as diabetes or cystic fibrosis. Rogers, who did much of the research while at the University of Illinois at Urbana-Champaign, has long worked to develop electronic devices that can stretch and twist with the body. The skin-like sweat patch adds a capability called microfluidics, capturing and analyzing tiny amounts of body fluid. How it works: Stick the patch on the skin and start moving. Tiny channels collect perspiration and route it to different compartments where it interacts with chemicals that change color to reflect sweat loss, the perspiration’s acidity level, and concentrations of chloride, glucose and lactate. Together, those measurements can indicate such things as hydration levels or electrolyte loss. Hold a smartphone over the patch, and an app takes a picture of the colors and interprets what they mean. In two studies reported Wednesday, Rogers’ team stuck patches to the arms and backs of 21 healthy volunteers. Nine rode exercise bikes in a gym to compare the sweat patches’ performance with the decidedly lower-tech method of sweat-testing used today — taping on absorbent pads and carting the resulting wet samples to a laboratory. For a more real-world test, the other 12 bicyclists wore the patches while competing in a long-distance outdoor race in Tucson. The patches stayed in place and worked even in the challenging outdoor race, and the patches’ biochemical test results agreed with the indoor bikers’ conventional sweat tests, the researchers reported in the journal Science Translational Medicine. “It seems really practical,” said Stanford University chemical engineering professor Zhenan Bao, who also researches novel biomedical materials but wasn’t involved with the sweat patch. By simply looking at a color change, “such a patch allows people to now have an opportunity to understand their health and how it changes depending on activities.” It’s a growing field: Other research groups around the country, including some of Bao’s colleagues, are pursuing wearable biosensors. Rogers’ sweat patches are designed for one-time use over a few hours. While Wednesday’s studies used an early version that analyzed sweat just once during the exercise, he’s now testing a design capable of multiple measurements over time. — Lauran Neergaard"
fakehealth,story_reviews_00120,0,1,0,0.2824495809906698,0.7175504190093301,0.7175504190093301,0.5810743,0.41892573,0.5810743,"Scientists Edge Closer To A Blood Test To Detect Cancers Enlarge this image Andrew Lichtenstein/Getty Images Andrew Lichtenstein/Getty Images Researchers say they have taken a step toward developing a blood test that would detect eight common cancers, possibly even before symptoms appear. As they report Thursday in the journal Science, they're hoping their idea would eventually lead to a $500 test that can screen for cancer and identify people with the disease when it's in its earliest stages and more treatable. But they have a long way to go. There have been many attempts over the decades to develop blood tests to screen for cancers. Some look for proteins in the blood that appear with cancer. Others more recently have focused on DNA from tumors. But these methods alone don't give reliable results. So Nickolas Papadopoulos, a professor of oncology and pathology at the Johns Hopkins Sidney Kimmel Cancer Center, collaborated with many colleagues at the medical school to develop a new approach. It combines two methods into one test. Their experimental test, dubbed CancerSEEK, focuses on eight major cancers: lung, breast, colon, pancreas, liver, stomach, ovary and esophagus. ""We selected those eight cancers based on how frequent they are, also [because] a lot of them do not have any screening modality right now,"" Papadopoulos says. The researchers looked at 1,005 people who had been diagnosed with these cancers. The blood test found signs of cancer in about 70 percent of them. They also looked at 812 people without cancer diagnoses and found just seven of them — less than 1 percent — apparently had a false reading that found cancer. A low false-positive rate is critical for any test that could be used widely to screen people for cancer. Of course, the ultimate goal of this test is to find cancer in people who haven't already been diagnosed. And that percentage could well be lower than the 70 percent average. For example, the test was successful only about 40 percent of the time in the patients the researchers studied with the earliest stage 1 cancers. Though 40 percent success would be far from ideal, ""we still think this is a very important milestone in detecting cancers in asymptomatic people,"" Papadopoulos says. ""That could save their life."" ""I am incredibly excited by this new paper,"" says Joshua Schiffman, an oncologist and cancer researcher at the Huntsman Cancer Center at the University of Utah who was not involved in the study. ""This is the paper that's going to set the field in motion."" But Schiffman points out that there are many issues to work out – even assuming the test proves reliable among people who have not been previously diagnosed with cancer. For instance, if the success rate is around 40 percent at detecting cancer, that means it misses cancers more often than it finds it. ""The thing we worry about quite often is ... if we have a test result that is negative we don't want to give false reassurance to the patient,"" he says. He is concerned that patients will think to themselves, ""Even though I have this weird stomach pain that won't go away, I know it's not cancer. I'm not going to go to the doctor because the CancerSEEK test told me it was negative,"" Schiffman says. ""And that would be a terrible thing."" Another problem is that the test results find signs of cancer, but often fail to pinpoint which part of the body is affected. ""That's a tremendous problem that has to be overcome,"" he says. ""We've come about one step in a thousand-mile journey,"" says Vinay Prasad, an oncologist and cancer researcher at the Oregon Health and Science University who was not involved in the study. First, he notes, the Hopkins team will need to demonstrate that the test will be useful in patients without symptoms. Then the researchers will need to show that the rate of false alarms remains very low, otherwise people will be sent on needless and expensive medical odysseys. And for the test to be useful, ""you've got to find cancer that's going to otherwise be lethal, and not cancer that would otherwise be destined to do nothing,"" Prasad says. That's been a huge problem with previous cancer screening tests, especially for prostate cancer and breast cancer, and has led to pointless and potentially dangerous treatments, he says. An effective screening test would hold lots of potential for cancer patients, Prasad says. ""We want this to be true, we hope that this is true, but we have learned through 30, 40, 50 years of cancer screening that we have to do the right studies at the outset to know that it's true,"" Prasad says. The scientists at Hopkins have already launched their next study, which could involve tens of thousands of apparently healthy volunteers who are enrolled in the Geisinger Health Plan in Pennsylvania. Their experience will help answer the next big question, which is whether CancerSEEK will pick up cancer in people who don't have symptoms. If that multiyear experiment succeeds, the researchers will still have to demonstrate that the test improves and extends the lives of cancer patients. Papadopoulos is less concerned that the test could detect cancers that might not in fact benefit from treatment. ""In a personal level, I do want to know,"" he says. ""That doesn't mean I have to go and have a surgery. However, I still think this is very useful information, knowing that something is happening and follow it up."" As for the cost of the test, Papadopoulos says the research team has tried hard to make it affordable. They're hoping to make it economical, so that each test could cost about $500. But he says Johns Hopkins holds the patent and has not licensed it as yet to a company that would ultimately set the price. You can contact Richard Harris: rharris@npr.org.","Scientists Edge Closer To A Blood Test To Detect Cancers Enlarge this image Andrew Lichtenstein/Getty Images Andrew Lichtenstein/Getty Images Researchers say they have taken a step toward developing a blood test that would detect eight common cancers, possibly even before symptoms appear. As they report Thursday in the journal Science, they're hoping their idea would eventually lead to a $500 test that can screen for cancer and identify people with the disease when it's in its earliest stages and more treatable. But they have a long way to go. There have been many attempts over the decades to develop blood tests to screen for cancers. Some look for proteins in the blood that appear with cancer. Others more recently have focused on DNA from tumors. But these methods alone don't give reliable results. So Nickolas Papadopoulos, a professor of oncology and pathology at the Johns Hopkins Sidney Kimmel Cancer Center, collaborated with many colleagues at the medical school to develop a new approach. It combines two methods into one test. Their experimental test, dubbed CancerSEEK, focuses on eight major cancers: lung, breast, colon, pancreas, liver, stomach, ovary and esophagus. ""We selected those eight cancers based on how frequent they are, also [because] a lot of them do not have any screening modality right now,"" Papadopoulos says. The researchers looked at 1,005 people who had been diagnosed with these cancers. The blood test found signs of cancer in about 70 percent of them. They also looked at 812 people without cancer diagnoses and found just seven of them — less than 1 percent — apparently had a false reading that found cancer. A low false-positive rate is critical for any test that could be used widely to screen people for cancer. Of course, the ultimate goal of this test is to find cancer in people who haven't already been diagnosed. And that percentage could well be lower than the 70 percent average. For example, the test was successful only about 40 percent of the time in the patients the researchers studied with the earliest stage 1 cancers. Though 40 percent success would be far from ideal, ""we still think this is a very important milestone in detecting cancers in asymptomatic people,"" Papadopoulos says. ""That could save their life."" ""I am incredibly excited by this new paper,"" says Joshua Schiffman, an oncologist and cancer researcher at the Huntsman Cancer Center at the University of Utah who was not involved in the study. ""This is the paper that's going to set the field in motion."" But Schiffman points out that there are many issues to work out – even assuming the test proves reliable among people who have not been previously diagnosed with cancer. For instance, if the success rate is around 40 percent at detecting cancer, that means it misses cancers more often than it finds it. ""The thing we worry about quite often is ... if we have a test result that is negative we don't want to give false reassurance to the patient,"" he says. He is concerned that patients will think to themselves, ""Even though I have this weird stomach pain that won't go away, I know it's not cancer. I'm not going to go to the doctor because the CancerSEEK test told me it was negative,"" Schiffman says. ""And that would be a terrible thing."" Another problem is that the test results find signs of cancer, but often fail to pinpoint which part of the body is affected. ""That's a tremendous problem that has to be overcome,"" he says. ""We've come about one step in a thousand-mile journey,"" says Vinay Prasad, an oncologist and cancer researcher at the Oregon Health and Science University who was not involved in the study. First, he notes, the Hopkins team will need to demonstrate that the test will be useful in patients without symptoms. Then the researchers will need to show that the rate of false alarms remains very low, otherwise people will be sent on needless and expensive medical odysseys. And for the test to be useful, ""you've got to find cancer that's going to otherwise be lethal, and not cancer that would otherwise be destined to do nothing,"" Prasad says. That's been a huge problem with previous cancer screening tests, especially for prostate cancer and breast cancer, and has led to pointless and potentially dangerous treatments, he says. An effective screening test would hold lots of potential for cancer patients, Prasad says. ""We want this to be true, we hope that this is true, but we have learned through 30, 40, 50 years of cancer screening that we have to do the right studies at the outset to know that it's true,"" Prasad says. The scientists at Hopkins have already launched their next study, which could involve tens of thousands of apparently healthy volunteers who are enrolled in the Geisinger Health Plan in Pennsylvania. Their experience will help answer the next big question, which is whether CancerSEEK will pick up cancer in people who don't have symptoms. If that multiyear experiment succeeds, the researchers will still have to demonstrate that the test improves and extends the lives of cancer patients. Papadopoulos is less concerned that the test could detect cancers that might not in fact benefit from treatment. ""In a personal level, I do want to know,"" he says. ""That doesn't mean I have to go and have a surgery. However, I still think this is very useful information, knowing that something is happening and follow it up."" As for the cost of the test, Papadopoulos says the research team has tried hard to make it affordable. They're hoping to make it economical, so that each test could cost about $500. But he says Johns Hopkins holds the patent and has not licensed it as yet to a company that would ultimately set the price. You can contact Richard Harris: rharris@npr.org."
fakehealth,story_reviews_00838,1,0,1,0.6013849197979719,0.398615080202028,0.6013849197979719,0.2262731,0.77372694,0.77372694,"July 30, 2012 -- If it weren't for routine PSA prostate cancer screening, an extra 17,000 Americans each year would learn that they had the worst form of the disease, a new study suggests. That kind of prostate cancer -- metastatic prostate cancer, in which the cancer spreads to the bone or other parts of the body -- is rapidly fatal, usually within two years or less. The new study seems to make a powerful argument in favor of PSA testing. It finds that in the three years before widespread PSA testing (1983-1985), men getting their first diagnosis of prostate cancer were three times more likely to learn they had very late-stage cancer than men diagnosed in the most recent three years for which data is available (2006-2008). ""By not using PSA tests in the vast majority of men, you have to accept you are going to increase very serious metastatic disease threefold,"" says study leader Edward Messing, MD, chief of urology at the University of Rochester Medical Center. In 2008, about 8,000 U.S. men were diagnosed with metastatic prostate cancer. By projecting data from the pre-PSA era forward, Messing calculates that without routine PSA tests, 25,000 men would have been diagnosed in 2008 -- an extra 17,000 cases of deadly disease. But it's not that simple, says Barnett Kramer, MD, MPH, associate director for disease prevention at the National Institutes of Health. Studies looking back at cancer trends in a population are very unreliable when it comes to showing what caused those trends. For example, Kramer says, what if a man got a PSA test when his prostate cancer was in the very earliest stages of metastatic disease? Microscopic cancers already have seeded his body. But he would not yet have symptoms or detectable metastatic disease, so he'd be diagnosed with earlier-stage disease. He's subtracted forever from the men whose first diagnosis was late-stage disease, even though screening could not save his life. Messing says this misses the point of his study, which appears in the online July 30 issue of the journal Cancer.","Study: PSA Testing Cuts Worst Prostate Cancers. July 30, 2012 -- If it weren't for routine PSA prostate cancer screening, an extra 17,000 Americans each year would learn that they had the worst form of the disease, a new study suggests. That kind of prostate cancer -- metastatic prostate cancer, in which the cancer spreads to the bone or other parts of the body -- is rapidly fatal, usually within two years or less. The new study seems to make a powerful argument in favor of PSA testing. It finds that in the three years before widespread PSA testing (1983-1985), men getting their first diagnosis of prostate cancer were three times more likely to learn they had very late-stage cancer than men diagnosed in the most recent three years for which data is available (2006-2008). ""By not using PSA tests in the vast majority of men, you have to accept you are going to increase very serious metastatic disease threefold,"" says study leader Edward Messing, MD, chief of urology at the University of Rochester Medical Center. In 2008, about 8,000 U.S. men were diagnosed with metastatic prostate cancer. By projecting data from the pre-PSA era forward, Messing calculates that without routine PSA tests, 25,000 men would have been diagnosed in 2008 -- an extra 17,000 cases of deadly disease. But it's not that simple, says Barnett Kramer, MD, MPH, associate director for disease prevention at the National Institutes of Health. Studies looking back at cancer trends in a population are very unreliable when it comes to showing what caused those trends. For example, Kramer says, what if a man got a PSA test when his prostate cancer was in the very earliest stages of metastatic disease? Microscopic cancers already have seeded his body. But he would not yet have symptoms or detectable metastatic disease, so he'd be diagnosed with earlier-stage disease. He's subtracted forever from the men whose first diagnosis was late-stage disease, even though screening could not save his life. Messing says this misses the point of his study, which appears in the online July 30 issue of the journal Cancer."
fakehealth,news_reviews_00319,1,0,1,0.6078894805885183,0.3921105194114817,0.6078894805885183,0.40955773,0.59044224,0.59044224,"JACKSONVILLE, Fla. — Researchers at Mayo Clinic’s campus in Florida have conducted the world’s first prospective, blinded and placebo-controlled clinical study to test the benefit of using bone marrow stem cells, a regenerative medicine therapy, to reduce arthritic pain and disability in knees. The researchers say such testing is needed because there are at least 600 stem cell clinics in the U.S. offering one form of stem cell therapy or another to an estimated 100,000-plus patients, who pay thousands of dollars, out of pocket, for the treatment, which has not undergone demanding clinical study. The findings in The American Journal of Sports Medicine include an anomalous finding — patients not only had a dramatic improvement in the knee that received stem cells, but also in their other knee, which also had painful arthritis but received only a saline control injection. Each of the 25 patients enrolled in the study had two bad knees, but did not know which knee received the stem cells. Given that the stem cell-treated knee was no better than the control-treated knee — both were significantly better than before the study began — the researchers say the stem cells’ effectiveness remains somewhat uninterpretable. They are only able to conclude the procedure is safe to undergo as an option for knee pain, but they cannot yet recommend it for routine arthritis care. “Our findings can be interpreted in ways that we now need to test — one of which is that bone marrow stem cell injection in one ailing knee can relieve pain in both affected knees in a systemic or whole-body fashion,” says the study’s lead author, Shane Shapiro, M.D., a Mayo Clinic orthopedic physician. Journalists, sound bites with Dr. Shane Shapiro are available in the downloads below. MEDIA CONTACT: Kevin Punsky, Mayo Clinic Public Affairs, 904-953-0746, punsky.kevin@mayo.edu “One hypothesis is that the stem cells we tested can home to areas of injury where they are needed, which makes sense, given that stem cells injected intravenously in cancer treatments end up in the patients’ bone marrow where they need to go,” he says. “This is just a theory that can explain our results, so it needs further testing.” Another explanation is that merely injecting any substance into a knee offered relief from pain. “That could be, but both this idea and the notion that a placebo effect could be involved would be surprising, given that some patients are still doing very well years after their study treatment ended,” says Dr. Shapiro. He adds that these findings are important because while use of a patient’s own stem cells for regenerative therapy is extraordinarily popular, the treatments may be untested and are often poorly regulated. Stem cell clinics often offer expensive treatments for conditions that range from multiple sclerosis, lung and heart disease, to cosmetic treatments, such as facelifts. None of these techniques have been studied because clinics maintain that use of a patient’s own cells is not a drug. But, depending on how they are processed and used, stem cells can, in fact, be regulated by the U.S. Food and Drug Administration as biological products or drugs requiring rigorous safety and efficacy approval processes. In early September, the FDA held scientific meetings to clarify how to regulate such practices. Mayo Clinic researchers developed their study with FDA approval. “We feel that if we are going to offer any stem cell procedures to our patients, the science needs to be worked out,” Dr. Shapiro says. The study was conducted in Mayo’s Human Cell Therapy Lab. Researchers extracted 60 to 90 milliliters of bone marrow from each patient, then filtered it, removed all blood cells, and concentrated it down to 4 to 5 milliliters. The solution, which contained tens of thousands of stem cells, was injected into a patient’s knee using ultrasound-guided imagery. “We actually counted all of the stem cells with markers that are accepted by the FDA, and we made sure they would be able to survive inside the patient,” Dr. Shapiro says. “Counting is expensive. Most clinics just draw the cells from bone marrow or fat and inject them back into the patient without checking for stem cells, hoping that patients get better,” he says. Dr. Shapiro and his colleagues are currently designing new studies that will test whether the stem cells home to distant areas of injuries, as well as exploring other implications suggested in their findings. Study investigators include Mayo Clinic in Florida senior author Mary L. O’Connor, M.D., Shari E. Kazmerchak, Michael G. Heckman, and Abba C. Zubair, M.D., Ph.D. Dr. O’Connor is now at Yale University. Funding for this study was from Mayo Clinic’s Center for Regenerative Medicine. ### About Mayo Clinic Mayo Clinic is a nonprofit organization committed to clinical practice, education and research, providing expert, whole-person care to everyone who needs healing. For more information, visit http://www.mayoclinic.org/about-mayo-clinic or https://newsnetwork.mayoclinic.org/.","Mayo Clinic finds surprising results on first-ever test of stem cell therapy to treat arthritis. JACKSONVILLE, Fla. — Researchers at Mayo Clinic’s campus in Florida have conducted the world’s first prospective, blinded and placebo-controlled clinical study to test the benefit of using bone marrow stem cells, a regenerative medicine therapy, to reduce arthritic pain and disability in knees. The researchers say such testing is needed because there are at least 600 stem cell clinics in the U.S. offering one form of stem cell therapy or another to an estimated 100,000-plus patients, who pay thousands of dollars, out of pocket, for the treatment, which has not undergone demanding clinical study. The findings in The American Journal of Sports Medicine include an anomalous finding — patients not only had a dramatic improvement in the knee that received stem cells, but also in their other knee, which also had painful arthritis but received only a saline control injection. Each of the 25 patients enrolled in the study had two bad knees, but did not know which knee received the stem cells. Given that the stem cell-treated knee was no better than the control-treated knee — both were significantly better than before the study began — the researchers say the stem cells’ effectiveness remains somewhat uninterpretable. They are only able to conclude the procedure is safe to undergo as an option for knee pain, but they cannot yet recommend it for routine arthritis care. “Our findings can be interpreted in ways that we now need to test — one of which is that bone marrow stem cell injection in one ailing knee can relieve pain in both affected knees in a systemic or whole-body fashion,” says the study’s lead author, Shane Shapiro, M.D., a Mayo Clinic orthopedic physician. Journalists, sound bites with Dr. Shane Shapiro are available in the downloads below. MEDIA CONTACT: Kevin Punsky, Mayo Clinic Public Affairs, 904-953-0746, punsky.kevin@mayo.edu “One hypothesis is that the stem cells we tested can home to areas of injury where they are needed, which makes sense, given that stem cells injected intravenously in cancer treatments end up in the patients’ bone marrow where they need to go,” he says. “This is just a theory that can explain our results, so it needs further testing.” Another explanation is that merely injecting any substance into a knee offered relief from pain. “That could be, but both this idea and the notion that a placebo effect could be involved would be surprising, given that some patients are still doing very well years after their study treatment ended,” says Dr. Shapiro. He adds that these findings are important because while use of a patient’s own stem cells for regenerative therapy is extraordinarily popular, the treatments may be untested and are often poorly regulated. Stem cell clinics often offer expensive treatments for conditions that range from multiple sclerosis, lung and heart disease, to cosmetic treatments, such as facelifts. None of these techniques have been studied because clinics maintain that use of a patient’s own cells is not a drug. But, depending on how they are processed and used, stem cells can, in fact, be regulated by the U.S. Food and Drug Administration as biological products or drugs requiring rigorous safety and efficacy approval processes. In early September, the FDA held scientific meetings to clarify how to regulate such practices. Mayo Clinic researchers developed their study with FDA approval. “We feel that if we are going to offer any stem cell procedures to our patients, the science needs to be worked out,” Dr. Shapiro says. The study was conducted in Mayo’s Human Cell Therapy Lab. Researchers extracted 60 to 90 milliliters of bone marrow from each patient, then filtered it, removed all blood cells, and concentrated it down to 4 to 5 milliliters. The solution, which contained tens of thousands of stem cells, was injected into a patient’s knee using ultrasound-guided imagery. “We actually counted all of the stem cells with markers that are accepted by the FDA, and we made sure they would be able to survive inside the patient,” Dr. Shapiro says. “Counting is expensive. Most clinics just draw the cells from bone marrow or fat and inject them back into the patient without checking for stem cells, hoping that patients get better,” he says. Dr. Shapiro and his colleagues are currently designing new studies that will test whether the stem cells home to distant areas of injuries, as well as exploring other implications suggested in their findings. Study investigators include Mayo Clinic in Florida senior author Mary L. O’Connor, M.D., Shari E. Kazmerchak, Michael G. Heckman, and Abba C. Zubair, M.D., Ph.D. Dr. O’Connor is now at Yale University. Funding for this study was from Mayo Clinic’s Center for Regenerative Medicine. ### About Mayo Clinic Mayo Clinic is a nonprofit organization committed to clinical practice, education and research, providing expert, whole-person care to everyone who needs healing. For more information, visit http://www.mayoclinic.org/about-mayo-clinic or https://newsnetwork.mayoclinic.org/."
fakehealth,story_reviews_00738,1,0,1,0.613095203502912,0.386904796497088,0.613095203502912,0.26508546,0.73491454,0.73491454,"En Español By Alan Mozes HealthDay Reporter SUNDAY, April 14, 2013 (HealthDay News) -- A method designed to target, freeze and destroy a tumor's cellular function seems effective in combating lung tumors, a small ongoing study finds. At least in the short-run -- meaning three months after the procedure -- the intervention known as ""cryoablation"" appeared to kill all targeted tumors that had spread to the lung from elsewhere, preliminary results suggest. However, some patients developed new tumors in that time period, the researchers noted. The study authors cautioned that while the initial findings are encouraging, the treatment should not be seen as a cure for this type of metastatic (spreading) lung disease. Rather, they said that for certain patients who may not be eligible for more standard surgical approaches, the therapy has potential as an alternative means for offering an improved quality of life for a longer period of time. ""'Promising' is the perfect way to describe our findings,"" said study lead author Dr. David Woodrum, an interventional radiologist at the Mayo Clinic in Rochester, Minn. ""But whether or not this minimally invasive approach would ultimately become a primary method of treatment in the future will depend on the long-term results of this trial, which is still under way. At this point I would say that cryoablation has the most applicability as a kind of last-ditch treatment for patients who are not good surgical candidates for a variety of reasons."" Woodrum and his colleagues are scheduled to discuss their findings Sunday in New Orleans at the annual meeting of the Society of Interventional Radiology. Funding for their work was provided by Galil Medical, a medical device manufacturer based in Arden Hills, Minn. Because this study was presented at a medical meeting, the conclusions should be considered preliminary until published in a peer-reviewed journal. The U.S. National Cancer Institute points out that while cryoablation (also known as cryosurgery) is a well-known practice, researchers are still in the process of assessing its long-term benefits. The procedure is performed by an interventional radiologist on patients coping with metastasized lung tumors, the researchers noted. Using CT-imaging equipment, the physician inserts a small needle-like instrument directly into the tumor to deliver the freezing power (at temperatures as low as minus 100 degrees Celsius) of liquid nitrogen to cancer cells, while sparing healthy surrounding tissue. To date, the team behind the new study has used the procedure to tackle a total of 36 tumors in 22 American and French patients --13 men and nine women -- whose average age was 60. Fifteen patients had just one tumor, while the rest had two or more. None of the patients was deemed eligible for standard surgical interventions. The targeted tumors were less than 3.5 centimeters (about 1.4 inches), which Woodrum described as being ""small to medium in size."" The procedure was performed under either general anesthesia or conscious sedation, and lasted anywhere from 45 minutes to nearly three hours. Typically, patients were able to return home the following day. The result: Among the 15 patients seen roughly three months post-procedure, tumor control was found to be 100 percent, although six patients were found to have developed new lung tumors in the interim. Among five patients seen six months after the procedure, tumor control continued to be 100 percent. The authors noted that side effects were minimal, typically involving air or fluid around the lungs after the procedure, and in all cases were resolved quickly. The team concluded that cryoablation appears to be both safe and effective, at least in the short-term. But they acknowledged that more research needs to be done to track the treatment's impact over the long haul. ""It would be overreaching to say that we're curing cancer with this,"" Woodrum said. ""But this is one of many therapy options that is looking to turn cancer into a chronic fight, and to give patients for whom the choices are limited a chance at a good quality of life with minimal treatment complications."" For his part, Dr. David Carbone, a professor and director of the James Thoracic Center at the Ohio State University Wexner Medical Center, said that the findings regarding cryoablation are ""not incredibly novel,"" given that the procedure has been around for years. ""And I would say that there are multiple different technologies for doing this kind of very localized approach,"" he added. He mentioned stereotactic radiosurgery -- which targets the tumor with high-power X-rays -- as another way to go. ""While I've done cryoablation myself in the past, it's not what I typically do,"" Carbone noted. ""Stereotactic is noninvasive and doesn't require general anesthesia, so that's what I'd tend to do, although certainly what approach is ideal will depend on a particular patient's situation and symptoms. But there's no situation in which cryoablation would be the only theoretical option."" More information For more about cryoablation, visit the U.S. National Cancer Institute.","Freezing Treatment May Help Destroy Lung Tumors: Study. En Español By Alan Mozes HealthDay Reporter SUNDAY, April 14, 2013 (HealthDay News) -- A method designed to target, freeze and destroy a tumor's cellular function seems effective in combating lung tumors, a small ongoing study finds. At least in the short-run -- meaning three months after the procedure -- the intervention known as ""cryoablation"" appeared to kill all targeted tumors that had spread to the lung from elsewhere, preliminary results suggest. However, some patients developed new tumors in that time period, the researchers noted. The study authors cautioned that while the initial findings are encouraging, the treatment should not be seen as a cure for this type of metastatic (spreading) lung disease. Rather, they said that for certain patients who may not be eligible for more standard surgical approaches, the therapy has potential as an alternative means for offering an improved quality of life for a longer period of time. ""'Promising' is the perfect way to describe our findings,"" said study lead author Dr. David Woodrum, an interventional radiologist at the Mayo Clinic in Rochester, Minn. ""But whether or not this minimally invasive approach would ultimately become a primary method of treatment in the future will depend on the long-term results of this trial, which is still under way. At this point I would say that cryoablation has the most applicability as a kind of last-ditch treatment for patients who are not good surgical candidates for a variety of reasons."" Woodrum and his colleagues are scheduled to discuss their findings Sunday in New Orleans at the annual meeting of the Society of Interventional Radiology. Funding for their work was provided by Galil Medical, a medical device manufacturer based in Arden Hills, Minn. Because this study was presented at a medical meeting, the conclusions should be considered preliminary until published in a peer-reviewed journal. The U.S. National Cancer Institute points out that while cryoablation (also known as cryosurgery) is a well-known practice, researchers are still in the process of assessing its long-term benefits. The procedure is performed by an interventional radiologist on patients coping with metastasized lung tumors, the researchers noted. Using CT-imaging equipment, the physician inserts a small needle-like instrument directly into the tumor to deliver the freezing power (at temperatures as low as minus 100 degrees Celsius) of liquid nitrogen to cancer cells, while sparing healthy surrounding tissue. To date, the team behind the new study has used the procedure to tackle a total of 36 tumors in 22 American and French patients --13 men and nine women -- whose average age was 60. Fifteen patients had just one tumor, while the rest had two or more. None of the patients was deemed eligible for standard surgical interventions. The targeted tumors were less than 3.5 centimeters (about 1.4 inches), which Woodrum described as being ""small to medium in size."" The procedure was performed under either general anesthesia or conscious sedation, and lasted anywhere from 45 minutes to nearly three hours. Typically, patients were able to return home the following day. The result: Among the 15 patients seen roughly three months post-procedure, tumor control was found to be 100 percent, although six patients were found to have developed new lung tumors in the interim. Among five patients seen six months after the procedure, tumor control continued to be 100 percent. The authors noted that side effects were minimal, typically involving air or fluid around the lungs after the procedure, and in all cases were resolved quickly. The team concluded that cryoablation appears to be both safe and effective, at least in the short-term. But they acknowledged that more research needs to be done to track the treatment's impact over the long haul. ""It would be overreaching to say that we're curing cancer with this,"" Woodrum said. ""But this is one of many therapy options that is looking to turn cancer into a chronic fight, and to give patients for whom the choices are limited a chance at a good quality of life with minimal treatment complications."" For his part, Dr. David Carbone, a professor and director of the James Thoracic Center at the Ohio State University Wexner Medical Center, said that the findings regarding cryoablation are ""not incredibly novel,"" given that the procedure has been around for years. ""And I would say that there are multiple different technologies for doing this kind of very localized approach,"" he added. He mentioned stereotactic radiosurgery -- which targets the tumor with high-power X-rays -- as another way to go. ""While I've done cryoablation myself in the past, it's not what I typically do,"" Carbone noted. ""Stereotactic is noninvasive and doesn't require general anesthesia, so that's what I'd tend to do, although certainly what approach is ideal will depend on a particular patient's situation and symptoms. But there's no situation in which cryoablation would be the only theoretical option."" More information For more about cryoablation, visit the U.S. National Cancer Institute."
fakehealth,story_reviews_01046,1,0,1,0.6197097308720896,0.3802902691279105,0.6197097308720896,0.48517612,0.5148239,0.5148239,"Dolphins are some of the most charming, charismatic and entertaining animals in the ocean. Adding to their mystique, they have gained a reputation for their supposed healing powers over the last couple of decades. Facilities scattered around the world offer various forms of dolphin-assisted therapy for people with mental and physical ailments. Essentially, it’s an expensive opportunity to swim with dolphins. Parents of children with severe autism, Down syndrome, cerebral palsy or other disabilities spend thousands of dollars on such dolphin-based treatments in hopes that the animals can reach their kids in ways that psychiatrists, physical therapists or medications never could. One destination for dolphin-based treatment is Island Dolphin Care in Key Largo, Fla. The center has six Atlantic bottlenose dolphins in a penned-in canal connected to the ocean. (According to the website, the dolphins’ personalities run the gamut from “tomboy” to “Gucci girl.”) The center also has a staff that includes a social worker and three special education teachers, along with speech therapists and other specialists who visit from time to time. A five-day program costs $2,200 and includes about 20 minutes of dolphin time each day. Other time is spent in classrooms or therapy, depending on the needs of the child or the wishes of the parents. The dolphins also work with some adults, including veterans who have lost limbs. There don’t appear to be any dolphin therapy programs in California. (You can swim with dolphins at SeaWorld in San Diego, but it’s not offered as therapy.) There are several programs in Mexico, however, including the Living From the Heart Dolphin Experience in Cozumel. The program includes five 40-minute sessions with a single dolphin in a pool over three days. The cost is $575. Advertisement The claims The Internet is rife with claims that dolphins can use their natural ultrasound to zap tumors, heal muscle injuries and stimulate the brains of disabled children. Through mechanisms that aren’t completely clear, there are also reports that dolphins have relieved chest pain and restored faulty vision. A site for a dolphin therapy center in Ukraine says its dolphins can treat chronic fatigue syndrome, headaches, depression and autism, among many other conditions. The programs closer to this part of the world tend to be more reserved. The website for Island Dolphin Care doesn’t claim that the dolphins cure any illness, although the dolphins are said to provide “unconditional love and support” to children with disabilities or terminal illnesses. Advertisement Deena Hoagland, a licensed social worker and executive director of Island Dolphin Care, says that dolphins don’t have magical powers. “It’s very irresponsible to give false hope,” she says. She believes the animals bring joy, confidence and self-esteem to children and adults. She adds that dolphin therapy is only a small part of her overall program. “We use traditional treatments in an exciting way,” she says. The website for the Living From the Heart Dolphin Experience says that 95% of autistic children who receive dolphin therapy enjoy benefits that last up to two years. Those benefits are said to include longer attention spans, better emotional control and improved communication skills. Macy Jozsef, the executive director of Living From the Heart, says she has been providing dolphin therapy for more than 20 years. “Nobody really knows why dolphins have the impact that they do,” she says. “I speculate that dolphins help synchronize the left side and right side of our brains, and nothing else does that.” The bottom line If you think your child will enjoy splashing around with a big, smart, aquatic mammal, a dolphin experience might be a fine investment. But if you’re looking for a treatment with scientifically proven results, you should look past the dolphin tank. Even Hoagland agrees that there’s no real research to support dolphin therapy, but she sees that shortcoming in a positive light: “If there’s no science behind it, how can you say that it doesn’t work?” There are a few dolphin studies out there, but they don’t add up to much, says Lori Marino, a neuroscience and behavioral biology researcher at Emory University in Atlanta. Japanese researchers published a small study in 2001 suggesting that dolphin therapy can somehow treat eczema, but that finding stretches credulity, Marino says. Another study that year from Australian researchers concluded that swimming with dolphins could improve feelings of well-being while reducing anxiety, but the findings were based on questionnaires given to 168 healthy people who had paid for their adventures, which predisposed them to see the investment as worthwhile. A more plausible study published in the British Medical Journal in 2005 found that dolphin therapy relieved depression symptoms for a group of 13 adults. Marino critiqued these and other studies in a review article published in 2007 in the journal Anthrozoos. According to Marino, the appeal of dolphin therapy is based more on mystical beliefs than on any real results. “Dolphins are the ultimate New Age animals,” she says. But dolphins don’t feel any spiritual imperative to heal humans, as far as anyone knows. Marino adds that the ultrasound that dolphins use to navigate is far too weak to have any medical effect. “People say that swimming with dolphins is fun, but it’s entertainment, not therapy,” she says. Advertisement Jim Ball, chairman of the board of directors of the Autism Society and a behavioral specialist with a practice in Cranbury, N.J., says that some autistic children respond well to animals in general. For example, a child who has trouble reading out loud may be more fluent and confident when reading to a dog. Many autistic children also enjoy being in the water, he says. It’s perfectly plausible that some autistic children would become unusually lively and engaged around a dolphin, Ball says, but it’s hard to say that the emotional boost would last. “It’s not like they can swim with a dolphin every day,” he says. health@latimes.com","The shallow waters of dolphin therapy claims. Dolphins are some of the most charming, charismatic and entertaining animals in the ocean. Adding to their mystique, they have gained a reputation for their supposed healing powers over the last couple of decades. Facilities scattered around the world offer various forms of dolphin-assisted therapy for people with mental and physical ailments. Essentially, it’s an expensive opportunity to swim with dolphins. Parents of children with severe autism, Down syndrome, cerebral palsy or other disabilities spend thousands of dollars on such dolphin-based treatments in hopes that the animals can reach their kids in ways that psychiatrists, physical therapists or medications never could. One destination for dolphin-based treatment is Island Dolphin Care in Key Largo, Fla. The center has six Atlantic bottlenose dolphins in a penned-in canal connected to the ocean. (According to the website, the dolphins’ personalities run the gamut from “tomboy” to “Gucci girl.”) The center also has a staff that includes a social worker and three special education teachers, along with speech therapists and other specialists who visit from time to time. A five-day program costs $2,200 and includes about 20 minutes of dolphin time each day. Other time is spent in classrooms or therapy, depending on the needs of the child or the wishes of the parents. The dolphins also work with some adults, including veterans who have lost limbs. There don’t appear to be any dolphin therapy programs in California. (You can swim with dolphins at SeaWorld in San Diego, but it’s not offered as therapy.) There are several programs in Mexico, however, including the Living From the Heart Dolphin Experience in Cozumel. The program includes five 40-minute sessions with a single dolphin in a pool over three days. The cost is $575. Advertisement The claims The Internet is rife with claims that dolphins can use their natural ultrasound to zap tumors, heal muscle injuries and stimulate the brains of disabled children. Through mechanisms that aren’t completely clear, there are also reports that dolphins have relieved chest pain and restored faulty vision. A site for a dolphin therapy center in Ukraine says its dolphins can treat chronic fatigue syndrome, headaches, depression and autism, among many other conditions. The programs closer to this part of the world tend to be more reserved. The website for Island Dolphin Care doesn’t claim that the dolphins cure any illness, although the dolphins are said to provide “unconditional love and support” to children with disabilities or terminal illnesses. Advertisement Deena Hoagland, a licensed social worker and executive director of Island Dolphin Care, says that dolphins don’t have magical powers. “It’s very irresponsible to give false hope,” she says. She believes the animals bring joy, confidence and self-esteem to children and adults. She adds that dolphin therapy is only a small part of her overall program. “We use traditional treatments in an exciting way,” she says. The website for the Living From the Heart Dolphin Experience says that 95% of autistic children who receive dolphin therapy enjoy benefits that last up to two years. Those benefits are said to include longer attention spans, better emotional control and improved communication skills. Macy Jozsef, the executive director of Living From the Heart, says she has been providing dolphin therapy for more than 20 years. “Nobody really knows why dolphins have the impact that they do,” she says. “I speculate that dolphins help synchronize the left side and right side of our brains, and nothing else does that.” The bottom line If you think your child will enjoy splashing around with a big, smart, aquatic mammal, a dolphin experience might be a fine investment. But if you’re looking for a treatment with scientifically proven results, you should look past the dolphin tank. Even Hoagland agrees that there’s no real research to support dolphin therapy, but she sees that shortcoming in a positive light: “If there’s no science behind it, how can you say that it doesn’t work?” There are a few dolphin studies out there, but they don’t add up to much, says Lori Marino, a neuroscience and behavioral biology researcher at Emory University in Atlanta. Japanese researchers published a small study in 2001 suggesting that dolphin therapy can somehow treat eczema, but that finding stretches credulity, Marino says. Another study that year from Australian researchers concluded that swimming with dolphins could improve feelings of well-being while reducing anxiety, but the findings were based on questionnaires given to 168 healthy people who had paid for their adventures, which predisposed them to see the investment as worthwhile. A more plausible study published in the British Medical Journal in 2005 found that dolphin therapy relieved depression symptoms for a group of 13 adults. Marino critiqued these and other studies in a review article published in 2007 in the journal Anthrozoos. According to Marino, the appeal of dolphin therapy is based more on mystical beliefs than on any real results. “Dolphins are the ultimate New Age animals,” she says. But dolphins don’t feel any spiritual imperative to heal humans, as far as anyone knows. Marino adds that the ultrasound that dolphins use to navigate is far too weak to have any medical effect. “People say that swimming with dolphins is fun, but it’s entertainment, not therapy,” she says. Advertisement Jim Ball, chairman of the board of directors of the Autism Society and a behavioral specialist with a practice in Cranbury, N.J., says that some autistic children respond well to animals in general. For example, a child who has trouble reading out loud may be more fluent and confident when reading to a dog. Many autistic children also enjoy being in the water, he says. It’s perfectly plausible that some autistic children would become unusually lively and engaged around a dolphin, Ball says, but it’s hard to say that the emotional boost would last. “It’s not like they can swim with a dolphin every day,” he says. health@latimes.com"
fakehealth,story_reviews_00713,1,0,1,0.5368173209951614,0.4631826790048385,0.5368173209951614,0.35414675,0.6458532,0.6458532,"In a bid to increase treatments for the nation’s 79 million obese adults, the Food and Drug Administration has approved U.S. marketing of an implantable device that stimulates weight loss by manipulating key appetite signals passing between the brain and the gut. The new device is the Maestro Rechargeable System, manufactured by EnteroMedics of St. Paul, Minn. While the FDA has approved four medications for weight loss in the past 2 1/2 years, the Maestro system is the first weight loss device to be approved since 2007. Using electrical leads implanted just above the stomach and a regulator carried under the skin near the ribcage, the device suppresses signals carried by the vagus nerve. The device adopts a variant of a “neuromodulation” technique long used in the treatment of epilepsy: by applying intermittent bursts of electrical current to the vagus nerve, it disrupts the signals that prompt the stomach to relax, expand and prepare for an influx of food. Advertisement “We think it will be a very important tool in the toolbag of surgeons and physicians treating obesity and its co-morbidities,” said Gregory S. Lea, senior vice president and chief financial officer of EnteroMedics. “When patients leave the diet, counseling and drug world and have nothing more, they turn to surgical procedures, and only 1% to 2% of patients who might be eligible for bariatric surgery are getting it.” The FDA approved the use of the device in adult patients with a body mass index, or BMI, between 35 and 45, who have at least one other obesity-related condition, such as type 2 diabetes. Delivered by the Maestro device, vagal blocking therapy, or VBLOC, offers obese patients a weight loss therapy that does not permanently alter the digestive system in the way that gastric bypass surgery does, and which may be less expensive, said Lea. He added it poses no risk of the “malabsorption” problems that often come with such surgery. In a 12-month clinical trial considered by the FDA, 38.3% of subjects who received the active Maestro device lost at least a quarter of their excess weight, and 52.5% of subjects lost at least 20% of their excess weight. On average, weight loss in those subjects with an active device was about 8.5% greater than that seen in subjects who received a Maestro electrical pulse generator that was not activated. Advertisement The human body’s longest cranial nerve, the vagus--or “wandering""--nerve stretches from the lower abdomen up to the brain stem, passing through the heart, esophagus and lungs. A key node in the body’s involuntary nervous system, it carries signals between body and brain that control heart rate, digestive processes and respiration. In a 60- to 90-minute laparoscopic procedure, physicians trained to implant the new device will attach its electrical leads to the anterior and posterior trunks of the vagus nerve, right at the gastric junction. During a patient’s waking hours, the device is designed to alternate between delivering five-minute bursts of high-frequency energy and five minutes of inactivity. During sleep, the device powers down. By suppressing the exchange of messages that cue hunger and ready the stomach for food, the intermittent electrical currents make most feel less hungry, feel full sooner and to feel full for longer. Most eat less and lose weight. Researchers testing the device also observed that, like bariatric surgery, it might have beneficial effects that go beyond weight loss. Suppressing signals between gut and brain on the vagus nerve appeared to improve the metabolic function of obese patients who got the device. “You actually see the effect before patients actually have had that much weight loss,” said Dr. Ken Fujioka, a Scripps Institute endocrinologist and weight management expert who conducted some of the studies that led to the EnteroMedics device. That suggests that the device may be especially beneficial for those who have developed obesity-related type 2 diabetes, he said. The on-again, off-again nature of the Maestro device’s stimulation serves another purpose: it prevents the vagus nerve’s gut signals from going silent--a communication loss that would likely prompt the central nervous system to find a compensatory workaround. As a result, said Lea, the Maestro device appears to be safe and effective for long-term use, and unlike surgical alterations to the digestive system, reversible. Women who have had the device implanted and became pregnant were able to have it inactivated during their pregnancy, and then reactivated afterward, he said. While the cost of the device has not yet been set, Lea said that getting the device implanted and activated will likely cost “somewhere between $20,000 and $30,000""--an amount that is more than gastric banding but less some of the most complex gastric bypass surgery. Advertisement The company has begun negotiations with private insurers, and the device has been been recognized as “exploratory” by the board that sets policy for Medicare reimbursements, and Lea expressed hope that some might agree to cover the procedure as early as later this year. Watching the nation’s weight as well as your own? Me too. Follow me on Twitter @LATMelissaHealy and “like” Los Angeles Times Science & Health on Facebook.","FDA approves a device for weight loss. In a bid to increase treatments for the nation’s 79 million obese adults, the Food and Drug Administration has approved U.S. marketing of an implantable device that stimulates weight loss by manipulating key appetite signals passing between the brain and the gut. The new device is the Maestro Rechargeable System, manufactured by EnteroMedics of St. Paul, Minn. While the FDA has approved four medications for weight loss in the past 2 1/2 years, the Maestro system is the first weight loss device to be approved since 2007. Using electrical leads implanted just above the stomach and a regulator carried under the skin near the ribcage, the device suppresses signals carried by the vagus nerve. The device adopts a variant of a “neuromodulation” technique long used in the treatment of epilepsy: by applying intermittent bursts of electrical current to the vagus nerve, it disrupts the signals that prompt the stomach to relax, expand and prepare for an influx of food. Advertisement “We think it will be a very important tool in the toolbag of surgeons and physicians treating obesity and its co-morbidities,” said Gregory S. Lea, senior vice president and chief financial officer of EnteroMedics. “When patients leave the diet, counseling and drug world and have nothing more, they turn to surgical procedures, and only 1% to 2% of patients who might be eligible for bariatric surgery are getting it.” The FDA approved the use of the device in adult patients with a body mass index, or BMI, between 35 and 45, who have at least one other obesity-related condition, such as type 2 diabetes. Delivered by the Maestro device, vagal blocking therapy, or VBLOC, offers obese patients a weight loss therapy that does not permanently alter the digestive system in the way that gastric bypass surgery does, and which may be less expensive, said Lea. He added it poses no risk of the “malabsorption” problems that often come with such surgery. In a 12-month clinical trial considered by the FDA, 38.3% of subjects who received the active Maestro device lost at least a quarter of their excess weight, and 52.5% of subjects lost at least 20% of their excess weight. On average, weight loss in those subjects with an active device was about 8.5% greater than that seen in subjects who received a Maestro electrical pulse generator that was not activated. Advertisement The human body’s longest cranial nerve, the vagus--or “wandering""--nerve stretches from the lower abdomen up to the brain stem, passing through the heart, esophagus and lungs. A key node in the body’s involuntary nervous system, it carries signals between body and brain that control heart rate, digestive processes and respiration. In a 60- to 90-minute laparoscopic procedure, physicians trained to implant the new device will attach its electrical leads to the anterior and posterior trunks of the vagus nerve, right at the gastric junction. During a patient’s waking hours, the device is designed to alternate between delivering five-minute bursts of high-frequency energy and five minutes of inactivity. During sleep, the device powers down. By suppressing the exchange of messages that cue hunger and ready the stomach for food, the intermittent electrical currents make most feel less hungry, feel full sooner and to feel full for longer. Most eat less and lose weight. Researchers testing the device also observed that, like bariatric surgery, it might have beneficial effects that go beyond weight loss. Suppressing signals between gut and brain on the vagus nerve appeared to improve the metabolic function of obese patients who got the device. “You actually see the effect before patients actually have had that much weight loss,” said Dr. Ken Fujioka, a Scripps Institute endocrinologist and weight management expert who conducted some of the studies that led to the EnteroMedics device. That suggests that the device may be especially beneficial for those who have developed obesity-related type 2 diabetes, he said. The on-again, off-again nature of the Maestro device’s stimulation serves another purpose: it prevents the vagus nerve’s gut signals from going silent--a communication loss that would likely prompt the central nervous system to find a compensatory workaround. As a result, said Lea, the Maestro device appears to be safe and effective for long-term use, and unlike surgical alterations to the digestive system, reversible. Women who have had the device implanted and became pregnant were able to have it inactivated during their pregnancy, and then reactivated afterward, he said. While the cost of the device has not yet been set, Lea said that getting the device implanted and activated will likely cost “somewhere between $20,000 and $30,000""--an amount that is more than gastric banding but less some of the most complex gastric bypass surgery. Advertisement The company has begun negotiations with private insurers, and the device has been been recognized as “exploratory” by the board that sets policy for Medicare reimbursements, and Lea expressed hope that some might agree to cover the procedure as early as later this year. Watching the nation’s weight as well as your own? Me too. Follow me on Twitter @LATMelissaHealy and “like” Los Angeles Times Science & Health on Facebook."
fakehealth,news_reviews_00203,1,0,1,0.5199458923964307,0.4800541076035692,0.5199458923964307,0.36106983,0.63893014,0.63893014,"CINCINNATI--Following a concussion or mild traumatic brain injury (TBI), patients may suffer from light sensitivity or photophobia, making it challenging to return to normal activities. The sensitivity may also trigger or exacerbate headaches. While sunglasses can provide some relief from photophobia, wearing them all the time is not always a practical solution, nor is it pleasant for patients to live in a dark room for days at a time. A new study from the University of Cincinnati (UC), published online this week in the Journal of Athletic Training, assessed the use of colored lenses in post-concussion patients and found wearing certain color-tinted sunglasses may be a good alternative to dark sunglasses. ""While sunglasses can provide some relief, they are not very practical indoors or in low light environments,"" says Joe Clark, PhD, professor in the Department of Neurology and Rehabilitation Medicine at the UC College of Medicine and lead author of the study. ""What is needed is a light mitigation strategy that can be readily employed indoors, which can optimize relief in those who suffer from photophobia, or light sensitivity."" Clark and researchers at the College of Medicine assessed visual symptoms of 51 concussion patients and used frames with varying colored lenses to find out if certain hues provided relief from photophobia. ""We found that 85 percent of patients reporting photophobia had relief of the symptoms with one or more colors-- blue, green, red and purple--with no reported adverse events,"" Clark says. ""Sensitivity to light can be common and impact activities of daily life suggesting that light mitigation might improve quality of life in many of these patients. Photophobia is a common symptom for patients following traumatic brain injury. Our goal in this study was to provide medical staff like athletic trainers with a method and means to assess and subsequently provide relief to an athlete who may be experiencing symptoms of photophobia,"" Clark adds. The goal is to help the concussion patient feel better as the brain heals. ""We compare the colored glasses to being like a brace or cast but for the brain,"" he says. ""It is temporary but prevents further injury or pain."" At least 3.8 million people in the United States sustain a concussion or traumatic brain injury every year, many not for the first time. As with many other health conditions, the presentation of concussion symptoms can vary greatly--while some individuals exhibit very little to no change in functionality and may report no symptoms at all, others may report confusion, headache, decreased balance and vision disturbances including blurry vision, trouble focusing and sensitivity to light. Photophobia is so common that many neurosurgical intensive care units consider it standard operating procedure to keep lights dimmed in rooms containing TBI patients says Clark. In addition to trying colored-lens sunglasses, the article suggests other ways to mitigate photophobia including wearing a wide-brimmed hat when outdoors, adjusting digital screen and device settings to an appropriate hue and brightness or purchasing filters for screens. However, the researchers noted, they do not recommend wearing colored glasses while driving. Certain colors make seeing stop lights or emergency vehicle lights difficult. ""We believe that an athletic trainer, in consultation with team physicians, may find it useful to apply this photophobia assessment and recommend colored glasses to his or her athlete,"" Clark says. ""The use of the colored glasses in the high school, college or other setting can allow a person to engage in some medically approved activities, while minimizing the risk of symptom exacerbation. We believe the use of the colored glasses that provide photophobia mitigation has added benefits superior to dark sunglasses, especially for indoor lighting."" ### Additional researchers on the study include Jon Divine, MD, a professor in the Department of Orthopaedic Surgery at the UC College of Medicine and head team physician for University of Cincinnati Athletics. There was no funding used for this study.","Colored glasses may provide light sensitivity relief post-concussion. CINCINNATI--Following a concussion or mild traumatic brain injury (TBI), patients may suffer from light sensitivity or photophobia, making it challenging to return to normal activities. The sensitivity may also trigger or exacerbate headaches. While sunglasses can provide some relief from photophobia, wearing them all the time is not always a practical solution, nor is it pleasant for patients to live in a dark room for days at a time. A new study from the University of Cincinnati (UC), published online this week in the Journal of Athletic Training, assessed the use of colored lenses in post-concussion patients and found wearing certain color-tinted sunglasses may be a good alternative to dark sunglasses. ""While sunglasses can provide some relief, they are not very practical indoors or in low light environments,"" says Joe Clark, PhD, professor in the Department of Neurology and Rehabilitation Medicine at the UC College of Medicine and lead author of the study. ""What is needed is a light mitigation strategy that can be readily employed indoors, which can optimize relief in those who suffer from photophobia, or light sensitivity."" Clark and researchers at the College of Medicine assessed visual symptoms of 51 concussion patients and used frames with varying colored lenses to find out if certain hues provided relief from photophobia. ""We found that 85 percent of patients reporting photophobia had relief of the symptoms with one or more colors-- blue, green, red and purple--with no reported adverse events,"" Clark says. ""Sensitivity to light can be common and impact activities of daily life suggesting that light mitigation might improve quality of life in many of these patients. Photophobia is a common symptom for patients following traumatic brain injury. Our goal in this study was to provide medical staff like athletic trainers with a method and means to assess and subsequently provide relief to an athlete who may be experiencing symptoms of photophobia,"" Clark adds. The goal is to help the concussion patient feel better as the brain heals. ""We compare the colored glasses to being like a brace or cast but for the brain,"" he says. ""It is temporary but prevents further injury or pain."" At least 3.8 million people in the United States sustain a concussion or traumatic brain injury every year, many not for the first time. As with many other health conditions, the presentation of concussion symptoms can vary greatly--while some individuals exhibit very little to no change in functionality and may report no symptoms at all, others may report confusion, headache, decreased balance and vision disturbances including blurry vision, trouble focusing and sensitivity to light. Photophobia is so common that many neurosurgical intensive care units consider it standard operating procedure to keep lights dimmed in rooms containing TBI patients says Clark. In addition to trying colored-lens sunglasses, the article suggests other ways to mitigate photophobia including wearing a wide-brimmed hat when outdoors, adjusting digital screen and device settings to an appropriate hue and brightness or purchasing filters for screens. However, the researchers noted, they do not recommend wearing colored glasses while driving. Certain colors make seeing stop lights or emergency vehicle lights difficult. ""We believe that an athletic trainer, in consultation with team physicians, may find it useful to apply this photophobia assessment and recommend colored glasses to his or her athlete,"" Clark says. ""The use of the colored glasses in the high school, college or other setting can allow a person to engage in some medically approved activities, while minimizing the risk of symptom exacerbation. We believe the use of the colored glasses that provide photophobia mitigation has added benefits superior to dark sunglasses, especially for indoor lighting."" ### Additional researchers on the study include Jon Divine, MD, a professor in the Department of Orthopaedic Surgery at the UC College of Medicine and head team physician for University of Cincinnati Athletics. There was no funding used for this study."
fakehealth,story_reviews_00934,1,0,1,0.5966409458036785,0.4033590541963214,0.5966409458036785,0.1454739,0.85452604,0.85452604,"By Kathleen Doheny HealthDay Reporter TUESDAY, Jan. 17, 2012 (HealthDay News) -- Combining two drugs that target an aggressive type of breast cancer known as HER2-positive appears to work better than using either drug alone, researchers report. The dual-drug approach greatly boosted the chances of eliminating microscopic signs of early cancer by the time a woman was due to have surgery, said researcher Dr. Jose Baselga, chief of hematology/oncology at Massachusetts General Hospital Cancer Center and a professor of medicine at Harvard Medical School. The study was published online Jan. 17 in The Lancet. The two drugs are Tykerb (lapatinib) and Herceptin (trastuzumab). Using both together resulted in a 51 percent response, compared with a 30 percent response in women given Herceptin alone. Those given Tykerb alone had a 25 percent response. ""What we observed was a massive improvement in response,"" Baselga said. GlaxoSmithKline, the maker of Tykerb, helped fund the study. ""Lapatinib was approved for advanced breast cancer in 2007,"" Baselga said. ""The question we had was, what is the efficacy if we give it in early-stage breast cancer prior to surgery?"" Baselga and his colleagues conducted a trial treating 455 women from 23 countries. All had HER2-positive breast cancers. All had tumors larger than about three-fourths of an inch. In HER2-positive breast cancer, test results are positive for a protein called human epidermal growth factor receptor 2, which promotes cancer cell growth. In the study, 154 women got Tykerb, 149 Herceptin and the other 152 both drugs. All had the drug regimen before surgery, with Taxol (paclitaxel), a standard chemotherapy, added after six weeks. After 12 more weeks of treatment, the women had surgery. At that point, researchers evaluated who had better responses. The women continued the treatments for one more year, allowing researchers to follow them and see how the approaches affected survival. Baselga stressed that the study looked only at women with early-stage HER2-positive breast cancers, and that the drug Tykerb is approved now only for advanced breast cancers. The study is well done and important, said Dr. Len Lichtenfeld, deputy chief medical officer for the American Cancer Society. The two drugs, he said, ""affect the same pathway but do it in a different way."" While the combination showed a better response rate, ""there is also an increased level of side effects,"" he noted. While no major heart problems occurred, those on Tykerb alone or the two-drug combination had more diarrhea. Liver-enzyme alterations were also more frequent when Tykerb was used. GlaxoSmithKline notes that liver toxicity with the drug may be severe and that deaths have been reported, although the cause of the deaths has not been determined. The important question, however, has not been answered yet, Lichtenfeld said. That's the effect on overall survival in using the two-drug approach. The researchers are continuing to evaluate that. Cost is another consideration: Tykerb runs about $4,000 a month wholesale, and retail prices could be higher. In another study, published online Jan. 17 in The Lancet Oncology, researchers from Germany reported that Tykerb is less beneficial than Herceptin as a single-drug therapy. They assigned 620 women with HER2-positive breast cancer to get standard chemotherapy plus Herceptin or Tykerb. They looked to see which drug was better at eliminating invasive cancer in the breast and metastatic cells in the lymph nodes. While 30 percent of those in the Herceptin group had this response, 23 percent of the Tykerb group did. The study was funded by drug makers GlaxoSmithKline, Roche and Sanofi-Aventis. Baselga reports receiving honoraria from Roche; other co-authors report receiving speaking fees or honoraria from GlaxoSmithKline and fees from other drug companies. More information To learn more about breast cancer, including HER2-positive cancers, visit the American Cancer Society.","Drug Duo May Help Fight Aggressive Form of Breast Cancer. By Kathleen Doheny HealthDay Reporter TUESDAY, Jan. 17, 2012 (HealthDay News) -- Combining two drugs that target an aggressive type of breast cancer known as HER2-positive appears to work better than using either drug alone, researchers report. The dual-drug approach greatly boosted the chances of eliminating microscopic signs of early cancer by the time a woman was due to have surgery, said researcher Dr. Jose Baselga, chief of hematology/oncology at Massachusetts General Hospital Cancer Center and a professor of medicine at Harvard Medical School. The study was published online Jan. 17 in The Lancet. The two drugs are Tykerb (lapatinib) and Herceptin (trastuzumab). Using both together resulted in a 51 percent response, compared with a 30 percent response in women given Herceptin alone. Those given Tykerb alone had a 25 percent response. ""What we observed was a massive improvement in response,"" Baselga said. GlaxoSmithKline, the maker of Tykerb, helped fund the study. ""Lapatinib was approved for advanced breast cancer in 2007,"" Baselga said. ""The question we had was, what is the efficacy if we give it in early-stage breast cancer prior to surgery?"" Baselga and his colleagues conducted a trial treating 455 women from 23 countries. All had HER2-positive breast cancers. All had tumors larger than about three-fourths of an inch. In HER2-positive breast cancer, test results are positive for a protein called human epidermal growth factor receptor 2, which promotes cancer cell growth. In the study, 154 women got Tykerb, 149 Herceptin and the other 152 both drugs. All had the drug regimen before surgery, with Taxol (paclitaxel), a standard chemotherapy, added after six weeks. After 12 more weeks of treatment, the women had surgery. At that point, researchers evaluated who had better responses. The women continued the treatments for one more year, allowing researchers to follow them and see how the approaches affected survival. Baselga stressed that the study looked only at women with early-stage HER2-positive breast cancers, and that the drug Tykerb is approved now only for advanced breast cancers. The study is well done and important, said Dr. Len Lichtenfeld, deputy chief medical officer for the American Cancer Society. The two drugs, he said, ""affect the same pathway but do it in a different way."" While the combination showed a better response rate, ""there is also an increased level of side effects,"" he noted. While no major heart problems occurred, those on Tykerb alone or the two-drug combination had more diarrhea. Liver-enzyme alterations were also more frequent when Tykerb was used. GlaxoSmithKline notes that liver toxicity with the drug may be severe and that deaths have been reported, although the cause of the deaths has not been determined. The important question, however, has not been answered yet, Lichtenfeld said. That's the effect on overall survival in using the two-drug approach. The researchers are continuing to evaluate that. Cost is another consideration: Tykerb runs about $4,000 a month wholesale, and retail prices could be higher. In another study, published online Jan. 17 in The Lancet Oncology, researchers from Germany reported that Tykerb is less beneficial than Herceptin as a single-drug therapy. They assigned 620 women with HER2-positive breast cancer to get standard chemotherapy plus Herceptin or Tykerb. They looked to see which drug was better at eliminating invasive cancer in the breast and metastatic cells in the lymph nodes. While 30 percent of those in the Herceptin group had this response, 23 percent of the Tykerb group did. The study was funded by drug makers GlaxoSmithKline, Roche and Sanofi-Aventis. Baselga reports receiving honoraria from Roche; other co-authors report receiving speaking fees or honoraria from GlaxoSmithKline and fees from other drug companies. More information To learn more about breast cancer, including HER2-positive cancers, visit the American Cancer Society."
fakehealth,news_reviews_00231,0,1,0,0.4774564527865119,0.5225435472134881,0.5225435472134881,0.5925071,0.40749288,0.5925071,"IRVINE, Calif., May 10, 2017 /PRNewswire/ -- Proove® Biosciences, Inc. announces a new study validating the accuracy of precision medicine technology to predict prescription opioid abuse. This study, entitled ""Evaluation of a Predictive Algorithm that Detects Aberrant Use of Opioids in an Addiction Treatment Centre"", is published in the peer-reviewed Journal of Addiction Research and Therapy (Impact Factor: 1.4). Distinguished Fellow American Society of Addiction Medicine (ASAM), Diplomate American Board of Addiction Medicine and Fellow American College of Preventive Medicine, J. Ramsay Farah, MD, MPH, MRO, CPE, led a research team that showed Proove Opioid Risk® identifies patients at risk for Opioid Use Disorder (OUD) with nearly 97% accuracy. This study evaluated 186 patients, comparing 94 Medicaid patients at an addiction treatment facility with confirmed cases of opioid abuse, and 92 healthy patients with no history of opioid use. The receiving operator characteristic (ROC) curve had an area under the curve (AUC) of 0.967. Furthermore, the sensitivity of the ""moderate risk"" cut-off score was 98%, while the specificity of the ""high risk"" score was 100%. Dr. Farah, who serves as the Chief Medical Officer for the Phoenix Health Center in Hagerstown, prior NE Regional Medical Director for United Healthcare Clinical Services and Director ASAM explains, ""Based on ASAM's definition of addiction, about half of substance abuse is due to genetic factors. This study shows that analyzing genetics with lifestyle and behavioral variables in a predictive algorithm can accurately stratify patient risk."" Dr. Ashley Brenton, Associate Director of R&D for Proove states, ""This validation study builds on the peer-reviewed evidence supporting Proove Opioid Risk® and its components as an optimal model to predict opioid abuse risk."" Study author, Gregory A. Smith, M.D, former Director of Pain Management at Harbor UCLA, explains, ""Having used this technology for 6 years, this data provides further evidence that clinicians can use Proove Opioid Risk® for ruling out patients unlikely to exhibit aberrant behaviors, and identifying high-risk patients for alternative therapies."" Proove Opioid Risk® is a proprietary precision medicine profile consisting of an algorithm which analyzes 17 variables (11 genetic and 6 lifestyle and behavioral factors) individually supported by over 30 peer-reviewed publications. Peer-reviewed clinical studies show that the Proove Opioid Risk® profile accurately identifies patient risk for opioid abuse. About Proove® Biosciences: Proove® Biosciences is the leader in precision medicine for the condition that lies at the nexus of health – pain. Proove® delivers precision medicine solutions for the nation's most prevalent and expensive health condition by investing heavily in research that has won awards from leading medical societies and been published in peer-reviewed journals. Discovered by NIH-funded scientists, Proove® has translated into clinical practice the genetic variants and phenotypic factors contributing to pain sensitivity and chronic pain risk. Proove®'s medical advisory board is led by those NIH-funded researchers and the company has licensed some of its technology from leading academic centers, such as the University of North Carolina at Chapel Hill, the University of Utah, and other institutions. Positioned as The Healthcare Decision Company,™ Proove®'s patented technology platform combines genetic, clinical, environmental and lifestyle information to help clinicians better evaluate pain sensitivity, assess risk for opioid use disorder, predict therapeutic response to pain medications, and assess drug metabolism for the many medications used in chronic pain patients. For more information, please visit www.proove.com or call toll free 855-PROOVE-BIO (855-776-6832). SOURCE Proove Biosciences, Inc. Related Links http://www.proove.com","New Peer-Reviewed Clinical Study Successfully Validates The Use Of Proove Opioid Risk® To Predict Prescription Opioid Abuse. IRVINE, Calif., May 10, 2017 /PRNewswire/ -- Proove® Biosciences, Inc. announces a new study validating the accuracy of precision medicine technology to predict prescription opioid abuse. This study, entitled ""Evaluation of a Predictive Algorithm that Detects Aberrant Use of Opioids in an Addiction Treatment Centre"", is published in the peer-reviewed Journal of Addiction Research and Therapy (Impact Factor: 1.4). Distinguished Fellow American Society of Addiction Medicine (ASAM), Diplomate American Board of Addiction Medicine and Fellow American College of Preventive Medicine, J. Ramsay Farah, MD, MPH, MRO, CPE, led a research team that showed Proove Opioid Risk® identifies patients at risk for Opioid Use Disorder (OUD) with nearly 97% accuracy. This study evaluated 186 patients, comparing 94 Medicaid patients at an addiction treatment facility with confirmed cases of opioid abuse, and 92 healthy patients with no history of opioid use. The receiving operator characteristic (ROC) curve had an area under the curve (AUC) of 0.967. Furthermore, the sensitivity of the ""moderate risk"" cut-off score was 98%, while the specificity of the ""high risk"" score was 100%. Dr. Farah, who serves as the Chief Medical Officer for the Phoenix Health Center in Hagerstown, prior NE Regional Medical Director for United Healthcare Clinical Services and Director ASAM explains, ""Based on ASAM's definition of addiction, about half of substance abuse is due to genetic factors. This study shows that analyzing genetics with lifestyle and behavioral variables in a predictive algorithm can accurately stratify patient risk."" Dr. Ashley Brenton, Associate Director of R&D for Proove states, ""This validation study builds on the peer-reviewed evidence supporting Proove Opioid Risk® and its components as an optimal model to predict opioid abuse risk."" Study author, Gregory A. Smith, M.D, former Director of Pain Management at Harbor UCLA, explains, ""Having used this technology for 6 years, this data provides further evidence that clinicians can use Proove Opioid Risk® for ruling out patients unlikely to exhibit aberrant behaviors, and identifying high-risk patients for alternative therapies."" Proove Opioid Risk® is a proprietary precision medicine profile consisting of an algorithm which analyzes 17 variables (11 genetic and 6 lifestyle and behavioral factors) individually supported by over 30 peer-reviewed publications. Peer-reviewed clinical studies show that the Proove Opioid Risk® profile accurately identifies patient risk for opioid abuse. About Proove® Biosciences: Proove® Biosciences is the leader in precision medicine for the condition that lies at the nexus of health – pain. Proove® delivers precision medicine solutions for the nation's most prevalent and expensive health condition by investing heavily in research that has won awards from leading medical societies and been published in peer-reviewed journals. Discovered by NIH-funded scientists, Proove® has translated into clinical practice the genetic variants and phenotypic factors contributing to pain sensitivity and chronic pain risk. Proove®'s medical advisory board is led by those NIH-funded researchers and the company has licensed some of its technology from leading academic centers, such as the University of North Carolina at Chapel Hill, the University of Utah, and other institutions. Positioned as The Healthcare Decision Company,™ Proove®'s patented technology platform combines genetic, clinical, environmental and lifestyle information to help clinicians better evaluate pain sensitivity, assess risk for opioid use disorder, predict therapeutic response to pain medications, and assess drug metabolism for the many medications used in chronic pain patients. For more information, please visit www.proove.com or call toll free 855-PROOVE-BIO (855-776-6832). SOURCE Proove Biosciences, Inc. Related Links http://www.proove.com"
fakehealth,news_reviews_00434,1,0,1,0.6618014761396525,0.3381985238603476,0.6618014761396525,0.3302599,0.6697401,0.6697401,"April 29, 2016 - A modified surgical technique may provide a simpler approach to the surgical treatment for one type of chronic headache, according to an ""Ideas and Innovations"" paper in the May issue of Plastic and Reconstructive Surgery®, the official medical journal of the American Society of Plastic Surgeons (ASPS). Using an incision originally designed for another purpose, surgeons can gain direct access to the nerves involved in some types of chronic temporal headache, according to the report by ASPS Member Surgeon Dr. Ziv M. Peled of Peled Plastic Surgery, San Francisco. He hopes his new technique will ""lower the bar to adoption"" of effective surgical treatment for patients with this debilitating headache condition. Efficient Approach to Surgery for Chronic Temporal Headache In recent years, surgery has emerged as an effective treatment option for selected patients with chronic, severe headaches. Developed by plastic surgeons who noticed that some migraine patients had fewer headaches after cosmetic forehead-lift, these procedures address ""trigger sites"" linked to certain headache patterns. Severe temporal headaches can result from muscle spasms or enlarged blood vessels putting pressure on specific nerves located on the side of the head--specifically, the zygomaticotemporal branch of the trigeminal nerve (ZTBTN) and sometimes the auriculotemporal nerve (ATN). During these operative procedures, surgeons seek to relieve pressure on these nerves or to disconnect the nerves in order to prevent them from triggering future headaches. The technique is a new use of an approach that many surgeons are already familiar with: the Gillies incision, used for surgical repair of cheekbone fractures. Dr. Peled found that this short incision, placed in the temple behind the hairline, provides direct access to the ZTBTN and ATN. He describes his initial experience with the new approach in 19 patients. All patients had chronic temporal headaches that did not improve with medications. They also had a positive result on preoperative testing--either injection of botulinum toxin (Botox) to temporarily block muscle activity, or local anesthetics to temporarily block the involved nerve. Before and after surgery, headache symptoms were assessed using a standard score, the Migraine Headache Index (MHI). As in previous studies, surgery provided significant relief from chronic temporal headaches. Average MHI score decreased from about 132 points before surgery to 52 points afterward. Of the 19 patients, 16 had at least a 50 percent reduction in headache symptoms. It's unclear why the three remaining patients didn't have good improvement, although Dr. Peled notes that two of the three had had temporal headaches for decades before surgery. None of the patients experienced complications, and there was little or no visible scarring. The experience supports a growing body of research showing good outcomes with surgery for chronic temporal headaches. Most recently, a study in Plastic & Reconstructive Surgery reported similar results whether the nerve is decompressed or disconnected. However, previous studies have used technically more complex approaches to access the ZTBTN. The simplified approach using the Gillies incision combines the advantages of other approaches to chronic temporal headache surgery while minimizing the disadvantages, Dr. Peled believes. He comments, ""This is a straightforward technique and effective procedure that may make it easier for plastic surgeons to adopt and offer surgical options for patients with this debilitating condition."" ### Plastic and Reconstructive Surgery® is published by Wolters Kluwer. Click here to read ""A Novel Surgical Approach to Chronic Temporal Headaches."" Article: ""A Novel Surgical Approach to Chronic Temporal Headaches"" (doi: 10.1097/PRS.0000000000002051) About Plastic and Reconstructive Surgery For more than 60 years, Plastic and Reconstructive Surgery® (http://journals. lww. com/ plasreconsurg/ ) has been the one consistently excellent reference for every specialist who uses plastic surgery techniques or works in conjunction with a plastic surgeon. The official journal of the American Society of Plastic Surgeons, Plastic and Reconstructive Surgery® brings subscribers up-to-the-minute reports on the latest techniques and follow-up for all areas of plastic and reconstructive surgery, including breast reconstruction, experimental studies, maxillofacial reconstruction, hand and microsurgery, burn repair, and cosmetic surgery, as well as news on medico-legal issues. About ASPS The American Society of Plastic Surgeons (ASPS) is the world's largest organization of board-certified plastic surgeons. Representing more than 7,000 Member Surgeons, the Society is recognized as a leading authority and information source on aesthetic and reconstructive plastic surgery. ASPS comprises more than 94 percent of all board-certified plastic surgeons in the United States. Founded in 1931, the Society represents physicians certified by The American Board of Plastic Surgery or The Royal College of Physicians and Surgeons of Canada. ASPS advances quality care to plastic surgery patients by encouraging high standards of training, ethics, physician practice and research in plastic surgery. You can learn more and visit the American Society of Plastic Surgeons at http://www. plasticsurgery. org or http://www. facebook. com/ PlasticSurgeryASPS and http://www. twitter. com/ ASPS_news . About Wolters Kluwer Wolters Kluwer is a global leader in professional information services. Professionals in the areas of legal, business, tax, accounting, finance, audit, risk, compliance and healthcare rely on Wolters Kluwer's market leading information-enabled tools and software solutions to manage their business efficiently, deliver results to their clients, and succeed in an ever more dynamic world. Wolters Kluwer reported 2015 annual revenues of €4.2 billion. The group serves customers in over 180 countries, and employs over 19,000 people worldwide. The company is headquartered in Alphen aan den Rijn, the Netherlands. Wolters Kluwer shares are listed on Euronext Amsterdam (WKL) and are included in the AEX and Euronext 100 indices. Wolters Kluwer has a sponsored Level 1 American Depositary Receipt program. The ADRs are traded on the over-the-counter market in the U.S. (WTKWY).","Surgery for chronic temporal headaches -- simplified approach shows good results. April 29, 2016 - A modified surgical technique may provide a simpler approach to the surgical treatment for one type of chronic headache, according to an ""Ideas and Innovations"" paper in the May issue of Plastic and Reconstructive Surgery®, the official medical journal of the American Society of Plastic Surgeons (ASPS). Using an incision originally designed for another purpose, surgeons can gain direct access to the nerves involved in some types of chronic temporal headache, according to the report by ASPS Member Surgeon Dr. Ziv M. Peled of Peled Plastic Surgery, San Francisco. He hopes his new technique will ""lower the bar to adoption"" of effective surgical treatment for patients with this debilitating headache condition. Efficient Approach to Surgery for Chronic Temporal Headache In recent years, surgery has emerged as an effective treatment option for selected patients with chronic, severe headaches. Developed by plastic surgeons who noticed that some migraine patients had fewer headaches after cosmetic forehead-lift, these procedures address ""trigger sites"" linked to certain headache patterns. Severe temporal headaches can result from muscle spasms or enlarged blood vessels putting pressure on specific nerves located on the side of the head--specifically, the zygomaticotemporal branch of the trigeminal nerve (ZTBTN) and sometimes the auriculotemporal nerve (ATN). During these operative procedures, surgeons seek to relieve pressure on these nerves or to disconnect the nerves in order to prevent them from triggering future headaches. The technique is a new use of an approach that many surgeons are already familiar with: the Gillies incision, used for surgical repair of cheekbone fractures. Dr. Peled found that this short incision, placed in the temple behind the hairline, provides direct access to the ZTBTN and ATN. He describes his initial experience with the new approach in 19 patients. All patients had chronic temporal headaches that did not improve with medications. They also had a positive result on preoperative testing--either injection of botulinum toxin (Botox) to temporarily block muscle activity, or local anesthetics to temporarily block the involved nerve. Before and after surgery, headache symptoms were assessed using a standard score, the Migraine Headache Index (MHI). As in previous studies, surgery provided significant relief from chronic temporal headaches. Average MHI score decreased from about 132 points before surgery to 52 points afterward. Of the 19 patients, 16 had at least a 50 percent reduction in headache symptoms. It's unclear why the three remaining patients didn't have good improvement, although Dr. Peled notes that two of the three had had temporal headaches for decades before surgery. None of the patients experienced complications, and there was little or no visible scarring. The experience supports a growing body of research showing good outcomes with surgery for chronic temporal headaches. Most recently, a study in Plastic & Reconstructive Surgery reported similar results whether the nerve is decompressed or disconnected. However, previous studies have used technically more complex approaches to access the ZTBTN. The simplified approach using the Gillies incision combines the advantages of other approaches to chronic temporal headache surgery while minimizing the disadvantages, Dr. Peled believes. He comments, ""This is a straightforward technique and effective procedure that may make it easier for plastic surgeons to adopt and offer surgical options for patients with this debilitating condition."" ### Plastic and Reconstructive Surgery® is published by Wolters Kluwer. Click here to read ""A Novel Surgical Approach to Chronic Temporal Headaches."" Article: ""A Novel Surgical Approach to Chronic Temporal Headaches"" (doi: 10.1097/PRS.0000000000002051) About Plastic and Reconstructive Surgery For more than 60 years, Plastic and Reconstructive Surgery® (http://journals. lww. com/ plasreconsurg/ ) has been the one consistently excellent reference for every specialist who uses plastic surgery techniques or works in conjunction with a plastic surgeon. The official journal of the American Society of Plastic Surgeons, Plastic and Reconstructive Surgery® brings subscribers up-to-the-minute reports on the latest techniques and follow-up for all areas of plastic and reconstructive surgery, including breast reconstruction, experimental studies, maxillofacial reconstruction, hand and microsurgery, burn repair, and cosmetic surgery, as well as news on medico-legal issues. About ASPS The American Society of Plastic Surgeons (ASPS) is the world's largest organization of board-certified plastic surgeons. Representing more than 7,000 Member Surgeons, the Society is recognized as a leading authority and information source on aesthetic and reconstructive plastic surgery. ASPS comprises more than 94 percent of all board-certified plastic surgeons in the United States. Founded in 1931, the Society represents physicians certified by The American Board of Plastic Surgery or The Royal College of Physicians and Surgeons of Canada. ASPS advances quality care to plastic surgery patients by encouraging high standards of training, ethics, physician practice and research in plastic surgery. You can learn more and visit the American Society of Plastic Surgeons at http://www. plasticsurgery. org or http://www. facebook. com/ PlasticSurgeryASPS and http://www. twitter. com/ ASPS_news . About Wolters Kluwer Wolters Kluwer is a global leader in professional information services. Professionals in the areas of legal, business, tax, accounting, finance, audit, risk, compliance and healthcare rely on Wolters Kluwer's market leading information-enabled tools and software solutions to manage their business efficiently, deliver results to their clients, and succeed in an ever more dynamic world. Wolters Kluwer reported 2015 annual revenues of €4.2 billion. The group serves customers in over 180 countries, and employs over 19,000 people worldwide. The company is headquartered in Alphen aan den Rijn, the Netherlands. Wolters Kluwer shares are listed on Euronext Amsterdam (WKL) and are included in the AEX and Euronext 100 indices. Wolters Kluwer has a sponsored Level 1 American Depositary Receipt program. The ADRs are traded on the over-the-counter market in the U.S. (WTKWY)."
fakehealth,news_reviews_00350,1,0,1,0.631318912475908,0.368681087524092,0.631318912475908,0.39569116,0.60430884,0.60430884,"An immunotherapy drug has been hailed as a potential 'game changer' after being found to greatly improve survival for patients with relapsed head and neck cancer - a disease which is notoriously difficult to treat. Nivolumab became the first treatment to extend survival in a phase III clinical trial for patients with head and neck cancer in whom chemotherapy had failed - and it did so with fewer side-effects than existing therapeutic options. More than double the number of patients taking nivolumab were alive after one year as those treated with chemotherapy, reported the major international trial, published today (Sunday) in the New England Journal of Medicine. There are currently no other treatment options that improve the survival of patients with cisplatin-resistant relapsed or metastatic head and neck cancers. This group of patients are expected to live less than six months. The trial was led in the UK by Professor Kevin Harrington of The Institute of Cancer Research, London, and The Royal Marsden NHS Foundation Trust, and involved 20 research organisations from around the world. It was funded by Bristol Myers Squibb. Of the 361 patients in the trial, 240 with relapsed or metastatic head and neck cancer were allocated to receive nivolumab and 121 to one of three different chemotherapies. UK patients received the chemotherapy drug docetaxel, which is the only treatment approved for advanced head and neck cancer by NICE. After one year of the study, 36 per cent of patients treated with nivolumab were still alive compared with 17 per cent for the comparator arm. Median survival for patients on nivolumab was 7.5 months, compared with 5.1 months for chemotherapy. The survival benefit was more pronounced in patients whose tumours had tested positive for human papillomavirus (HPV). These patients survived an average of 9.1 months with nivolumab and 4.4 months with chemotherapy. HPV-negative patients survived an average of 7.5 months with nivolumab and 5.8 with chemotherapy. Importantly, fewer patients experienced serious side-effects from taking nivolumab than with conventional treatment - only 13 per cent compared with 35 per cent of patients who received chemotherapy. Patients given chemotherapy reported feeling physically, socially and emotionally worse off, whereas those who were given nivolumab remained stable during the course of treatment. Professor Harrington will be presenting some of the findings at the European Society for Medical Oncology 2016 Congress in Copenhagen, simultaneously with publication. Nivolumab will still have to go through approval by the European Medicines Agency and NICE before it is available for head and neck cancer patients on the NHS. UK trial lead Professor Kevin Harrington, Professor of Biological Cancer Therapies at The Institute of Cancer Research, London, and Consultant at The Royal Marsden NHS Foundation Trust, said: ""Nivolumab could be a real game-changer for patients with advanced head and neck cancer. This trial found that it can greatly extend life among a group of patients who have no existing treatment options, without worsening quality of life. ""Once it has relapsed or spread, head and neck cancer is extremely difficult to treat. So it's great news that these results indicate we now have a new treatment that can significantly extend life, and I'm keen to see it enter the clinic as soon as possible."" Professor Paul Workman, Chief Executive of The Institute of Cancer Research, London, said: ""Nivolumab is one of a new wave of immunotherapies that are beginning to have an impact across cancer treatment. This phase III clinical trial expands the repertoire of nivolumab even further, showing that it is the first treatment to have significant benefits in relapsed head and neck cancer. ""We hope regulators can work with the manufacturer to avoid delays in getting this drug to patients who have no effective treatment options left to them."" ### Some of the data was presented at 16:25 CEST today (Sunday) at the European Society for Medical Oncology 2016 Congress in Copenhagen. Notes to editors For more information please contact Claire Hastings on 020 8722 5380 or claire.hastings@icr.ac.uk. For enquiries out of hours, please call 07595 963 613. About head and neck cancer There were around 11,000 new cases of head and neck cancer and 3,300 deaths in the UK in 2012, 600,000 globally, and more than half relapse within 3-5 years. The Institute of Cancer Research, London, is one of the world's most influential cancer research organisations. Scientists and clinicians at The Institute of Cancer Research (ICR) are working every day to make a real impact on cancer patients' lives. Through its unique partnership with The Royal Marsden NHS Foundation Trust and 'bench-to-bedside' approach, the ICR is able to create and deliver results in a way that other institutions cannot. Together the two organisations are rated in the top four centres for cancer research and treatment globally. The ICR has an outstanding record of achievement dating back more than 100 years. It provided the first convincing evidence that DNA damage is the basic cause of cancer, laying the foundation for the now universally accepted idea that cancer is a genetic disease. Today it is a world leader at identifying cancer-related genes and discovering new targeted drugs for personalised cancer treatment. A college of the University of London, the ICR is the UK's top-ranked academic institution for research quality, and provides postgraduate higher education of international distinction. It has charitable status and relies on support from partner organisations, charities and the general public. The ICR's mission is to make the discoveries that defeat cancer. For more information visit http://www. icr. ac. uk The Royal Marsden NHS Foundation Trust The Royal Marsden opened its doors in 1851 as the world's first hospital dedicated to cancer diagnosis, treatment, research and education. The Head and Neck Unit at The Royal Marsden is one of the largest of its kind in Europe. Today, together with its academic partner, The Institute of Cancer Research (ICR), it is the largest and most comprehensive cancer centre in Europe treating over 50,000 NHS and private patients every year. It is a centre of excellence with an international reputation for groundbreaking research and pioneering the very latest in cancer treatments and technologies. The Royal Marsden, with the ICR, is the only National Institute for Health Research Biomedical Research Centre for Cancer. First awarded the status in 2006, it was re-awarded in 2011. A total of £62 million is being provided over five years, to support pioneering research work, and is being shared out over eight different cancer themes. The Royal Marsden also provides community services in the London boroughs of Sutton and Merton and in June 2010, along with the ICR, the Trust launched a new academic partnership with Mount Vernon Cancer Centre in Middlesex. Since 2004, the hospital's charity, The Royal Marsden Cancer Charity, has helped raise over £100 million to build theatres, diagnostic centres, and drug development units. Prince William became President of The Royal Marsden in 2007, following a long royal connection with the hospital.","'Game-changing' immunotherapy doubles head and neck cancer survival. An immunotherapy drug has been hailed as a potential 'game changer' after being found to greatly improve survival for patients with relapsed head and neck cancer - a disease which is notoriously difficult to treat. Nivolumab became the first treatment to extend survival in a phase III clinical trial for patients with head and neck cancer in whom chemotherapy had failed - and it did so with fewer side-effects than existing therapeutic options. More than double the number of patients taking nivolumab were alive after one year as those treated with chemotherapy, reported the major international trial, published today (Sunday) in the New England Journal of Medicine. There are currently no other treatment options that improve the survival of patients with cisplatin-resistant relapsed or metastatic head and neck cancers. This group of patients are expected to live less than six months. The trial was led in the UK by Professor Kevin Harrington of The Institute of Cancer Research, London, and The Royal Marsden NHS Foundation Trust, and involved 20 research organisations from around the world. It was funded by Bristol Myers Squibb. Of the 361 patients in the trial, 240 with relapsed or metastatic head and neck cancer were allocated to receive nivolumab and 121 to one of three different chemotherapies. UK patients received the chemotherapy drug docetaxel, which is the only treatment approved for advanced head and neck cancer by NICE. After one year of the study, 36 per cent of patients treated with nivolumab were still alive compared with 17 per cent for the comparator arm. Median survival for patients on nivolumab was 7.5 months, compared with 5.1 months for chemotherapy. The survival benefit was more pronounced in patients whose tumours had tested positive for human papillomavirus (HPV). These patients survived an average of 9.1 months with nivolumab and 4.4 months with chemotherapy. HPV-negative patients survived an average of 7.5 months with nivolumab and 5.8 with chemotherapy. Importantly, fewer patients experienced serious side-effects from taking nivolumab than with conventional treatment - only 13 per cent compared with 35 per cent of patients who received chemotherapy. Patients given chemotherapy reported feeling physically, socially and emotionally worse off, whereas those who were given nivolumab remained stable during the course of treatment. Professor Harrington will be presenting some of the findings at the European Society for Medical Oncology 2016 Congress in Copenhagen, simultaneously with publication. Nivolumab will still have to go through approval by the European Medicines Agency and NICE before it is available for head and neck cancer patients on the NHS. UK trial lead Professor Kevin Harrington, Professor of Biological Cancer Therapies at The Institute of Cancer Research, London, and Consultant at The Royal Marsden NHS Foundation Trust, said: ""Nivolumab could be a real game-changer for patients with advanced head and neck cancer. This trial found that it can greatly extend life among a group of patients who have no existing treatment options, without worsening quality of life. ""Once it has relapsed or spread, head and neck cancer is extremely difficult to treat. So it's great news that these results indicate we now have a new treatment that can significantly extend life, and I'm keen to see it enter the clinic as soon as possible."" Professor Paul Workman, Chief Executive of The Institute of Cancer Research, London, said: ""Nivolumab is one of a new wave of immunotherapies that are beginning to have an impact across cancer treatment. This phase III clinical trial expands the repertoire of nivolumab even further, showing that it is the first treatment to have significant benefits in relapsed head and neck cancer. ""We hope regulators can work with the manufacturer to avoid delays in getting this drug to patients who have no effective treatment options left to them."" ### Some of the data was presented at 16:25 CEST today (Sunday) at the European Society for Medical Oncology 2016 Congress in Copenhagen. Notes to editors For more information please contact Claire Hastings on 020 8722 5380 or claire.hastings@icr.ac.uk. For enquiries out of hours, please call 07595 963 613. About head and neck cancer There were around 11,000 new cases of head and neck cancer and 3,300 deaths in the UK in 2012, 600,000 globally, and more than half relapse within 3-5 years. The Institute of Cancer Research, London, is one of the world's most influential cancer research organisations. Scientists and clinicians at The Institute of Cancer Research (ICR) are working every day to make a real impact on cancer patients' lives. Through its unique partnership with The Royal Marsden NHS Foundation Trust and 'bench-to-bedside' approach, the ICR is able to create and deliver results in a way that other institutions cannot. Together the two organisations are rated in the top four centres for cancer research and treatment globally. The ICR has an outstanding record of achievement dating back more than 100 years. It provided the first convincing evidence that DNA damage is the basic cause of cancer, laying the foundation for the now universally accepted idea that cancer is a genetic disease. Today it is a world leader at identifying cancer-related genes and discovering new targeted drugs for personalised cancer treatment. A college of the University of London, the ICR is the UK's top-ranked academic institution for research quality, and provides postgraduate higher education of international distinction. It has charitable status and relies on support from partner organisations, charities and the general public. The ICR's mission is to make the discoveries that defeat cancer. For more information visit http://www. icr. ac. uk The Royal Marsden NHS Foundation Trust The Royal Marsden opened its doors in 1851 as the world's first hospital dedicated to cancer diagnosis, treatment, research and education. The Head and Neck Unit at The Royal Marsden is one of the largest of its kind in Europe. Today, together with its academic partner, The Institute of Cancer Research (ICR), it is the largest and most comprehensive cancer centre in Europe treating over 50,000 NHS and private patients every year. It is a centre of excellence with an international reputation for groundbreaking research and pioneering the very latest in cancer treatments and technologies. The Royal Marsden, with the ICR, is the only National Institute for Health Research Biomedical Research Centre for Cancer. First awarded the status in 2006, it was re-awarded in 2011. A total of £62 million is being provided over five years, to support pioneering research work, and is being shared out over eight different cancer themes. The Royal Marsden also provides community services in the London boroughs of Sutton and Merton and in June 2010, along with the ICR, the Trust launched a new academic partnership with Mount Vernon Cancer Centre in Middlesex. Since 2004, the hospital's charity, The Royal Marsden Cancer Charity, has helped raise over £100 million to build theatres, diagnostic centres, and drug development units. Prince William became President of The Royal Marsden in 2007, following a long royal connection with the hospital."
fakehealth,story_reviews_01192,1,0,1,0.5348462459174447,0.4651537540825553,0.5348462459174447,0.34343937,0.65656066,0.65656066,"En Español By Kathleen Doheny HealthDay Reporter TUESDAY, Feb. 22, 2011 (HealthDay News) -- In women who have had breast cancer, annual mammograms help detect second breast cancers, but they're not as effective in women who have never had the disease, new research suggests. ""Screening mammography does work well in women with a history of breast cancer, so they should continue to get their annual screening mammogram,"" said Diana Miglioretti, senior investigator at Group Health Research Institute in Seattle and a co-author of the new research. ""But they also need to remain vigilant because they are at increased risk of cancers not detected on mammography that show up between mammograms."" In their study, published in the Feb. 23 issue of the Journal of the American Medical Association, Miglioretti and her colleagues found that false positives and interval cancers were both higher in women with a history of breast cancer than in those without such history. False positives are an initial finding of cancer that turns out to be benign based on additional testing. Interval cancers are those found between mammograms, either through additional tests or symptoms. The researchers evaluated 12 years of data from 58,870 screening mammograms in 19,078 women with early-stage breast cancer and an equal number of mammograms in another 55,315 women who had never had breast cancer. The women were matched on such factors as age and breast density, a risk factor for cancer, with higher density increasing risk. Within a year of the screening, 655 cancers were found in women with a breast cancer history and 342 in those without. Mammograms had detected 76.5 percent of the cancers in women who had never had breast cancer and 65.4 percent in those who had previously had the disease. As for false positives, 1 percent of the women without a history of breast cancer were referred for biopsy but ended up being cancer-free, compared with 1.7 percent of those with a breast cancer history. The interval cancer rate was 3.6 per 1,000 screenings in those with a history and 1.4 per 1,000 in those without, the investigators found. Women with a history of breast cancer were also more likely to be called back for additional imaging or biopsies: 18 percent called back, compared with 8.3 percent of the others. ""I think it's mostly positive news,"" Miglioretti said. ""Of the ones that are missed, most of them are early stage."" It points to the need, she said, for women to remain vigilant about screening after their breast cancer treatment -- and to report any symptoms to their doctor immediately. Dr. William Audeh, medical director of the Samuel Oschin Cancer Center and the Wasserman Breast Cancer Risk Reduction Program at Cedars-Sinai Medical Center in Los Angeles, described the findings as ""not at all surprising."" He reviewed the study but was not involved in it. After surgery and radiation, he said, a woman's breasts have changed, and there is a greater chance that a radiologist will think that something is abnormal simply because of the changes. ""That helps explain the false positives,"" Audeh said. And though mammography did not catch all cancers in the women with a breast cancer history, the study still points out the value of the test, he said. Robert Smith, director of cancer screening for the American Cancer Society, agreed. ""Despite poorer performance compared with women without a prior history of breast cancer, overall screening mammography was effective at detecting the majority of breast cancer in women with a [history] at an early favorable stage, with the majority of tumors being diagnosed as ductal carcinoma in situ or stage 1,"" Smith said. A trend among cancer specialists, Audeh said, is to tailor follow-up for a woman who has had breast cancer. For those who have dense breasts and are younger than 50, for example, ""we can alternate mammograms with breast MRIs,"" with one of the tests every six months, he said. More information WomensHealth.gov has more on mammograms.","Mammograms May Not Be Fool-Proof at Catching Second Cancers. En Español By Kathleen Doheny HealthDay Reporter TUESDAY, Feb. 22, 2011 (HealthDay News) -- In women who have had breast cancer, annual mammograms help detect second breast cancers, but they're not as effective in women who have never had the disease, new research suggests. ""Screening mammography does work well in women with a history of breast cancer, so they should continue to get their annual screening mammogram,"" said Diana Miglioretti, senior investigator at Group Health Research Institute in Seattle and a co-author of the new research. ""But they also need to remain vigilant because they are at increased risk of cancers not detected on mammography that show up between mammograms."" In their study, published in the Feb. 23 issue of the Journal of the American Medical Association, Miglioretti and her colleagues found that false positives and interval cancers were both higher in women with a history of breast cancer than in those without such history. False positives are an initial finding of cancer that turns out to be benign based on additional testing. Interval cancers are those found between mammograms, either through additional tests or symptoms. The researchers evaluated 12 years of data from 58,870 screening mammograms in 19,078 women with early-stage breast cancer and an equal number of mammograms in another 55,315 women who had never had breast cancer. The women were matched on such factors as age and breast density, a risk factor for cancer, with higher density increasing risk. Within a year of the screening, 655 cancers were found in women with a breast cancer history and 342 in those without. Mammograms had detected 76.5 percent of the cancers in women who had never had breast cancer and 65.4 percent in those who had previously had the disease. As for false positives, 1 percent of the women without a history of breast cancer were referred for biopsy but ended up being cancer-free, compared with 1.7 percent of those with a breast cancer history. The interval cancer rate was 3.6 per 1,000 screenings in those with a history and 1.4 per 1,000 in those without, the investigators found. Women with a history of breast cancer were also more likely to be called back for additional imaging or biopsies: 18 percent called back, compared with 8.3 percent of the others. ""I think it's mostly positive news,"" Miglioretti said. ""Of the ones that are missed, most of them are early stage."" It points to the need, she said, for women to remain vigilant about screening after their breast cancer treatment -- and to report any symptoms to their doctor immediately. Dr. William Audeh, medical director of the Samuel Oschin Cancer Center and the Wasserman Breast Cancer Risk Reduction Program at Cedars-Sinai Medical Center in Los Angeles, described the findings as ""not at all surprising."" He reviewed the study but was not involved in it. After surgery and radiation, he said, a woman's breasts have changed, and there is a greater chance that a radiologist will think that something is abnormal simply because of the changes. ""That helps explain the false positives,"" Audeh said. And though mammography did not catch all cancers in the women with a breast cancer history, the study still points out the value of the test, he said. Robert Smith, director of cancer screening for the American Cancer Society, agreed. ""Despite poorer performance compared with women without a prior history of breast cancer, overall screening mammography was effective at detecting the majority of breast cancer in women with a [history] at an early favorable stage, with the majority of tumors being diagnosed as ductal carcinoma in situ or stage 1,"" Smith said. A trend among cancer specialists, Audeh said, is to tailor follow-up for a woman who has had breast cancer. For those who have dense breasts and are younger than 50, for example, ""we can alternate mammograms with breast MRIs,"" with one of the tests every six months, he said. More information WomensHealth.gov has more on mammograms."
fakehealth,story_reviews_01455,1,0,1,0.518430308699646,0.4815696913003539,0.518430308699646,0.48823473,0.51176524,0.51176524,"Doctors and patients “traditionally see palliative care as something extended to a hospitalized patient in the last week of life,” said Dr. Jennifer S. Temel, an oncologist and author of the paper. “We thought it made sense to start them at the time of diagnosis. And we were thrilled to see such a huge impact. It shows that palliative care and cancer care aren’t mutually exclusive.” Dr. Atul Gawande, a Harvard Medical School surgeon and writer who just published a long article in The New Yorker about hospitalized patients’ suffering before death, called the study “amazing.” “The field was crying out for a randomized trial,” he added. Although the study could not determine why the patients lived longer, the authors and other experts had several theories: depression is known to shorten life, and patients whose pain is treated often sleep better, eat better and talk more with relatives. Also, hospitals are dangerous places for very sick people; they may get fatal blood infections, pneumonia or bedsores, or simply be overwhelmed by the powerful drugs and radiation attacking their cancer. Saying the study was “of critical importance,” Dr. R. Sean Morrison, president of the American Academy of Hospice and Palliative Medicine, said it was the “first concrete evidence of what a lot of us have seen in our practices — when you control pain and other symptoms, people not only feel better, they live longer.” There is sometimes tension between medical specialties, since surgeons and oncologists often view cancer as a battle, while palliative care specialists are seen as “giving up.” Newsletter Sign Up Continue reading the main story Please verify you're not a robot by clicking the box. Invalid email address. Please re-enter. You must select a newsletter to subscribe to. Sign Up You will receive emails containing news content , updates and promotions from The New York Times. You may opt-out at any time. You agree to receive occasional updates and special offers for The New York Times's products and services. Thank you for subscribing. An error has occurred. Please try again later. View all New York Times newsletters. Palliative care typically begins with a long conversation about what the patient with a terminal diagnosis wants out of his remaining life. It includes the options any oncologist addresses: surgery, chemotherapy and radiation and their side effects. But it also includes how much suffering a patient wishes to bear, effects on the family, and legal, insurance and religious issues. Teams focus on controlling pain, nausea, swelling, shortness of breath and other side effects; they also address patients’ worries and make sure they have help with making meals, dressing and bathing when not hospitalized. Hospice care is intensive palliative care including home nursing, but insurers and Medicare usually cover it only if the patient abandons medical treatment and two doctors certify that death is less than six months away. During the debate over President Obama’s 2009 health care bill, provisions to have Medicare and insurers pay for optional consultations with doctors on palliative and hospice care led to rumors, spread by talk-show hosts like Rush Limbaugh and Glenn Beck and by the former vice-presidential candidate Sarah Palin, that the bill empowered “death panels” that would “euthanize” elderly Americans. Advertisement Continue reading the main story Legislators eventually removed the provisions. In practice, Medicare and private insurers do pay for some palliative care, said Dr. Gail Austin Cooney, a former president of the palliative medicine academy. “But it’s piecemeal,” she said. “The billing is complicated, and for many physicians that’s enough of a deterrent to not bother.” Dr. Cooney herself had such care along with surgery and chemotherapy for ovarian cancer in 2008. “I decided I wanted every drop of chemotherapy they could give me, and it was very painful, dumping the drugs directly into my belly,” she said. She needed powerful painkillers, and also chose alternative-medicine options like acupuncture and “energy work” for nausea and fatigue. “I’m rigid — I had my last chemo treatment on Christmas Eve because I wanted it on the day I was due for it,” she said. “But I couldn’t have completed the program without the psychosocial support.” Palliative care experts now want to study patients with other cancers, heart disease, stroke, dementia and emphysema. But the National Institutes of Health is under budget pressure, and the other major source of money for medical research, the pharmaceutical industry, has little incentive to study palliative care. This trial was paid for by the American Society of Clinical Oncology and private philanthropy. “Philanthropists tend to focus on curing cancer,” Dr. Temel said. “But we can’t ignore people who need end-of-life care.”","Palliative Care Extends Life of Lung Cancer Patients, Study Finds. Doctors and patients “traditionally see palliative care as something extended to a hospitalized patient in the last week of life,” said Dr. Jennifer S. Temel, an oncologist and author of the paper. “We thought it made sense to start them at the time of diagnosis. And we were thrilled to see such a huge impact. It shows that palliative care and cancer care aren’t mutually exclusive.” Dr. Atul Gawande, a Harvard Medical School surgeon and writer who just published a long article in The New Yorker about hospitalized patients’ suffering before death, called the study “amazing.” “The field was crying out for a randomized trial,” he added. Although the study could not determine why the patients lived longer, the authors and other experts had several theories: depression is known to shorten life, and patients whose pain is treated often sleep better, eat better and talk more with relatives. Also, hospitals are dangerous places for very sick people; they may get fatal blood infections, pneumonia or bedsores, or simply be overwhelmed by the powerful drugs and radiation attacking their cancer. Saying the study was “of critical importance,” Dr. R. Sean Morrison, president of the American Academy of Hospice and Palliative Medicine, said it was the “first concrete evidence of what a lot of us have seen in our practices — when you control pain and other symptoms, people not only feel better, they live longer.” There is sometimes tension between medical specialties, since surgeons and oncologists often view cancer as a battle, while palliative care specialists are seen as “giving up.” Newsletter Sign Up Continue reading the main story Please verify you're not a robot by clicking the box. Invalid email address. Please re-enter. You must select a newsletter to subscribe to. Sign Up You will receive emails containing news content , updates and promotions from The New York Times. You may opt-out at any time. You agree to receive occasional updates and special offers for The New York Times's products and services. Thank you for subscribing. An error has occurred. Please try again later. View all New York Times newsletters. Palliative care typically begins with a long conversation about what the patient with a terminal diagnosis wants out of his remaining life. It includes the options any oncologist addresses: surgery, chemotherapy and radiation and their side effects. But it also includes how much suffering a patient wishes to bear, effects on the family, and legal, insurance and religious issues. Teams focus on controlling pain, nausea, swelling, shortness of breath and other side effects; they also address patients’ worries and make sure they have help with making meals, dressing and bathing when not hospitalized. Hospice care is intensive palliative care including home nursing, but insurers and Medicare usually cover it only if the patient abandons medical treatment and two doctors certify that death is less than six months away. During the debate over President Obama’s 2009 health care bill, provisions to have Medicare and insurers pay for optional consultations with doctors on palliative and hospice care led to rumors, spread by talk-show hosts like Rush Limbaugh and Glenn Beck and by the former vice-presidential candidate Sarah Palin, that the bill empowered “death panels” that would “euthanize” elderly Americans. Advertisement Continue reading the main story Legislators eventually removed the provisions. In practice, Medicare and private insurers do pay for some palliative care, said Dr. Gail Austin Cooney, a former president of the palliative medicine academy. “But it’s piecemeal,” she said. “The billing is complicated, and for many physicians that’s enough of a deterrent to not bother.” Dr. Cooney herself had such care along with surgery and chemotherapy for ovarian cancer in 2008. “I decided I wanted every drop of chemotherapy they could give me, and it was very painful, dumping the drugs directly into my belly,” she said. She needed powerful painkillers, and also chose alternative-medicine options like acupuncture and “energy work” for nausea and fatigue. “I’m rigid — I had my last chemo treatment on Christmas Eve because I wanted it on the day I was due for it,” she said. “But I couldn’t have completed the program without the psychosocial support.” Palliative care experts now want to study patients with other cancers, heart disease, stroke, dementia and emphysema. But the National Institutes of Health is under budget pressure, and the other major source of money for medical research, the pharmaceutical industry, has little incentive to study palliative care. This trial was paid for by the American Society of Clinical Oncology and private philanthropy. “Philanthropists tend to focus on curing cancer,” Dr. Temel said. “But we can’t ignore people who need end-of-life care.”"
fakehealth,story_reviews_01113,1,0,1,0.7252914824249391,0.2747085175750609,0.7252914824249391,0.4103887,0.5896113,0.5896113,"NEW YORK (Reuters Health) - National guidelines help doctors decide how to treat high blood pressure. But tailoring those guidelines to better fit individuals could prevent many more heart attacks and strokes, say developers of a computer model that makes those calculations. Their study, published Monday in the Annals of Internal Medicine, estimated the effects of using “individualized guidelines” to make decisions on treating high blood pressure. It found that the tailored approach could prevent 43 percent more heart attacks and strokes than the simpler, general recommendations used now. Currently, U.S. guidelines recommend treatment if blood pressure rises above 140/90 mm Hg, or above 130/80 mm Hg if a person has diabetes or chronic kidney disease. Doctors generally add their own judgment to that decision as well. If, for instance, a person has slightly elevated blood pressure but is otherwise at low risk for heart problems, then lifestyle changes might be enough. But the new study looked at a more sophisticated way of estimating individual patients’ needs. Researchers used a computer-based “risk calculator” that took into account a person’s age, cholesterol levels, family history of heart disease and any diabetes diagnosis. It also factored in what’s known about different types of patients’ responses to various blood pressure medications. The researchers then used data from a long-term study of 15,800 Americans to estimate the effects of applying the individualized guidelines. Overall, they found, the tailored method could prevent 43 percent more heart attacks and strokes than national guidelines, if healthcare costs were kept the same. If, on the other hand, the number of heart attacks and strokes prevented were kept the same, the individualized guidelines would accomplish that result at a 67 percent cost savings versus the national guidelines. The goal of using the risk calculator “is the same as the physician’s desire to take into account the ‘whole patient’ when discussing treatment options with patients,” said lead researcher Dr. David M. Eddy. The problem with the old-fashioned way, he told Reuters Health in an email, is that there are many pieces of information about a patient to consider. “It is impossible for the human brain to digest it all and estimate accurately the patient’s risks or how they would benefit from treatments,” he said. According to Eddy, risk calculators like the one in the study could, eventually, help doctors give patients real numbers. A doctor might tell you, for example, what your risk is of developing diabetes in the next 20 years, and how much you could cut that risk if you lose a certain amount of weight (and keep it off). Eddy is a founder of Archimedes, Inc., a San Francisco-based company that has developed a computer-based mathematical model to aid in healthcare decisions. The calculator used in this study is a simplified version of that model. Eddy said that the calculator, or others like it, could be integrated into electronic health records. A patient’s information could be automatically fed to the calculator, and the results would then be displayed on a computer for the doctor and patient to discuss. A researcher not involved in the work said it was a “nice study” that is a first step toward showing that tailored guidelines could have benefits. “This shows that there might be better ways for physicians to choose who gets treated and who does not,” said Dr. Douglas K. Owens of the VA Palo Alto Health Care System in California, who wrote an editorial published with the study. General guidelines, like those for treating high blood pressure, are kept fairly simple so they are easy to remember, Owens told Reuters Health in an interview. Doctors, ideally, then adapt those guidelines to individual patients’ situations. However, Owens said, “it’s hard to do all of that in your head. This gives them a tool.” Now the looming questions are how to implement risk calculators in doctors’ practices — and, Owens said, whether that benefits patients’ health in the real world. “The general theme is that we can do better, and we may have an opportunity to improve patients’ health outcomes,” Owens said. “That’s the hope.” He said he thinks electronic health records will be key to putting individualized guidelines into practice. And right now, there is a way to go before most doctors will have those systems in place. A recent government survey found that the percentage of U.S. doctors using electronic health records is on the rise, but still fairly low. About one-quarter of surveyed doctors said they had “basic” electronic medical record systems in their offices. Only about 10 percent had a “fully functional” system that included extensive information on patients’ medical history. SOURCE: bit.ly/an7XRm Annals of Internal Medicine, online May 2, 2011.","Tailored medicine could prevent more heart attacks. NEW YORK (Reuters Health) - National guidelines help doctors decide how to treat high blood pressure. But tailoring those guidelines to better fit individuals could prevent many more heart attacks and strokes, say developers of a computer model that makes those calculations. Their study, published Monday in the Annals of Internal Medicine, estimated the effects of using “individualized guidelines” to make decisions on treating high blood pressure. It found that the tailored approach could prevent 43 percent more heart attacks and strokes than the simpler, general recommendations used now. Currently, U.S. guidelines recommend treatment if blood pressure rises above 140/90 mm Hg, or above 130/80 mm Hg if a person has diabetes or chronic kidney disease. Doctors generally add their own judgment to that decision as well. If, for instance, a person has slightly elevated blood pressure but is otherwise at low risk for heart problems, then lifestyle changes might be enough. But the new study looked at a more sophisticated way of estimating individual patients’ needs. Researchers used a computer-based “risk calculator” that took into account a person’s age, cholesterol levels, family history of heart disease and any diabetes diagnosis. It also factored in what’s known about different types of patients’ responses to various blood pressure medications. The researchers then used data from a long-term study of 15,800 Americans to estimate the effects of applying the individualized guidelines. Overall, they found, the tailored method could prevent 43 percent more heart attacks and strokes than national guidelines, if healthcare costs were kept the same. If, on the other hand, the number of heart attacks and strokes prevented were kept the same, the individualized guidelines would accomplish that result at a 67 percent cost savings versus the national guidelines. The goal of using the risk calculator “is the same as the physician’s desire to take into account the ‘whole patient’ when discussing treatment options with patients,” said lead researcher Dr. David M. Eddy. The problem with the old-fashioned way, he told Reuters Health in an email, is that there are many pieces of information about a patient to consider. “It is impossible for the human brain to digest it all and estimate accurately the patient’s risks or how they would benefit from treatments,” he said. According to Eddy, risk calculators like the one in the study could, eventually, help doctors give patients real numbers. A doctor might tell you, for example, what your risk is of developing diabetes in the next 20 years, and how much you could cut that risk if you lose a certain amount of weight (and keep it off). Eddy is a founder of Archimedes, Inc., a San Francisco-based company that has developed a computer-based mathematical model to aid in healthcare decisions. The calculator used in this study is a simplified version of that model. Eddy said that the calculator, or others like it, could be integrated into electronic health records. A patient’s information could be automatically fed to the calculator, and the results would then be displayed on a computer for the doctor and patient to discuss. A researcher not involved in the work said it was a “nice study” that is a first step toward showing that tailored guidelines could have benefits. “This shows that there might be better ways for physicians to choose who gets treated and who does not,” said Dr. Douglas K. Owens of the VA Palo Alto Health Care System in California, who wrote an editorial published with the study. General guidelines, like those for treating high blood pressure, are kept fairly simple so they are easy to remember, Owens told Reuters Health in an interview. Doctors, ideally, then adapt those guidelines to individual patients’ situations. However, Owens said, “it’s hard to do all of that in your head. This gives them a tool.” Now the looming questions are how to implement risk calculators in doctors’ practices — and, Owens said, whether that benefits patients’ health in the real world. “The general theme is that we can do better, and we may have an opportunity to improve patients’ health outcomes,” Owens said. “That’s the hope.” He said he thinks electronic health records will be key to putting individualized guidelines into practice. And right now, there is a way to go before most doctors will have those systems in place. A recent government survey found that the percentage of U.S. doctors using electronic health records is on the rise, but still fairly low. About one-quarter of surveyed doctors said they had “basic” electronic medical record systems in their offices. Only about 10 percent had a “fully functional” system that included extensive information on patients’ medical history. SOURCE: bit.ly/an7XRm Annals of Internal Medicine, online May 2, 2011."
fakehealth,news_reviews_00174,0,1,0,0.4967876141302471,0.5032123858697529,0.5032123858697529,0.59985,0.40015006,0.59985,"EAST LANSING, Mich. - Michigan State University scientists now have early proof that an antidepressant drug that's been around for more than 50 years could slow the progression of Parkinson's. In a proof-of-concept study, published in the journal Neurobiology of Disease, the drug nortriptyline, which has been used to treat depression and nerve pain, stopped the growth of abnormal proteins that can build up in the brain and lead to the development of the disease. ""Depression is a very frequent condition associated with Parkinson's, so we became interested in whether an antidepressant could modify how the disease progresses,"" said Tim Collier, lead author of the federally funded study and a neuroscientist at MSU. Collier and collaborator Katrina Paumier, an assistant professor of molecular medicine, began looking at previous patient data to see if individuals who were on antidepressants experienced any delay in their need to go on a standard Parkinson's therapy called levodopa. This type of therapy increases levels of dopamine, a natural chemical in the body that sends signals to other nerve cells and can significantly decrease in cases of Parkinson's. The medication also treats many of the symptoms associated with the disease such as tremors and poor muscle control. ""We found that those on a certain class of antidepressant, called tricyclics, didn't need the levodopa therapy until much later compared to those who weren't on that type of antidepressant medication,"" Collier said. Collier then began testing rats with the tricyclic antidepressant nortriptyline and found that it indeed was able to decrease the amount of abnormal protein that can build up in the brain. This protein, known as alpha-synuclein, can cause the brain's nerve cells to die when in a clustered state and is a hallmark sign of the disease. To further back up his research, he enlisted the help of his colleague and co-author Lisa Lapidus, who in previous studies had already detected whether certain compounds could bind to alpha-synuclein and stop it from accumulating. ""Proteins are constantly moving and changing shape,"" said Lapidus, a professor in the Department of Physics and Astronomy. ""By using a test tube model, we found that by adding nortriptyline to the alpha-synuclein proteins, they began to move and change shape much faster, preventing the proteins from clumping together. The idea that this clustering effect is controlled by how fast or slow a protein reconfigures itself is typically not a standard way of thinking in research on proteins, but our work has been able to show these changes."" Understanding how these proteins can clump together could point researchers in new directions and help them find other possible drugs that could potentially treat Parkinson's. ""What we've essentially shown is that an already FDA-approved drug that's been studied over 50 years and is relatively well tolerated could be a much simpler approach to treating the disease itself, not just the symptoms,"" Collier said. Collier is already looking for funding for the next phase of his research and hopes to lead a human clinical trial using the drug in the future. ### The National Institutes of Health, as well as the Michael J. Fox and St. Mary's Foundations, funded the study. Michigan State University has been working to advance the common good in uncommon ways for more than 150 years. One of the top research universities in the world, MSU focuses its vast resources on creating solutions to some of the world's most pressing challenges, while providing life-changing opportunities to a diverse and inclusive academic community through more than 200 programs of study in 17 degree-granting colleges.","Longtime antidepressant could slow Parkinson's. EAST LANSING, Mich. - Michigan State University scientists now have early proof that an antidepressant drug that's been around for more than 50 years could slow the progression of Parkinson's. In a proof-of-concept study, published in the journal Neurobiology of Disease, the drug nortriptyline, which has been used to treat depression and nerve pain, stopped the growth of abnormal proteins that can build up in the brain and lead to the development of the disease. ""Depression is a very frequent condition associated with Parkinson's, so we became interested in whether an antidepressant could modify how the disease progresses,"" said Tim Collier, lead author of the federally funded study and a neuroscientist at MSU. Collier and collaborator Katrina Paumier, an assistant professor of molecular medicine, began looking at previous patient data to see if individuals who were on antidepressants experienced any delay in their need to go on a standard Parkinson's therapy called levodopa. This type of therapy increases levels of dopamine, a natural chemical in the body that sends signals to other nerve cells and can significantly decrease in cases of Parkinson's. The medication also treats many of the symptoms associated with the disease such as tremors and poor muscle control. ""We found that those on a certain class of antidepressant, called tricyclics, didn't need the levodopa therapy until much later compared to those who weren't on that type of antidepressant medication,"" Collier said. Collier then began testing rats with the tricyclic antidepressant nortriptyline and found that it indeed was able to decrease the amount of abnormal protein that can build up in the brain. This protein, known as alpha-synuclein, can cause the brain's nerve cells to die when in a clustered state and is a hallmark sign of the disease. To further back up his research, he enlisted the help of his colleague and co-author Lisa Lapidus, who in previous studies had already detected whether certain compounds could bind to alpha-synuclein and stop it from accumulating. ""Proteins are constantly moving and changing shape,"" said Lapidus, a professor in the Department of Physics and Astronomy. ""By using a test tube model, we found that by adding nortriptyline to the alpha-synuclein proteins, they began to move and change shape much faster, preventing the proteins from clumping together. The idea that this clustering effect is controlled by how fast or slow a protein reconfigures itself is typically not a standard way of thinking in research on proteins, but our work has been able to show these changes."" Understanding how these proteins can clump together could point researchers in new directions and help them find other possible drugs that could potentially treat Parkinson's. ""What we've essentially shown is that an already FDA-approved drug that's been studied over 50 years and is relatively well tolerated could be a much simpler approach to treating the disease itself, not just the symptoms,"" Collier said. Collier is already looking for funding for the next phase of his research and hopes to lead a human clinical trial using the drug in the future. ### The National Institutes of Health, as well as the Michael J. Fox and St. Mary's Foundations, funded the study. Michigan State University has been working to advance the common good in uncommon ways for more than 150 years. One of the top research universities in the world, MSU focuses its vast resources on creating solutions to some of the world's most pressing challenges, while providing life-changing opportunities to a diverse and inclusive academic community through more than 200 programs of study in 17 degree-granting colleges."
fakehealth,story_reviews_00070,1,0,1,0.8228193347976214,0.1771806652023786,0.8228193347976214,0.0964878,0.90351224,0.90351224,"Millions of Americans suffer from migraine headaches. A new class of drug, fully human monoclonal antibodies, may help to prevent the excruciating headaches without causing side effects. Milan Ilic Photographer / Shutterstock","FDA approves new drug that prevents migraines without side effects. Millions of Americans suffer from migraine headaches. A new class of drug, fully human monoclonal antibodies, may help to prevent the excruciating headaches without causing side effects. Milan Ilic Photographer / Shutterstock"
fakehealth,story_reviews_01026,1,0,1,0.5244889449560848,0.4755110550439153,0.5244889449560848,0.3376119,0.662388,0.662388,"LOS ANGELES (Reuters) - Scientists for the first time have used gene therapy to successfully destroy cancer tumors in patients with advanced disease — a goal that has taken 20 years to achieve. Mari, a 3 year-old leukaemia patient, stands next to her IV drip at the corridor of the onco-hematology department of the Iashvili Central Children's Hospital in Tbilisi April 7, 2011. REUTERS/David Mdzinarishvili Researchers at the University of Pennsylvania engineered patients’ own pathogen-fighting T-cells to target a molecule found on the surface of leukemia cells. The altered T-cells were grown outside of the body and infused back into patients suffering from late-stage chronic lymphocytic leukemia (CLL), which affects the blood and bone marrow and is the most common form of leukemia. Two participants in the Phase I trial have been in remission for up to a year. A third had a strong anti-tumor response, and his cancer remains in check. The research group plans to treat four more patients with CLL before moving into a larger Phase II trial. “We put a key onto the surface of the T-cells that fits into a lock that only the cancer cells have,” said Dr. Michael Kalos, director of translational and correlative studies at the University of Pennsylvania’s Perelman School of Medicine and an investigator on the study. The results provide “a tumor-attack roadmap for the treatment of other cancers,” including those of the lung and ovaries as well as myeloma and melanoma, researchers said. The findings were published simultaneously Wednesday in the New England Journal of Medicine and Science Translational Medicine. Kalos said past efforts to use the technique, known as “adoptive T-cell transfer,” failed either because the T-cell response was too weak or proved too toxic for normal tissue. NEW METHODOLOGY The technique differs from other cancer therapies designed to harness the body’s own immune system to fight tumors — such as therapeutic cancer vaccines. “We are saying forget about stimulating an immune response. We are going to give you an immune response,” Kalos said. The treatment appears safe, but researchers said more study was needed. The leukemia patients in the Phase I trial had to be treated with an immunity-boosting drug since the targeted molecule, CD-19, is also present on certain normal immune-system cells. To deliver the gene therapy, the researchers used a virus that can only infect cells once. It was used to carry a chimeric antigen receptor targeting CD-19 coupled with receptors for two other components of T-cell activity. About two weeks after the gene therapy, patients began to experience “tumor lysis syndrome” — chills, nausea and fever — caused by the break-down products of dying cancer cells. The engineered T-cells were detected in patients’ blood for several months afterward, and a portion of them turned into “memory T-cells,” which could provide ongoing protection against cancer recurrence, researchers surmised. Dr. Walter Urba of the Providence Cancer Center in Portland Oregon cautioned that continued presence of activated T-cells and memory cells might be more of a problem in other types of cancer where toxic effects on normal tissue could be more severe. In addition, the long-term viability of the treatment is still unknown. “One of the big questions is ... will those persistent T-cells continue to work and prevent that tumor from coming back,” said Urba, who was not involved in the study. All of the funding for the University of Pennsylvania’s gene therapy work has come from the academic community, but the work is expensive. “We are looking for corporate partners as we head into Phase II trials,” Kalos said. Further study will show whether the latest results “reflect an authentic advance toward a clinically applicable and effective therapy or yet another promising lead that runs into a barrier that cannot be easily overcome,” Urba said in an NEJM editorial.","Gene therapy shown to destroy leukemia tumors. LOS ANGELES (Reuters) - Scientists for the first time have used gene therapy to successfully destroy cancer tumors in patients with advanced disease — a goal that has taken 20 years to achieve. Mari, a 3 year-old leukaemia patient, stands next to her IV drip at the corridor of the onco-hematology department of the Iashvili Central Children's Hospital in Tbilisi April 7, 2011. REUTERS/David Mdzinarishvili Researchers at the University of Pennsylvania engineered patients’ own pathogen-fighting T-cells to target a molecule found on the surface of leukemia cells. The altered T-cells were grown outside of the body and infused back into patients suffering from late-stage chronic lymphocytic leukemia (CLL), which affects the blood and bone marrow and is the most common form of leukemia. Two participants in the Phase I trial have been in remission for up to a year. A third had a strong anti-tumor response, and his cancer remains in check. The research group plans to treat four more patients with CLL before moving into a larger Phase II trial. “We put a key onto the surface of the T-cells that fits into a lock that only the cancer cells have,” said Dr. Michael Kalos, director of translational and correlative studies at the University of Pennsylvania’s Perelman School of Medicine and an investigator on the study. The results provide “a tumor-attack roadmap for the treatment of other cancers,” including those of the lung and ovaries as well as myeloma and melanoma, researchers said. The findings were published simultaneously Wednesday in the New England Journal of Medicine and Science Translational Medicine. Kalos said past efforts to use the technique, known as “adoptive T-cell transfer,” failed either because the T-cell response was too weak or proved too toxic for normal tissue. NEW METHODOLOGY The technique differs from other cancer therapies designed to harness the body’s own immune system to fight tumors — such as therapeutic cancer vaccines. “We are saying forget about stimulating an immune response. We are going to give you an immune response,” Kalos said. The treatment appears safe, but researchers said more study was needed. The leukemia patients in the Phase I trial had to be treated with an immunity-boosting drug since the targeted molecule, CD-19, is also present on certain normal immune-system cells. To deliver the gene therapy, the researchers used a virus that can only infect cells once. It was used to carry a chimeric antigen receptor targeting CD-19 coupled with receptors for two other components of T-cell activity. About two weeks after the gene therapy, patients began to experience “tumor lysis syndrome” — chills, nausea and fever — caused by the break-down products of dying cancer cells. The engineered T-cells were detected in patients’ blood for several months afterward, and a portion of them turned into “memory T-cells,” which could provide ongoing protection against cancer recurrence, researchers surmised. Dr. Walter Urba of the Providence Cancer Center in Portland Oregon cautioned that continued presence of activated T-cells and memory cells might be more of a problem in other types of cancer where toxic effects on normal tissue could be more severe. In addition, the long-term viability of the treatment is still unknown. “One of the big questions is ... will those persistent T-cells continue to work and prevent that tumor from coming back,” said Urba, who was not involved in the study. All of the funding for the University of Pennsylvania’s gene therapy work has come from the academic community, but the work is expensive. “We are looking for corporate partners as we head into Phase II trials,” Kalos said. Further study will show whether the latest results “reflect an authentic advance toward a clinically applicable and effective therapy or yet another promising lead that runs into a barrier that cannot be easily overcome,” Urba said in an NEJM editorial."
fakehealth,story_reviews_00607,1,0,1,0.5246347033963819,0.4753652966036181,0.5246347033963819,0.39858192,0.6014181,0.6014181,"Lost Posture: Why Some Indigenous Cultures May Not Have Back Pain Enlarge this image toggle caption Courtesy of Esther Gokhale and Ian Mackenzie/Nomads of the Dawn Courtesy of Esther Gokhale and Ian Mackenzie/Nomads of the Dawn Editor's note, June 10: We have added an acknowledgement of several sources that Esther Gokhale used while developing her theories on back pain. These include physiotherapy methods, such as the Alexander Technique and the Feldenkrais Method, and the work of anthropologist Noelle Perez-Christiaens. Back pain is a tricky beast. Most Americans will at some point have a problem with their backs. And for an unlucky third, treatments won't work, and the problem will become chronic. Enlarge this image toggle caption Courtesy of Esther Gokhale/Gerard Mackworth-Young Courtesy of Esther Gokhale/Gerard Mackworth-Young Believe it or not, there are a few cultures in the world where back pain hardly exists. One indigenous tribe in central India reported essentially none. And the discs in their backs showed little signs of degeneration as people aged. An acupuncturist in Palo Alto, Calif., thinks she has figured out why. She has traveled around the world studying cultures with low rates of back pain — how they stand, sit and walk. Now she's sharing their secrets with back pain sufferers across the U.S. About two decades ago, Esther Gokhale started to struggle with her own back after she had her first child. ""I had excruciating pain. I couldn't sleep at night,"" she says. ""I was walking around the block every two hours. I was just crippled."" Gokhale had a herniated disc. Eventually she had surgery to fix it. But a year later, it happened again. ""They wanted to do another back surgery. You don't want to make a habit out of back surgery,"" she says. This time around, Gokhale wanted to find a permanent fix for her back. And she wasn't convinced Western medicine could do that. So Gokhale started to think outside the box. She had an idea: ""Go to populations where they don't have these huge problems and see what they're doing."" Esther Gokhale's Five Tips For Better Posture And Less Back Pain Try these exercises while you're working at your desk, sitting at the dinner table or walking around, Esther Gokhale recommends. 1. Do a shoulder roll: Americans tend to scrunch their shoulders forward, so our arms are in front of our bodies. That's not how people in indigenous cultures carry their arms, Gokhale says. To fix that, gently pull your shoulders up, push them back and then let them drop — like a shoulder roll. Now your arms should dangle by your side, with your thumbs pointing out. ""This is the way all your ancestors parked their shoulders,"" she says. ""This is the natural architecture for our species."" 2. Lengthen your spine: Adding extra length to your spine is easy, Gokhale says. Being careful not to arch your back, take a deep breath in and grow tall. Then maintain that height as you exhale. Repeat: Breathe in, grow even taller and maintain that new height as you exhale. ""It takes some effort, but it really strengthens your abdominal muscles,"" Gokhale says. 3. Squeeze, squeeze your glute muscles when you walk: In many indigenous cultures, people squeeze their gluteus medius muscles every time they take a step. That's one reason they have such shapely buttocks muscles that support their lower backs. Gokhale says you can start developing the same type of derrière by tightening the buttocks muscles when you take each step. ""The gluteus medius is the one you're after here. It's the one high up on your bum,"" Gokhale says. ""It's the muscle that keeps you perky, at any age."" 4. Don't put your chin up: Instead, add length to your neck by taking a lightweight object, like a bean bag or folded washcloth, and balance it on the top of your crown. Try to push your head against the object. ""This will lengthen the back of your neck and allow your chin to angle down — not in an exaggerated way, but in a relaxed manner,"" Gokhale says. 5. Don't sit up straight! ""That's just arching your back and getting you into all sorts of trouble,"" Gokhale says. Instead do a shoulder roll to open up the chest and take a deep breath to stretch and lengthen the spine. [Added June 10] So Gokhale studied findings from anthropologists, such as Noelle Perez-Christiaens, who analyzed postures of indigenous populations. And she studied physiotherapy methods, such as the Alexander Technique and the Feldenkrais Method. And the original post continues ... Then over the next decade, Gokhale went to cultures around the world that live far away from modern life. She went to the mountains in Ecuador, tiny fishing towns in Portugal and remote villages of West Africa. ""I went to villages where every kid under age 4 was crying because they were frightened to see somebody with white skin — they'd never seen a white person before,"" she says. Gokhale took photos and videos of people who walked with water buckets on their heads, collected firewood or sat on the ground weaving, for hours. ""I have a picture in my book of these two women who spend seven to nine hours everyday, bent over, gathering water chestnuts,"" Gokhale says. ""They're quite old. But the truth is they don't have a back pain."" She tried to figure out what all these different people had in common. The first thing that popped out was the shape of their spines. ""They have this regal posture, and it's very compelling."" And it's quite different than American spines. If you look at an American's spine from the side, or profile, it's shaped like the letter S. It curves at the top and then back again at the bottom. But Gokhale didn't see those two big curves in people who don't have back pain. ""That S shape is actually not natural,"" she says. ""It's a J-shaped spine that you want."" In fact, if you look at drawings from Leonardo da Vinci — or a Gray's Anatomy book from 1901 — the spine isn't shaped like a sharp, curvy S. It's much flatter, all the way down the back. Then at the bottom, it curves to stick the buttocks out. So the spine looks more like the letter J. ""The J-shaped spine is what you see in Greek statues. It's what you see in young children. It's good design,"" Gokhale says. So Gokhale worked to get her spine into the J shape. And gradually her back pain went away. Enlarge this image toggle caption Library of Congress Library of Congress Then Gokhale realized she could help others. She developed a set of exercises, wrote a book and set up a studio in downtown Palo Alto. Now her list of clients is impressive. She's helped YouTube CEO Susan Wojcicki and Matt Drudge of the Drudge Report. She has given classes at Google, Facebook and companies across the country. In Silicon Valley, she's known as the ""posture guru."" Each year, doctors in the Bay Area refer hundreds of patients to Gokhale. One of them is Dr. Neeta Jain, an internist at the Palo Alto Medical Foundation. She puts Gokhale's method in the same category as Pilates and yoga for back pain. And it doesn't bother her that the method hasn't been tested in a clinical trial. ""If people are finding things that are helpful, and it's not causing any harm, then why do we have to wait for a trial?"" Jain asked. But there's still a big question looming here: Is Gokhale right? Have people in Western cultures somehow forgotten the right way to stand? Scientists don't know yet, says Dr. Praveen Mummaneni, a neurosurgeon at the University of California, San Francisco's Spine Center. Nobody has done a study on traditional cultures to see why some have lower rates of back pain, he says. Nobody has even documented the shape of their spines. ""I'd like to go and take X-rays of indigenous populations and compare it to people in the Western world,"" Mummaneni says. ""I think that would be helpful."" But there's a whole bunch of reasons why Americans' postures — and the shape of their spines — may be different than those of indigenous populations, he says. For starters, Americans tend to be much heavier. ""If you have a lot of fat built up in the belly, that could pull your weight forward,"" Mummaneni says. ""That could curve the spine. And people who are thinner probably have less curvature"" — and thus a spine shaped more like J than than an S. Americans are also much less active than people in traditional cultures, Mummaneni says. ""I think the sedentary lifestyle promotes a lack of muscle tone and a lack of postural stability because the muscles get weak."" toggle caption NPR Everyone knows that weak abdominal muscles can cause back pain. In fact, Mummaneni says, stronger muscles might be the secret to Gokhale's success. In other words, it's not that the J-shaped spine is the ideal one — or the healthiest. It's what goes into making the J-shaped spine that matters: ""You have to use muscle strength to get your spine to look like a J shape,"" he says. So Gokhale has somehow figured out a way to teach people to build up their core muscles without them even knowing it. ""Yes, I think that's correct,"" Mummaneni says. ""You're not going to be able to go from the S- to the J-shaped spine without having good core muscle strength. And I think that's key here."" So indigenous people around the world don't have a magic bullet for stopping back pain. They've just got beefy abdominal muscles, and their lifestyle helps to keep them that way, even as they age.","Lost Posture: Why Some Indigenous Cultures May Not Have Back Pain Enlarge this image toggle caption Courtesy of Esther Gokhale and Ian Mackenzie/Nomads of the Dawn Courtesy of Esther Gokhale and Ian Mackenzie/Nomads of the Dawn Editor's note, June 10: We have added an acknowledgement of several sources that Esther Gokhale used while developing her theories on back pain. These include physiotherapy methods, such as the Alexander Technique and the Feldenkrais Method, and the work of anthropologist Noelle Perez-Christiaens. Back pain is a tricky beast. Most Americans will at some point have a problem with their backs. And for an unlucky third, treatments won't work, and the problem will become chronic. Enlarge this image toggle caption Courtesy of Esther Gokhale/Gerard Mackworth-Young Courtesy of Esther Gokhale/Gerard Mackworth-Young Believe it or not, there are a few cultures in the world where back pain hardly exists. One indigenous tribe in central India reported essentially none. And the discs in their backs showed little signs of degeneration as people aged. An acupuncturist in Palo Alto, Calif., thinks she has figured out why. She has traveled around the world studying cultures with low rates of back pain — how they stand, sit and walk. Now she's sharing their secrets with back pain sufferers across the U.S. About two decades ago, Esther Gokhale started to struggle with her own back after she had her first child. ""I had excruciating pain. I couldn't sleep at night,"" she says. ""I was walking around the block every two hours. I was just crippled."" Gokhale had a herniated disc. Eventually she had surgery to fix it. But a year later, it happened again. ""They wanted to do another back surgery. You don't want to make a habit out of back surgery,"" she says. This time around, Gokhale wanted to find a permanent fix for her back. And she wasn't convinced Western medicine could do that. So Gokhale started to think outside the box. She had an idea: ""Go to populations where they don't have these huge problems and see what they're doing."" Esther Gokhale's Five Tips For Better Posture And Less Back Pain Try these exercises while you're working at your desk, sitting at the dinner table or walking around, Esther Gokhale recommends. 1. Do a shoulder roll: Americans tend to scrunch their shoulders forward, so our arms are in front of our bodies. That's not how people in indigenous cultures carry their arms, Gokhale says. To fix that, gently pull your shoulders up, push them back and then let them drop — like a shoulder roll. Now your arms should dangle by your side, with your thumbs pointing out. ""This is the way all your ancestors parked their shoulders,"" she says. ""This is the natural architecture for our species."" 2. Lengthen your spine: Adding extra length to your spine is easy, Gokhale says. Being careful not to arch your back, take a deep breath in and grow tall. Then maintain that height as you exhale. Repeat: Breathe in, grow even taller and maintain that new height as you exhale. ""It takes some effort, but it really strengthens your abdominal muscles,"" Gokhale says. 3. Squeeze, squeeze your glute muscles when you walk: In many indigenous cultures, people squeeze their gluteus medius muscles every time they take a step. That's one reason they have such shapely buttocks muscles that support their lower backs. Gokhale says you can start developing the same type of derrière by tightening the buttocks muscles when you take each step. ""The gluteus medius is the one you're after here. It's the one high up on your bum,"" Gokhale says. ""It's the muscle that keeps you perky, at any age."" 4. Don't put your chin up: Instead, add length to your neck by taking a lightweight object, like a bean bag or folded washcloth, and balance it on the top of your crown. Try to push your head against the object. ""This will lengthen the back of your neck and allow your chin to angle down — not in an exaggerated way, but in a relaxed manner,"" Gokhale says. 5. Don't sit up straight! ""That's just arching your back and getting you into all sorts of trouble,"" Gokhale says. Instead do a shoulder roll to open up the chest and take a deep breath to stretch and lengthen the spine. [Added June 10] So Gokhale studied findings from anthropologists, such as Noelle Perez-Christiaens, who analyzed postures of indigenous populations. And she studied physiotherapy methods, such as the Alexander Technique and the Feldenkrais Method. And the original post continues ... Then over the next decade, Gokhale went to cultures around the world that live far away from modern life. She went to the mountains in Ecuador, tiny fishing towns in Portugal and remote villages of West Africa. ""I went to villages where every kid under age 4 was crying because they were frightened to see somebody with white skin — they'd never seen a white person before,"" she says. Gokhale took photos and videos of people who walked with water buckets on their heads, collected firewood or sat on the ground weaving, for hours. ""I have a picture in my book of these two women who spend seven to nine hours everyday, bent over, gathering water chestnuts,"" Gokhale says. ""They're quite old. But the truth is they don't have a back pain."" She tried to figure out what all these different people had in common. The first thing that popped out was the shape of their spines. ""They have this regal posture, and it's very compelling."" And it's quite different than American spines. If you look at an American's spine from the side, or profile, it's shaped like the letter S. It curves at the top and then back again at the bottom. But Gokhale didn't see those two big curves in people who don't have back pain. ""That S shape is actually not natural,"" she says. ""It's a J-shaped spine that you want."" In fact, if you look at drawings from Leonardo da Vinci — or a Gray's Anatomy book from 1901 — the spine isn't shaped like a sharp, curvy S. It's much flatter, all the way down the back. Then at the bottom, it curves to stick the buttocks out. So the spine looks more like the letter J. ""The J-shaped spine is what you see in Greek statues. It's what you see in young children. It's good design,"" Gokhale says. So Gokhale worked to get her spine into the J shape. And gradually her back pain went away. Enlarge this image toggle caption Library of Congress Library of Congress Then Gokhale realized she could help others. She developed a set of exercises, wrote a book and set up a studio in downtown Palo Alto. Now her list of clients is impressive. She's helped YouTube CEO Susan Wojcicki and Matt Drudge of the Drudge Report. She has given classes at Google, Facebook and companies across the country. In Silicon Valley, she's known as the ""posture guru."" Each year, doctors in the Bay Area refer hundreds of patients to Gokhale. One of them is Dr. Neeta Jain, an internist at the Palo Alto Medical Foundation. She puts Gokhale's method in the same category as Pilates and yoga for back pain. And it doesn't bother her that the method hasn't been tested in a clinical trial. ""If people are finding things that are helpful, and it's not causing any harm, then why do we have to wait for a trial?"" Jain asked. But there's still a big question looming here: Is Gokhale right? Have people in Western cultures somehow forgotten the right way to stand? Scientists don't know yet, says Dr. Praveen Mummaneni, a neurosurgeon at the University of California, San Francisco's Spine Center. Nobody has done a study on traditional cultures to see why some have lower rates of back pain, he says. Nobody has even documented the shape of their spines. ""I'd like to go and take X-rays of indigenous populations and compare it to people in the Western world,"" Mummaneni says. ""I think that would be helpful."" But there's a whole bunch of reasons why Americans' postures — and the shape of their spines — may be different than those of indigenous populations, he says. For starters, Americans tend to be much heavier. ""If you have a lot of fat built up in the belly, that could pull your weight forward,"" Mummaneni says. ""That could curve the spine. And people who are thinner probably have less curvature"" — and thus a spine shaped more like J than than an S. Americans are also much less active than people in traditional cultures, Mummaneni says. ""I think the sedentary lifestyle promotes a lack of muscle tone and a lack of postural stability because the muscles get weak."" toggle caption NPR Everyone knows that weak abdominal muscles can cause back pain. In fact, Mummaneni says, stronger muscles might be the secret to Gokhale's success. In other words, it's not that the J-shaped spine is the ideal one — or the healthiest. It's what goes into making the J-shaped spine that matters: ""You have to use muscle strength to get your spine to look like a J shape,"" he says. So Gokhale has somehow figured out a way to teach people to build up their core muscles without them even knowing it. ""Yes, I think that's correct,"" Mummaneni says. ""You're not going to be able to go from the S- to the J-shaped spine without having good core muscle strength. And I think that's key here."" So indigenous people around the world don't have a magic bullet for stopping back pain. They've just got beefy abdominal muscles, and their lifestyle helps to keep them that way, even as they age."
fakehealth,story_reviews_00084,1,0,1,0.5321312273052112,0.4678687726947887,0.5321312273052112,0.46843204,0.53156793,0.53156793,"Government and other scientists are proposing a new way to define Alzheimer's disease — basing it on biological signs, such as brain changes, rather than memory loss and other symptoms of dementia that are used today. The move is aimed at improving research, by using more objective criteria like brain scans to pick patients for studies and enroll them sooner in the course of their illness, when treatments may have more chance to help. But it's too soon to use these scans and other tests in routine care, because they haven't been validated for that yet, experts stress. For now, doctors will still rely on the tools they've long used to evaluate thinking skills to diagnose most cases. Regardless of what tests are used to make the diagnosis, the new definition will have a startling effect: Many more people will be considered to have Alzheimer's, because the biological signs can show up 15 to 20 years before symptoms do. ""The numbers will increase dramatically,"" said Dr. Clifford R. Jack Jr., a Mayo Clinic brain imaging specialist. ""There are a lot more cognitively normal people who have the pathology in the brain who will now be counted as having Alzheimer's disease."" He led a panel of experts, working with the Alzheimer's Association and the National Institute on Aging, that updated guidelines on the disease, published Tuesday in Alzheimer's & Dementia: The Journal of the Alzheimer's Association. ABOUT ALZHEIMER'S About 50 million people worldwide have dementia, and Alzheimer's is the most common form. In the U.S., about 5.7 million have Alzheimer's under its current definition, which is based on memory problems and other symptoms. About one-third of people over 70 who show no thinking problems actually have brain signs that suggest Alzheimer's, Jack said. There is no cure — current medicines such as Aricept and Namenda just temporarily ease symptoms. Dozens of hoped-for treatments have failed, and doctors think one reason may be that the studies enrolled patients after too much brain damage had already occurred. ""By the time that you have the diagnosis of the disease, it's very late,"" said Dr. Eliezer Masliah, neuroscience chief at the Institute on Aging. ""What we've realized is that you have to go earlier and earlier and earlier,"" just as doctors found with treating cancer, he said. Another problem: as many as 30 percent of people enrolled in Alzheimer's studies based on symptoms didn't actually have the disease — they had other forms of dementia or even other medical conditions. That doesn't give an accurate picture of whether a potential treatment might help, and the new definition aims to improve patient selection by using brain scans and other tests. BETTER TESTS Many other diseases, such as diabetes, already are defined by measuring a biomarker, an objective indicator such as blood sugar. That wasn't possible for Alzheimer's disease until a few years ago, when brain scans and spinal fluid tests were developed to do this. They measure certain forms of two proteins — amyloid and tau — that form plaques and tangles in the brain — and signs of nerve injury, degeneration and brain shrinkage. The guidelines spell out use of these biomarkers over a spectrum of mental decline, starting with early brain changes, through mild impairment and Alzheimer's dementia. WHAT TO DO? People may be worried and want these tests for themselves or a family member now, but Jack advises: ""Don't bother. There's no proven treatment yet."" You might find a doctor willing to order them, but spinal fluid tests are somewhat invasive, and brain scans can cost up to $6,000. Insurance usually does not pay because they're considered experimental outside of research. A large study is underway now to see whether Medicare should cover them and when. Anyone with symptoms or family history of dementia, or even healthy people concerned about the risk can consider enrolling in one of the many studies underway. ""We need more people in this pre-symptomatic stage"" to see if treatments can help stave off decline, Masliah said. ——— Marilynn Marchione can be followed on Twitter at http://twitter.com/MMarchioneAP ——— The Associated Press Health & Science Department receives support from the Howard Hughes Medical Institute's Department of Science Education. The AP is solely responsible for all content.","New way of defining Alzheimer's aims to find disease sooner. Government and other scientists are proposing a new way to define Alzheimer's disease — basing it on biological signs, such as brain changes, rather than memory loss and other symptoms of dementia that are used today. The move is aimed at improving research, by using more objective criteria like brain scans to pick patients for studies and enroll them sooner in the course of their illness, when treatments may have more chance to help. But it's too soon to use these scans and other tests in routine care, because they haven't been validated for that yet, experts stress. For now, doctors will still rely on the tools they've long used to evaluate thinking skills to diagnose most cases. Regardless of what tests are used to make the diagnosis, the new definition will have a startling effect: Many more people will be considered to have Alzheimer's, because the biological signs can show up 15 to 20 years before symptoms do. ""The numbers will increase dramatically,"" said Dr. Clifford R. Jack Jr., a Mayo Clinic brain imaging specialist. ""There are a lot more cognitively normal people who have the pathology in the brain who will now be counted as having Alzheimer's disease."" He led a panel of experts, working with the Alzheimer's Association and the National Institute on Aging, that updated guidelines on the disease, published Tuesday in Alzheimer's & Dementia: The Journal of the Alzheimer's Association. ABOUT ALZHEIMER'S About 50 million people worldwide have dementia, and Alzheimer's is the most common form. In the U.S., about 5.7 million have Alzheimer's under its current definition, which is based on memory problems and other symptoms. About one-third of people over 70 who show no thinking problems actually have brain signs that suggest Alzheimer's, Jack said. There is no cure — current medicines such as Aricept and Namenda just temporarily ease symptoms. Dozens of hoped-for treatments have failed, and doctors think one reason may be that the studies enrolled patients after too much brain damage had already occurred. ""By the time that you have the diagnosis of the disease, it's very late,"" said Dr. Eliezer Masliah, neuroscience chief at the Institute on Aging. ""What we've realized is that you have to go earlier and earlier and earlier,"" just as doctors found with treating cancer, he said. Another problem: as many as 30 percent of people enrolled in Alzheimer's studies based on symptoms didn't actually have the disease — they had other forms of dementia or even other medical conditions. That doesn't give an accurate picture of whether a potential treatment might help, and the new definition aims to improve patient selection by using brain scans and other tests. BETTER TESTS Many other diseases, such as diabetes, already are defined by measuring a biomarker, an objective indicator such as blood sugar. That wasn't possible for Alzheimer's disease until a few years ago, when brain scans and spinal fluid tests were developed to do this. They measure certain forms of two proteins — amyloid and tau — that form plaques and tangles in the brain — and signs of nerve injury, degeneration and brain shrinkage. The guidelines spell out use of these biomarkers over a spectrum of mental decline, starting with early brain changes, through mild impairment and Alzheimer's dementia. WHAT TO DO? People may be worried and want these tests for themselves or a family member now, but Jack advises: ""Don't bother. There's no proven treatment yet."" You might find a doctor willing to order them, but spinal fluid tests are somewhat invasive, and brain scans can cost up to $6,000. Insurance usually does not pay because they're considered experimental outside of research. A large study is underway now to see whether Medicare should cover them and when. Anyone with symptoms or family history of dementia, or even healthy people concerned about the risk can consider enrolling in one of the many studies underway. ""We need more people in this pre-symptomatic stage"" to see if treatments can help stave off decline, Masliah said. ——— Marilynn Marchione can be followed on Twitter at http://twitter.com/MMarchioneAP ——— The Associated Press Health & Science Department receives support from the Howard Hughes Medical Institute's Department of Science Education. The AP is solely responsible for all content."
fakehealth,story_reviews_01320,1,0,1,0.6242505552554631,0.3757494447445368,0.6242505552554631,0.4156502,0.5843498,0.5843498,"CHICAGO (Reuters) - Men who underwent heart bypass surgery and consumed about two drinks a day afterward had fewer subsequent cardiovascular procedures than those who abstained, according to a study released Sunday. Light alcohol consumption was associated with a 25 percent reduction in additional heart procedures, heart attacks or strokes in the study by Italian researchers, presented at the annual meeting of the American Heart Association in Chicago. “The benefit of light amounts of alcohol consumption has been documented in healthy individuals, but our analysis showed a benefit from light alcohol intake in post-coronary bypass patients,” said Dr. Umberto Benedetto, of the University of Rome La Sapienza. However, bypass patients with a condition called left ventricular dysfunction who were heavy drinkers, defined as having more than six drinks daily, were twice as likely to die from heart problems, the study found. The Italian researchers used a questionnaire to compare alcohol consumption in 1,021 men who underwent heart bypass surgery and reviewed their medical history for 3-1/2 years. The study also found no adverse correlation between moderate alcohol consumption and any medication. The American Heart Association recommends men limit themselves to two drinks a day and women to one drink a day, because too much alcohol can raise blood pressure and have other negative effects.","Bypass patients can benefit from a few drinks: study. CHICAGO (Reuters) - Men who underwent heart bypass surgery and consumed about two drinks a day afterward had fewer subsequent cardiovascular procedures than those who abstained, according to a study released Sunday. Light alcohol consumption was associated with a 25 percent reduction in additional heart procedures, heart attacks or strokes in the study by Italian researchers, presented at the annual meeting of the American Heart Association in Chicago. “The benefit of light amounts of alcohol consumption has been documented in healthy individuals, but our analysis showed a benefit from light alcohol intake in post-coronary bypass patients,” said Dr. Umberto Benedetto, of the University of Rome La Sapienza. However, bypass patients with a condition called left ventricular dysfunction who were heavy drinkers, defined as having more than six drinks daily, were twice as likely to die from heart problems, the study found. The Italian researchers used a questionnaire to compare alcohol consumption in 1,021 men who underwent heart bypass surgery and reviewed their medical history for 3-1/2 years. The study also found no adverse correlation between moderate alcohol consumption and any medication. The American Heart Association recommends men limit themselves to two drinks a day and women to one drink a day, because too much alcohol can raise blood pressure and have other negative effects."
fakehealth,story_reviews_01504,1,0,1,0.5376015463257633,0.4623984536742367,0.5376015463257633,0.339685,0.66031504,0.66031504,"NEW YORK (Reuters Health) - Tens of thousands of kids may benefit from cholesterol-lowering medication, but no one would know because screening guidelines exclude too many children, U.S. doctors said Monday. In a report published in the journal Pediatrics, they call for screening of all children, expanding one set of current recommendations that target only those whose parents or grandparents have heart disease or high cholesterol. Another existing set of guidelines doesn’t call for screening in any children. Screening all children would “identify a number of children who are of very significant risk of premature heart disease,” said Dr. William Neal of West Virginia University in Morgantown, who led the new study. Neal said treating youth with cholesterol-lowering drugs, the so-called statins, would curb the risk that they went on to develop heart problems in middle age. Heart disease is the leading cause of death in the Western world. Based on data from West Virginia, Neal and colleagues found that more than one percent of all fifth-graders had cholesterol levels that warranted drug treatment. But a third of those children didn’t have relatives with heart disease or high cholesterol, and so wouldn’t have been screened under the current guidelines, issued by the government’s National Cholesterol Education Program. “I have gradually become convinced that universal screening in children is not only preferable, but necessary,” said Neal. He added that although universal screening would be expensive, it would save a lot of money later on if heart disease could be prevented. But not all scientists agree that screening is a good idea. For example, the U.S. Preventive Services Task Force, a federal expert panel, currently doesn’t recommend routine cholesterol screening in any children. “Unfortunately, there is no evidence that starting a ten-year-old on cholesterol-lowering drugs will prevent heart disease 40 years later,” said Dr. Michael L. LeFevre, a member of the task force. He said statin treatment in children was still controversial, and that no long-term safety data existed. The new study tapped into data from more than 20,000 children who had been screened at public schools in West Virginia over five years. More than seven in 10 school kids had first-degree relatives with heart disease, and about one percent of those had “bad” cholesterol (LDL cholesterol) levels that might require drug treatment in addition to diet changes and exercise, according to the researchers. Yet among the kids without heart disease in their family, the percentage of children who might benefit from treatment was closer to two percent than to one, meaning that family history didn’t seem to make a difference. “It is therefore prudent to implement universal screening in the pediatric population independent of family history,” the researchers conclude. SOURCE: link.reuters.com/tat96m Pediatrics, online July 12, 2010.","All kids should have cholesterol tests: study. NEW YORK (Reuters Health) - Tens of thousands of kids may benefit from cholesterol-lowering medication, but no one would know because screening guidelines exclude too many children, U.S. doctors said Monday. In a report published in the journal Pediatrics, they call for screening of all children, expanding one set of current recommendations that target only those whose parents or grandparents have heart disease or high cholesterol. Another existing set of guidelines doesn’t call for screening in any children. Screening all children would “identify a number of children who are of very significant risk of premature heart disease,” said Dr. William Neal of West Virginia University in Morgantown, who led the new study. Neal said treating youth with cholesterol-lowering drugs, the so-called statins, would curb the risk that they went on to develop heart problems in middle age. Heart disease is the leading cause of death in the Western world. Based on data from West Virginia, Neal and colleagues found that more than one percent of all fifth-graders had cholesterol levels that warranted drug treatment. But a third of those children didn’t have relatives with heart disease or high cholesterol, and so wouldn’t have been screened under the current guidelines, issued by the government’s National Cholesterol Education Program. “I have gradually become convinced that universal screening in children is not only preferable, but necessary,” said Neal. He added that although universal screening would be expensive, it would save a lot of money later on if heart disease could be prevented. But not all scientists agree that screening is a good idea. For example, the U.S. Preventive Services Task Force, a federal expert panel, currently doesn’t recommend routine cholesterol screening in any children. “Unfortunately, there is no evidence that starting a ten-year-old on cholesterol-lowering drugs will prevent heart disease 40 years later,” said Dr. Michael L. LeFevre, a member of the task force. He said statin treatment in children was still controversial, and that no long-term safety data existed. The new study tapped into data from more than 20,000 children who had been screened at public schools in West Virginia over five years. More than seven in 10 school kids had first-degree relatives with heart disease, and about one percent of those had “bad” cholesterol (LDL cholesterol) levels that might require drug treatment in addition to diet changes and exercise, according to the researchers. Yet among the kids without heart disease in their family, the percentage of children who might benefit from treatment was closer to two percent than to one, meaning that family history didn’t seem to make a difference. “It is therefore prudent to implement universal screening in the pediatric population independent of family history,” the researchers conclude. SOURCE: link.reuters.com/tat96m Pediatrics, online July 12, 2010."
fakehealth,news_reviews_00447,1,0,1,0.5824014211214874,0.4175985788785125,0.5824014211214874,0.42124432,0.5787557,0.5787557,"OAK BROOK, Ill. - Playing ""brain-training"" video games may help improve some cognitive abilities of people with multiple sclerosis (MS) by strengthening neural connections in an important part of their brains, according to a new study published online in the journal Radiology. MS is a disease of the central nervous system that results in damage to the protective covering of nerve fibers. Symptoms include weakness, muscle stiffness and difficulty thinking--a phenomenon often referred to as ""brain fog."" MS affects an estimated 2.5 million people worldwide, according to the Multiple Sclerosis Foundation. Damage to the thalamus, a structure in the middle of the brain that acts as a kind of information hub, and its connections with other parts of the brain play an important role in the cognitive dysfunction many MS patients experience. Researchers led by Laura De Giglio, M.D., Ph.D., from the Department of Neurology and Psychiatry at Sapienza University in Rome, recently studied the effects of a video game-based cognitive rehabilitation program on the thalamus in patients with MS. They used a collection of video games from the Nintendo Corporation, called Dr. Kawashima's Brain Training, which train the brain using puzzles, word memory and other mental challenges. The games are based on the work of Japanese neuroscientist Ryuta Kawashima, M.D. Twenty-four MS patients with cognitive impairment were randomly assigned to either take part in an eight-week, home-based rehabilitation program--consisting of 30-minute gaming sessions, five days per week--or be put on a wait list, serving as the control group. Patients were evaluated by cognitive tests and by 3-Tesla resting state functional MRI (RS-fMRI) at baseline and after the eight-week period. Functional imaging when the brain is in its resting state, or not focused on a particular task, provides important information on neural connectivity. ""Functional MRI allows you to study which brain areas are simultaneously active and gives information on the participation of certain areas with specific brain circuits,"" Dr. De Giglio said. ""When we talk about increased connectivity, we mean that these circuits have been modified, increasing the extension of areas that work simultaneously."" At follow-up, the 12 patients in the video-game group had significant increases in thalamic functional connectivity in brain areas corresponding to the posterior component of the default mode network, which is one of the most important brain networks involved in cognition. The results provide an example of the brain's plasticity, or ability to form new connections throughout life. ""This increased connectivity reflects the fact that video gaming experience changed the mode of operation of certain brain structures,"" Dr. De Giglio said. ""This means that even a widespread and common use tool like video games can promote brain plasticity and can aid in cognitive rehabilitation for people with neurological diseases, such as multiple sclerosis."" The modifications in functional connectivity shown in the video game group after training corresponded to significant improvements in test scores assessing sustained attention and executive function, the higher-level cognitive skills that help organize our lives and regulate our behavior. The results suggest that video-game-based brain training is an effective option to improve cognitive abilities of patients with MS. In the future, the researchers hope to study whether the plasticity induced by video games in MS patients is also related to improvements in other aspects of their daily lives. They also plan to look at how the video game can be integrated into a rehabilitation program together with other rehabilitative techniques. ### ""Multiple Sclerosis: Changes in Thalamic Resting-State Functional Connectivity Induced by a Home-based Cognitive Rehabilitation Program."" Collaborating with Dr. De Giglio were Francesca Tona, M.D., Francesca De Luca, Psy.D., Nikolaos Petsas, M.D., Ph.D., Luca Prosperini, M.D., Ph.D., Valentina Bianchi, Psy.D., Carlo Pozzilli, M.D., Ph.D., and Patrizia Pantano, M.D. Radiology is edited by Herbert Y. Kressel, M.D., Harvard Medical School, Boston, Mass., and owned and published by the Radiological Society of North America, Inc. (http://radiology. rsna. org/ ) RSNA is an association of more than 54,000 radiologists, radiation oncologists, medical physicists and related scientists promoting excellence in patient care and health care delivery through education, research and technologic innovation. The Society is based in Oak Brook, Ill. (RSNA.org) For patient-friendly information on brain fMRI, visit RadiologyInfo.org.","Video games improve brain connections in multiple sclerosis patients. OAK BROOK, Ill. - Playing ""brain-training"" video games may help improve some cognitive abilities of people with multiple sclerosis (MS) by strengthening neural connections in an important part of their brains, according to a new study published online in the journal Radiology. MS is a disease of the central nervous system that results in damage to the protective covering of nerve fibers. Symptoms include weakness, muscle stiffness and difficulty thinking--a phenomenon often referred to as ""brain fog."" MS affects an estimated 2.5 million people worldwide, according to the Multiple Sclerosis Foundation. Damage to the thalamus, a structure in the middle of the brain that acts as a kind of information hub, and its connections with other parts of the brain play an important role in the cognitive dysfunction many MS patients experience. Researchers led by Laura De Giglio, M.D., Ph.D., from the Department of Neurology and Psychiatry at Sapienza University in Rome, recently studied the effects of a video game-based cognitive rehabilitation program on the thalamus in patients with MS. They used a collection of video games from the Nintendo Corporation, called Dr. Kawashima's Brain Training, which train the brain using puzzles, word memory and other mental challenges. The games are based on the work of Japanese neuroscientist Ryuta Kawashima, M.D. Twenty-four MS patients with cognitive impairment were randomly assigned to either take part in an eight-week, home-based rehabilitation program--consisting of 30-minute gaming sessions, five days per week--or be put on a wait list, serving as the control group. Patients were evaluated by cognitive tests and by 3-Tesla resting state functional MRI (RS-fMRI) at baseline and after the eight-week period. Functional imaging when the brain is in its resting state, or not focused on a particular task, provides important information on neural connectivity. ""Functional MRI allows you to study which brain areas are simultaneously active and gives information on the participation of certain areas with specific brain circuits,"" Dr. De Giglio said. ""When we talk about increased connectivity, we mean that these circuits have been modified, increasing the extension of areas that work simultaneously."" At follow-up, the 12 patients in the video-game group had significant increases in thalamic functional connectivity in brain areas corresponding to the posterior component of the default mode network, which is one of the most important brain networks involved in cognition. The results provide an example of the brain's plasticity, or ability to form new connections throughout life. ""This increased connectivity reflects the fact that video gaming experience changed the mode of operation of certain brain structures,"" Dr. De Giglio said. ""This means that even a widespread and common use tool like video games can promote brain plasticity and can aid in cognitive rehabilitation for people with neurological diseases, such as multiple sclerosis."" The modifications in functional connectivity shown in the video game group after training corresponded to significant improvements in test scores assessing sustained attention and executive function, the higher-level cognitive skills that help organize our lives and regulate our behavior. The results suggest that video-game-based brain training is an effective option to improve cognitive abilities of patients with MS. In the future, the researchers hope to study whether the plasticity induced by video games in MS patients is also related to improvements in other aspects of their daily lives. They also plan to look at how the video game can be integrated into a rehabilitation program together with other rehabilitative techniques. ### ""Multiple Sclerosis: Changes in Thalamic Resting-State Functional Connectivity Induced by a Home-based Cognitive Rehabilitation Program."" Collaborating with Dr. De Giglio were Francesca Tona, M.D., Francesca De Luca, Psy.D., Nikolaos Petsas, M.D., Ph.D., Luca Prosperini, M.D., Ph.D., Valentina Bianchi, Psy.D., Carlo Pozzilli, M.D., Ph.D., and Patrizia Pantano, M.D. Radiology is edited by Herbert Y. Kressel, M.D., Harvard Medical School, Boston, Mass., and owned and published by the Radiological Society of North America, Inc. (http://radiology. rsna. org/ ) RSNA is an association of more than 54,000 radiologists, radiation oncologists, medical physicists and related scientists promoting excellence in patient care and health care delivery through education, research and technologic innovation. The Society is based in Oak Brook, Ill. (RSNA.org) For patient-friendly information on brain fMRI, visit RadiologyInfo.org."
fakehealth,news_reviews_00027,1,0,1,0.6030941913625153,0.3969058086374847,0.6030941913625153,0.3853083,0.61469173,0.61469173,"NEW YORK -- Treatment with a HER2-targeted therapeutic cancer vaccine provided clinical benefit to several patients with metastatic HER2-positive cancers who had not previously been treated with a HER2-targeted therapeutic, according to data from a phase I clinical trial presented at the Fourth CRI-CIMT-EATI-AACR International Cancer Immunotherapy Conference: Translating Science into Survival, held Sept. 30-Oct. 3. Among 11 evaluable patients who had received more than the lowest dose of the vaccine, six (54 percent) had clinical benefit. One patient with ovarian cancer had a complete response that lasted 89 weeks, one patient with gastroesophageal cancer had a partial response that lasted 16 weeks, and four patients (two with colon cancer, one with prostate cancer, and one with ovarian cancer) had stable disease. ""Immunotherapy marshals the exquisite specificity of the immune system to destroy cancer, and some types may have potentially fewer side effects than traditional chemotherapy,"" said Jay A. Berzofsky, MD, PhD, chief of the Vaccine Branch at the Center for Cancer Research, National Cancer Institute, National Institutes of Health, Bethesda, Maryland. ""We are using a vaccine approach to generate an immune response to HER2, which is found at high levels on and drives the growth of several types of cancer, including breast, ovarian, lung, colorectal, and gastroesophageal cancers. ""Our results suggest that we have a very promising vaccine for HER2-overexpressing cancers,"" continued Berzofsky. ""We hope that one day the vaccine will provide a new treatment option for patients with these cancers."" The patients' vaccines are individually customized by Berzofsky and colleagues using their own immune cells isolated from their blood. The blood-derived immune cells are modified in several ways in the laboratory. The final product, which is administered intradermally (between the layers of the skin), comprises patient-derived dendritic cells genetically modified with an adenovirus to produce parts of the HER2 protein. Preclinical studies, which were previously published in the AACR journal Cancer Research, showed that this type of vaccine could eradicate large, established tumors as well as lung metastases in mice. In the dose escalation portion of the phase I clinical trial, patients were injected with the vaccine on weeks 0, 4, 8, 16, and 24 after enrollment in the study. Among the six patients who received the lowest dose of the vaccine, 5 million dendritic cells per injection, no clinical benefit was seen. Among the 11 patients who received either 10 million or 20 million dendritic cells per injection, six had clinical benefit. Adverse reactions were predominantly injection-site reactions that did not require treatment. No cardiotoxicity was seen. ""Based on the current safety and clinical benefit data, the dose of the vaccine was increased to 40 million dendritic cells per injection and the trial opened to patients who have previously been treated with a HER2-targeted therapeutic, including patients with breast cancer,"" said Berzofsky. ""Moving forward, we would like to investigate whether we can increase the proportion of people who benefit from treatment with the vaccine by combining it with checkpoint inhibitor therapy,"" he added. According to Berzofsky, the main scientific limitation of the study is that it is a relatively small, phase I clinical trial with no placebo control. However, the approach is sufficiently promising to warrant additional trials. ### This study was supported by intramural funds from the National Cancer Institute. Berzofsky declares no conflicts of interest.","New cancer vaccine shows early promise for patients with HER2-positive cancers. NEW YORK -- Treatment with a HER2-targeted therapeutic cancer vaccine provided clinical benefit to several patients with metastatic HER2-positive cancers who had not previously been treated with a HER2-targeted therapeutic, according to data from a phase I clinical trial presented at the Fourth CRI-CIMT-EATI-AACR International Cancer Immunotherapy Conference: Translating Science into Survival, held Sept. 30-Oct. 3. Among 11 evaluable patients who had received more than the lowest dose of the vaccine, six (54 percent) had clinical benefit. One patient with ovarian cancer had a complete response that lasted 89 weeks, one patient with gastroesophageal cancer had a partial response that lasted 16 weeks, and four patients (two with colon cancer, one with prostate cancer, and one with ovarian cancer) had stable disease. ""Immunotherapy marshals the exquisite specificity of the immune system to destroy cancer, and some types may have potentially fewer side effects than traditional chemotherapy,"" said Jay A. Berzofsky, MD, PhD, chief of the Vaccine Branch at the Center for Cancer Research, National Cancer Institute, National Institutes of Health, Bethesda, Maryland. ""We are using a vaccine approach to generate an immune response to HER2, which is found at high levels on and drives the growth of several types of cancer, including breast, ovarian, lung, colorectal, and gastroesophageal cancers. ""Our results suggest that we have a very promising vaccine for HER2-overexpressing cancers,"" continued Berzofsky. ""We hope that one day the vaccine will provide a new treatment option for patients with these cancers."" The patients' vaccines are individually customized by Berzofsky and colleagues using their own immune cells isolated from their blood. The blood-derived immune cells are modified in several ways in the laboratory. The final product, which is administered intradermally (between the layers of the skin), comprises patient-derived dendritic cells genetically modified with an adenovirus to produce parts of the HER2 protein. Preclinical studies, which were previously published in the AACR journal Cancer Research, showed that this type of vaccine could eradicate large, established tumors as well as lung metastases in mice. In the dose escalation portion of the phase I clinical trial, patients were injected with the vaccine on weeks 0, 4, 8, 16, and 24 after enrollment in the study. Among the six patients who received the lowest dose of the vaccine, 5 million dendritic cells per injection, no clinical benefit was seen. Among the 11 patients who received either 10 million or 20 million dendritic cells per injection, six had clinical benefit. Adverse reactions were predominantly injection-site reactions that did not require treatment. No cardiotoxicity was seen. ""Based on the current safety and clinical benefit data, the dose of the vaccine was increased to 40 million dendritic cells per injection and the trial opened to patients who have previously been treated with a HER2-targeted therapeutic, including patients with breast cancer,"" said Berzofsky. ""Moving forward, we would like to investigate whether we can increase the proportion of people who benefit from treatment with the vaccine by combining it with checkpoint inhibitor therapy,"" he added. According to Berzofsky, the main scientific limitation of the study is that it is a relatively small, phase I clinical trial with no placebo control. However, the approach is sufficiently promising to warrant additional trials. ### This study was supported by intramural funds from the National Cancer Institute. Berzofsky declares no conflicts of interest."
fakehealth,story_reviews_00756,0,1,0,0.3958194454965235,0.6041805545034765,0.6041805545034765,0.5262317,0.4737683,0.5262317,"Getty Images Yoga does the body good, and according to a new study, it may ease the mind as well. “Yoga has also become such a cultural phenomenon that it has become difficult for physicians and consumers to differentiate legitimate claims from hype,” researchers from Duke University Medical Center write in their study, published in the journal Frontiers in Psychiatry. In order to explore the widely held belief that practicing yoga can relieve mental stress, the team reviewed more than 100 studies on the effect of yoga and mental health. “Most individuals already know that yoga produces some kind of a calming effect. Individually, people feel better after doing the physical exercise,” says lead study author Dr. P. Murali Doraiswamy, a professor of psychiatry and medicine at Duke University Medical Center. “Mentally, people feel calmer, sharper, maybe more content. We thought it’s time to see if we could pull all [the literature] together … to see if there’s enough evidence that the benefits individual people notice can be used to help people with mental illness.” (MORE: Yoga Can Help Stroke Survivors Regain Their Balance) Their findings suggest that yoga does in fact have positive effects on mild depression and sleep problems, and it improves the symptoms of psychiatric disorders like schizophrenia and ADHD among patients using medication. The researchers focused on 16 studies that recorded the effects of practicing yoga on mental-health issues ranging from depression, schizophrenia, ADHD, sleep complaints and eating disorders to cognitive problems. They found positive effects of the mind-and-body practice for all conditions with the exception of eating disorders and cognition. Those studies involved too few participants or produced conflicting results to draw any meaningful conclusions. Some of the studies included in the analysis even suggested that yoga might affect the body in ways similar to antidepressants and psychotherapy. For instance, yoga may influence brain chemicals known as neurotransmitters (boosting levels of feel-good agents like serotonin), lower inflammation, reduce oxidative stress and produce a healthier balance of lipids and growth factors — just as other forms of exercise do. (MORE: We Tried This: Aerial Vinyasa (or Upside-Down) Yoga) Embracing yoga as a complementary treatment for mental disorders is not uncommon. Yoga is a feature in many veterans’ centers throughout the country, backed by research funded by the Department of Veterans Affairs. The Huffington Post reported that many troops use yoga as a form of treatment for PTSD, for example, with companies like Warriors at Ease training instructors in yoga techniques specifically catered to those in the military. A study published earlier this month of 70 active-duty troops found daily yoga eased anxiety and improved sleep. The researchers say there’s enough evidence to warrant a larger study on the effects of yoga on mental health, and it should be considered as part of treatment for more disorders. “Many millions of Americans are doing yoga and many millions of Americans have mental illnesses and are popping psychiatric pills daily. Despite all of this, the vast majority of studies looking at the benefits of yoga are all small studies. We did not come across a single study where there was a coordinated effort done by some large agency to really conduct a large national study,” says Doraiswamy. (MORE: Does Yoga Really Drive People Wild with Desire?) But while the research is promising, yoga likely won’t be a panacea for mental illness. Nor should patients try to replace their medications with the practice. “What we are saying is that we still need to do further, large-scale studies before we are ready to conclude that people with mental illnesses can turn to yoga as a first-line treatment,” says Doraiswamy. “We are not saying throw away your Prozac and turn to yoga. We’re saying it has the promise and potential. If a large national study were done, it could turn out that yoga is just as good and may be a low cost alternative to people with unmet needs.” In the meantime, he says it doesn’t hurt to add yoga to existing treatments so patients can take advantage of any potential benefits.","Can Yoga Reduce Symptoms of Major Psychiatric Disorders?. Getty Images Yoga does the body good, and according to a new study, it may ease the mind as well. “Yoga has also become such a cultural phenomenon that it has become difficult for physicians and consumers to differentiate legitimate claims from hype,” researchers from Duke University Medical Center write in their study, published in the journal Frontiers in Psychiatry. In order to explore the widely held belief that practicing yoga can relieve mental stress, the team reviewed more than 100 studies on the effect of yoga and mental health. “Most individuals already know that yoga produces some kind of a calming effect. Individually, people feel better after doing the physical exercise,” says lead study author Dr. P. Murali Doraiswamy, a professor of psychiatry and medicine at Duke University Medical Center. “Mentally, people feel calmer, sharper, maybe more content. We thought it’s time to see if we could pull all [the literature] together … to see if there’s enough evidence that the benefits individual people notice can be used to help people with mental illness.” (MORE: Yoga Can Help Stroke Survivors Regain Their Balance) Their findings suggest that yoga does in fact have positive effects on mild depression and sleep problems, and it improves the symptoms of psychiatric disorders like schizophrenia and ADHD among patients using medication. The researchers focused on 16 studies that recorded the effects of practicing yoga on mental-health issues ranging from depression, schizophrenia, ADHD, sleep complaints and eating disorders to cognitive problems. They found positive effects of the mind-and-body practice for all conditions with the exception of eating disorders and cognition. Those studies involved too few participants or produced conflicting results to draw any meaningful conclusions. Some of the studies included in the analysis even suggested that yoga might affect the body in ways similar to antidepressants and psychotherapy. For instance, yoga may influence brain chemicals known as neurotransmitters (boosting levels of feel-good agents like serotonin), lower inflammation, reduce oxidative stress and produce a healthier balance of lipids and growth factors — just as other forms of exercise do. (MORE: We Tried This: Aerial Vinyasa (or Upside-Down) Yoga) Embracing yoga as a complementary treatment for mental disorders is not uncommon. Yoga is a feature in many veterans’ centers throughout the country, backed by research funded by the Department of Veterans Affairs. The Huffington Post reported that many troops use yoga as a form of treatment for PTSD, for example, with companies like Warriors at Ease training instructors in yoga techniques specifically catered to those in the military. A study published earlier this month of 70 active-duty troops found daily yoga eased anxiety and improved sleep. The researchers say there’s enough evidence to warrant a larger study on the effects of yoga on mental health, and it should be considered as part of treatment for more disorders. “Many millions of Americans are doing yoga and many millions of Americans have mental illnesses and are popping psychiatric pills daily. Despite all of this, the vast majority of studies looking at the benefits of yoga are all small studies. We did not come across a single study where there was a coordinated effort done by some large agency to really conduct a large national study,” says Doraiswamy. (MORE: Does Yoga Really Drive People Wild with Desire?) But while the research is promising, yoga likely won’t be a panacea for mental illness. Nor should patients try to replace their medications with the practice. “What we are saying is that we still need to do further, large-scale studies before we are ready to conclude that people with mental illnesses can turn to yoga as a first-line treatment,” says Doraiswamy. “We are not saying throw away your Prozac and turn to yoga. We’re saying it has the promise and potential. If a large national study were done, it could turn out that yoga is just as good and may be a low cost alternative to people with unmet needs.” In the meantime, he says it doesn’t hurt to add yoga to existing treatments so patients can take advantage of any potential benefits."
