dataset,record_id,label,tfidf_prediction,biobert_prediction,tfidf_prob_0,tfidf_prob_1,tfidf_confidence,biobert_prob_0,biobert_prob_1,biobert_confidence,text,model_text
healthfact,10667,0,1,1,0.4361461211837905,0.5638538788162095,0.5638538788162095,0.4105976,0.5894024,0.5894024,Artificial Pancreas Continues to Show Promise,Artificial Pancreas Continues to Show Promise
healthfact,13528,1,0,0,0.6359083909061931,0.3640916090938069,0.6359083909061931,0.5763237,0.4236763,0.5763237,"Heroin comes in the United States ""from the southern border.","Heroin comes in the United States ""from the southern border."
healthfact,8959,0,1,1,0.4973503091305989,0.502649690869401,0.502649690869401,0.0701977,0.92980224,0.92980224,"Too many people missing out on health benefits of golf, says expert panel","Too many people missing out on health benefits of golf, says expert panel"
healthfact,16366,1,0,0,0.7807300682546832,0.2192699317453167,0.7807300682546832,0.5500631,0.44993696,0.5500631,"Charlie Crist Says Rick Scott signed ""laws requiring mandatory ultrasounds and restricting access to abortion even in cases of rape or incest.","Charlie Crist Says Rick Scott signed ""laws requiring mandatory ultrasounds and restricting access to abortion even in cases of rape or incest."
healthfact,16390,0,1,1,0.4908311624917508,0.5091688375082492,0.5091688375082492,0.4893108,0.5106892,0.5106892,"Leticia Van de Putte ""voted to give illegal immigrants in this country free health care--not emergency health care but total free health care.","Leticia Van de Putte ""voted to give illegal immigrants in this country free health care--not emergency health care but total free health care."
healthfact,27567,1,0,0,0.7307140040323854,0.2692859959676145,0.7307140040323854,0.6143997,0.38560033,0.6143997,"The FDA has updated its warnings for — and recommended limitations on — prescribing a class of antibiotics called fluoroquinolones, citing potentially irreversible side-effects including tendon damage and rupture.","The FDA has updated its warnings for — and recommended limitations on — prescribing a class of antibiotics called fluoroquinolones, citing potentially irreversible side-effects including tendon damage and rupture."
healthfact,10507,1,0,0,0.5841574094697186,0.4158425905302814,0.5841574094697186,0.64667356,0.35332644,0.64667356,The Healthy Skeptic: Products make testosterone claims,The Healthy Skeptic: Products make testosterone claims
healthfact,9673,0,1,1,0.1969981921407358,0.8030018078592641,0.8030018078592641,0.07378939,0.9262106,0.9262106,'Female Viagra' gets mixed reviews,'Female Viagra' gets mixed reviews
healthfact,16846,1,0,0,0.6591974142359867,0.3408025857640133,0.6591974142359867,0.83204263,0.16795741,0.83204263,"After Massachusetts passed a mandatory health insurance law ""their mortality rate went down...it saved lives.","After Massachusetts passed a mandatory health insurance law ""their mortality rate went down...it saved lives."
healthfact,10748,1,0,0,0.5824728098275985,0.4175271901724015,0.5824728098275985,0.93745804,0.06254192,0.93745804,"Humira Provides Effective, Non-Steroid Alternative for Eye Inflammation","Humira Provides Effective, Non-Steroid Alternative for Eye Inflammation"
healthfact,33799,0,1,1,0.1823316355622812,0.8176683644377187,0.8176683644377187,0.16305022,0.83694977,0.83694977,More women are victims of domestic violence on Super Bowl Sunday than on any other day of the year.,More women are victims of domestic violence on Super Bowl Sunday than on any other day of the year.
healthfact,12493,1,0,0,0.8895945543040119,0.110405445695988,0.8895945543040119,0.8910204,0.10897958,0.8910204,"An ""abortion procedure is actually safer than a vasectomy.","An ""abortion procedure is actually safer than a vasectomy."
healthfact,15271,0,1,1,0.2924638347101315,0.7075361652898685,0.7075361652898685,0.04237524,0.95762473,0.95762473,"Dick Black Says Jill McCabe ""supports late term abortions. Larger baby parts are more profitable.","Dick Black Says Jill McCabe ""supports late term abortions. Larger baby parts are more profitable."
healthfact,27280,1,0,0,0.5809159032851838,0.4190840967148162,0.5809159032851838,0.59860486,0.4013951,0.59860486,"A Russian asbestos company placed a seal with the face of President Donald Trump on their product with the note ""Approved by Donald Trump, 45th President of the United States.","A Russian asbestos company placed a seal with the face of President Donald Trump on their product with the note ""Approved by Donald Trump, 45th President of the United States."
healthfact,35961,1,0,0,0.7123757089391736,0.2876242910608264,0.7123757089391736,0.5406647,0.45933533,0.5406647,"Donald Trump Jr. tweeted, ""Do you know what's deplorable? Being impeached!"" to the Clintons in September 2016.","Donald Trump Jr. tweeted, ""Do you know what's deplorable? Being impeached!"" to the Clintons in September 2016."
healthfact,35398,1,0,0,0.6899954705673936,0.3100045294326064,0.6899954705673936,0.65388775,0.34611228,0.65388775,A video shows two people waving guns at protesters in front of their home.,A video shows two people waving guns at protesters in front of their home.
healthfact,13565,1,0,0,0.8946263294293113,0.1053736705706886,0.8946263294293113,0.5178064,0.48219362,0.5178064,"Mike Pence Says Hillary Clinton ""wants to increase Syrian refugees to this country by 550 percent.","Mike Pence Says Hillary Clinton ""wants to increase Syrian refugees to this country by 550 percent."
healthfact,28228,1,0,0,0.821747343911241,0.178252656088759,0.821747343911241,0.822415,0.17758502,0.822415,"Dr. Leon Eisenberg, the ‘father’ of ADHD, said just before his death that ADHD ‘is a prime example of a fictitious disease.’","Dr. Leon Eisenberg, the ‘father’ of ADHD, said just before his death that ADHD ‘is a prime example of a fictitious disease.’"
healthfact,18469,0,1,1,0.2916926146171943,0.7083073853828057,0.7083073853828057,0.14255288,0.8574471,0.8574471,Abortionists have reduced our black population by more than 25 percent since 1973.,Abortionists have reduced our black population by more than 25 percent since 1973.
healthfact,10201,0,1,1,0.2734455740550835,0.7265544259449165,0.7265544259449165,0.014691219,0.9853088,0.9853088,Partial rather than full knee replacements better for many – report,Partial rather than full knee replacements better for many – report
healthfact,9486,1,0,0,0.7094695387325616,0.2905304612674383,0.7094695387325616,0.7138513,0.2861487,0.7138513,There's a promising new HIV vaccine candidate in the pipeline,There's a promising new HIV vaccine candidate in the pipeline
healthfact,38247,1,0,0,0.6789449418442155,0.3210550581557845,0.6789449418442155,0.66443723,0.3355627,0.66443723,A letter by Dr. Keith Albow said President Trump is “stone cold sane” and that “there’s a genius in the Oval Office” in response to critics who have questioned the president’s mental fitness.,A letter by Dr. Keith Albow said President Trump is “stone cold sane” and that “there’s a genius in the Oval Office” in response to critics who have questioned the president’s mental fitness.
healthfact,17205,1,0,0,0.5265414009120375,0.4734585990879625,0.5265414009120375,0.83991605,0.16008389,0.83991605,Today’s marijuana is 300 percent to 800 percent more potent than the pot of yesteryear.,Today’s marijuana is 300 percent to 800 percent more potent than the pot of yesteryear.
healthfact,41044,1,0,0,0.8203981639442762,0.1796018360557238,0.8203981639442762,0.54770696,0.45229304,0.54770696,"If you have a runny nose and sputum, you have a common cold, not Covid-19.","If you have a runny nose and sputum, you have a common cold, not Covid-19."
healthfact,11043,0,1,1,0.480837647315437,0.519162352684563,0.519162352684563,0.48743007,0.5125699,0.5125699,Statin Drugs May Cut Risk of Kidney Trouble After Surgery,Statin Drugs May Cut Risk of Kidney Trouble After Surgery
healthfact,9039,0,1,1,0.4120411554890599,0.58795884451094,0.58795884451094,0.35676926,0.6432308,0.6432308,"Choose Omega-3s from fish over flax for cancer prevention, study finds","Choose Omega-3s from fish over flax for cancer prevention, study finds"
healthfact,12744,1,0,0,0.8575730434468798,0.1424269565531202,0.8575730434468798,0.58765364,0.4123463,0.58765364,"There’s not one public study, and by public study I mean a study available to the public, that has looked at using the product Kaput to poison feral hogs.","There’s not one public study, and by public study I mean a study available to the public, that has looked at using the product Kaput to poison feral hogs."
healthfact,8996,0,1,1,0.3289940635026347,0.6710059364973653,0.6710059364973653,0.23528996,0.76471007,0.76471007,"Promise of faster, more accessible schizophrenia diagnosis, Rutgers study shows","Promise of faster, more accessible schizophrenia diagnosis, Rutgers study shows"
healthfact,16913,1,0,0,0.7597596541606779,0.240240345839322,0.7597596541606779,0.5390947,0.46090528,0.5390947,"In Iran in 1979, the extremists hijacked the broad-based popular revolution against the Shah and established a brutal theocracy.","In Iran in 1979, the extremists hijacked the broad-based popular revolution against the Shah and established a brutal theocracy."
healthfact,9316,0,1,1,0.4174563858830404,0.5825436141169595,0.5825436141169595,0.12700453,0.87299544,0.87299544,"Five-minute neck scan can spot dementia 10 years earlier, say scientists","Five-minute neck scan can spot dementia 10 years earlier, say scientists"
healthfact,10740,0,1,1,0.0874883342022232,0.9125116657977768,0.9125116657977768,0.053053916,0.9469461,0.9469461,Weighing effectiveness versus risk in obesity drugs,Weighing effectiveness versus risk in obesity drugs
healthfact,39745,1,0,0,0.5408113245852009,0.4591886754147991,0.5408113245852009,0.75047404,0.24952598,0.75047404,A photo shows a weasel riding on the back of a woodpecker in flight.,A photo shows a weasel riding on the back of a woodpecker in flight.
healthfact,25950,0,1,1,0.4705568393885136,0.5294431606114863,0.5294431606114863,0.3583498,0.64165026,0.64165026,New study: The flu vaccine is 'significantly associated' with an increased risk of coronavirus,New study: The flu vaccine is 'significantly associated' with an increased risk of coronavirus
healthfact,10025,0,1,1,0.2152325670116904,0.7847674329883095,0.7847674329883095,0.01245469,0.9875453,0.9875453,Aspirin Linked to Lower Pancreatic Cancer Risk,Aspirin Linked to Lower Pancreatic Cancer Risk
healthfact,9396,1,0,0,0.6431027934781286,0.3568972065218714,0.6431027934781286,0.58390206,0.41609794,0.58390206,How barbershops could help lower blood pressure,How barbershops could help lower blood pressure
healthfact,29579,0,1,1,0.4920648279212136,0.5079351720787864,0.5079351720787864,0.41987053,0.5801295,0.5801295,Individuals with a high net worth are ineligible to serve in the military because they are more likely to be insubordinate.,Individuals with a high net worth are ineligible to serve in the military because they are more likely to be insubordinate.
healthfact,12194,0,1,1,0.3470977348778203,0.6529022651221796,0.6529022651221796,0.34535146,0.6546486,0.6546486,"House Bill 330 ""grants immunity from liability to motorists who strike protesters.","House Bill 330 ""grants immunity from liability to motorists who strike protesters."
healthfact,10483,0,1,1,0.3879512669267781,0.6120487330732218,0.6120487330732218,0.29347038,0.70652956,0.70652956,Viscosupplementation Recommended For Appropriate Patients with Knee Osteoarthritis,Viscosupplementation Recommended For Appropriate Patients with Knee Osteoarthritis
healthfact,27797,1,0,0,0.7978140888819731,0.2021859111180268,0.7978140888819731,0.59933096,0.400669,0.59933096,The family of Anne Frank sought (and was denied) refugee status in the United States.,The family of Anne Frank sought (and was denied) refugee status in the United States.
healthfact,31938,0,1,1,0.2817794833403189,0.7182205166596811,0.7182205166596811,0.098067075,0.90193295,0.90193295,"Newport developed marijuana cigarettes which will be available for purchase ""next year.","Newport developed marijuana cigarettes which will be available for purchase ""next year."
healthfact,10822,0,1,1,0.3401850095669745,0.6598149904330255,0.6598149904330255,0.48695904,0.51304096,0.51304096,"Mammograms Save Lives for Women in Their 40s, Study Says","Mammograms Save Lives for Women in Their 40s, Study Says"
healthfact,10979,0,1,1,0.2194068359470924,0.7805931640529076,0.7805931640529076,0.33506218,0.6649378,0.6649378,"Drugs may make stents deadly, study says","Drugs may make stents deadly, study says"
healthfact,26446,1,0,0,0.8506334281177228,0.1493665718822771,0.8506334281177228,0.92920387,0.070796154,0.92920387,Stay-at-home orders “actually are the law of these states.”,Stay-at-home orders “actually are the law of these states.”
healthfact,28177,1,0,0,0.5140098897311003,0.4859901102688997,0.5140098897311003,0.75940263,0.24059743,0.75940263,Wells Fargo and Chase are invested in the Dakota Access Pipeline.,Wells Fargo and Chase are invested in the Dakota Access Pipeline.
healthfact,9142,1,0,0,0.6950451854843054,0.3049548145156945,0.6950451854843054,0.9037327,0.09626728,0.9037327,Cannabis Derivative Cannabidiol Reduces Seizures in Severe Epilepsy Disorder,Cannabis Derivative Cannabidiol Reduces Seizures in Severe Epilepsy Disorder
healthfact,10069,0,1,1,0.3569969273546021,0.6430030726453979,0.6430030726453979,0.033379074,0.9666209,0.9666209,Compound May Fight Hard-to-Treat Lung Cancer,Compound May Fight Hard-to-Treat Lung Cancer
healthfact,29250,0,1,1,0.2552520508858383,0.7447479491141616,0.7447479491141616,0.25317812,0.7468219,0.7468219,"Health officials have seen a surge in the number of people using ""bug spray"" to get high.","Health officials have seen a surge in the number of people using ""bug spray"" to get high."
healthfact,18440,0,1,1,0.2093852520604083,0.7906147479395916,0.7906147479395916,0.18203993,0.81796014,0.81796014,"Oregon Health Authority Says that in 2007, ""Oregon ranked 25th -- or 7th from the bottom -- in percentage of children with untreated decay compared to 32 other states with similar data.","Oregon Health Authority Says that in 2007, ""Oregon ranked 25th -- or 7th from the bottom -- in percentage of children with untreated decay compared to 32 other states with similar data."
healthfact,27427,1,0,0,0.7979672303033112,0.2020327696966888,0.7979672303033112,0.662671,0.33732894,0.662671,United States health care facilities face an intravenous bag shortage because of the devastation wreaked by Hurricane Maria in September 2017.,United States health care facilities face an intravenous bag shortage because of the devastation wreaked by Hurricane Maria in September 2017.
healthfact,21275,1,0,0,0.8198014613455227,0.1801985386544773,0.8198014613455227,0.7956812,0.20431884,0.7956812,"Wisconsin bill ""grants drug companies and medical device manufacturers immunity from injuries and deaths caused by their products.","Wisconsin bill ""grants drug companies and medical device manufacturers immunity from injuries and deaths caused by their products."
healthfact,9793,0,1,1,0.228693183654255,0.7713068163457449,0.7713068163457449,0.13642418,0.8635758,0.8635758,"I’ll Take a Sperm Test, to Go: First at-Home Male-Infertility Test Debuts","I’ll Take a Sperm Test, to Go: First at-Home Male-Infertility Test Debuts"
healthfact,9458,1,0,0,0.6310833617964071,0.3689166382035929,0.6310833617964071,0.94706345,0.052936573,0.94706345,Researchers identify CTE biomarker that may lead to diagnosis while alive,Researchers identify CTE biomarker that may lead to diagnosis while alive
healthfact,38040,1,0,0,0.8400994130293673,0.1599005869706327,0.8400994130293673,0.6612271,0.3387729,0.6612271,"The Village of Deerfield, Illinois, has approved an ordinance banning the possession of assault weapons and high-capacity magazines.","The Village of Deerfield, Illinois, has approved an ordinance banning the possession of assault weapons and high-capacity magazines."
healthfact,26560,1,0,0,0.7908067426250821,0.2091932573749178,0.7908067426250821,0.66765726,0.3323427,0.66765726,"“On February 7, the WHO warned about the limited stock of PPE. That same day, the Trump administration announced it was sending 18 tons of masks, gowns and respirators to China.”","“On February 7, the WHO warned about the limited stock of PPE. That same day, the Trump administration announced it was sending 18 tons of masks, gowns and respirators to China.”"
healthfact,10488,0,1,1,0.0540113280517693,0.9459886719482308,0.9459886719482308,0.084054366,0.9159457,0.9159457,Genes offer predictions on leukemia,Genes offer predictions on leukemia
healthfact,27434,1,0,0,0.5718098031950409,0.428190196804959,0.5718098031950409,0.6180219,0.38197806,0.6180219,"A video shows a sick, possibly starving polar bear on Baffin Island in the Canadian Arctic.","A video shows a sick, possibly starving polar bear on Baffin Island in the Canadian Arctic."
healthfact,21762,1,0,0,0.8681113120071563,0.1318886879928437,0.8681113120071563,0.9191464,0.08085361,0.9191464,There's no scientific conclusion that (being gay) is genetic.,There's no scientific conclusion that (being gay) is genetic.
healthfact,18510,0,1,1,0.4378946685403919,0.5621053314596081,0.5621053314596081,0.2714896,0.72851044,0.72851044,"In 2010 alone, 1,270 infants were reported to have died following attempted abortions and notably that is only one year.","In 2010 alone, 1,270 infants were reported to have died following attempted abortions and notably that is only one year."
healthfact,23881,1,0,0,0.6574253149582177,0.3425746850417823,0.6574253149582177,0.84457237,0.15542759,0.84457237,Bill McCollum holds the same position on (embryonic stem cell research) as Barack Obama.,Bill McCollum holds the same position on (embryonic stem cell research) as Barack Obama.
healthfact,12586,0,1,1,0.2971345017923378,0.7028654982076622,0.7028654982076622,0.39089587,0.6091041,0.6091041,"After prohibition ended, police deaths didn't reach 200 a year again until the year Nixon declared war on drugs.","After prohibition ended, police deaths didn't reach 200 a year again until the year Nixon declared war on drugs."
healthfact,35373,1,0,0,0.5768251382728473,0.4231748617271526,0.5768251382728473,0.5850798,0.41492027,0.5850798,A photograph shows Dr. Anthony Fauci at a baseball game with his mask lowered below his mouth.,A photograph shows Dr. Anthony Fauci at a baseball game with his mask lowered below his mouth.
healthfact,21930,1,0,0,0.51856322124638,0.4814367787536199,0.51856322124638,0.83955526,0.16044474,0.83955526,"An amendment inserted by lawmakers into the state budget ""exempts scientific researchers from all state animal cruelty laws.","An amendment inserted by lawmakers into the state budget ""exempts scientific researchers from all state animal cruelty laws."
healthfact,27491,1,0,0,0.7523515798481727,0.2476484201518272,0.7523515798481727,0.5474692,0.45253083,0.5474692,Cleveland Browns running back Isaiah Crowell once posted to his Instagram profile an artist's rendering of a hooded man cutting the throat of a police officer.,Cleveland Browns running back Isaiah Crowell once posted to his Instagram profile an artist's rendering of a hooded man cutting the throat of a police officer.
healthfact,35051,1,0,0,0.6735621558922235,0.3264378441077765,0.6735621558922235,0.6778584,0.3221416,0.6778584,"Images shared in March 2020 showed a convoy of military trucks transporting bodies away from an over-subscribed crematorium in Bergamo, Italy.","Images shared in March 2020 showed a convoy of military trucks transporting bodies away from an over-subscribed crematorium in Bergamo, Italy."
healthfact,37891,1,0,0,0.8011317680441911,0.1988682319558089,0.8011317680441911,0.81811565,0.18188436,0.81811565,"Image of a COVID-19 anti-lockdown protester's sign calling to re-open ""Pennslvania"" and referencing ""we the peaple"" is not doctored or altered in any way.","Image of a COVID-19 anti-lockdown protester's sign calling to re-open ""Pennslvania"" and referencing ""we the peaple"" is not doctored or altered in any way."
healthfact,27974,1,0,0,0.787516802108464,0.2124831978915359,0.787516802108464,0.85961115,0.1403889,0.85961115,An anti-seat belt law advocate was killed in automobile accident.,An anti-seat belt law advocate was killed in automobile accident.
healthfact,10335,1,0,0,0.8071337077446948,0.1928662922553051,0.8071337077446948,0.833676,0.16632405,0.833676,"Mending broken sleep: Sleep apnea, the dangerous cessation of breathing during sleep, is being diagnosed more and more. A simple machine can bring refreshing relief","Mending broken sleep: Sleep apnea, the dangerous cessation of breathing during sleep, is being diagnosed more and more. A simple machine can bring refreshing relief"
healthfact,9344,1,0,0,0.5867118695725086,0.4132881304274913,0.5867118695725086,0.9239999,0.076000065,0.9239999,Hyperbaric oxygen: The mysterious therapy that saved a cancer survivor from radiation side effects,Hyperbaric oxygen: The mysterious therapy that saved a cancer survivor from radiation side effects
healthfact,36124,1,0,0,0.5435595922230427,0.4564404077769573,0.5435595922230427,0.89509964,0.104900315,0.89509964,Rolex sales records are so well-kept that they were used to solve an open homicide.,Rolex sales records are so well-kept that they were used to solve an open homicide.
healthfact,38078,1,0,0,0.5951499925702493,0.4048500074297508,0.5951499925702493,0.81397456,0.18602541,0.81397456,"Pope Francis bestowed the Pontifical Medal upon Lilianne Ploumen, a Dutch pro-abortion activist.","Pope Francis bestowed the Pontifical Medal upon Lilianne Ploumen, a Dutch pro-abortion activist."
healthfact,9470,1,0,0,0.6764404441023497,0.3235595558976502,0.6764404441023497,0.5464887,0.45351133,0.5464887,"Ecstasy could be ‘breakthrough’ therapy for soldiers, others suffering from PTSD","Ecstasy could be ‘breakthrough’ therapy for soldiers, others suffering from PTSD"
healthfact,22291,0,1,1,0.4514972397916377,0.5485027602083623,0.5485027602083623,0.36943647,0.6305635,0.6305635,"Abortion services are ""well over 90 percent of what Planned Parenthood does.","Abortion services are ""well over 90 percent of what Planned Parenthood does."
healthfact,28108,1,0,0,0.6602392713659251,0.3397607286340749,0.6602392713659251,0.7205712,0.27942872,0.7205712,Rihanna's Instagram message to followers to throw away the Snapchat app caused the company's share value to fall by hundreds of millions of dollars in one day.,Rihanna's Instagram message to followers to throw away the Snapchat app caused the company's share value to fall by hundreds of millions of dollars in one day.
healthfact,10640,0,1,1,0.2369117408234098,0.7630882591765902,0.7630882591765902,0.2041778,0.79582226,0.79582226,Drug may delay high blood pressure in some,Drug may delay high blood pressure in some
healthfact,27167,1,0,0,0.8114401896982066,0.1885598103017934,0.8114401896982066,0.80914176,0.19085827,0.80914176,"A list of chemicals, written as if they were ingredients on a food label, accurately depicts the chemical composition of a banana.","A list of chemicals, written as if they were ingredients on a food label, accurately depicts the chemical composition of a banana."
healthfact,8951,0,1,1,0.3843859109589099,0.61561408904109,0.61561408904109,0.3687433,0.6312567,0.6312567,'Universal' blood test for earlier diagnosis of cancer moves closer to market,'Universal' blood test for earlier diagnosis of cancer moves closer to market
healthfact,34865,0,1,1,0.3082399427845389,0.6917600572154611,0.6917600572154611,0.37573427,0.62426573,0.62426573,"In 2019, a U.S. District Court judge ruled that girls in an Illinois school district ""must shower with boys"" and had no right to privacy.","In 2019, a U.S. District Court judge ruled that girls in an Illinois school district ""must shower with boys"" and had no right to privacy."
healthfact,28225,1,0,0,0.8679550461408778,0.1320449538591221,0.8679550461408778,0.7628997,0.23710026,0.7628997,"Donald Trump violated Palm Beach ordinances by putting up an outsized U.S. flag and pole, then donating the money he was fined to veterans' organizations.","Donald Trump violated Palm Beach ordinances by putting up an outsized U.S. flag and pole, then donating the money he was fined to veterans' organizations."
healthfact,11307,0,1,1,0.3761156350310148,0.6238843649689851,0.6238843649689851,0.34065557,0.6593444,0.6593444,Knee Braces Ease Osteoarthritis Pain,Knee Braces Ease Osteoarthritis Pain
healthfact,9895,0,1,1,0.2968480486896294,0.7031519513103706,0.7031519513103706,0.009223796,0.99077624,0.99077624,"For Cold Virus, Zinc May Edge Out Even Chicken Soup","For Cold Virus, Zinc May Edge Out Even Chicken Soup"
healthfact,25824,1,0,0,0.5488137773185006,0.4511862226814994,0.5488137773185006,0.877047,0.12295303,0.877047,There’s a “direct correlation” between North Carolina’s mask requirement and COVID-19 stabilization.,There’s a “direct correlation” between North Carolina’s mask requirement and COVID-19 stabilization.
healthfact,26589,1,0,0,0.9689023311610346,0.0310976688389653,0.9689023311610346,0.84957254,0.15042745,0.84957254,Facebook post Says truck drivers are being turned away from fast-food restaurants during the COVID-19 pandemic.,Facebook post Says truck drivers are being turned away from fast-food restaurants during the COVID-19 pandemic.
healthfact,27347,1,0,0,0.6289913750709805,0.3710086249290195,0.6289913750709805,0.609148,0.3908519,0.609148,Roseanne Barr posed as Hitler for an issue of satirical Jewish magazine 'Heeb.',Roseanne Barr posed as Hitler for an issue of satirical Jewish magazine 'Heeb.'
healthfact,36251,1,0,0,0.5719468035721353,0.4280531964278646,0.5719468035721353,0.6826507,0.31734937,0.6826507,"Mississippi chicken plant Koch Foods, which was raided by ICE in August 2019, was the subject of a previous lawsuit brought by workers and was subsequently ordered to pay a settlement.","Mississippi chicken plant Koch Foods, which was raided by ICE in August 2019, was the subject of a previous lawsuit brought by workers and was subsequently ordered to pay a settlement."
healthfact,9773,1,0,0,0.6374279509220931,0.3625720490779068,0.6374279509220931,0.77171797,0.22828211,0.77171797,"Heart Association's Stroke Guidelines Support Clot-Removing Device If clot-busting drugs don't work, device can be used to pull the blockage out through the artery","Heart Association's Stroke Guidelines Support Clot-Removing Device If clot-busting drugs don't work, device can be used to pull the blockage out through the artery"
healthfact,12792,0,1,1,0.3331341482841778,0.6668658517158221,0.6668658517158221,0.014585046,0.985415,0.985415,"300,000 pounds of rat meat sold as chicken wings across America.","300,000 pounds of rat meat sold as chicken wings across America."
healthfact,12063,0,1,1,0.1885130756296835,0.8114869243703164,0.8114869243703164,0.0012929739,0.99870706,0.99870706,Missouri Votes to Let Employers Fire People Who Use Birth Control.,Missouri Votes to Let Employers Fire People Who Use Birth Control.
healthfact,10849,0,1,1,0.4700692906023581,0.5299307093976419,0.5299307093976419,0.2867829,0.71321714,0.71321714,"Mammograms Cut Risk of Breast Cancer Death by Half, Study Finds","Mammograms Cut Risk of Breast Cancer Death by Half, Study Finds"
healthfact,22338,1,0,0,0.6303888473684479,0.3696111526315521,0.6303888473684479,0.63267195,0.36732808,0.63267195,"There has never been a death caused by a [commercial nuclear] reactor in the United States, even when Three Mile Island failed in the 1970s.","There has never been a death caused by a [commercial nuclear] reactor in the United States, even when Three Mile Island failed in the 1970s."
healthfact,10248,1,0,0,0.9110518631159862,0.0889481368840137,0.9110518631159862,0.9561305,0.04386949,0.9561305,Trendy fizzy drink is mushrooming,Trendy fizzy drink is mushrooming
healthfact,27124,1,0,0,0.8203664386906573,0.1796335613093427,0.8203664386906573,0.9538723,0.046127677,0.9538723,An image of a plant with phallic-looking structures is a genuine botanical specimen.,An image of a plant with phallic-looking structures is a genuine botanical specimen.
healthfact,26465,1,0,0,0.6646048057134949,0.3353951942865051,0.6646048057134949,0.60980386,0.3901962,0.60980386,"Republicans “have shown themselves willing to cut millions off their health insurance and eliminate preexisting condition protections for millions more, even in the middle of this public health crisis.","Republicans “have shown themselves willing to cut millions off their health insurance and eliminate preexisting condition protections for millions more, even in the middle of this public health crisis."
healthfact,9702,1,0,0,0.6609665087595722,0.3390334912404277,0.6609665087595722,0.51140517,0.48859477,0.51140517,"Women with Stage 4 breast cancer survive longer if they have surgery, study shows","Women with Stage 4 breast cancer survive longer if they have surgery, study shows"
healthfact,9409,1,0,0,0.8033787502883711,0.1966212497116289,0.8033787502883711,0.82964134,0.17035872,0.82964134,Gone With A Shot? Hopeful New Signs Of Relief For Migraine Sufferers,Gone With A Shot? Hopeful New Signs Of Relief For Migraine Sufferers
healthfact,10173,1,0,0,0.8241784356747486,0.1758215643252514,0.8241784356747486,0.9495222,0.050477833,0.9495222,An implant that hits a nerve,An implant that hits a nerve
healthfact,27275,1,0,0,0.5835188069942502,0.4164811930057498,0.5835188069942502,0.7071871,0.29281288,0.7071871,A TEDx speaker gave a talk that referred to pedophilia as an 'unchangeable sexual orientation.',A TEDx speaker gave a talk that referred to pedophilia as an 'unchangeable sexual orientation.'
healthfact,24341,0,1,1,0.4528391768788947,0.5471608231211053,0.5471608231211053,0.11715844,0.8828416,0.8828416,"Chile ranks third internationally in economic freedom, while the U.S. ranks 17th.","Chile ranks third internationally in economic freedom, while the U.S. ranks 17th."
healthfact,42037,0,1,1,0.2313755814693715,0.7686244185306285,0.7686244185306285,0.05976801,0.940232,0.940232,Henry Winkler Dead at 77 – A Huge Trump Supporter and Lifelong Gun Lover.,Henry Winkler Dead at 77 – A Huge Trump Supporter and Lifelong Gun Lover.
healthfact,15295,0,1,1,0.4586070312042779,0.5413929687957221,0.5413929687957221,0.3788428,0.6211572,0.6211572,Almost 95 percent of all (Planned Parenthood) pregnancy services were abortions.,Almost 95 percent of all (Planned Parenthood) pregnancy services were abortions.
healthfact,35538,0,1,1,0.3347001677827013,0.6652998322172987,0.6652998322172987,0.46194285,0.5380571,0.5380571,"Rudy Giuliani correctly tweeted that a research lab in Wuhan, China, got a $3.7 million grant from the U.S. in 2017 despite a ban on such funding.","Rudy Giuliani correctly tweeted that a research lab in Wuhan, China, got a $3.7 million grant from the U.S. in 2017 despite a ban on such funding."
healthfact,24605,0,1,1,0.3611390374260519,0.6388609625739481,0.6388609625739481,0.41209155,0.5879085,0.5879085,"The health care reform plan would set limits similar to the ""socialized"" system in Britain, where people are allowed to die if their treatment would cost more than $22,000.","The health care reform plan would set limits similar to the ""socialized"" system in Britain, where people are allowed to die if their treatment would cost more than $22,000."
healthfact,10499,1,0,0,0.5211472531501669,0.4788527468498331,0.5211472531501669,0.95317143,0.046828598,0.95317143,Extracting the facts about pomegranate pills,Extracting the facts about pomegranate pills
healthfact,26210,1,0,0,0.917067736227022,0.082932263772978,0.917067736227022,0.9604,0.039600033,0.9604,Facebook post Says researchers found a “fabric that kills coronaviruses”,Facebook post Says researchers found a “fabric that kills coronaviruses”
healthfact,13529,0,1,1,0.3906760330084099,0.6093239669915901,0.6093239669915901,0.049488686,0.9505113,0.9505113,"California’s Prop 55 ""prevents $4 billion in new cuts to our schools.","California’s Prop 55 ""prevents $4 billion in new cuts to our schools."
healthfact,27899,1,0,0,0.7962035761114877,0.2037964238885123,0.7962035761114877,0.6341072,0.36589286,0.6341072,A photograph shows the wedding of a U.S. Marine disfigured by combat wounds.,A photograph shows the wedding of a U.S. Marine disfigured by combat wounds.
healthfact,27241,1,0,0,0.7942568253049831,0.2057431746950169,0.7942568253049831,0.83718127,0.16281877,0.83718127,A 26-year-old man named Alex Smith of Minneapolis died because he had aged out of his mother's health insurance and couldn't afford insulin.,A 26-year-old man named Alex Smith of Minneapolis died because he had aged out of his mother's health insurance and couldn't afford insulin.
healthfact,37869,1,0,0,0.5857624534952981,0.4142375465047018,0.5857624534952981,0.8987289,0.101271056,0.8987289,COVID-19 doctors are reporting inexplicable blood-clotting and hematological complications in otherwise young and healthy patients.,COVID-19 doctors are reporting inexplicable blood-clotting and hematological complications in otherwise young and healthy patients.
healthfact,14779,1,0,0,0.5210088099364307,0.4789911900635692,0.5210088099364307,0.5499466,0.45005348,0.5499466,"Hillary Clinton Says Bernie Sanders ""voted for regime change with respect to Libya.","Hillary Clinton Says Bernie Sanders ""voted for regime change with respect to Libya."
healthfact,19970,0,1,1,0.2270920738855475,0.7729079261144525,0.7729079261144525,0.13299775,0.8670022,0.8670022,"Citizens Property Insurance has ""over $500 billion worth of risk, with less than $10 billion worth of surplus.","Citizens Property Insurance has ""over $500 billion worth of risk, with less than $10 billion worth of surplus."
healthfact,15592,0,1,1,0.4288695060725778,0.5711304939274222,0.5711304939274222,0.19062936,0.80937064,0.80937064,The proportion of Rhode Islanders entering substance abuse treatment primarily due to marijuana use has reached its highest point in 20 years.,The proportion of Rhode Islanders entering substance abuse treatment primarily due to marijuana use has reached its highest point in 20 years.
healthfact,22809,0,1,1,0.1605662585348051,0.8394337414651949,0.8394337414651949,0.16367905,0.8363209,0.8363209,Texas Veterans Commission Says one out of three U.S. homeless men is a veteran.,Texas Veterans Commission Says one out of three U.S. homeless men is a veteran.
healthfact,10665,1,0,0,0.7217776242893019,0.2782223757106981,0.7217776242893019,0.7728076,0.22719237,0.7728076,"Timely use of Novartis' Entresto could prevent or postpone over 28,000 US deaths per year among HFrEF patients, according to an expert analysis in JAMA Cardiology","Timely use of Novartis' Entresto could prevent or postpone over 28,000 US deaths per year among HFrEF patients, according to an expert analysis in JAMA Cardiology"
healthfact,22092,0,1,1,0.3599405067957015,0.6400594932042984,0.6400594932042984,0.4084489,0.5915511,0.5915511,"The Massachusetts health care plan is ""wildly unpopular"" among state residents.","The Massachusetts health care plan is ""wildly unpopular"" among state residents."
healthfact,27696,1,0,0,0.7387612942794997,0.2612387057205003,0.7387612942794997,0.896268,0.103731975,0.896268,Pokémon Go developer Niantic is working on a Harry Potter version of the hugely popular augmented-reality game.,Pokémon Go developer Niantic is working on a Harry Potter version of the hugely popular augmented-reality game.
healthfact,11231,1,0,0,0.7361236635493273,0.2638763364506726,0.7361236635493273,0.88284606,0.11715399,0.88284606,Another Potential Benefit of Cutting Calories: Better Memory,Another Potential Benefit of Cutting Calories: Better Memory
healthfact,36784,1,0,0,0.7697737528598367,0.2302262471401633,0.7697737528598367,0.6123065,0.38769352,0.6123065,"Meryl Streep, who was critical of President-elect Donald Trump in a Golden Globes speech, once gave accused pedophile Roman Polanski a standing ovation at the Oscars.","Meryl Streep, who was critical of President-elect Donald Trump in a Golden Globes speech, once gave accused pedophile Roman Polanski a standing ovation at the Oscars."
healthfact,35340,0,1,1,0.4227534450678685,0.5772465549321315,0.5772465549321315,0.48702675,0.5129733,0.5129733,"When U.S. President Donald Trump was asked what he'd say to people who lost family members to COVID-19, he replied, ""I would say this didn't hurt anyone as much as it hurt me.","When U.S. President Donald Trump was asked what he'd say to people who lost family members to COVID-19, he replied, ""I would say this didn't hurt anyone as much as it hurt me."
healthfact,24790,1,0,0,0.5963607679298395,0.4036392320701605,0.5963607679298395,0.60095334,0.3990467,0.60095334,"The stimulus bill contains ""$20 million for the removal of small to medium-sized fish passage barriers"" and ""$25 million to rehabilitate off-roading trails for ATVs.","The stimulus bill contains ""$20 million for the removal of small to medium-sized fish passage barriers"" and ""$25 million to rehabilitate off-roading trails for ATVs."
healthfact,15218,0,1,1,0.3591788438957608,0.6408211561042392,0.6408211561042392,0.009664675,0.99033535,0.99033535,"Planned Parenthood is ""not actually doing women’s health issues.","Planned Parenthood is ""not actually doing women’s health issues."
healthfact,35211,1,0,0,0.6691288617381494,0.3308711382618505,0.6691288617381494,0.5323687,0.4676313,0.5323687,U.S. President Donald Trump golfed several times and held a number of rallies after learning about the threat of the coronavirus.,U.S. President Donald Trump golfed several times and held a number of rallies after learning about the threat of the coronavirus.
healthfact,35456,1,0,0,0.6134892873088168,0.3865107126911832,0.6134892873088168,0.5560309,0.44396916,0.5560309,"Walter ""Blackie"" Wetzel, a former leader of the Blackfeet Nation, designed the Indian head logo for the Washington D.C. ""Redskins"" NFL team.","Walter ""Blackie"" Wetzel, a former leader of the Blackfeet Nation, designed the Indian head logo for the Washington D.C. ""Redskins"" NFL team."
curated_health_claims,curated_0019,1,0,0,0.7201555227291031,0.2798444772708969,0.7201555227291031,0.78197706,0.21802294,0.78197706,"Vaccines are designed to prevent disease, not to cure an active infection.","Vaccines are designed to prevent disease, not to cure an active infection."
fakehealth,news_reviews_00290,1,0,0,0.7832302313968007,0.2167697686031992,0.7832302313968007,0.675901,0.32409897,0.675901,"Amsterdam, The Netherlands: A test that measures the levels of five chemicals in the breath has shown promising results for the detection of cancers of the oesophagus and stomach in a large patient trial presented at the European Cancer Congress 2017 [1]. Together, stomach and oesophageal cancer account for around 1.4 million new cancer diagnoses each year worldwide [2]. Both tend to be diagnosed late, because the symptoms are ambiguous, meaning the five-year survival rate for these two types of cancer is only 15%. The new research, involving more than 300 patients, showed that the test could diagnose cancer with an overall accuracy of 85%. Dr Sheraz Markar, an NIHR Clinical Trials Fellow from Imperial College London, under the supervision of Professor George Hanna, told the Congress: ""At present the only way to diagnose oesophageal cancer or stomach cancer is with endoscopy. This method is expensive, invasive and has some risk of complications. ""A breath test could be used as a non-invasive, first-line test to reduce the number of unnecessary endoscopies. In the longer term this could also mean earlier diagnosis and treatment, and better survival."" The trial was based on the results of previous research that suggested differences in the levels of specific chemicals (butyric, pentanoic and hexanoic acids, butanal, and decanal) between patients with stomach or oesophageal cancer and patients with upper gastrointestinal symptoms without cancer. The new research aimed to test whether this 'chemical signature' that seemed to typify cancer could be the basis of a diagnostic test. In the new study, the research team collected breath samples from 335 people at St Mary's Hospital, Imperial College Healthcare NHS Trust; University College London Hospital; and the Royal Marsden Hospital, London. Of these, 163 had been diagnosed with stomach or oesophageal cancer and 172 showed no evidence of cancer when they had an endoscopy. All the samples were analysed with a technique called selected ion flow-tube mass spectrometry, which is able to accurately measure small amounts of different chemicals in mixtures of gases such as breath. Researchers measured the levels of the five chemicals in each sample to see which ones matched to the 'chemical signature' that indicated cancer. The results showed that the test was 85% accurate overall, with a sensitivity of 80% and a specificity of 81%. This means that not only was the breath test good at picking up those who had cancer (sensitivity), it was also good at correctly identifying who did not have cancer (specificity). Dr Markar said: ""Because cancer cells are different to healthy ones, they produce a different mixture of chemicals. This study suggests that we may be able detect these differences and use a breath test to indicate which patients are likely to have cancer of the oesophagus and stomach, and which do not. However, these findings must be validated in a larger sample of patients before the test could be used in the clinic."" Over the next three years, the researchers will continue with a larger trial, using the test with patients who are being given an endoscopy for gastrointestinal symptoms but not yet diagnosed with cancer. This will assess the ability of the test to pick up cases within a group that is likely to contain only a small percentage of cancers. The team is also working on breath tests for other types of cancer, such as colorectal and pancreatic, which could be used as first-line tests in general practice surgeries. ###","Breath test could help detect stomach and oesophageal cancers. Amsterdam, The Netherlands: A test that measures the levels of five chemicals in the breath has shown promising results for the detection of cancers of the oesophagus and stomach in a large patient trial presented at the European Cancer Congress 2017 [1]. Together, stomach and oesophageal cancer account for around 1.4 million new cancer diagnoses each year worldwide [2]. Both tend to be diagnosed late, because the symptoms are ambiguous, meaning the five-year survival rate for these two types of cancer is only 15%. The new research, involving more than 300 patients, showed that the test could diagnose cancer with an overall accuracy of 85%. Dr Sheraz Markar, an NIHR Clinical Trials Fellow from Imperial College London, under the supervision of Professor George Hanna, told the Congress: ""At present the only way to diagnose oesophageal cancer or stomach cancer is with endoscopy. This method is expensive, invasive and has some risk of complications. ""A breath test could be used as a non-invasive, first-line test to reduce the number of unnecessary endoscopies. In the longer term this could also mean earlier diagnosis and treatment, and better survival."" The trial was based on the results of previous research that suggested differences in the levels of specific chemicals (butyric, pentanoic and hexanoic acids, butanal, and decanal) between patients with stomach or oesophageal cancer and patients with upper gastrointestinal symptoms without cancer. The new research aimed to test whether this 'chemical signature' that seemed to typify cancer could be the basis of a diagnostic test. In the new study, the research team collected breath samples from 335 people at St Mary's Hospital, Imperial College Healthcare NHS Trust; University College London Hospital; and the Royal Marsden Hospital, London. Of these, 163 had been diagnosed with stomach or oesophageal cancer and 172 showed no evidence of cancer when they had an endoscopy. All the samples were analysed with a technique called selected ion flow-tube mass spectrometry, which is able to accurately measure small amounts of different chemicals in mixtures of gases such as breath. Researchers measured the levels of the five chemicals in each sample to see which ones matched to the 'chemical signature' that indicated cancer. The results showed that the test was 85% accurate overall, with a sensitivity of 80% and a specificity of 81%. This means that not only was the breath test good at picking up those who had cancer (sensitivity), it was also good at correctly identifying who did not have cancer (specificity). Dr Markar said: ""Because cancer cells are different to healthy ones, they produce a different mixture of chemicals. This study suggests that we may be able detect these differences and use a breath test to indicate which patients are likely to have cancer of the oesophagus and stomach, and which do not. However, these findings must be validated in a larger sample of patients before the test could be used in the clinic."" Over the next three years, the researchers will continue with a larger trial, using the test with patients who are being given an endoscopy for gastrointestinal symptoms but not yet diagnosed with cancer. This will assess the ability of the test to pick up cases within a group that is likely to contain only a small percentage of cancers. The team is also working on breath tests for other types of cancer, such as colorectal and pancreatic, which could be used as first-line tests in general practice surgeries. ###"
fakehealth,story_reviews_00998,0,1,1,0.3610960628570424,0.6389039371429576,0.6389039371429576,0.16587043,0.83412963,0.83412963,"By Denise Mann HealthDay Reporter MONDAY, Oct. 10, 2011 (HealthDay News) -- An experimental Alzheimer's disease drug, gantenerumab, may help lower levels of amyloid plaque in the brains of people with the disease, an early clinical trial indicates. The new study, which appears online Oct. 10 in the Archives of Neurology, is among the first to show the effects of an anti-amyloid drug in humans with Alzheimer's disease, but experts caution that while promising, more research is needed before this drug can be deemed safe or effective. And, in what may turn out to be an equally important caveat, experts also say that it's by no means certain that reducing levels of amyloid plaque would stave off memory loss and the other mental declines associated with the disease because the role of the plaque in Alzheimer's isn't fully understood. Alzheimer's disease is the most common form of dementia. Symptoms including serious memory loss, confusion and mood changes develop gradually and worsen with time. Recently, many strides have been made in diagnosing Alzheimer's disease earlier, but doctors have been stymied by a lack of effective treatments to stop or slow the course of the disease. It's long been known that a protein fragment called beta-amyloid builds up in the spaces between nerve cells in the brains of people with Alzheimer's disease. The new drug, gantenerumab, targets these amyloid proteins by priming the body's immune system to recognize them as invaders. Of 16 people with mild-to-moderate Alzheimer's disease, those who received two to seven infusions of the experimental drug every four weeks showed marked reductions in the amount of plaque in their brains via imaging tests that were conducted several months after their treatments. By contrast, amyloid load increased among people who were randomized to receive the placebo. The new drug was given at either 60 or 200 milligrams (mg) doses. The higher dose yielded greater reductions in amyloid levels, the study showed. People who were given the 60 mg doses saw a nearly 16 percent reduction in the amount of amyloid, and those given the 200 mg doses saw a 36 percent reduction. The new study was conducted and funded by the drug's manufacturer, F. Hoffmann-LaRoche Ltd., in Basel, Switzerland. The big question is whether or not reducing amyloid levels has any effect on the symptoms or progression of Alzheimer's disease, said Dr. Patrick Lyden, chief of neurology at Cedars-Sinai Medical Center in Los Angeles. ""There is a growing concern that amyloid is a guilty bystander, but not the actual culprit in the brains of people with Alzheimer's disease, and taking away the bystander may not help the patient,"" he said. There are approximately one dozen therapies, including vaccines, for Alzheimer's disease that are currently in the pipeline, Lyden noted. ""They are all extremely exciting and promising in animals,"" he said. ""This is the first one to show a preliminary result in people, but we have a huge way to go to make sure it is safe and improves symptoms."" Many in the Alzheimer's research community are awaiting these drugs with bated breath, but ""none are ready for prime time,"" he said. The leading theory of Alzheimer's disease is that an imbalance in the production or clearance of the amyloid plaque in the brain initiates a cascade of events that lead to dementia, explained Dr. Neelum Aggarwal, an associate professor of neurological sciences at Rush Alzheimer's Disease Research Center at Rush University Medical Center in Chicago. ""Accumulation of the plaques cause a variety of cellular responses: inflammation, neuronal death, and thus any potential treatment that can alter these processes would be beneficial,"" she said. The hope is that gantenerumab or other drugs like it will not only prevent amyloid from accumulating in the brain, but also slow down the cognitive impairment that occurs in people with Alzheimer's disease, she added. That said, these experimental drugs carry the potential for serious side effects, including causing the immune system to go haywire. ""The main issue that remains for this type of drug development is managing the immune response,"" Aggarwal said. Other side effects include a potentially fatal fluid build-up in certain areas of the brain. ""This is problematic in that use of these treatments may carry a very high risk for neurologic complications, thus necessitating heightened monitoring, and diminishing its applicability as a treatment for a larger patient population such as the Alzheimer's disease population,"" she said. If any of these drugs make it through the pipeline, it also needs to be determined who will get them, including whether the drugs will be given to prevent Alzheimer's in patients at high-risk of the disease or to treat it once it's started. The need for a drug to delay the onset or slow progression of Alzheimer's disease can't be underestimated, Aggrawal said. In the United States alone, there are 5.4 million people with Alzheimer's disease, and the numbers are expected to increase to 13 million by 2050, when approximately three of every five people over the age of 85 will have Alzheimer's disease, she said. More information For more information about Alzheimer's disease signs, symptoms and treatments, visit the Alzheimer's Association.","New Alzheimer's Drug Shows Early Promise. By Denise Mann HealthDay Reporter MONDAY, Oct. 10, 2011 (HealthDay News) -- An experimental Alzheimer's disease drug, gantenerumab, may help lower levels of amyloid plaque in the brains of people with the disease, an early clinical trial indicates. The new study, which appears online Oct. 10 in the Archives of Neurology, is among the first to show the effects of an anti-amyloid drug in humans with Alzheimer's disease, but experts caution that while promising, more research is needed before this drug can be deemed safe or effective. And, in what may turn out to be an equally important caveat, experts also say that it's by no means certain that reducing levels of amyloid plaque would stave off memory loss and the other mental declines associated with the disease because the role of the plaque in Alzheimer's isn't fully understood. Alzheimer's disease is the most common form of dementia. Symptoms including serious memory loss, confusion and mood changes develop gradually and worsen with time. Recently, many strides have been made in diagnosing Alzheimer's disease earlier, but doctors have been stymied by a lack of effective treatments to stop or slow the course of the disease. It's long been known that a protein fragment called beta-amyloid builds up in the spaces between nerve cells in the brains of people with Alzheimer's disease. The new drug, gantenerumab, targets these amyloid proteins by priming the body's immune system to recognize them as invaders. Of 16 people with mild-to-moderate Alzheimer's disease, those who received two to seven infusions of the experimental drug every four weeks showed marked reductions in the amount of plaque in their brains via imaging tests that were conducted several months after their treatments. By contrast, amyloid load increased among people who were randomized to receive the placebo. The new drug was given at either 60 or 200 milligrams (mg) doses. The higher dose yielded greater reductions in amyloid levels, the study showed. People who were given the 60 mg doses saw a nearly 16 percent reduction in the amount of amyloid, and those given the 200 mg doses saw a 36 percent reduction. The new study was conducted and funded by the drug's manufacturer, F. Hoffmann-LaRoche Ltd., in Basel, Switzerland. The big question is whether or not reducing amyloid levels has any effect on the symptoms or progression of Alzheimer's disease, said Dr. Patrick Lyden, chief of neurology at Cedars-Sinai Medical Center in Los Angeles. ""There is a growing concern that amyloid is a guilty bystander, but not the actual culprit in the brains of people with Alzheimer's disease, and taking away the bystander may not help the patient,"" he said. There are approximately one dozen therapies, including vaccines, for Alzheimer's disease that are currently in the pipeline, Lyden noted. ""They are all extremely exciting and promising in animals,"" he said. ""This is the first one to show a preliminary result in people, but we have a huge way to go to make sure it is safe and improves symptoms."" Many in the Alzheimer's research community are awaiting these drugs with bated breath, but ""none are ready for prime time,"" he said. The leading theory of Alzheimer's disease is that an imbalance in the production or clearance of the amyloid plaque in the brain initiates a cascade of events that lead to dementia, explained Dr. Neelum Aggarwal, an associate professor of neurological sciences at Rush Alzheimer's Disease Research Center at Rush University Medical Center in Chicago. ""Accumulation of the plaques cause a variety of cellular responses: inflammation, neuronal death, and thus any potential treatment that can alter these processes would be beneficial,"" she said. The hope is that gantenerumab or other drugs like it will not only prevent amyloid from accumulating in the brain, but also slow down the cognitive impairment that occurs in people with Alzheimer's disease, she added. That said, these experimental drugs carry the potential for serious side effects, including causing the immune system to go haywire. ""The main issue that remains for this type of drug development is managing the immune response,"" Aggarwal said. Other side effects include a potentially fatal fluid build-up in certain areas of the brain. ""This is problematic in that use of these treatments may carry a very high risk for neurologic complications, thus necessitating heightened monitoring, and diminishing its applicability as a treatment for a larger patient population such as the Alzheimer's disease population,"" she said. If any of these drugs make it through the pipeline, it also needs to be determined who will get them, including whether the drugs will be given to prevent Alzheimer's in patients at high-risk of the disease or to treat it once it's started. The need for a drug to delay the onset or slow progression of Alzheimer's disease can't be underestimated, Aggrawal said. In the United States alone, there are 5.4 million people with Alzheimer's disease, and the numbers are expected to increase to 13 million by 2050, when approximately three of every five people over the age of 85 will have Alzheimer's disease, she said. More information For more information about Alzheimer's disease signs, symptoms and treatments, visit the Alzheimer's Association."
fakehealth,news_reviews_00258,0,1,1,0.4622022520193775,0.5377977479806225,0.5377977479806225,0.4736941,0.5263059,0.5263059,"More than 35 million Americans are trying to quit smoking. Smoking cigarettes causes 480,000 premature deaths each year due mainly to a two-fold risk of cardiovascular disease and a 20-fold risk of lung cancer. In a commentary published in the current issue of the American Journal of Medicine, researchers from the Charles E. Schmidt College of Medicine at Florida Atlantic University reassure clinicians and their patients that varenicline, whose brand name is Chantix, is a safe and effective way to achieve smoking cessation and that failure to use this drug has caused preventable heart attacks and deaths from cardiovascular disease. In 2006, varenicline was approved as a safe and effective means to quit smoking and achieved permanent quit rates of approximately 25 percent. In 2009, however, varenicline received a black box warning by the FDA based on their adverse event reports of neuropsychiatric symptoms like depression and thoughts of suicide. There were plausible alternative explanations including that nearly half of the subjects had psychiatric histories, 42 percent were taking psychotropic drugs and about 42 percent were suffering from depression. Nonetheless, since then, there has been a 76 percent decline in the number of prescriptions dispensed from a peak of about 2 million in the last quarter of 2007 to about 531,000 in the first quarter of 2014. In their commentary, the FAU researchers emphasize that, until recently, the totality of randomized evidence on varenicline had been restricted to eight small trials, which did not demonstrate a hazard. The researchers caution that the reliable detection of small to moderate risks and benefits of drug therapies requires cogent data from large-scale randomized trials designed a priori to test the hypothesis. Such a large randomized trial was recently completed that included both apparently healthy individuals as well as those with severe mental illness. The trial was conducted for 12 weeks on about 8,000 long-term smokers and included equal subgroups of those without as well as with psychiatric disorders. In subjects without psychiatric disorders, those treated with varenicline had less neuropsychiatric symptoms and in subjects without psychiatric disorders there were no increases in these symptoms. Both groups of participants assigned at random to varenicline achieved significantly higher abstinence rates at 12 weeks than those assigned to placebo, nicotine patch or bupropion. Just a few months ago, the FDA removed the black box warning from varenicline. The commentary was coauthored by Dianna Gaballa, a fourth-year medical student; Joanna Drowos, D.O., M.P.H., an associate professor of integrated medical science and associate chair of the Department of Integrated Medical Science; and Charles H. Hennekens, M.D., Dr.P.H., the first Sir Richard Doll Professor and senior academic advisor to the dean, all in FAU's Charles E. Schmidt College of Medicine. ""The existing totality of evidence suggests an urgent need to increase the use of varenicline in the general population as well as in those with serious mental illness who on average die about 20 years earlier than the general population, in part, because their smoking rates may be as high as 75 percent,"" said Hennekens. Quitting smoking significantly reduces risks of cardiovascular disease beginning within a matter of months and reaching the non-smoker status within a few years, even among older adults. For lung and other cancers, however, reductions do not even begin to emerge for years after quitting and, even after 10 years, quitters achieve death rates only about midway between the continuing smoker and non-smoker. ""For reducing risks of cardiovascular disease it's never too late to quit, but to reduce risks of cancer, it's never too early,"" said Hennekens. The authors speculate that if use of varenicline had not plummeted by 76 percent following the black box warning in 2009, perhaps 17,000 premature deaths from cardiovascular disease may have been avoided each year during the last few years. Public health efforts and effective cessation treatments including behavioral counseling and medication have resulted in a 14 percent decrease in smoking in the U.S. while the rates are markedly increasing in developing countries. ### According to the U.S. Centers for Disease Control and Prevention, heart disease is the leading killer among men and women causing approximately 600,000 deaths each year. Among the numerous honors and recognitions Hennekens has received include the Ochsner Award for reducing premature deaths from cigarettes in 2014. From 1995 to 2005, Science Watch ranked him as the third most widely cited medical researcher in the world and five of the top 20 were his former trainees and/or fellows. In 2012, Science Heroes ranked Hennekens No. 81 in the history of the world for having saved more than 1.1 million lives. In 2016, he was ranked the No. 14 ""Top Scientist in the World"" with an H-index of 173. About the Charles E. Schmidt College of Medicine: FAU's Charles E. Schmidt College of Medicine is one of 145 accredited medical schools in the U.S. The college was launched in 2010, when the Florida Board of Governors made a landmark decision authorizing FAU to award the M.D. degree. After receiving approval from the Florida legislature and the governor, it became the 134th allopathic medical school in North America. With more than 70 full and part-time faculty and more than 1,300 affiliate faculty, the college matriculates 64 medical students each year and has been nationally recognized for its innovative curriculum. To further FAU's commitment to increase much needed medical residency positions in Palm Beach County and to ensure that the region will continue to have an adequate and well-trained physician workforce, the FAU Charles E. Schmidt College of Medicine Consortium for Graduate Medical Education (GME) was formed in fall 2011 with five leading hospitals in Palm Beach County. In June 2014, FAU's College of Medicine welcomed its inaugural class of 36 residents in its first University-sponsored residency in internal medicine. About Florida Atlantic University:","Researchers warn of hazards of smoking and need for wider use of varenicline to quit. More than 35 million Americans are trying to quit smoking. Smoking cigarettes causes 480,000 premature deaths each year due mainly to a two-fold risk of cardiovascular disease and a 20-fold risk of lung cancer. In a commentary published in the current issue of the American Journal of Medicine, researchers from the Charles E. Schmidt College of Medicine at Florida Atlantic University reassure clinicians and their patients that varenicline, whose brand name is Chantix, is a safe and effective way to achieve smoking cessation and that failure to use this drug has caused preventable heart attacks and deaths from cardiovascular disease. In 2006, varenicline was approved as a safe and effective means to quit smoking and achieved permanent quit rates of approximately 25 percent. In 2009, however, varenicline received a black box warning by the FDA based on their adverse event reports of neuropsychiatric symptoms like depression and thoughts of suicide. There were plausible alternative explanations including that nearly half of the subjects had psychiatric histories, 42 percent were taking psychotropic drugs and about 42 percent were suffering from depression. Nonetheless, since then, there has been a 76 percent decline in the number of prescriptions dispensed from a peak of about 2 million in the last quarter of 2007 to about 531,000 in the first quarter of 2014. In their commentary, the FAU researchers emphasize that, until recently, the totality of randomized evidence on varenicline had been restricted to eight small trials, which did not demonstrate a hazard. The researchers caution that the reliable detection of small to moderate risks and benefits of drug therapies requires cogent data from large-scale randomized trials designed a priori to test the hypothesis. Such a large randomized trial was recently completed that included both apparently healthy individuals as well as those with severe mental illness. The trial was conducted for 12 weeks on about 8,000 long-term smokers and included equal subgroups of those without as well as with psychiatric disorders. In subjects without psychiatric disorders, those treated with varenicline had less neuropsychiatric symptoms and in subjects without psychiatric disorders there were no increases in these symptoms. Both groups of participants assigned at random to varenicline achieved significantly higher abstinence rates at 12 weeks than those assigned to placebo, nicotine patch or bupropion. Just a few months ago, the FDA removed the black box warning from varenicline. The commentary was coauthored by Dianna Gaballa, a fourth-year medical student; Joanna Drowos, D.O., M.P.H., an associate professor of integrated medical science and associate chair of the Department of Integrated Medical Science; and Charles H. Hennekens, M.D., Dr.P.H., the first Sir Richard Doll Professor and senior academic advisor to the dean, all in FAU's Charles E. Schmidt College of Medicine. ""The existing totality of evidence suggests an urgent need to increase the use of varenicline in the general population as well as in those with serious mental illness who on average die about 20 years earlier than the general population, in part, because their smoking rates may be as high as 75 percent,"" said Hennekens. Quitting smoking significantly reduces risks of cardiovascular disease beginning within a matter of months and reaching the non-smoker status within a few years, even among older adults. For lung and other cancers, however, reductions do not even begin to emerge for years after quitting and, even after 10 years, quitters achieve death rates only about midway between the continuing smoker and non-smoker. ""For reducing risks of cardiovascular disease it's never too late to quit, but to reduce risks of cancer, it's never too early,"" said Hennekens. The authors speculate that if use of varenicline had not plummeted by 76 percent following the black box warning in 2009, perhaps 17,000 premature deaths from cardiovascular disease may have been avoided each year during the last few years. Public health efforts and effective cessation treatments including behavioral counseling and medication have resulted in a 14 percent decrease in smoking in the U.S. while the rates are markedly increasing in developing countries. ### According to the U.S. Centers for Disease Control and Prevention, heart disease is the leading killer among men and women causing approximately 600,000 deaths each year. Among the numerous honors and recognitions Hennekens has received include the Ochsner Award for reducing premature deaths from cigarettes in 2014. From 1995 to 2005, Science Watch ranked him as the third most widely cited medical researcher in the world and five of the top 20 were his former trainees and/or fellows. In 2012, Science Heroes ranked Hennekens No. 81 in the history of the world for having saved more than 1.1 million lives. In 2016, he was ranked the No. 14 ""Top Scientist in the World"" with an H-index of 173. About the Charles E. Schmidt College of Medicine: FAU's Charles E. Schmidt College of Medicine is one of 145 accredited medical schools in the U.S. The college was launched in 2010, when the Florida Board of Governors made a landmark decision authorizing FAU to award the M.D. degree. After receiving approval from the Florida legislature and the governor, it became the 134th allopathic medical school in North America. With more than 70 full and part-time faculty and more than 1,300 affiliate faculty, the college matriculates 64 medical students each year and has been nationally recognized for its innovative curriculum. To further FAU's commitment to increase much needed medical residency positions in Palm Beach County and to ensure that the region will continue to have an adequate and well-trained physician workforce, the FAU Charles E. Schmidt College of Medicine Consortium for Graduate Medical Education (GME) was formed in fall 2011 with five leading hospitals in Palm Beach County. In June 2014, FAU's College of Medicine welcomed its inaugural class of 36 residents in its first University-sponsored residency in internal medicine. About Florida Atlantic University:"
fakehealth,story_reviews_00610,0,1,1,0.2708206700742679,0.7291793299257321,0.7291793299257321,0.3932824,0.6067176,0.6067176,"CHICAGO—Using whole-brain radiation to treat cancer that has spread to the brain is a treatment that for many patients is worse than the disease, a new study suggests. Researchers said the technique, when used after a more precise radiotherapy to kill the cancer, resulted in more memory loss and other cognitive deficits than treating with radiotherapy alone. While the more aggressive treatment was better at preventing recurrence of tumors in the brain, it didn’t extend survival. “The potential benefits of whole brain radiation therapy are far outweighed by the detriments of the therapy itself,” said Paul Brown, professor of radiation oncology at the University of Texas MD Anderson Cancer Center, Houston. The “negative impact” on cognitive function “was more than I would have expected.” Dr. Brown is lead author of the study which was presented Sunday at the annual meeting of the American Society of Clinical Oncology. The study involved 213 patients who had one to three small tumors, or metastases in the brain. It was funded by the National Institutes of Health. Brain metastases is a common problem in cancer affecting an estimated 400,000 to 600,000 patients annually in the U.S. alone, some 200,000 of whom get whole brain radiation during the course of their disease. Lung cancer is the most common malignancy to spread to the brain, followed by breast cancer and melanoma. Whole brain radiation was first used in 1954 and has long been a standard strategy for brain metastases, said Andrew Lassman, chief of neuro-oncology at New York-Presbyterian/Columbia University Medical Center. Though doctors have curbed its use in recent years amid concerns over its deleterious effect on cognitive function, whether the treatment or recurrence of metastases is worse for the patient has remained controversial, he said. Whole brain radiation is typically administered in 10 20-minute treatments given over two weeks while radiosurgery, in which radiation is delivered in a powerful, focused beam with instruments known by such names as the gammaknife, is a longer procedure given in a single day. For the study, patients were randomly assigned to either radiosurgery followed by whole brain radiation or radiosurgery alone. Patients then underwent seven cognitive tests three months after treatment and at several subsequent intervals. Patients treated with both approaches performed significantly worse three months later on tests involving immediate recall of words, delayed recall and measures of verbal communication. Patients given both treatments also scored lower on a quality of life questionnaire, Dr. Brown said. Median overall survival was 7.5 months for those receiving both treatments and 10.7 months for those on radiosurgery alone, a result considered statistically about the same. The study will “push the use of whole-brain radiation therapy more toward the latter portion of the patient’s course, when they have no more good viable options,” Dr. Brown said. The new report is “the most comprehensive study that lets us quantify the risk/benefit” of the treatment, said Brian M. Alexander, a radiation oncologist at Dana-Farber Cancer Institute, Boston. Dr Lassman said the findings conflict with some other studies. He said patients for whom brain metastases rather than their primary cancer pose the biggest threat to survival, for instance, may benefit from whole-brain radiation. Dr. Lassman added that both whole brain radiation and recurrent metastases are “bad for the brain.” He said researchers are studying alternate approaches, including irradiating the brain while shielding the hippocampus, a component of the brain critical to memory, and giving certain drugs used to treat dementia that may protect the brain against the effects of radiation. Write to Ron Winslow at ron.winslow@wsj.com","New Study Questions Use of Whole-Brain Radiation to Treat Cancer. CHICAGO—Using whole-brain radiation to treat cancer that has spread to the brain is a treatment that for many patients is worse than the disease, a new study suggests. Researchers said the technique, when used after a more precise radiotherapy to kill the cancer, resulted in more memory loss and other cognitive deficits than treating with radiotherapy alone. While the more aggressive treatment was better at preventing recurrence of tumors in the brain, it didn’t extend survival. “The potential benefits of whole brain radiation therapy are far outweighed by the detriments of the therapy itself,” said Paul Brown, professor of radiation oncology at the University of Texas MD Anderson Cancer Center, Houston. The “negative impact” on cognitive function “was more than I would have expected.” Dr. Brown is lead author of the study which was presented Sunday at the annual meeting of the American Society of Clinical Oncology. The study involved 213 patients who had one to three small tumors, or metastases in the brain. It was funded by the National Institutes of Health. Brain metastases is a common problem in cancer affecting an estimated 400,000 to 600,000 patients annually in the U.S. alone, some 200,000 of whom get whole brain radiation during the course of their disease. Lung cancer is the most common malignancy to spread to the brain, followed by breast cancer and melanoma. Whole brain radiation was first used in 1954 and has long been a standard strategy for brain metastases, said Andrew Lassman, chief of neuro-oncology at New York-Presbyterian/Columbia University Medical Center. Though doctors have curbed its use in recent years amid concerns over its deleterious effect on cognitive function, whether the treatment or recurrence of metastases is worse for the patient has remained controversial, he said. Whole brain radiation is typically administered in 10 20-minute treatments given over two weeks while radiosurgery, in which radiation is delivered in a powerful, focused beam with instruments known by such names as the gammaknife, is a longer procedure given in a single day. For the study, patients were randomly assigned to either radiosurgery followed by whole brain radiation or radiosurgery alone. Patients then underwent seven cognitive tests three months after treatment and at several subsequent intervals. Patients treated with both approaches performed significantly worse three months later on tests involving immediate recall of words, delayed recall and measures of verbal communication. Patients given both treatments also scored lower on a quality of life questionnaire, Dr. Brown said. Median overall survival was 7.5 months for those receiving both treatments and 10.7 months for those on radiosurgery alone, a result considered statistically about the same. The study will “push the use of whole-brain radiation therapy more toward the latter portion of the patient’s course, when they have no more good viable options,” Dr. Brown said. The new report is “the most comprehensive study that lets us quantify the risk/benefit” of the treatment, said Brian M. Alexander, a radiation oncologist at Dana-Farber Cancer Institute, Boston. Dr Lassman said the findings conflict with some other studies. He said patients for whom brain metastases rather than their primary cancer pose the biggest threat to survival, for instance, may benefit from whole-brain radiation. Dr. Lassman added that both whole brain radiation and recurrent metastases are “bad for the brain.” He said researchers are studying alternate approaches, including irradiating the brain while shielding the hippocampus, a component of the brain critical to memory, and giving certain drugs used to treat dementia that may protect the brain against the effects of radiation. Write to Ron Winslow at ron.winslow@wsj.com"
fakehealth,story_reviews_00020,1,0,0,0.6664288133588618,0.3335711866411381,0.6664288133588618,0.73010916,0.26989082,0.73010916,"En Español By Steven Reinberg HealthDay Reporter TUESDAY, Oct. 16, 2018 (HealthDay News) -- Stimulating a specific set of nerves that are nestled along the spine may deliver relief to those who suffer from chronic back pain and cut the need for opioid painkillers, new research suggests. The therapy, which targets the root ganglion nerves, is more effective than other spine stimulation procedures because it places tiny leads precisely at the area where pain originates, unlike other devices that provide more generalized stimulation, the researchers said. ""In certain patients who have not gotten relief from other treatments, this therapy may give sustained pain relief and may allow them to reduce opioids for at least 18 months and perhaps longer,"" said lead researcher Robert McCarthy. He's a professor of anesthesiology at Rush University Medical Center in Chicago. The dorsal root ganglions are nerve cells, on both sides of each of the spine's vertebra, and are the gateway to pain between nerves in different parts of the body, spinal cord and brain. Stimulating this area interrupts pain signals between the painful area and the brain, the researchers explained. A pacemaker-like device implanted under the skin in the lower back sends small electronic pulses through a wire placed near the specific dorsal root ganglion associated with the pain, McCarthy said. The pulses replace pain with tingling or numbness. The strength of stimulation, programmed by a doctor, is based on the patient's level of pain, he said. The treatment has two advantages over spinal cord stimulation, McCarthy said. In spinal cord stimulation, a wire runs along the spinal cord sending pulses along the entire spine, but the pulses don't target the specific pain source. In addition, dorsal root ganglion stimulation requires significantly lower levels of electric current to quell pain, McCarthy said. The goal of this study, he said, was to judge the effectiveness of the therapy over a long period. McCarthy and his colleagues implanted the device in 67 people suffering with chronic back pain and followed them for three to 18 months. Among the participants, 17 had the device for over a year. Before receiving the device, most patients rated their pain as an 8 on a scale of one to 10, with 10 being the worst. For most patients, the device reduced pain by 33 percent, which was significant, the researchers reported. In addition, patients said they experienced a 27 percent reduction in disability or limitations on daily activities caused by pain. In all, 94 percent of the participants said the treatment was beneficial. The procedure was not without complications. Five patients needed to have the wires implanted again, two patients had them removed because they were infected, and one had the device removed because of a complication. McCarthy said the therapy is not widely available, even though it was approved by the FDA in 2016. At the moment, its use is confined to more advanced medical centers where doctors have been trained in how to implant and regulate the device. Also, the procedure isn't covered by all insurance companies, so out-of-pocket costs to patients can be very high. It is, however, covered by Medicare, he said. For uninsured patients, the cost of having spine stimulation devices can range from $15,000 to $50,000 or more, according to a 2008 report funded by the Washington State Department of Labor and Industries. Spine stimulation is usually approved only after patients have not responded to other treatment, according to Blue Cross Blue Shield. Other insurance companies may have varying policies. McCarthy hopes that more doctors will be trained in the procedure and that it will become more available, especially because it has the potential to allow patients to stop taking opioids to control their pain. One pain specialist not involved with the study saw the benefits of this procedure. ""The results of this study are very significant,"" said Dr. Kiran Patel, director of neurosurgical pain at Lenox Hill Hospital in New York City. It shows long-term data that patients experienced significant pain relief and functional improvements, she said. ""In my pain practice and career, dorsal root ganglion stimulation therapy has been one of the most effective technologies available to combat chronic pain,"" Patel said. ""I encourage chronic pain patients to seek out physicians who are trained and experienced in the application of dorsal root ganglion stimulation therapy to determine if they are a candidate,"" she said. The findings were presented Sunday at the American Society of Anesthesiologists annual meeting, in San Francisco. Research presented at meetings is considered preliminary until published in a peer-reviewed journal. More information Visit the U.S. National Institute of Neurological Disorders and Stroke for more on back pain.","New Nerve Stimulation Technique Might Relieve Back Pain. En Español By Steven Reinberg HealthDay Reporter TUESDAY, Oct. 16, 2018 (HealthDay News) -- Stimulating a specific set of nerves that are nestled along the spine may deliver relief to those who suffer from chronic back pain and cut the need for opioid painkillers, new research suggests. The therapy, which targets the root ganglion nerves, is more effective than other spine stimulation procedures because it places tiny leads precisely at the area where pain originates, unlike other devices that provide more generalized stimulation, the researchers said. ""In certain patients who have not gotten relief from other treatments, this therapy may give sustained pain relief and may allow them to reduce opioids for at least 18 months and perhaps longer,"" said lead researcher Robert McCarthy. He's a professor of anesthesiology at Rush University Medical Center in Chicago. The dorsal root ganglions are nerve cells, on both sides of each of the spine's vertebra, and are the gateway to pain between nerves in different parts of the body, spinal cord and brain. Stimulating this area interrupts pain signals between the painful area and the brain, the researchers explained. A pacemaker-like device implanted under the skin in the lower back sends small electronic pulses through a wire placed near the specific dorsal root ganglion associated with the pain, McCarthy said. The pulses replace pain with tingling or numbness. The strength of stimulation, programmed by a doctor, is based on the patient's level of pain, he said. The treatment has two advantages over spinal cord stimulation, McCarthy said. In spinal cord stimulation, a wire runs along the spinal cord sending pulses along the entire spine, but the pulses don't target the specific pain source. In addition, dorsal root ganglion stimulation requires significantly lower levels of electric current to quell pain, McCarthy said. The goal of this study, he said, was to judge the effectiveness of the therapy over a long period. McCarthy and his colleagues implanted the device in 67 people suffering with chronic back pain and followed them for three to 18 months. Among the participants, 17 had the device for over a year. Before receiving the device, most patients rated their pain as an 8 on a scale of one to 10, with 10 being the worst. For most patients, the device reduced pain by 33 percent, which was significant, the researchers reported. In addition, patients said they experienced a 27 percent reduction in disability or limitations on daily activities caused by pain. In all, 94 percent of the participants said the treatment was beneficial. The procedure was not without complications. Five patients needed to have the wires implanted again, two patients had them removed because they were infected, and one had the device removed because of a complication. McCarthy said the therapy is not widely available, even though it was approved by the FDA in 2016. At the moment, its use is confined to more advanced medical centers where doctors have been trained in how to implant and regulate the device. Also, the procedure isn't covered by all insurance companies, so out-of-pocket costs to patients can be very high. It is, however, covered by Medicare, he said. For uninsured patients, the cost of having spine stimulation devices can range from $15,000 to $50,000 or more, according to a 2008 report funded by the Washington State Department of Labor and Industries. Spine stimulation is usually approved only after patients have not responded to other treatment, according to Blue Cross Blue Shield. Other insurance companies may have varying policies. McCarthy hopes that more doctors will be trained in the procedure and that it will become more available, especially because it has the potential to allow patients to stop taking opioids to control their pain. One pain specialist not involved with the study saw the benefits of this procedure. ""The results of this study are very significant,"" said Dr. Kiran Patel, director of neurosurgical pain at Lenox Hill Hospital in New York City. It shows long-term data that patients experienced significant pain relief and functional improvements, she said. ""In my pain practice and career, dorsal root ganglion stimulation therapy has been one of the most effective technologies available to combat chronic pain,"" Patel said. ""I encourage chronic pain patients to seek out physicians who are trained and experienced in the application of dorsal root ganglion stimulation therapy to determine if they are a candidate,"" she said. The findings were presented Sunday at the American Society of Anesthesiologists annual meeting, in San Francisco. Research presented at meetings is considered preliminary until published in a peer-reviewed journal. More information Visit the U.S. National Institute of Neurological Disorders and Stroke for more on back pain."
fakehealth,story_reviews_01343,0,1,1,0.25507495197614,0.74492504802386,0.74492504802386,0.3701922,0.62980783,0.62980783,"In the late 1940s, the steroid cortisone, an anti-inflammatory drug, was first synthesized and hailed as a landmark. It soon became a safe, reliable means to treat the pain and inflammation associated with sports injuries (as well as other conditions). Cortisone shots became one of the preferred treatments for overuse injuries of tendons, like tennis elbow or an aching Achilles, which had been notoriously resistant to treatment. The shots were quite effective, providing rapid relief of pain. Ballyscanion/Getty Images Then came the earliest clinical trials, including one, published in 1954, that raised incipient doubts about cortisone’s powers. In that early experiment, more than half the patients who received a cortisone shot for tennis elbow or other tendon pain suffered a relapse of the injury within six months. But that cautionary experiment and others didn’t slow the ascent of cortisone (also known as corticosteroids). It had such a magical, immediate effect against pain. Today cortisone shots remain a standard, much-requested treatment for tennis elbow and other tendon problems. But a major new review article, published last Friday in The Lancet, should revive and intensify the doubts about cortisone’s efficacy. The review examined the results of nearly four dozen randomized trials, which enrolled thousands of people with tendon injuries, particularly tennis elbow, but also shoulder and Achilles-tendon pain. The reviewers determined that, for most of those who suffered from tennis elbow, cortisone injections did, as promised, bring fast and significant pain relief, compared with doing nothing or following a regimen of physical therapy. The pain relief could last for weeks. But when the patients were re-examined at 6 and 12 months, the results were substantially different. Over all, people who received cortisone shots had a much lower rate of full recovery than those who did nothing or who underwent physical therapy. They also had a 63 percent higher risk of relapse than people who adopted the time-honored wait-and-see approach. The evidence for cortisone as a treatment for other aching tendons, like sore shoulders and Achilles-tendon pain, was slight and conflicting, the review found. But in terms of tennis elbow, the shots seemed to actually be counterproductive. As Bill Vicenzino, the chairman of sports physiotherapy at the University of Queensland in Australia and senior author of the review, said in an e-mail response to questions, “There is a tendency” among tennis-elbow sufferers “for the majority (70-90 percent) of those following a wait-and-see policy to get better” after six months to a year. But this is not the case for those getting cortisone shots, he wrote; they “tend to lag behind significantly at those time frames.” In other words, in some way, the cortisone shots impede full recovery, and compared with those adopting a wait-and-see policy, those getting the shots “are worse off.” Those people receiving multiple injections may be at particularly high risk for continuing damage. In one study that the researchers reviewed, “an average of four injections resulted in a 57 percent worse outcome when compared to one injection,” Dr. Vicenzino said. Why cortisone shots should slow the healing of tennis elbow is a good question. An even better one, though, is why they help in the first place. For many years it was widely believed that tendon-overuse injuries were caused by inflammation, said Dr. Karim Khan, a professor at the School of Human Kinetics at the University of British Columbia and the co-author of a commentary in The Lancet accompanying the new review article. The injuries were, as a group, given the name tendinitis, since the suffix “-itis” means inflammation. Cortisone is an anti-inflammatory medication. Using it against an inflammation injury was logical. But in the decades since, numerous studies have shown, persuasively, that these overuse injuries do not involve inflammation. When animal or human tissues from these types of injuries are examined, they do not contain the usual biochemical markers of inflammation. Instead, the injury seems to be degenerative. The fibers within the tendons fray. Today the injuries usually are referred to as tendinopathies, or diseased tendons. Why then does a cortisone shot, an anti-inflammatory, work in the short term in noninflammatory injuries, providing undeniable if ephemeral pain relief? The injections seem to have “an effect on the neural receptors” involved in creating the pain in the sore tendon, Dr. Khan said. “They change the pain biology in the short term.” But, he said, cortisone shots do “not heal the structural damage” underlying the pain. Instead, they actually “impede the structural healing.” Still, relief of pain might be a sufficient reason to champion the injections, if the pain “were severe,” Dr. Khan said. “But it’s not.” The pain associated with tendinopathies tends to fall somewhere around a 7 or so on a 10-point scale of pain. “It’s not insignificant, but it’s not kidney stones.” So the question of whether cortisone shots still make sense as a treatment for tendinopathies, especially tennis elbow, depends, Dr. Khan said, on how you choose “to balance short-term pain relief versus the likelihood” of longer-term negative outcomes. In other words, is reducing soreness now worth an increased risk of delayed healing and possible relapse within the year? Some people, including physicians, may decide that the answer remains yes. There will always be a longing for a magical pill, the quick fix, especially when the other widely accepted and studied alternatives for treating sore tendons are to do nothing or, more onerous to some people, to rigorously exercise the sore joint during physical therapy. But if he were to dispense advice based on his findings and that of his colleagues’ systematic review, Dr. Vicenzino said, he would suggest that athletes with tennis elbow (and possibly other tendinopathies) think not just once or twice about the wisdom of cortisone shots but “three or four times.”","Phys Ed: Do Cortisone Shots Actually Make Things Worse?. In the late 1940s, the steroid cortisone, an anti-inflammatory drug, was first synthesized and hailed as a landmark. It soon became a safe, reliable means to treat the pain and inflammation associated with sports injuries (as well as other conditions). Cortisone shots became one of the preferred treatments for overuse injuries of tendons, like tennis elbow or an aching Achilles, which had been notoriously resistant to treatment. The shots were quite effective, providing rapid relief of pain. Ballyscanion/Getty Images Then came the earliest clinical trials, including one, published in 1954, that raised incipient doubts about cortisone’s powers. In that early experiment, more than half the patients who received a cortisone shot for tennis elbow or other tendon pain suffered a relapse of the injury within six months. But that cautionary experiment and others didn’t slow the ascent of cortisone (also known as corticosteroids). It had such a magical, immediate effect against pain. Today cortisone shots remain a standard, much-requested treatment for tennis elbow and other tendon problems. But a major new review article, published last Friday in The Lancet, should revive and intensify the doubts about cortisone’s efficacy. The review examined the results of nearly four dozen randomized trials, which enrolled thousands of people with tendon injuries, particularly tennis elbow, but also shoulder and Achilles-tendon pain. The reviewers determined that, for most of those who suffered from tennis elbow, cortisone injections did, as promised, bring fast and significant pain relief, compared with doing nothing or following a regimen of physical therapy. The pain relief could last for weeks. But when the patients were re-examined at 6 and 12 months, the results were substantially different. Over all, people who received cortisone shots had a much lower rate of full recovery than those who did nothing or who underwent physical therapy. They also had a 63 percent higher risk of relapse than people who adopted the time-honored wait-and-see approach. The evidence for cortisone as a treatment for other aching tendons, like sore shoulders and Achilles-tendon pain, was slight and conflicting, the review found. But in terms of tennis elbow, the shots seemed to actually be counterproductive. As Bill Vicenzino, the chairman of sports physiotherapy at the University of Queensland in Australia and senior author of the review, said in an e-mail response to questions, “There is a tendency” among tennis-elbow sufferers “for the majority (70-90 percent) of those following a wait-and-see policy to get better” after six months to a year. But this is not the case for those getting cortisone shots, he wrote; they “tend to lag behind significantly at those time frames.” In other words, in some way, the cortisone shots impede full recovery, and compared with those adopting a wait-and-see policy, those getting the shots “are worse off.” Those people receiving multiple injections may be at particularly high risk for continuing damage. In one study that the researchers reviewed, “an average of four injections resulted in a 57 percent worse outcome when compared to one injection,” Dr. Vicenzino said. Why cortisone shots should slow the healing of tennis elbow is a good question. An even better one, though, is why they help in the first place. For many years it was widely believed that tendon-overuse injuries were caused by inflammation, said Dr. Karim Khan, a professor at the School of Human Kinetics at the University of British Columbia and the co-author of a commentary in The Lancet accompanying the new review article. The injuries were, as a group, given the name tendinitis, since the suffix “-itis” means inflammation. Cortisone is an anti-inflammatory medication. Using it against an inflammation injury was logical. But in the decades since, numerous studies have shown, persuasively, that these overuse injuries do not involve inflammation. When animal or human tissues from these types of injuries are examined, they do not contain the usual biochemical markers of inflammation. Instead, the injury seems to be degenerative. The fibers within the tendons fray. Today the injuries usually are referred to as tendinopathies, or diseased tendons. Why then does a cortisone shot, an anti-inflammatory, work in the short term in noninflammatory injuries, providing undeniable if ephemeral pain relief? The injections seem to have “an effect on the neural receptors” involved in creating the pain in the sore tendon, Dr. Khan said. “They change the pain biology in the short term.” But, he said, cortisone shots do “not heal the structural damage” underlying the pain. Instead, they actually “impede the structural healing.” Still, relief of pain might be a sufficient reason to champion the injections, if the pain “were severe,” Dr. Khan said. “But it’s not.” The pain associated with tendinopathies tends to fall somewhere around a 7 or so on a 10-point scale of pain. “It’s not insignificant, but it’s not kidney stones.” So the question of whether cortisone shots still make sense as a treatment for tendinopathies, especially tennis elbow, depends, Dr. Khan said, on how you choose “to balance short-term pain relief versus the likelihood” of longer-term negative outcomes. In other words, is reducing soreness now worth an increased risk of delayed healing and possible relapse within the year? Some people, including physicians, may decide that the answer remains yes. There will always be a longing for a magical pill, the quick fix, especially when the other widely accepted and studied alternatives for treating sore tendons are to do nothing or, more onerous to some people, to rigorously exercise the sore joint during physical therapy. But if he were to dispense advice based on his findings and that of his colleagues’ systematic review, Dr. Vicenzino said, he would suggest that athletes with tennis elbow (and possibly other tendinopathies) think not just once or twice about the wisdom of cortisone shots but “three or four times.”"
fakehealth,story_reviews_01267,0,1,1,0.1199102545999367,0.8800897454000632,0.8800897454000632,0.13599148,0.86400855,0.86400855,"Enlarge By RANDY MAYOR, AP Stroke belt residents were 32% more likely to eat two or more servings of fried fish each week than those in the rest of the country. TWO SERVINGS OF FISH TWO SERVINGS OF FISH The American Heart Association recommends at least two servings of fish each week for heart health. Types rich in omega-3 fatty acids are best. These are essential fatty acids that humans get through foods, including fish, nuts and some oils such as canola and flaxseed. Scientists say the fatty acids are linked to heart health and brain function and may reduce inflammation. Research has shown omega-3 fatty acids decrease the risk of arrhythmias (abnormal heartbeats), which can lead to sudden death, and triglyceride levels. WHICH FISH SHOULD YOU CHOOSE? Most omega-3 rich: • Salmon • Mackerel • Herring • Lake trout • Sardines • Albacore tuna Less omega-3 rich: • Cod • Haddock • Catfish • Sole Source: Fadi Nahab, M.D., Emory University Hospital The steep rate of death from stroke in a swath of Southern states often referred to as America's ""stroke belt"" may be linked to a higher consumption of fried fish in that region, new research suggests. A study published in today's Neurology shows people living in the stroke belt — which comprises North Carolina, South Carolina, Georgia, Alabama, Mississippi, Tennessee, Arkansas and Louisiana — eat more fried fish and less non-fried fish than people living in the rest of the country, and African-Americans eat more fried fish than Caucasians. ""Differences in dietary fish consumption, specifically in cooking methods, may be contributing to higher rates of stroke in the stroke belt and also among African Americans,"" says study author Fadi Nahab, medical director for the Stroke Program at Emory University Hospital in Atlanta. The research, part of a large government-funded study, Reasons for Geographic and Racial Differences in Stroke (REGARDS), involved 21,675 participants from across the country; the average age was 65. Of the participants, 21% were from the ""stroke buckle,"" the coastal plain region of North Carolina, South Carolina and Georgia where stroke mortality rates are even higher than they are in the rest of the stroke belt. Another 34% were from the rest of the stroke belt and 44% were from the other states. Participants were interviewed by phone and then given an in-home physical exam. The questionnaire asked how often they ate oysters, shellfish, tuna, fried fish and non-fried fish. The American Heart Association recommends people eat fish high in omega-3 fatty acids—essential fatty acids humans get through their diet—at least twice a week, baked or grilled but not fried. Fewer than one in four overall ate two or more servings of non-fried fish a week. Stroke belt residents were 32% more likely to eat two or more servings of fried fish each week than those in the rest of the country. African-Americans were more than 3.5 times more likely to eat two or more servings of fried fish each week than Caucasians, with an overall average of about one serving per week of fried fish compared with about half a serving for Caucasians. When it came to eating non-fried fish meals, stroke belt residents ate an average of 1.45 servings per week, compared with 1.63 servings eaten by people elsewhere. ""This is good stuff. It's a well-done study, but I think one thing to bear in mind is that it's not specifically a study of stroke risk. You're looking at a community and seeing how it's behaving on the whole,"" says Daniel Labovitz, a stroke neurologist at Montefiore Medical Center in the Bronx. ""This study can't tell you causation. It can't tell you there's a direct link between one thing and another, it just tells you they're associated,"" says stroke neurologist Victor Urrutia, an assistant professor at Johns Hopkins University School of Medicine. How might eating fried fish impact stroke? It could be that frying the fish leaches out the omega-3s, says Jeremy Lanford, stroke director at Scott & White Healthcare in Roundrock, Texas. Or the increased fat calorie content from the frying oil may contribute to stroke, says author Nahab. He also notes that fish used for frying, such as cod and haddock, tend to be the types lower in healthy fats. More research is needed to tease out whether cooking methods affect stroke risk, Labovitz says. ""In other words, is fried fish a problem, or is it another red herring?"" he says. The study was supported by the National Institute of Neurological Disorders and Stroke, the National Institutes of Health, and the Department of Health and Human Services. Funding was provided by General Mills for coding of the food frequency questionnaire. Guidelines: You share in the USA TODAY community, so please keep your comments smart and civil. Don't attack other readers personally, and keep your language decent. Use the ""Report Abuse"" button to make a difference. You share in the USA TODAY community, so please keep your comments smart and civil. Don't attack other readers personally, and keep your language decent. Use the ""Report Abuse"" button to make a difference. Read more","Study: Stroke deaths higher where fried fish aplenty. Enlarge By RANDY MAYOR, AP Stroke belt residents were 32% more likely to eat two or more servings of fried fish each week than those in the rest of the country. TWO SERVINGS OF FISH TWO SERVINGS OF FISH The American Heart Association recommends at least two servings of fish each week for heart health. Types rich in omega-3 fatty acids are best. These are essential fatty acids that humans get through foods, including fish, nuts and some oils such as canola and flaxseed. Scientists say the fatty acids are linked to heart health and brain function and may reduce inflammation. Research has shown omega-3 fatty acids decrease the risk of arrhythmias (abnormal heartbeats), which can lead to sudden death, and triglyceride levels. WHICH FISH SHOULD YOU CHOOSE? Most omega-3 rich: • Salmon • Mackerel • Herring • Lake trout • Sardines • Albacore tuna Less omega-3 rich: • Cod • Haddock • Catfish • Sole Source: Fadi Nahab, M.D., Emory University Hospital The steep rate of death from stroke in a swath of Southern states often referred to as America's ""stroke belt"" may be linked to a higher consumption of fried fish in that region, new research suggests. A study published in today's Neurology shows people living in the stroke belt — which comprises North Carolina, South Carolina, Georgia, Alabama, Mississippi, Tennessee, Arkansas and Louisiana — eat more fried fish and less non-fried fish than people living in the rest of the country, and African-Americans eat more fried fish than Caucasians. ""Differences in dietary fish consumption, specifically in cooking methods, may be contributing to higher rates of stroke in the stroke belt and also among African Americans,"" says study author Fadi Nahab, medical director for the Stroke Program at Emory University Hospital in Atlanta. The research, part of a large government-funded study, Reasons for Geographic and Racial Differences in Stroke (REGARDS), involved 21,675 participants from across the country; the average age was 65. Of the participants, 21% were from the ""stroke buckle,"" the coastal plain region of North Carolina, South Carolina and Georgia where stroke mortality rates are even higher than they are in the rest of the stroke belt. Another 34% were from the rest of the stroke belt and 44% were from the other states. Participants were interviewed by phone and then given an in-home physical exam. The questionnaire asked how often they ate oysters, shellfish, tuna, fried fish and non-fried fish. The American Heart Association recommends people eat fish high in omega-3 fatty acids—essential fatty acids humans get through their diet—at least twice a week, baked or grilled but not fried. Fewer than one in four overall ate two or more servings of non-fried fish a week. Stroke belt residents were 32% more likely to eat two or more servings of fried fish each week than those in the rest of the country. African-Americans were more than 3.5 times more likely to eat two or more servings of fried fish each week than Caucasians, with an overall average of about one serving per week of fried fish compared with about half a serving for Caucasians. When it came to eating non-fried fish meals, stroke belt residents ate an average of 1.45 servings per week, compared with 1.63 servings eaten by people elsewhere. ""This is good stuff. It's a well-done study, but I think one thing to bear in mind is that it's not specifically a study of stroke risk. You're looking at a community and seeing how it's behaving on the whole,"" says Daniel Labovitz, a stroke neurologist at Montefiore Medical Center in the Bronx. ""This study can't tell you causation. It can't tell you there's a direct link between one thing and another, it just tells you they're associated,"" says stroke neurologist Victor Urrutia, an assistant professor at Johns Hopkins University School of Medicine. How might eating fried fish impact stroke? It could be that frying the fish leaches out the omega-3s, says Jeremy Lanford, stroke director at Scott & White Healthcare in Roundrock, Texas. Or the increased fat calorie content from the frying oil may contribute to stroke, says author Nahab. He also notes that fish used for frying, such as cod and haddock, tend to be the types lower in healthy fats. More research is needed to tease out whether cooking methods affect stroke risk, Labovitz says. ""In other words, is fried fish a problem, or is it another red herring?"" he says. The study was supported by the National Institute of Neurological Disorders and Stroke, the National Institutes of Health, and the Department of Health and Human Services. Funding was provided by General Mills for coding of the food frequency questionnaire. Guidelines: You share in the USA TODAY community, so please keep your comments smart and civil. Don't attack other readers personally, and keep your language decent. Use the ""Report Abuse"" button to make a difference. You share in the USA TODAY community, so please keep your comments smart and civil. Don't attack other readers personally, and keep your language decent. Use the ""Report Abuse"" button to make a difference. Read more"
fakehealth,news_reviews_00118,1,0,0,0.5694563539787969,0.4305436460212031,0.5694563539787969,0.60650367,0.3934963,0.60650367,"A scientifically based approach that includes a tooth-decay risk assessment, aggressive preventive measures and conservative restorations can dramatically reduce decay in community dental practices, according to a study by researchers at UC San Francisco. The findings, which support earlier research demonstrating positive results of the assessment and treatment method in a university setting, have the potential to transform dental care for high-risk patients at a lower cost to both patients and dental clinics and practices. Results appear online Jan. 22, 2018, in Advances in Dental Research. ""We put the 2012 UCSF clinical study into the real world and showed it works,"" said lead author Peter Rechmann, DMD, PhD, professor of preventive and restorative dental sciences in the UCSF School of Dentistry. ""The patients at high caries risk who used prescription products went down significantly over time in their risk level. Those in the control group also reduced their risk to a lesser degree, simply by using over-the-counter products that also protect teeth and affect the bacteria."" Dental caries (tooth decay) is caused by bacteria on the tooth surface feeding on carbohydrates, then making acids as waste. These acids destroy the protective tooth enamel and the dentin layer beneath it. If not halted or reversed, this leads to a cavity. CAries Management By Risk Assessment (CAMBRA?) is an evidence-based approach to preventing or treating dental caries at its earliest stages. It was launched in 2003 through the UCSF School of Dentistry by the paper's senior author, John Featherstone, PhD, MSc, former dean of the school and distinguished professor of preventive and restorative dental sciences. A dentist who uses CAMBRA obtains the patient's dental and medical history and conducts a clinical exam to assess caries early enough to reverse or halt progression and to determine caries risk factors. These factors include, among other things, acid-producing bacteria, frequent eating and drinking of fermentable carbohydrates (""snacking""), and abnormally low saliva flow and function. From this assessment, the dentist utilizes behavioral approaches and chemical treatments to optimize protective factors. The treatment plan typically incorporates remineralization through the use of fluoride and/or antibacterial therapies such as chlorhexidine and xylitol, minimally invasive restorative procedures to conserve tooth structure, and regular patient follow up. The authors published their initial validation of CAMBRA for ages 6 through adult in 2006, followed by several additional years of data published in 2011, 2012, 2015 and 2016. Since then, more than half of the U.S. schools and colleges of dentistry have adopted CAMBRA in one form or another as part of their standard curriculum. The authors said now that this has been shown to be effective in a non-academic clinical setting, there also is potential for insurance companies to reimburse CAMBRA and other preventive therapies for adults, thereby lowering patient costs while increasing profits for dental practices. Treatment Effective Even Without Prescription Products In the Advances in Dental Research study, Rechmann and his colleagues recruited 20 dentists - 17 in private practice, three in community clinics - to participate in a two-year CAMBRA trial of 460 patients ages 12-65 years old, with 239 in a CAMBRA group and 221 in a control group. In the CAMBRA group, high-risk patients received prescription fluoride toothpaste, chlorhexidine antibacterial rinse, xylitol mints and fluoride varnish. The control group received regular fluoride toothpaste, an assumed inactive mouth rinse, sorbitol candies and a non-fluoride varnish. Follow-up visits occurred at six, 12, 18 and 24 months, in which new caries lesions or changes in caries risk level were recorded. Overall, the researchers found that a significantly greater percentage of high-risk participants were classified at lower risk after receiving CAMBRA preventive therapies. Dental decay was low in both groups. Among 242 patients (137 intervention, 105 control) initially identified as high risk for caries, only a quarter of the patients remained at high risk in the CAMBRA group at 24 months, while just over half (54 percent) of the control group did. Of the 192 low-risk participants (93 intervention, 99 control), most participants remained low risk, indicating that the assessment correctly identifies who is at risk for caries. The researchers said the risk reduction among the control group may have been caused by the fluoride toothpaste enhancing tooth repair, as well as the mouth rinse enhancing saliva flow and having bactericidal effects. While not as significant as the CAMBRA group in this study, the risk level of these patients dropped more dramatically over time than for those in the 2012 UCSF CAMBRA study. ""It was surprising to see the benefits gained by the control group,"" Rechmann said. ""More research is needed to see if the products and treatment administered to this group function in the way we speculate, and if so, they might be made easily available to dental patients. Doing so can change the whole picture of caries control."" Among the study limitations, the researchers noted a high study attrition (65 percent), which partly may have contributed to observed declines in risk level at each subsequent recall visit. ### Co-authors on the paper were Benjamin Chafee, DDS, MPH, PhD, assistant professor of preventive and restorative dental sciences and director of the Global Oral Health program, and Beate Rechmann, research associate, both from the UCSF School of Dentistry. Funding was provided by the National Institutes of Health National Center for Advancing Translational Sciences, PacifiCare/United Healthcare, DentaQuest and California Dental Association. Proctor & Gamble, 3M Espe and Epic provided products for study participants at reduced or no cost. UC San Francisco (UCSF) is a leading university dedicated to promoting health worldwide through advanced biomedical research, graduate-level education in the life sciences and health professions, and excellence in patient care. It includes top-ranked graduate schools of dentistry, medicine, nursing and pharmacy; a graduate division with nationally renowned programs in basic, biomedical, translational and population sciences; and a preeminent biomedical research enterprise. It also includes UCSF Health, which comprises three top-ranked hospitals, UCSF Medical Center and UCSF Benioff Children's Hospitals in San Francisco and Oakland, and other partner and affiliated hospitals and healthcare providers throughout the Bay Area. Please visit http://www. ucsf. edu/ news . Follow UCSF ucsf.edu | Facebook.com/ucsf | Twitter.com/ucsf | YouTube.com/ucsf","Cavity prevention approach effectively reduces tooth decay. A scientifically based approach that includes a tooth-decay risk assessment, aggressive preventive measures and conservative restorations can dramatically reduce decay in community dental practices, according to a study by researchers at UC San Francisco. The findings, which support earlier research demonstrating positive results of the assessment and treatment method in a university setting, have the potential to transform dental care for high-risk patients at a lower cost to both patients and dental clinics and practices. Results appear online Jan. 22, 2018, in Advances in Dental Research. ""We put the 2012 UCSF clinical study into the real world and showed it works,"" said lead author Peter Rechmann, DMD, PhD, professor of preventive and restorative dental sciences in the UCSF School of Dentistry. ""The patients at high caries risk who used prescription products went down significantly over time in their risk level. Those in the control group also reduced their risk to a lesser degree, simply by using over-the-counter products that also protect teeth and affect the bacteria."" Dental caries (tooth decay) is caused by bacteria on the tooth surface feeding on carbohydrates, then making acids as waste. These acids destroy the protective tooth enamel and the dentin layer beneath it. If not halted or reversed, this leads to a cavity. CAries Management By Risk Assessment (CAMBRA?) is an evidence-based approach to preventing or treating dental caries at its earliest stages. It was launched in 2003 through the UCSF School of Dentistry by the paper's senior author, John Featherstone, PhD, MSc, former dean of the school and distinguished professor of preventive and restorative dental sciences. A dentist who uses CAMBRA obtains the patient's dental and medical history and conducts a clinical exam to assess caries early enough to reverse or halt progression and to determine caries risk factors. These factors include, among other things, acid-producing bacteria, frequent eating and drinking of fermentable carbohydrates (""snacking""), and abnormally low saliva flow and function. From this assessment, the dentist utilizes behavioral approaches and chemical treatments to optimize protective factors. The treatment plan typically incorporates remineralization through the use of fluoride and/or antibacterial therapies such as chlorhexidine and xylitol, minimally invasive restorative procedures to conserve tooth structure, and regular patient follow up. The authors published their initial validation of CAMBRA for ages 6 through adult in 2006, followed by several additional years of data published in 2011, 2012, 2015 and 2016. Since then, more than half of the U.S. schools and colleges of dentistry have adopted CAMBRA in one form or another as part of their standard curriculum. The authors said now that this has been shown to be effective in a non-academic clinical setting, there also is potential for insurance companies to reimburse CAMBRA and other preventive therapies for adults, thereby lowering patient costs while increasing profits for dental practices. Treatment Effective Even Without Prescription Products In the Advances in Dental Research study, Rechmann and his colleagues recruited 20 dentists - 17 in private practice, three in community clinics - to participate in a two-year CAMBRA trial of 460 patients ages 12-65 years old, with 239 in a CAMBRA group and 221 in a control group. In the CAMBRA group, high-risk patients received prescription fluoride toothpaste, chlorhexidine antibacterial rinse, xylitol mints and fluoride varnish. The control group received regular fluoride toothpaste, an assumed inactive mouth rinse, sorbitol candies and a non-fluoride varnish. Follow-up visits occurred at six, 12, 18 and 24 months, in which new caries lesions or changes in caries risk level were recorded. Overall, the researchers found that a significantly greater percentage of high-risk participants were classified at lower risk after receiving CAMBRA preventive therapies. Dental decay was low in both groups. Among 242 patients (137 intervention, 105 control) initially identified as high risk for caries, only a quarter of the patients remained at high risk in the CAMBRA group at 24 months, while just over half (54 percent) of the control group did. Of the 192 low-risk participants (93 intervention, 99 control), most participants remained low risk, indicating that the assessment correctly identifies who is at risk for caries. The researchers said the risk reduction among the control group may have been caused by the fluoride toothpaste enhancing tooth repair, as well as the mouth rinse enhancing saliva flow and having bactericidal effects. While not as significant as the CAMBRA group in this study, the risk level of these patients dropped more dramatically over time than for those in the 2012 UCSF CAMBRA study. ""It was surprising to see the benefits gained by the control group,"" Rechmann said. ""More research is needed to see if the products and treatment administered to this group function in the way we speculate, and if so, they might be made easily available to dental patients. Doing so can change the whole picture of caries control."" Among the study limitations, the researchers noted a high study attrition (65 percent), which partly may have contributed to observed declines in risk level at each subsequent recall visit. ### Co-authors on the paper were Benjamin Chafee, DDS, MPH, PhD, assistant professor of preventive and restorative dental sciences and director of the Global Oral Health program, and Beate Rechmann, research associate, both from the UCSF School of Dentistry. Funding was provided by the National Institutes of Health National Center for Advancing Translational Sciences, PacifiCare/United Healthcare, DentaQuest and California Dental Association. Proctor & Gamble, 3M Espe and Epic provided products for study participants at reduced or no cost. UC San Francisco (UCSF) is a leading university dedicated to promoting health worldwide through advanced biomedical research, graduate-level education in the life sciences and health professions, and excellence in patient care. It includes top-ranked graduate schools of dentistry, medicine, nursing and pharmacy; a graduate division with nationally renowned programs in basic, biomedical, translational and population sciences; and a preeminent biomedical research enterprise. It also includes UCSF Health, which comprises three top-ranked hospitals, UCSF Medical Center and UCSF Benioff Children's Hospitals in San Francisco and Oakland, and other partner and affiliated hospitals and healthcare providers throughout the Bay Area. Please visit http://www. ucsf. edu/ news . Follow UCSF ucsf.edu | Facebook.com/ucsf | Twitter.com/ucsf | YouTube.com/ucsf"
fakehealth,story_reviews_00522,0,1,1,0.3325319471494099,0.6674680528505901,0.6674680528505901,0.4354407,0.56455934,0.56455934,"Fat was the food villain these past few decades but sugar is quickly muscling in to take its place. As rates of sugar-related disorders such as diabetes, obesity and heart disease climb, many experts believe that when Americans rid themselves of fat, they simply replaced it with sugar in all its forms. But proving that the rise of the chronic diseases was actually linked to higher sugar consumption is a challenge. Dr. Robert Lustig, from the department of pediatrics at the University of California, San Francisco, who has made a name for himself publishing books and research addressing the question of sugar’s effects on the body, wanted clearer answers. Now, in a paper published Tuesday, he and his colleagues believe they have come up with the definitive evidence that sugar, as Lustig says, “is toxic.” In most lab studies, the doses of sugar that scientists test are quite high; they want to see what the effect is quickly and, depending on the research, they may not have time to wait to study the more gradual effects that might emerge. And in studies where people reduce the amount of sugar they eat, for instance, those people end up eating fewer calories overall, so it’s difficult to know whether any changes are due to the removal of sugar or to the drop in calories. Lustig and his colleagues think they’ve produced the “hard and fast data that sugar is toxic irrespective of its calories and irrespective of weight.” MORE: FDA Wants Nutrition Labels to Include More Detail on Added Sugars Lustig’s confidence comes from the unique study, described in Obesity, of 43 Hispanic or African-American children aged eight to 18 years old. He collected detailed food questionnaires from each of the adolescents to get an idea of the average amount of calories they ate per day, then designed a special menu for each of them for nine days that matched the total numbers of calories they would normally eat. The only difference in the nine-day diet was that most of the sugar the children ate was replaced by starch — the overall number of calories remained the same. The children weighed themselves daily, and if they were losing weight, they were told to eat more of the provided food in order to keep their weight the same throughout the study. “Everything got better,” says Lustig. Some of the children went from being insulin resistant, a precursor state to developing diabetes, in which the body’s insulin levels can no longer keep up with the pace of breaking down sugar that’s coming in from the diet, to insulin sensitive. MORE: Artificial Sweeteners Aren’t the Answer to Obesity: Here’s Why “We took chicken teriyaki out, and put turkey hot dogs in. We took sweetened yogurt out, and put baked potato chips in. We took pastries out and put bagels in,” says Lustig. “So there was no change in [the children’s] weight and no change in calories.” After nine days of having their total dietary sugar reduced to 10% of their daily calories, however, they showed improvements in all of these measures. Overall, their fasting blood sugar levels dropped by 53%, along with the amount of insulin their bodies produced since insulin is normally needed to break down carbohydrates and sugars. Their triglyceride and LDL levels also declined and, most importantly, they showed less fat in their liver. Get The Brief. Sign up to receive the top stories you need to know right now. Choose your country United States of America Afghanistan Albania Algeria American Samoa Andorra Angola Anguilla Antigua and Barbuda Argentina Armenia Aruba Australia Austria Azerbaijan Bahamas Bahrain Bangladesh Barbados Belarus Belgium Belize Benin Bermuda Bhutan Bolivia Bosnia and Herzegovina Botswana Brazil Brunei Darussalam Bulgaria Burkina Faso Burundi Cambodia Cameroon Canada Cape Verde Cayman Islands Central African Republic Chad Chile China Colombia Comoros Congo Congo, Democratic Republic of Cook Islands Costa Rica Cote d'Ivoire Croatia Cuba Cyprus Czech Republic Denmark Djibouti Dominica Dominican Republic Ecuador Egypt El Salvador Equatorial Guinea Eritrea Estonia Ethiopia Faeroe Islands Falkland Islands (Malvinas) Fiji Finland France French Guiana French Polynesia Gabon Gambia Georgia Germany Ghana Gibraltar Greece Greenland Grenada Guadeloupe Guam Guatemala Guinea Guinea-Bissau Guyana Haiti Holy See Honduras Hong Kong Hungary Iceland India Indonesia Iran Iraq Ireland Israel Italy Jamaica Japan Jordan Kazakhstan Kenya Kiribati Korea Kuwait Kyrgyzstan Laos Latvia Lebanon Lesotho Liberia Libyan Arab Jamahiriya Liechtenstein Lithuania Luxembourg Macao Macedonia Madagascar Malawi Malaysia Maldives Mali Malta Marshall Islands Martinique Mauritania Mauritius Mayotte Mexico Micronesia Monaco Mongolia Montserrat Morocco Mozambique Myanmar Namibia Nauru Nepal Netherlands Netherlands Antilles New Caledonia New Zealand Nicaragua Niger Nigeria Niue Norfolk Island Northern Mariana Islands Norway Oman Pakistan Palau Palestinian Territory, Occupied Panama Papua New Guinea Paraguay Peru Philippines Pitcairn Poland Portugal Puerto Rico Qatar Republic of Korea Republic of Moldova Reunion Romania Russian Federation Rwanda Saint Helena Saint Kitts and Nevis Saint Lucia Saint Pierre and Miquelon Saint Vincent and the Grenadines Samoa San Marino Sao Tome and Principe Saudi Arabia Senegal Serbia and Montenegro Seychelles Sierra Leone Singapore Slovakia Slovenia Solomon Islands Somalia South Africa Spain Sri Lanka Sudan Suriname Svalbard and Jan Mayen Islands Swaziland Sweden Switzerland Syrian Arab Republic Taiwan Tajikistan Tanzania, United Republic of Thailand Timor-Leste Togo Tokelau Tonga Trinidad and Tobago Tunisia Turkey Turkmenistan Turks and Caicos Islands Tuvalu Uganda Ukraine United Arab Emirates United Kingdom Virgin Islands (U.S.) Virgin Islands (British) Uruguay Uzbekistan Vanuatu Venezuela Viet Nam Wallis and Futuna Islands Western Sahara Yemen Zambia Zimbabwe Please enter a valid email address. Please select your country. I can confirm I have read and accept the Terms Of Use. Please check to proceed. Sign Up Now You may unsubscribe from email communication at any time. See our Privacy Policy for further details. Thank you! For your security, we've sent a confirmation email to the address you entered. Click the link to confirm your subscription and begin receiving our newsletters. If you don't get the confirmation within 10 minutes, please check your spam folder. MORE: 7 Amazing Things That Happen to Your Body When You Give Up Soda Because some of the children lost weight, to convince themselves that the effects weren’t due to the small amount of weight that some of the children lost, Lustig and his team compared those who lost weight to those who didn’t during the study, and found similar improvements in both groups. “Up until now, there have been a lot of correlation studies linking sugar and metabolic syndrome,” says Lustig. “This is causation.” The diet he provided the children isn’t considered ideal from a health perspective — starches are still a considerable source of calories and can contribute to weight gain. But Lustig relied on the starches to prove a point in a scientific study — that the effect sugar has on the body goes beyond anything connected to its calories and to weight. “I’m not suggesting in any way, shape or form that we gave them healthy food,” he says. “We gave them crappy food, shitty food, processed food — and they still got better. Imagine how much even better they would have gotten if we didn’t substitute and took the sugar out. Then they would have gotten even better yet. That’s the point.” MORE: The Trouble With Sugar Free Kids Not everyone is convinced that the results definitely prove sugar, and not weight loss, is the culprit, however. Susan Roberts, professor of Nutrition, USDA Nutrition Center at Tufts University notes that because some of the children lost weight, it’s still possible that shedding the pounds helped their metabolic measures to improve. She also points out that the children self-reported their initial diet, which can often be inaccurate. “We know that a healthy diet and weight loss cause good metabolic changes, and although this study tries to attribute its effects to low fructose, in fact it is impossible to do that because of the study design.” Some experts are concerned for other reasons. They’re worried that the findings may shift attention away from what they consider to be the more fundamental issue — that overall, we’re eating too much. “Too much calorie intake is still the biggest problem,” says Dr. Mark Corkins, professor of pediatrics at University of Tennessee Health Science Center and member of the American Academy of Pediatrics committee on nutrition. He notes that the study involved children who were obese already and consuming too many calories. “It’s an important study, and the facts coming out of it are very important. It means we need to look at sugars, and at the type of sugars and sugar intake. But I worry that people are going to hang everything on this when we still need to reduce consumption.” Lustig hopes that won’t happen as more data emerges that details how sugar is altering the body in unhealthy ways outside of its caloric contribution. That wasn’t the subject of the current paper, but he promises follow up studies based on this work that will address that. This study does hint however, at what might be happening. While there has been a lot of attention on the presence of belly fat and its connection to metabolic syndrome, the fact that the children saw improvements in the amount of fat in their liver suggests that might be an important way that sugar is contributing to chronic disease. Obese children and those with diabetes often suffer from fatty liver, a condition normally associated with alcohol abuse but increasingly common among non-drinkers who gain excessive amounts of weight. This new view of sugar could change the advice that doctors and government health officials give about eating the sweet stuff. Lustig’s hope is that the information is considered as the U.S. Department of Agriculture finalizes its latest Dietary Guidelines, expected by the end of the year, which delineate recommendations for what, and how much of different types of foods and nutrients Americans should eat. Contact us at editors@time.com.","How Sugar Affects the Body: New Study Looks Beyond Calories. Fat was the food villain these past few decades but sugar is quickly muscling in to take its place. As rates of sugar-related disorders such as diabetes, obesity and heart disease climb, many experts believe that when Americans rid themselves of fat, they simply replaced it with sugar in all its forms. But proving that the rise of the chronic diseases was actually linked to higher sugar consumption is a challenge. Dr. Robert Lustig, from the department of pediatrics at the University of California, San Francisco, who has made a name for himself publishing books and research addressing the question of sugar’s effects on the body, wanted clearer answers. Now, in a paper published Tuesday, he and his colleagues believe they have come up with the definitive evidence that sugar, as Lustig says, “is toxic.” In most lab studies, the doses of sugar that scientists test are quite high; they want to see what the effect is quickly and, depending on the research, they may not have time to wait to study the more gradual effects that might emerge. And in studies where people reduce the amount of sugar they eat, for instance, those people end up eating fewer calories overall, so it’s difficult to know whether any changes are due to the removal of sugar or to the drop in calories. Lustig and his colleagues think they’ve produced the “hard and fast data that sugar is toxic irrespective of its calories and irrespective of weight.” MORE: FDA Wants Nutrition Labels to Include More Detail on Added Sugars Lustig’s confidence comes from the unique study, described in Obesity, of 43 Hispanic or African-American children aged eight to 18 years old. He collected detailed food questionnaires from each of the adolescents to get an idea of the average amount of calories they ate per day, then designed a special menu for each of them for nine days that matched the total numbers of calories they would normally eat. The only difference in the nine-day diet was that most of the sugar the children ate was replaced by starch — the overall number of calories remained the same. The children weighed themselves daily, and if they were losing weight, they were told to eat more of the provided food in order to keep their weight the same throughout the study. “Everything got better,” says Lustig. Some of the children went from being insulin resistant, a precursor state to developing diabetes, in which the body’s insulin levels can no longer keep up with the pace of breaking down sugar that’s coming in from the diet, to insulin sensitive. MORE: Artificial Sweeteners Aren’t the Answer to Obesity: Here’s Why “We took chicken teriyaki out, and put turkey hot dogs in. We took sweetened yogurt out, and put baked potato chips in. We took pastries out and put bagels in,” says Lustig. “So there was no change in [the children’s] weight and no change in calories.” After nine days of having their total dietary sugar reduced to 10% of their daily calories, however, they showed improvements in all of these measures. Overall, their fasting blood sugar levels dropped by 53%, along with the amount of insulin their bodies produced since insulin is normally needed to break down carbohydrates and sugars. Their triglyceride and LDL levels also declined and, most importantly, they showed less fat in their liver. Get The Brief. Sign up to receive the top stories you need to know right now. Choose your country United States of America Afghanistan Albania Algeria American Samoa Andorra Angola Anguilla Antigua and Barbuda Argentina Armenia Aruba Australia Austria Azerbaijan Bahamas Bahrain Bangladesh Barbados Belarus Belgium Belize Benin Bermuda Bhutan Bolivia Bosnia and Herzegovina Botswana Brazil Brunei Darussalam Bulgaria Burkina Faso Burundi Cambodia Cameroon Canada Cape Verde Cayman Islands Central African Republic Chad Chile China Colombia Comoros Congo Congo, Democratic Republic of Cook Islands Costa Rica Cote d'Ivoire Croatia Cuba Cyprus Czech Republic Denmark Djibouti Dominica Dominican Republic Ecuador Egypt El Salvador Equatorial Guinea Eritrea Estonia Ethiopia Faeroe Islands Falkland Islands (Malvinas) Fiji Finland France French Guiana French Polynesia Gabon Gambia Georgia Germany Ghana Gibraltar Greece Greenland Grenada Guadeloupe Guam Guatemala Guinea Guinea-Bissau Guyana Haiti Holy See Honduras Hong Kong Hungary Iceland India Indonesia Iran Iraq Ireland Israel Italy Jamaica Japan Jordan Kazakhstan Kenya Kiribati Korea Kuwait Kyrgyzstan Laos Latvia Lebanon Lesotho Liberia Libyan Arab Jamahiriya Liechtenstein Lithuania Luxembourg Macao Macedonia Madagascar Malawi Malaysia Maldives Mali Malta Marshall Islands Martinique Mauritania Mauritius Mayotte Mexico Micronesia Monaco Mongolia Montserrat Morocco Mozambique Myanmar Namibia Nauru Nepal Netherlands Netherlands Antilles New Caledonia New Zealand Nicaragua Niger Nigeria Niue Norfolk Island Northern Mariana Islands Norway Oman Pakistan Palau Palestinian Territory, Occupied Panama Papua New Guinea Paraguay Peru Philippines Pitcairn Poland Portugal Puerto Rico Qatar Republic of Korea Republic of Moldova Reunion Romania Russian Federation Rwanda Saint Helena Saint Kitts and Nevis Saint Lucia Saint Pierre and Miquelon Saint Vincent and the Grenadines Samoa San Marino Sao Tome and Principe Saudi Arabia Senegal Serbia and Montenegro Seychelles Sierra Leone Singapore Slovakia Slovenia Solomon Islands Somalia South Africa Spain Sri Lanka Sudan Suriname Svalbard and Jan Mayen Islands Swaziland Sweden Switzerland Syrian Arab Republic Taiwan Tajikistan Tanzania, United Republic of Thailand Timor-Leste Togo Tokelau Tonga Trinidad and Tobago Tunisia Turkey Turkmenistan Turks and Caicos Islands Tuvalu Uganda Ukraine United Arab Emirates United Kingdom Virgin Islands (U.S.) Virgin Islands (British) Uruguay Uzbekistan Vanuatu Venezuela Viet Nam Wallis and Futuna Islands Western Sahara Yemen Zambia Zimbabwe Please enter a valid email address. Please select your country. I can confirm I have read and accept the Terms Of Use. Please check to proceed. Sign Up Now You may unsubscribe from email communication at any time. See our Privacy Policy for further details. Thank you! For your security, we've sent a confirmation email to the address you entered. Click the link to confirm your subscription and begin receiving our newsletters. If you don't get the confirmation within 10 minutes, please check your spam folder. MORE: 7 Amazing Things That Happen to Your Body When You Give Up Soda Because some of the children lost weight, to convince themselves that the effects weren’t due to the small amount of weight that some of the children lost, Lustig and his team compared those who lost weight to those who didn’t during the study, and found similar improvements in both groups. “Up until now, there have been a lot of correlation studies linking sugar and metabolic syndrome,” says Lustig. “This is causation.” The diet he provided the children isn’t considered ideal from a health perspective — starches are still a considerable source of calories and can contribute to weight gain. But Lustig relied on the starches to prove a point in a scientific study — that the effect sugar has on the body goes beyond anything connected to its calories and to weight. “I’m not suggesting in any way, shape or form that we gave them healthy food,” he says. “We gave them crappy food, shitty food, processed food — and they still got better. Imagine how much even better they would have gotten if we didn’t substitute and took the sugar out. Then they would have gotten even better yet. That’s the point.” MORE: The Trouble With Sugar Free Kids Not everyone is convinced that the results definitely prove sugar, and not weight loss, is the culprit, however. Susan Roberts, professor of Nutrition, USDA Nutrition Center at Tufts University notes that because some of the children lost weight, it’s still possible that shedding the pounds helped their metabolic measures to improve. She also points out that the children self-reported their initial diet, which can often be inaccurate. “We know that a healthy diet and weight loss cause good metabolic changes, and although this study tries to attribute its effects to low fructose, in fact it is impossible to do that because of the study design.” Some experts are concerned for other reasons. They’re worried that the findings may shift attention away from what they consider to be the more fundamental issue — that overall, we’re eating too much. “Too much calorie intake is still the biggest problem,” says Dr. Mark Corkins, professor of pediatrics at University of Tennessee Health Science Center and member of the American Academy of Pediatrics committee on nutrition. He notes that the study involved children who were obese already and consuming too many calories. “It’s an important study, and the facts coming out of it are very important. It means we need to look at sugars, and at the type of sugars and sugar intake. But I worry that people are going to hang everything on this when we still need to reduce consumption.” Lustig hopes that won’t happen as more data emerges that details how sugar is altering the body in unhealthy ways outside of its caloric contribution. That wasn’t the subject of the current paper, but he promises follow up studies based on this work that will address that. This study does hint however, at what might be happening. While there has been a lot of attention on the presence of belly fat and its connection to metabolic syndrome, the fact that the children saw improvements in the amount of fat in their liver suggests that might be an important way that sugar is contributing to chronic disease. Obese children and those with diabetes often suffer from fatty liver, a condition normally associated with alcohol abuse but increasingly common among non-drinkers who gain excessive amounts of weight. This new view of sugar could change the advice that doctors and government health officials give about eating the sweet stuff. Lustig’s hope is that the information is considered as the U.S. Department of Agriculture finalizes its latest Dietary Guidelines, expected by the end of the year, which delineate recommendations for what, and how much of different types of foods and nutrients Americans should eat. Contact us at editors@time.com."
fakehealth,story_reviews_00047,1,0,0,0.5775654401025486,0.4224345598974514,0.5775654401025486,0.5841196,0.41588035,0.5841196,"When actress and author Lena Dunham went public about having endometriosis, a disorder of the uterus, she wanted to make something clear: The pain it causes can be completely debilitating, and women desperately need better treatments. Soon, it seems, women like Dunham who suffer from endometriosis pain will have a new option for relief. An effective treatment was just approved by the Food and Drug Administration, and it’s expected to arrive at pharmacies as soon as August. The pill, called elagolix (brand name Orilissa) from the drugmaker AbbVie, is the first FDA-approved oral treatment in more than a decade for the moderate to severe pain that comes with endometriosis. “This [medication] could really be transformative,” said Hugh Taylor, an OB-GYN doctor at Yale Medical School who led the key trials testing the drug. “I’m very excited to be able to start using it in my patients.” Endometriosis is one of the most common gynecological conditions, affecting one in 10 women of reproductive age. And it can be incredibly painful. The reason is simple: Women with the condition are growing excess tissue in their abdomen that they can’t shed. Every month, a woman’s uterine lining thickens and sheds during her period if she’s not pregnant. With endometriosis, that tissue thickens and bleeds, but it happens outside of the uterus — on the fallopian tubes, even in the nose, the lungs. Because the extra tissue has no way to exit the body (it can’t go through the vagina since it’s not growing in the uterus) it builds up and becomes trapped, leading to pain and, in some cases, infertility. There’s no cure for endometriosis. To manage symptoms, women are usually prescribed birth control or over-the-counter painkillers as a first-line approach, but they don’t always work. In severe cases, a doctor may suggest surgery to remove the extra tissue. (Dunham had eight surgeries, and ended up getting a hysterectomy, which was considered an extreme measure.) Enter elagolix. Endometriosis is an estrogen-driven disease, and the drug works by lowering estrogen levels. Two large double-blind, placebo-control randomized trials, involving 1,200 women, tested whether it can help women control endometriosis pain. The results, published last year in the New England Journal of Medicine, were pretty remarkable. The patients in those trials scored their pain from 0 (no pain) to 3 (severe pain). On average, they had pain levels of 2.2 out of 3 before starting on the drug — and they experienced a 2-point reduction in pain after taking the treatment for three months. “It’s a major advance,” said Dr. Louis DePaolo, head of the fertility and infertility branch at the National Institute of Child Health and Human Development, “and another option women have that’s effective.” Now, the less good news: The drug won’t cure endometriosis — it’ll only tamp down the pain it causes. Researchers have also found it causes bone loss, and they have no idea about the long-term effects of taking the drug because there are no trials lasting for longer than a year. It’ll also cost women $850 per month if they don’t have insurance coverage. But for some, the risks and costs may be worth it. Here’s why. Endometriosis is incredibly common — but it can go undiagnosed for years The three main ways endometriosis manifests are through pelvic pain, infertility, and pelvic masses such as cysts, scar tissue, and fibroids. According to the American Congress of Obstetricians and Gynecologists, some important signs of endometriosis include: Pain before and during periods Pain during sex Infertility Fatigue Painful urination during periods Painful bowel movements during periods But many women don’t know they have endometriosis. It’s sometimes mistaken or dismissed for regular period pain. Definitively diagnosing the disorder requires invasive surgery; doctors need to peer inside the pelvis through a laparoscopy. (Imaging is rarely helpful in getting a clear diagnosis.) This involves making a small incision in the belly and inserting a tube with a tiny camera to see if the pelvic organs show signs of tissue scarring and buildup. So it’s no surprise it takes between three and 11 years after the onset of symptoms to diagnose endometriosis. Doctors aren’t sure why some women get it Adding to the mystery around endometriosis: no one knows exactly what causes endometriosis, but doctors have some theories. Retrograde menstrual flow: During a period, when a woman is shedding her uterine lining, some of that tissue can flow through her fallopian tubes and into her pelvis, which researchers think may cause endometriosis. But doctors have also found that the rate of retrograde menstruation is about the same in women with and without endometriosis, so they think additional factors spur the disorder in some. During a period, when a woman is shedding her uterine lining, some of that tissue can flow through her fallopian tubes and into her pelvis, which researchers think may cause endometriosis. But doctors have also found that the rate of retrograde menstruation is about the same in women with and without endometriosis, so they think additional factors spur the disorder in some. Genes: The disorder runs in families, so doctors believe there’s a genetic component. If a woman’s mom or sister had endometriosis, she’s believed to be at a higher risk. The disorder runs in families, so doctors believe there’s a genetic component. If a woman’s mom or sister had endometriosis, she’s believed to be at a higher risk. Immune system dysfunction: Problems with the immune system can hamper a woman’s ability to clear her menstrual debris, leading to endometriosis. Problems with the immune system can hamper a woman’s ability to clear her menstrual debris, leading to endometriosis. Environmental factors: There’s some evidence to suggest environmental exposures to certain chemicals may contribute to one’s risk of developing endometriosis. The treatments available don’t always help — and some have severe side effects When birth control pills or over-the-counter painkillers fail to help endometriosis pain, women are often left choosing between a monthly injection called Lupron Depot, that can put women into a profoundly menopausal state, or a Danazol, a male hormone that often causes acne and facial hair growth. The new drug elagolix is not risk free, either. In the trials, women who took the drug had greater decreases in bone loss than did those who received placebo, and this wasn’t entirely surprising. Like other endometriosis treatments, the drug works by lowering estrogen levels. When that happens, women experience menopausal side effects. The most common in the trials were hot flushes, headaches, and insomnia. (Elagolix is available in two doses — 150 mg per day, or 200 mg twice daily — and the women on the higher dose experienced the side effects more frequently.) But, DePaolo pointed out, “[Elagolix] doesn’t have the pronounced side effects some of the other compounds have.” That’s because, he said, it doesn’t drive down estrogen levels as severely. So women with endometriosis are still left choosing between terrible pain or menopausal symptoms, including bone loss. “The game changer would be something that really improves the pain permanently,” DePaolo said. “This doesn’t do that — but it is effective while it’s given.” For some women, though, that may be a game changer in and of itself.","Women with endometriosis experience terrible pain. There’s finally a new treatment.. When actress and author Lena Dunham went public about having endometriosis, a disorder of the uterus, she wanted to make something clear: The pain it causes can be completely debilitating, and women desperately need better treatments. Soon, it seems, women like Dunham who suffer from endometriosis pain will have a new option for relief. An effective treatment was just approved by the Food and Drug Administration, and it’s expected to arrive at pharmacies as soon as August. The pill, called elagolix (brand name Orilissa) from the drugmaker AbbVie, is the first FDA-approved oral treatment in more than a decade for the moderate to severe pain that comes with endometriosis. “This [medication] could really be transformative,” said Hugh Taylor, an OB-GYN doctor at Yale Medical School who led the key trials testing the drug. “I’m very excited to be able to start using it in my patients.” Endometriosis is one of the most common gynecological conditions, affecting one in 10 women of reproductive age. And it can be incredibly painful. The reason is simple: Women with the condition are growing excess tissue in their abdomen that they can’t shed. Every month, a woman’s uterine lining thickens and sheds during her period if she’s not pregnant. With endometriosis, that tissue thickens and bleeds, but it happens outside of the uterus — on the fallopian tubes, even in the nose, the lungs. Because the extra tissue has no way to exit the body (it can’t go through the vagina since it’s not growing in the uterus) it builds up and becomes trapped, leading to pain and, in some cases, infertility. There’s no cure for endometriosis. To manage symptoms, women are usually prescribed birth control or over-the-counter painkillers as a first-line approach, but they don’t always work. In severe cases, a doctor may suggest surgery to remove the extra tissue. (Dunham had eight surgeries, and ended up getting a hysterectomy, which was considered an extreme measure.) Enter elagolix. Endometriosis is an estrogen-driven disease, and the drug works by lowering estrogen levels. Two large double-blind, placebo-control randomized trials, involving 1,200 women, tested whether it can help women control endometriosis pain. The results, published last year in the New England Journal of Medicine, were pretty remarkable. The patients in those trials scored their pain from 0 (no pain) to 3 (severe pain). On average, they had pain levels of 2.2 out of 3 before starting on the drug — and they experienced a 2-point reduction in pain after taking the treatment for three months. “It’s a major advance,” said Dr. Louis DePaolo, head of the fertility and infertility branch at the National Institute of Child Health and Human Development, “and another option women have that’s effective.” Now, the less good news: The drug won’t cure endometriosis — it’ll only tamp down the pain it causes. Researchers have also found it causes bone loss, and they have no idea about the long-term effects of taking the drug because there are no trials lasting for longer than a year. It’ll also cost women $850 per month if they don’t have insurance coverage. But for some, the risks and costs may be worth it. Here’s why. Endometriosis is incredibly common — but it can go undiagnosed for years The three main ways endometriosis manifests are through pelvic pain, infertility, and pelvic masses such as cysts, scar tissue, and fibroids. According to the American Congress of Obstetricians and Gynecologists, some important signs of endometriosis include: Pain before and during periods Pain during sex Infertility Fatigue Painful urination during periods Painful bowel movements during periods But many women don’t know they have endometriosis. It’s sometimes mistaken or dismissed for regular period pain. Definitively diagnosing the disorder requires invasive surgery; doctors need to peer inside the pelvis through a laparoscopy. (Imaging is rarely helpful in getting a clear diagnosis.) This involves making a small incision in the belly and inserting a tube with a tiny camera to see if the pelvic organs show signs of tissue scarring and buildup. So it’s no surprise it takes between three and 11 years after the onset of symptoms to diagnose endometriosis. Doctors aren’t sure why some women get it Adding to the mystery around endometriosis: no one knows exactly what causes endometriosis, but doctors have some theories. Retrograde menstrual flow: During a period, when a woman is shedding her uterine lining, some of that tissue can flow through her fallopian tubes and into her pelvis, which researchers think may cause endometriosis. But doctors have also found that the rate of retrograde menstruation is about the same in women with and without endometriosis, so they think additional factors spur the disorder in some. During a period, when a woman is shedding her uterine lining, some of that tissue can flow through her fallopian tubes and into her pelvis, which researchers think may cause endometriosis. But doctors have also found that the rate of retrograde menstruation is about the same in women with and without endometriosis, so they think additional factors spur the disorder in some. Genes: The disorder runs in families, so doctors believe there’s a genetic component. If a woman’s mom or sister had endometriosis, she’s believed to be at a higher risk. The disorder runs in families, so doctors believe there’s a genetic component. If a woman’s mom or sister had endometriosis, she’s believed to be at a higher risk. Immune system dysfunction: Problems with the immune system can hamper a woman’s ability to clear her menstrual debris, leading to endometriosis. Problems with the immune system can hamper a woman’s ability to clear her menstrual debris, leading to endometriosis. Environmental factors: There’s some evidence to suggest environmental exposures to certain chemicals may contribute to one’s risk of developing endometriosis. The treatments available don’t always help — and some have severe side effects When birth control pills or over-the-counter painkillers fail to help endometriosis pain, women are often left choosing between a monthly injection called Lupron Depot, that can put women into a profoundly menopausal state, or a Danazol, a male hormone that often causes acne and facial hair growth. The new drug elagolix is not risk free, either. In the trials, women who took the drug had greater decreases in bone loss than did those who received placebo, and this wasn’t entirely surprising. Like other endometriosis treatments, the drug works by lowering estrogen levels. When that happens, women experience menopausal side effects. The most common in the trials were hot flushes, headaches, and insomnia. (Elagolix is available in two doses — 150 mg per day, or 200 mg twice daily — and the women on the higher dose experienced the side effects more frequently.) But, DePaolo pointed out, “[Elagolix] doesn’t have the pronounced side effects some of the other compounds have.” That’s because, he said, it doesn’t drive down estrogen levels as severely. So women with endometriosis are still left choosing between terrible pain or menopausal symptoms, including bone loss. “The game changer would be something that really improves the pain permanently,” DePaolo said. “This doesn’t do that — but it is effective while it’s given.” For some women, though, that may be a game changer in and of itself."
fakehealth,story_reviews_01186,0,1,1,0.3390619475905722,0.6609380524094278,0.6609380524094278,0.37538022,0.62461984,0.62461984,"The gene responsible for cystic fibrosis was discovered in 1989. Now, 22 years later, a drug that tries to compensate for the genetic defect might be nearing the market. Vertex Pharmaceuticals announced Wednesday morning that the drug, VX-770, improved lung function in people with cystic fibrosis in a late-stage clinical trial. The drug also reduced the frequency of disease exacerbations that required treatment with antibiotics. The caveat is that VX-770 is designed to counter one specific genetic mutation that accounts for about 4 percent of cases of cystic fibrosis. Vertex is working on another drug for the most common mutation, but that one is further behind in development. Still, the news is expected to be greeted favorably by doctors and patients and by Wall Street. “I’ve been doing clinical trials for 30 years in C.F. and these are amazing results,’’ Dr. Bonnie W. Ramsey, a lead investigator in the trial, said in an interview. Dr. Ramsey, a professor of pediatrics at the University of Washington, was briefed on the results by Vertex. The results were announced by a press release and have not been peer reviewed by experts. About 30,000 Americans and 70,000 people worldwide have cystic fibrosis, a disease caused by defects in a gene responsible for the transport of chloride ions across cell membranes. People with the disease tend to have very thick mucus in their lungs, which leads to infections and lung damage. Many do not live past age 40. Two inhaled antibiotics and one drug that loosens mucus are approved to treat cystic fibrosis, but nothing that directly improves chloride ion transport. In the trial, those who received VX-770 gained 10.6 percentage points more on a lung function test after 24 weeks than those getting a placebo, a difference that statistically was highly significant. Patients continued to take either drug or placebo for another 24 weeks and the improvement was sustained. Lung function, the primary endpoint of the trial, was measured by how much a person could exhale in one second, a standard test. Investors had been expecting around a 5 percentage point improvement. In a note to clients Tuesday evening, before the results were known, an analyst at ISI Group, Mark Schoenebaum, said that an improvement of 10 percent would be a “home run’’ that could lead to $600 million in annual sales for the drug. Dr. Ramsey, who has received research grants from Vertex, said that some patients could perceive a 10 percentage point change in lung function. She said other results of the trial were encouraging. These included fewer exacerbations of the disease in those who got the drug, fewer self-reported respiratory symptoms, and a gain in weight, which is good for people with cystic fibrosis, who often have digestive problems. The saltiness of their sweat — a measure used to diagnose the disease — was markedly reduced, suggesting that the drug was having an effect on chloride ion transport. The trial involved 161 people age 12 and older, all with at least one copy of the particular mutation, known as G551D. The main side effects, Vertex said, were headache, upper respiratory tract infections, nasal congestion, rash and dizziness. Vertex said it hoped to apply in the second half of the year for approval of VX-770 in the United States and Europe. The company is awaiting results of a second trial of the drug, this one in younger children. Vertex has not said how much it will charge for VX-770. But since there are only about 1,200 Americans who are candidates for the drug, the price is likely to be tens of thousands of dollars a year. Vertex, based in Cambridge, Mass., was founded in 1989, coincidentally the same year the cystic fibrosis gene was discovered. It has not yet had a big commercial success and had a $2.5 billion net loss in the last five years. The company is hoping that by late May it will win approval to sell a new type of drug for hepatitis C, which analysts expect will be a blockbuster. The long time needed to develop a drug for cystic fibrosis is a lesson for those expecting a quick payout from the sequencing of the human genome, which was completed a decade ago. It is not enough to know the gene behind a disease. It can take years of research to determine how a mutation actually causes a disease and then to design a drug that corrects the problem. Vertex received $75 million in financial support from the Cystic Fibrosis Foundation, one of the first nonprofit disease groups to give money to companies. “These results are highly encouraging,’’ Robert J. Beall, president of the foundation, said in a statement Wednesday. “They provide scientific evidence that support our long-standing belief that targeting the underlying defect of C.F. may have a profound effect on the disease.’’","Trial Shows Cystic Fibrosis Drug Helped Ease Breathing. The gene responsible for cystic fibrosis was discovered in 1989. Now, 22 years later, a drug that tries to compensate for the genetic defect might be nearing the market. Vertex Pharmaceuticals announced Wednesday morning that the drug, VX-770, improved lung function in people with cystic fibrosis in a late-stage clinical trial. The drug also reduced the frequency of disease exacerbations that required treatment with antibiotics. The caveat is that VX-770 is designed to counter one specific genetic mutation that accounts for about 4 percent of cases of cystic fibrosis. Vertex is working on another drug for the most common mutation, but that one is further behind in development. Still, the news is expected to be greeted favorably by doctors and patients and by Wall Street. “I’ve been doing clinical trials for 30 years in C.F. and these are amazing results,’’ Dr. Bonnie W. Ramsey, a lead investigator in the trial, said in an interview. Dr. Ramsey, a professor of pediatrics at the University of Washington, was briefed on the results by Vertex. The results were announced by a press release and have not been peer reviewed by experts. About 30,000 Americans and 70,000 people worldwide have cystic fibrosis, a disease caused by defects in a gene responsible for the transport of chloride ions across cell membranes. People with the disease tend to have very thick mucus in their lungs, which leads to infections and lung damage. Many do not live past age 40. Two inhaled antibiotics and one drug that loosens mucus are approved to treat cystic fibrosis, but nothing that directly improves chloride ion transport. In the trial, those who received VX-770 gained 10.6 percentage points more on a lung function test after 24 weeks than those getting a placebo, a difference that statistically was highly significant. Patients continued to take either drug or placebo for another 24 weeks and the improvement was sustained. Lung function, the primary endpoint of the trial, was measured by how much a person could exhale in one second, a standard test. Investors had been expecting around a 5 percentage point improvement. In a note to clients Tuesday evening, before the results were known, an analyst at ISI Group, Mark Schoenebaum, said that an improvement of 10 percent would be a “home run’’ that could lead to $600 million in annual sales for the drug. Dr. Ramsey, who has received research grants from Vertex, said that some patients could perceive a 10 percentage point change in lung function. She said other results of the trial were encouraging. These included fewer exacerbations of the disease in those who got the drug, fewer self-reported respiratory symptoms, and a gain in weight, which is good for people with cystic fibrosis, who often have digestive problems. The saltiness of their sweat — a measure used to diagnose the disease — was markedly reduced, suggesting that the drug was having an effect on chloride ion transport. The trial involved 161 people age 12 and older, all with at least one copy of the particular mutation, known as G551D. The main side effects, Vertex said, were headache, upper respiratory tract infections, nasal congestion, rash and dizziness. Vertex said it hoped to apply in the second half of the year for approval of VX-770 in the United States and Europe. The company is awaiting results of a second trial of the drug, this one in younger children. Vertex has not said how much it will charge for VX-770. But since there are only about 1,200 Americans who are candidates for the drug, the price is likely to be tens of thousands of dollars a year. Vertex, based in Cambridge, Mass., was founded in 1989, coincidentally the same year the cystic fibrosis gene was discovered. It has not yet had a big commercial success and had a $2.5 billion net loss in the last five years. The company is hoping that by late May it will win approval to sell a new type of drug for hepatitis C, which analysts expect will be a blockbuster. The long time needed to develop a drug for cystic fibrosis is a lesson for those expecting a quick payout from the sequencing of the human genome, which was completed a decade ago. It is not enough to know the gene behind a disease. It can take years of research to determine how a mutation actually causes a disease and then to design a drug that corrects the problem. Vertex received $75 million in financial support from the Cystic Fibrosis Foundation, one of the first nonprofit disease groups to give money to companies. “These results are highly encouraging,’’ Robert J. Beall, president of the foundation, said in a statement Wednesday. “They provide scientific evidence that support our long-standing belief that targeting the underlying defect of C.F. may have a profound effect on the disease.’’"
fakehealth,story_reviews_00046,1,0,0,0.6104180562929356,0.3895819437070644,0.6104180562929356,0.673043,0.32695705,0.673043,"Depression is among the leading causes of disability worldwide, with more than 300 million people suffering from this mental illness, according to the World Health Organization. Despite how common depression is, scientists still have a lot to learn about it. Among what is known is that depression is not a single disease but a variety of feelings and behaviors that may have different underlying causes. “Depressive disorders can present differently in different people. What is known now is that depression affects not just the brain but the whole organism,”said Natalie Rasgon, a professor of psychiatry and behavioral sciences at Stanford University. But a new study of which Rasgon is a senior author finds evidence of a possible biomarker for major depressive disorder, which could lead to better treatments for this sometimes crippling disease. The study by a group of researchers from around the U.S. and in Sweden finds that a specific, naturally-occurring chemical, called acetyl-L-carnitine, or LAC, is lower in the blood of people suffering from depression. The research was published this week in Proceedings of the National Academy of Sciences. “Previous animal studies convincingly showed the role of LAC in models of depression. This study is the first confirmation of the results from animal studies in human subjects with depression,” Rasgon told ABC News. STOCK PHOTO/Getty Images Levels of the chemical were lower among people with more severe depression Researchers measured LAC levels in the blood of 116 participants, and found that those with depression had significantly lower levels of the chemical than healthy individuals. Two groups of people at two different hospitals were examined, with the same results. LAC levels were especially low among people whose depression was more severe, who began suffering from the disease at an earlier age or who had a history of childhood trauma. Levels were lowest among females whose depression did not get better with medications or therapy, known as “treatment-resistant depression,” and who had suffered childhood trauma or neglect. The human body naturally produces LAC from a nutrient called carnitine, but researchers found that carnitine levels were the same in people with and without depression. This suggests that differing levels of LAC can be attributed to depression and not to diet. What do we know about this chemical? LAC performs a number of important tasks, including regulating how the brain and nervous system use energy. It also can interact with DNA to change how certain genes are expressed. In previous studies, LAC has been shown to effectively and rapidly improve symptoms of depression in mice. A review of multiple studies published in the Journal of Psychosomatic Medicine in 2017 showed that acetyl-L-carnitine may be better than a placebo in treating depression and may be as effective as common antidepressants but with fewer side effects. The review authors noted the studies were very small and larger trials are necessary to confirm any benefit. There is a LAC supplement that has been used for dementia, but a 2003 review from Cochrane found it is unlikely to be of benefit for this purpose. Some studies suggest a benefit for a type of nerve pain called neuropathy. But it is important to note this study did not test if LAC can be used for the treatment of depression. “We are at the very beginning of this discovery and can’t recommend people to buy this supplement at the GNC store,” warned Rasgon. STOCK PHOTO/Getty Images How further research might lead to possible treatments LAC has potential to be a biomarker, something measurable in the body that reflects the presence of a disease. As such, it could potentially be used to screen for and diagnose severe or treatment-resistant depression and allow for earlier and more aggressive treatment. Researchers hope future studies could shed light on whether physical activity, dietary habits, and sleep may affect LAC levels. This study also found that people on antidepressant drugs still had lower levels of LAC in their blood, suggesting that taking supplements of the chemical might be helpful or possibly even necessary to fully benefit from a medication. This research, together with prior studies, suggests that correcting a deficiency in LAC could be a step toward more targeted treatments of depression, especially for those who suffered childhood trauma or began having depression at an early age. STOCK PHOTO/Getty Images “We are excited with these results and are working on extending them to further understand the role of LAC in patients receiving treatment for depression,”Rasgon said. “It is one of the pieces of a very large puzzle that constitutes depressive disorders as an illness.” While this study has important implications in understanding depression, Rasgon cautioned that it requires larger studies to confirm the findings. “There are many questions to be answered – who will ultimately benefit from taking this supplement, what is the right dose, what is the appropriate duration of use.” The study was a collaboration between researchers at Stanford, Rockefeller University, Duke University, Weill Cornell Medical College, the Icahn School of Medicine at Mount Sinai, and the Karolinska Institute in Sweden. Michael MacIntyre is a psychiatry resident working with the ABC News Medical Unit.","Could a blood test lead to new treatments for depression?. Depression is among the leading causes of disability worldwide, with more than 300 million people suffering from this mental illness, according to the World Health Organization. Despite how common depression is, scientists still have a lot to learn about it. Among what is known is that depression is not a single disease but a variety of feelings and behaviors that may have different underlying causes. “Depressive disorders can present differently in different people. What is known now is that depression affects not just the brain but the whole organism,”said Natalie Rasgon, a professor of psychiatry and behavioral sciences at Stanford University. But a new study of which Rasgon is a senior author finds evidence of a possible biomarker for major depressive disorder, which could lead to better treatments for this sometimes crippling disease. The study by a group of researchers from around the U.S. and in Sweden finds that a specific, naturally-occurring chemical, called acetyl-L-carnitine, or LAC, is lower in the blood of people suffering from depression. The research was published this week in Proceedings of the National Academy of Sciences. “Previous animal studies convincingly showed the role of LAC in models of depression. This study is the first confirmation of the results from animal studies in human subjects with depression,” Rasgon told ABC News. STOCK PHOTO/Getty Images Levels of the chemical were lower among people with more severe depression Researchers measured LAC levels in the blood of 116 participants, and found that those with depression had significantly lower levels of the chemical than healthy individuals. Two groups of people at two different hospitals were examined, with the same results. LAC levels were especially low among people whose depression was more severe, who began suffering from the disease at an earlier age or who had a history of childhood trauma. Levels were lowest among females whose depression did not get better with medications or therapy, known as “treatment-resistant depression,” and who had suffered childhood trauma or neglect. The human body naturally produces LAC from a nutrient called carnitine, but researchers found that carnitine levels were the same in people with and without depression. This suggests that differing levels of LAC can be attributed to depression and not to diet. What do we know about this chemical? LAC performs a number of important tasks, including regulating how the brain and nervous system use energy. It also can interact with DNA to change how certain genes are expressed. In previous studies, LAC has been shown to effectively and rapidly improve symptoms of depression in mice. A review of multiple studies published in the Journal of Psychosomatic Medicine in 2017 showed that acetyl-L-carnitine may be better than a placebo in treating depression and may be as effective as common antidepressants but with fewer side effects. The review authors noted the studies were very small and larger trials are necessary to confirm any benefit. There is a LAC supplement that has been used for dementia, but a 2003 review from Cochrane found it is unlikely to be of benefit for this purpose. Some studies suggest a benefit for a type of nerve pain called neuropathy. But it is important to note this study did not test if LAC can be used for the treatment of depression. “We are at the very beginning of this discovery and can’t recommend people to buy this supplement at the GNC store,” warned Rasgon. STOCK PHOTO/Getty Images How further research might lead to possible treatments LAC has potential to be a biomarker, something measurable in the body that reflects the presence of a disease. As such, it could potentially be used to screen for and diagnose severe or treatment-resistant depression and allow for earlier and more aggressive treatment. Researchers hope future studies could shed light on whether physical activity, dietary habits, and sleep may affect LAC levels. This study also found that people on antidepressant drugs still had lower levels of LAC in their blood, suggesting that taking supplements of the chemical might be helpful or possibly even necessary to fully benefit from a medication. This research, together with prior studies, suggests that correcting a deficiency in LAC could be a step toward more targeted treatments of depression, especially for those who suffered childhood trauma or began having depression at an early age. STOCK PHOTO/Getty Images “We are excited with these results and are working on extending them to further understand the role of LAC in patients receiving treatment for depression,”Rasgon said. “It is one of the pieces of a very large puzzle that constitutes depressive disorders as an illness.” While this study has important implications in understanding depression, Rasgon cautioned that it requires larger studies to confirm the findings. “There are many questions to be answered – who will ultimately benefit from taking this supplement, what is the right dose, what is the appropriate duration of use.” The study was a collaboration between researchers at Stanford, Rockefeller University, Duke University, Weill Cornell Medical College, the Icahn School of Medicine at Mount Sinai, and the Karolinska Institute in Sweden. Michael MacIntyre is a psychiatry resident working with the ABC News Medical Unit."
fakehealth,story_reviews_01307,0,1,1,0.3728375144952274,0.6271624855047726,0.6271624855047726,0.36194873,0.6380513,0.6380513,"Nov. 22, 2010 -- Eat your veggies and you may live longer, a study suggests. The study shows that eating foods rich in antioxidants, like vegetables and fruits, fights disease and may prolong life. Researchers found that people with the highest levels of the antioxidant alpha-carotene in their blood had a 39% lower risk of death from any cause, including heart disease and cancer, than those who had the lowest levels of the antioxidant during the 14-year study. ""These findings support increasing fruit and vegetable consumption as a means of preventing premature death,"" write researcher Chaoyang Li, MD, PhD, of the CDC and colleagues in the Archives of Internal Medicine. Alpha-carotene is part of a group of antioxidants known as carotenoids, which also includes beta-carotene and lycopene. Vegetables particularly high in alpha-carotene include yellow-orange vegetables, such as carrots, sweet potatoes, pumpkin, and winter squash, and dark green vegetables, such as broccoli, green beans, green peas, spinach, turnip greens, collards, and lettuce. Although previous studies have suggested eating more fruits and vegetables is associated with a lower risk of disease, studies have not shown that taking beta-carotene supplements reduces the risk of dying from heart disease or cancer. Researchers wanted to see if other carotenoids may also play a role in reducing the risk of disease.","Fruits and Veggies May Prolong Your Life. Nov. 22, 2010 -- Eat your veggies and you may live longer, a study suggests. The study shows that eating foods rich in antioxidants, like vegetables and fruits, fights disease and may prolong life. Researchers found that people with the highest levels of the antioxidant alpha-carotene in their blood had a 39% lower risk of death from any cause, including heart disease and cancer, than those who had the lowest levels of the antioxidant during the 14-year study. ""These findings support increasing fruit and vegetable consumption as a means of preventing premature death,"" write researcher Chaoyang Li, MD, PhD, of the CDC and colleagues in the Archives of Internal Medicine. Alpha-carotene is part of a group of antioxidants known as carotenoids, which also includes beta-carotene and lycopene. Vegetables particularly high in alpha-carotene include yellow-orange vegetables, such as carrots, sweet potatoes, pumpkin, and winter squash, and dark green vegetables, such as broccoli, green beans, green peas, spinach, turnip greens, collards, and lettuce. Although previous studies have suggested eating more fruits and vegetables is associated with a lower risk of disease, studies have not shown that taking beta-carotene supplements reduces the risk of dying from heart disease or cancer. Researchers wanted to see if other carotenoids may also play a role in reducing the risk of disease."
fakehealth,story_reviews_00689,0,1,1,0.1218445006104634,0.8781554993895365,0.8781554993895365,0.43297863,0.56702137,0.56702137,"(Reuters) - Achillion Pharmaceuticals Inc’s experimental hepatitis C drug, when used with Gilead Sciences Inc’s Sovaldi, eradicated signs of the virus in six weeks, the shortest duration and highest response achieved by any two-drug treatment. Achillion’s shares rose as much as 19 percent to $12.85 on Monday on investor’s hopes that an all-Achillion combination could be as effective as Gilead’s and AbbVie Inc’s current therapies. The estimated $20 billion market for hepatitis C drugs has developed at a lightning pace in recent years, with several companies including Gilead, AbbVie and Merck & Co Inc working on faster, more potent ways to cure the liver-destroying virus, which affects more than 170 million globally. The new-generation hepatitis C regimens use a two- to three-drug combination – a nucleotide analog inhibitor or “nuke” and a NS5A inhibitor in Gilead’s case – to achieves a cure in about eight to 12 weeks, making them faster and more effective than older treatment options. Gilead’s regimen Harvoni, with its own NS5A inhibitor and Sovaldi as the “nuke”, needs to be taken for at least eight weeks. Launched in October, its sales touched $2.11 billion in the quarter ended Dec. 31. AbbVie’s three-drug cocktail Viekira Pak, which won U.S. approval in December, must be taken for at least 12 weeks. Achillion’s ongoing mid-stage study tests its NS5A inhibitor, ACH-3102, with Sovaldi in previously untreated genotype 1 hepatitis C patients over six and eight weeks of therapy. The main goal is to achieve a cure, or sustained virological response, 12 weeks after the completion of therapy. Monday’s data shows Achillion’s NS5A inhibitor, ACH-3102, looks best-in-class, which could make up for its nuke, ACH-3422, being perhaps less effective than Sovaldi, analysts said. The question then becomes whether ACH-3422 plus ACH-3102 - a weaker nuke and a stronger NS5A inhibitor - could be a good enough doublet as Harvoni, William Blair’s Katherine Xu said. Achillion, one of the few companies developing hepatitis C therapies independently, plans to begin a mid-stage study this year to evaluate its proprietary doublet. The all-Achillion regimen could hit the U.S. market by 2020 in a conservative scenario, Deutsche Bank’s Alethia Young estimated. She expects the treatment to cost about $35,000 per patient per year, assuming a 55 percent discount. Harvoni’s list price is $93,400 and Viekira Pak is estimated to cost $83,319.","Promising data bodes well for all-Achillion hep C treatment. (Reuters) - Achillion Pharmaceuticals Inc’s experimental hepatitis C drug, when used with Gilead Sciences Inc’s Sovaldi, eradicated signs of the virus in six weeks, the shortest duration and highest response achieved by any two-drug treatment. Achillion’s shares rose as much as 19 percent to $12.85 on Monday on investor’s hopes that an all-Achillion combination could be as effective as Gilead’s and AbbVie Inc’s current therapies. The estimated $20 billion market for hepatitis C drugs has developed at a lightning pace in recent years, with several companies including Gilead, AbbVie and Merck & Co Inc working on faster, more potent ways to cure the liver-destroying virus, which affects more than 170 million globally. The new-generation hepatitis C regimens use a two- to three-drug combination – a nucleotide analog inhibitor or “nuke” and a NS5A inhibitor in Gilead’s case – to achieves a cure in about eight to 12 weeks, making them faster and more effective than older treatment options. Gilead’s regimen Harvoni, with its own NS5A inhibitor and Sovaldi as the “nuke”, needs to be taken for at least eight weeks. Launched in October, its sales touched $2.11 billion in the quarter ended Dec. 31. AbbVie’s three-drug cocktail Viekira Pak, which won U.S. approval in December, must be taken for at least 12 weeks. Achillion’s ongoing mid-stage study tests its NS5A inhibitor, ACH-3102, with Sovaldi in previously untreated genotype 1 hepatitis C patients over six and eight weeks of therapy. The main goal is to achieve a cure, or sustained virological response, 12 weeks after the completion of therapy. Monday’s data shows Achillion’s NS5A inhibitor, ACH-3102, looks best-in-class, which could make up for its nuke, ACH-3422, being perhaps less effective than Sovaldi, analysts said. The question then becomes whether ACH-3422 plus ACH-3102 - a weaker nuke and a stronger NS5A inhibitor - could be a good enough doublet as Harvoni, William Blair’s Katherine Xu said. Achillion, one of the few companies developing hepatitis C therapies independently, plans to begin a mid-stage study this year to evaluate its proprietary doublet. The all-Achillion regimen could hit the U.S. market by 2020 in a conservative scenario, Deutsche Bank’s Alethia Young estimated. She expects the treatment to cost about $35,000 per patient per year, assuming a 55 percent discount. Harvoni’s list price is $93,400 and Viekira Pak is estimated to cost $83,319."
fakehealth,news_reviews_00450,1,0,0,0.6104997246855772,0.3895002753144227,0.6104997246855772,0.57156545,0.42843458,0.57156545,"Heart bypass surgery brings long-term benefits At a Glance A clinical trial found that bypass surgery increases survival rates for patients with advanced stages of coronary artery disease and heart failure. The results may inform recommendations for patient care and clinical practice. monkeybusinessimages/iStock/Thinkstock Coronary artery disease is a condition in which a waxy substance called plaque builds up inside the arteries, which supply oxygen-rich blood to your heart. Eventually, an area of plaque can rupture and cause a blood clot to form on the plaque’s surface. If the blockage isn’t treated quickly, the portion of heart muscle fed by the artery begins to die. This heart damage may go unrecognized and lead to severe or long-lasting problems. Coronary artery bypass grafting (CABG) is a surgical procedure that improves blood flow to the heart by bypassing clogged arteries. CABG was once thought to be too risky for patients with the long-term effects of coronary artery disease: left ventricular dysfunction (when the left side of the heart is unable to pump normally) and heart failure (when the heart can’t pump enough blood to meet the body’s needs). Early studies of the safety and effectiveness of CABG excluded most patients with these conditions. The procedure was typically used to relieve disabling angina, or chest pain. A team led by Dr. Eric J. Velazquez of Duke University Medical Center conducted a 5-year randomized controlled trial to investigate the effects of CABG on patients with coronary artery disease that shows sign of left ventricular dysfunction and heart failure. More than 1,200 patients were included in the clinical trial. They were randomly assigned to receive either CABG plus medical treatment or medical treatment alone. The medical treatment included guideline-directed medications and devices. Patients had follow-up evaluations every 4 months for the first year and then every subsequent 6 months. An extension study evaluated the 10-year outcomes of the surgical intervention. Almost all the participants were included in the 10-year follow-up results. The research was funded by NIH’s National Heart, Lung, and Blood Institute (NHLBI). Results were published online in the New England Journal of Medicine on April 3, 2016. Death from any cause occurred in 359 patients (59%) in the CABG group and in 398 patients (66%) receiving medical treatment alone. A total of 247 patients (41%) in the CABG group and 297 patients (49%) in the medical treatment group died from cardiovascular causes. In addition, the bypass surgery was associated with an overall 1.4-year increase in median survival time (7.7 vs. 6.3 years). These results show that CABG improves survival for people with coronary artery disease, left ventricular dysfunction, and heart failure. “The current 10-year follow-up provides new important insights about patient subgroups that are more likely to benefit from CABG as compared to medical therapy alone,” explains NHLBI Director Dr. Gary H. Gibbons. “As such, we now have a solid evidence base to inform patient care and the future development of clinical practice recommendations.”","Heart bypass surgery brings long-term benefits At a Glance A clinical trial found that bypass surgery increases survival rates for patients with advanced stages of coronary artery disease and heart failure. The results may inform recommendations for patient care and clinical practice. monkeybusinessimages/iStock/Thinkstock Coronary artery disease is a condition in which a waxy substance called plaque builds up inside the arteries, which supply oxygen-rich blood to your heart. Eventually, an area of plaque can rupture and cause a blood clot to form on the plaque’s surface. If the blockage isn’t treated quickly, the portion of heart muscle fed by the artery begins to die. This heart damage may go unrecognized and lead to severe or long-lasting problems. Coronary artery bypass grafting (CABG) is a surgical procedure that improves blood flow to the heart by bypassing clogged arteries. CABG was once thought to be too risky for patients with the long-term effects of coronary artery disease: left ventricular dysfunction (when the left side of the heart is unable to pump normally) and heart failure (when the heart can’t pump enough blood to meet the body’s needs). Early studies of the safety and effectiveness of CABG excluded most patients with these conditions. The procedure was typically used to relieve disabling angina, or chest pain. A team led by Dr. Eric J. Velazquez of Duke University Medical Center conducted a 5-year randomized controlled trial to investigate the effects of CABG on patients with coronary artery disease that shows sign of left ventricular dysfunction and heart failure. More than 1,200 patients were included in the clinical trial. They were randomly assigned to receive either CABG plus medical treatment or medical treatment alone. The medical treatment included guideline-directed medications and devices. Patients had follow-up evaluations every 4 months for the first year and then every subsequent 6 months. An extension study evaluated the 10-year outcomes of the surgical intervention. Almost all the participants were included in the 10-year follow-up results. The research was funded by NIH’s National Heart, Lung, and Blood Institute (NHLBI). Results were published online in the New England Journal of Medicine on April 3, 2016. Death from any cause occurred in 359 patients (59%) in the CABG group and in 398 patients (66%) receiving medical treatment alone. A total of 247 patients (41%) in the CABG group and 297 patients (49%) in the medical treatment group died from cardiovascular causes. In addition, the bypass surgery was associated with an overall 1.4-year increase in median survival time (7.7 vs. 6.3 years). These results show that CABG improves survival for people with coronary artery disease, left ventricular dysfunction, and heart failure. “The current 10-year follow-up provides new important insights about patient subgroups that are more likely to benefit from CABG as compared to medical therapy alone,” explains NHLBI Director Dr. Gary H. Gibbons. “As such, we now have a solid evidence base to inform patient care and the future development of clinical practice recommendations.”"
fakehealth,news_reviews_00410,1,0,0,0.5172162260964489,0.4827837739035511,0.5172162260964489,0.64808947,0.3519106,0.64808947,"(Boston) -- To date, there are no methods that can quickly and accurately detect pathogens in blood to allow the diagnosis of systemic bloodstream infections that can lead to life-threatening sepsis. The standard of care for detecting such blood-borne infections is blood culture, but this takes days to complete, only identifies pathogens in less than 30% of patients with fulminant infections, and it is not able to detect toxic fragments of dead pathogens that also drive the exaggerated inflammatory reactions leading to sepsis. Biomarkers that report elevated inflammation are used clinically in the treatment of patients with sepsis; however, they fail to distinguish inflammation triggered by infectious pathogens from that induced by non-infectious causes, such as burns, traumas and surgeries. Now, a Wyss Institute team led by Donald Ingber reports in eBioMedicine that it has filled this void with a rapid and specific diagnostic assay that could help physicians decide within an hour whether a patient has a systemic infection and should be hospitalized for aggressive intervention therapy. The potential of this assay to detect pathogen materials was demonstrated in both animal studies and a prospective human clinical study, whose results also suggest that it also could serve as a companion diagnostic to monitor the success of antibiotic and dialysis-like sepsis therapies. ""Our pathogen detection technology solves both dilemmas: it quickly reports whether infectious pathogens are present in the body, even at early stages of infection before sepsis develops. And it can more specifically identify patients who have excessive inflammation due to systemic infection, rather than other causes,"" said Donald Ingber, M.D., Ph.D., the Wyss Institute's Founding Director, the Judah Folkman Professor of Vascular Biology at Harvard Medical School and the Vascular Biology Program at Boston Children's Hospital, and Professor of Bioengineering at the Harvard John A. Paulson School of Engineering and Applied Sciences. ""This assay could become a real game changer in this clinical area, and it also should lead to more judicious use of antibiotics, helping to decrease the worrisome rise we are seeing in antibiotic-resistant organisms."" ""In a cohort of emergency room patients with suspected sepsis, we saw that the assay picked up infection within an hour in 85% of patients who exhibited clinical symptoms of sepsis, and equally importantly, it did not falsely predict infection in healthy subjects or patients with inflammation triggered by other causes, such as trauma. On the other hand, blood cultures that we performed in parallel using the same samples only detected pathogens in 18% of the cases,"" said Nathan Shapiro, M.D., Ph.D., Director of Translational Research in the Center for Vascular Biology Research at BIDMC, who worked with Ingber's team to conduct the clinical study. ""This highlights the advance this technology represents."" The diagnostic assay is built on FcMBL, a genetically engineered pathogen-binding protein previously developed by Ingber and Michael Super, a Wyss Senior Staff Scientist who co-leads the Institute's pathogen-detecting effort. FcMBL binds to pathogens and pathogen-released fragments, known as Pathogen-Associated Molecular Patterns (PAMPs) by recognizing carbohydrate molecules on their surface. Previous efforts in Ingber's team at the Wyss Institute have established FcMBL as a key component of an advanced dialysis-like, pathogen-extracting therapeutic device, and of a method for the fast retrieval of infectious pathogens from complex clinical samples to enable their identification and antibody susceptibilities. ""In our latest work, we show that the FcMBL-based pathogen-detecting assay is considerably faster and more accurate than any other available assay for systemic infection. We are currently working to ready it for high-throughput use in clinical and point of care situations and to accelerate it even further,"" said Mark Cartwright, Ph.D., a Staff Scientist at the Wyss Institute and a lead-author on the study. As a prerequisite to their clinical study, the Wyss Institute's team had successfully tested the assay in rat and pig models of infection with pathogenic E. coli bacteria. ""The animal models clearly told us that the assay can sensitively trace spikes of PAMPs released during antibiotic therapy, or residual infectious PAMP materials, even when no living bacteria circulate anymore in blood but they remain hidden inside internal organs. Thus, this assay could be an excellent tool for monitoring ongoing infection and responses to antibiotics and dialysis-like therapies for severe infections and sepsis,"" said Mike Super, Ph.D. Together, the findings suggest that the FcMBL-based pathogen detection technology with its rapid handling time, high sensitivity and broad specificity towards infection-causing pathogens could provide a real-world advance to diagnose life-threatening infections in both clinical microbiology laboratories and point-of-care settings. ### The work was funded by the Wyss Institute and the Defense Advanced Research Project Agency (DARPA). PRESS CONTACTS Wyss Institute for Biologically Inspired Engineering at Harvard University Benjamin Boettner, benjamin.boettner@wyss.harvard.edu, +1 917-913-8051 MULTIMEDIA CONTACT Wyss Institute for Biologically Inspired Engineering at Harvard University Seth Kroll, seth.kroll@wyss.harvard.edu, +1 617-432-7758 The Wyss Institute for Biologically Inspired Engineering at Harvard University uses Nature's design principles to develop bioinspired materials and devices that will transform medicine and create a more sustainable world. Wyss researchers are developing innovative new engineering solutions for healthcare, energy, architecture, robotics, and manufacturing that are translated into commercial products and therapies through collaborations with clinical investigators, corporate alliances, and formation of new startups. The Wyss Institute creates transformative technological breakthroughs by engaging in high risk research, and crosses disciplinary and institutional barriers, working as an alliance that includes Harvard's Schools of Medicine, Engineering, Arts & Sciences and Design, and in partnership with Beth Israel Deaconess Medical Center, Brigham and Women's Hospital, Boston Children's Hospital, Dana-Farber Cancer Institute, Massachusetts General Hospital, the University of Massachusetts Medical School, Spaulding Rehabilitation Hospital, Boston University, Tufts University, Charité - Universitätsmedizin Berlin, University of Zurich and Massachusetts Institute of Technology. The Beth Israel Deaconess Medical Center is a patient care, teaching and research affiliate of Harvard Medical School and consistently ranks as a national leader among independent hospitals in National Institutes of Health funding. BIDMC is in the community with Beth Israel Deaconess Hospital-Milton, Beth Israel Deaconess Hospital-Needham, Beth Israel Deaconess Hospital-Plymouth, Anna Jaques Hospital, Cambridge Health Alliance, Lawrence General Hospital, Signature Healthcare, Beth Israel Deaconess HealthCare, Community Care Alliance and Atrius Health. BIDMC is also clinically affiliated with the Joslin Diabetes Center and Hebrew Rehabilitation Center and is a research partner of Dana-Farber/Harvard Cancer Center and The Jackson Laboratory. BIDMC is the official hospital of the Boston Red Sox.","How to diagnose systemic infections much more quickly and reliably. (Boston) -- To date, there are no methods that can quickly and accurately detect pathogens in blood to allow the diagnosis of systemic bloodstream infections that can lead to life-threatening sepsis. The standard of care for detecting such blood-borne infections is blood culture, but this takes days to complete, only identifies pathogens in less than 30% of patients with fulminant infections, and it is not able to detect toxic fragments of dead pathogens that also drive the exaggerated inflammatory reactions leading to sepsis. Biomarkers that report elevated inflammation are used clinically in the treatment of patients with sepsis; however, they fail to distinguish inflammation triggered by infectious pathogens from that induced by non-infectious causes, such as burns, traumas and surgeries. Now, a Wyss Institute team led by Donald Ingber reports in eBioMedicine that it has filled this void with a rapid and specific diagnostic assay that could help physicians decide within an hour whether a patient has a systemic infection and should be hospitalized for aggressive intervention therapy. The potential of this assay to detect pathogen materials was demonstrated in both animal studies and a prospective human clinical study, whose results also suggest that it also could serve as a companion diagnostic to monitor the success of antibiotic and dialysis-like sepsis therapies. ""Our pathogen detection technology solves both dilemmas: it quickly reports whether infectious pathogens are present in the body, even at early stages of infection before sepsis develops. And it can more specifically identify patients who have excessive inflammation due to systemic infection, rather than other causes,"" said Donald Ingber, M.D., Ph.D., the Wyss Institute's Founding Director, the Judah Folkman Professor of Vascular Biology at Harvard Medical School and the Vascular Biology Program at Boston Children's Hospital, and Professor of Bioengineering at the Harvard John A. Paulson School of Engineering and Applied Sciences. ""This assay could become a real game changer in this clinical area, and it also should lead to more judicious use of antibiotics, helping to decrease the worrisome rise we are seeing in antibiotic-resistant organisms."" ""In a cohort of emergency room patients with suspected sepsis, we saw that the assay picked up infection within an hour in 85% of patients who exhibited clinical symptoms of sepsis, and equally importantly, it did not falsely predict infection in healthy subjects or patients with inflammation triggered by other causes, such as trauma. On the other hand, blood cultures that we performed in parallel using the same samples only detected pathogens in 18% of the cases,"" said Nathan Shapiro, M.D., Ph.D., Director of Translational Research in the Center for Vascular Biology Research at BIDMC, who worked with Ingber's team to conduct the clinical study. ""This highlights the advance this technology represents."" The diagnostic assay is built on FcMBL, a genetically engineered pathogen-binding protein previously developed by Ingber and Michael Super, a Wyss Senior Staff Scientist who co-leads the Institute's pathogen-detecting effort. FcMBL binds to pathogens and pathogen-released fragments, known as Pathogen-Associated Molecular Patterns (PAMPs) by recognizing carbohydrate molecules on their surface. Previous efforts in Ingber's team at the Wyss Institute have established FcMBL as a key component of an advanced dialysis-like, pathogen-extracting therapeutic device, and of a method for the fast retrieval of infectious pathogens from complex clinical samples to enable their identification and antibody susceptibilities. ""In our latest work, we show that the FcMBL-based pathogen-detecting assay is considerably faster and more accurate than any other available assay for systemic infection. We are currently working to ready it for high-throughput use in clinical and point of care situations and to accelerate it even further,"" said Mark Cartwright, Ph.D., a Staff Scientist at the Wyss Institute and a lead-author on the study. As a prerequisite to their clinical study, the Wyss Institute's team had successfully tested the assay in rat and pig models of infection with pathogenic E. coli bacteria. ""The animal models clearly told us that the assay can sensitively trace spikes of PAMPs released during antibiotic therapy, or residual infectious PAMP materials, even when no living bacteria circulate anymore in blood but they remain hidden inside internal organs. Thus, this assay could be an excellent tool for monitoring ongoing infection and responses to antibiotics and dialysis-like therapies for severe infections and sepsis,"" said Mike Super, Ph.D. Together, the findings suggest that the FcMBL-based pathogen detection technology with its rapid handling time, high sensitivity and broad specificity towards infection-causing pathogens could provide a real-world advance to diagnose life-threatening infections in both clinical microbiology laboratories and point-of-care settings. ### The work was funded by the Wyss Institute and the Defense Advanced Research Project Agency (DARPA). PRESS CONTACTS Wyss Institute for Biologically Inspired Engineering at Harvard University Benjamin Boettner, benjamin.boettner@wyss.harvard.edu, +1 917-913-8051 MULTIMEDIA CONTACT Wyss Institute for Biologically Inspired Engineering at Harvard University Seth Kroll, seth.kroll@wyss.harvard.edu, +1 617-432-7758 The Wyss Institute for Biologically Inspired Engineering at Harvard University uses Nature's design principles to develop bioinspired materials and devices that will transform medicine and create a more sustainable world. Wyss researchers are developing innovative new engineering solutions for healthcare, energy, architecture, robotics, and manufacturing that are translated into commercial products and therapies through collaborations with clinical investigators, corporate alliances, and formation of new startups. The Wyss Institute creates transformative technological breakthroughs by engaging in high risk research, and crosses disciplinary and institutional barriers, working as an alliance that includes Harvard's Schools of Medicine, Engineering, Arts & Sciences and Design, and in partnership with Beth Israel Deaconess Medical Center, Brigham and Women's Hospital, Boston Children's Hospital, Dana-Farber Cancer Institute, Massachusetts General Hospital, the University of Massachusetts Medical School, Spaulding Rehabilitation Hospital, Boston University, Tufts University, Charité - Universitätsmedizin Berlin, University of Zurich and Massachusetts Institute of Technology. The Beth Israel Deaconess Medical Center is a patient care, teaching and research affiliate of Harvard Medical School and consistently ranks as a national leader among independent hospitals in National Institutes of Health funding. BIDMC is in the community with Beth Israel Deaconess Hospital-Milton, Beth Israel Deaconess Hospital-Needham, Beth Israel Deaconess Hospital-Plymouth, Anna Jaques Hospital, Cambridge Health Alliance, Lawrence General Hospital, Signature Healthcare, Beth Israel Deaconess HealthCare, Community Care Alliance and Atrius Health. BIDMC is also clinically affiliated with the Joslin Diabetes Center and Hebrew Rehabilitation Center and is a research partner of Dana-Farber/Harvard Cancer Center and The Jackson Laboratory. BIDMC is the official hospital of the Boston Red Sox."
fakehealth,news_reviews_00403,1,0,0,0.5835807907938764,0.4164192092061236,0.5835807907938764,0.5369445,0.46305546,0.5369445,"Post-operative cognitive dysfunction (POCD), a condition mostly observed in older patients following surgery under general anesthesia, is characterized by impaired memory and concentration. The impairment may be temporary or permanent and incapacitating. The problem has become more frequent as the population ages and also as a growing number of older adults undergo surgical procedures made possible by more advanced medical technology. Data from the scientific literature suggest a rise in mortality from POCD in the first year after surgery under general anesthesia. The good news, according to a Brazilian study published by the journal PLoS One, is that two relatively simple measures can help to reduce the incidence of POCD: administering a small dose of the anti-inflammatory drug dexamethasone immediately before an operation and avoiding profound anesthesia during the operation. Opinions on the adequate depth of anesthesia and the risks of very profound anesthesia currently diverge. Excessively superficial anesthesia is known to incur a risk of patient recall of the procedure, which is undesirable. ""Our findings confirm recent evidence that the deeper the anesthesia-induced hypnosis, the higher the incidence of POCD. The literature points to a link with the systemic inflammatory response induced by surgical trauma, damaging the central nervous system. If so, the use of an anti-inflammatory drug may have a protective effect,"" said Maria José Carvalho Carmona, a professor of anesthesiology at the University of São Paulo's Medical School (FM-USP) and principal investigator for the study. The researchers evaluated 140 patients aged between 60 and 87 who underwent surgery under propofol-induced general anesthesia at the Central Institute of Hospital das Clínicas, FM-USP's teaching hospital, in most cases for removal of gallstones. Pre-operative assessment included a battery of tests to measure mental and cognitive status. Patients who failed to achieve a cutoff score were excluded. The remaining subjects were divided randomly into four groups. In the operating room, deep anesthesia typical of major surgical procedures was induced in the first and third groups, and more superficial anesthesia in the second and fourth. Only the third and fourth groups received dexamethasone. The depth of anesthesia was monitored using bispectral index (BIS) technology, which processes electroencephalogram signals to measure drug-induced unconsciousness. The researchers classified a BIS of 35-45 as deep anesthesia and a BIS of 46-55 as superficial anesthesia. In the fourth group (superficial anesthesia with dexamethasone), the incidence of POCD was 15.3% immediately after surgery, but after six months the pre-operative cognitive status was restored in all patients. ""The results reinforce recent evidence of the importance of avoiding deep anesthesia,"" Carmona said. ""With regard to the use of dexamethasone, more research is needed to confirm our finding, preferably in multicenter trials, but there are strong indications that it can be beneficial in many cases."" The earliest trials with patients who developed POCD were performed after the 1950s. Before that, older patients were rarely subjected to major surgery, and significant research in this field has only been conducted for approximately 15-20 years. ""The causes of and risk factors for POCD are still being discussed,"" she said. ""Little is said about rehabilitation or ways of helping patients recover pre-operative cognitive function."" One of the obstacles to reliable diagnosis and rehabilitation is a lack of practical and secure instruments for pre- and post-operative cognitive assessment. ""The tests available today are either too time consuming or quick but unreliable,"" Carmona said. ""This makes it hard to follow up on patients."" ###","Simple measures can reduce post-operative cognitive dysfunction in older patients. Post-operative cognitive dysfunction (POCD), a condition mostly observed in older patients following surgery under general anesthesia, is characterized by impaired memory and concentration. The impairment may be temporary or permanent and incapacitating. The problem has become more frequent as the population ages and also as a growing number of older adults undergo surgical procedures made possible by more advanced medical technology. Data from the scientific literature suggest a rise in mortality from POCD in the first year after surgery under general anesthesia. The good news, according to a Brazilian study published by the journal PLoS One, is that two relatively simple measures can help to reduce the incidence of POCD: administering a small dose of the anti-inflammatory drug dexamethasone immediately before an operation and avoiding profound anesthesia during the operation. Opinions on the adequate depth of anesthesia and the risks of very profound anesthesia currently diverge. Excessively superficial anesthesia is known to incur a risk of patient recall of the procedure, which is undesirable. ""Our findings confirm recent evidence that the deeper the anesthesia-induced hypnosis, the higher the incidence of POCD. The literature points to a link with the systemic inflammatory response induced by surgical trauma, damaging the central nervous system. If so, the use of an anti-inflammatory drug may have a protective effect,"" said Maria José Carvalho Carmona, a professor of anesthesiology at the University of São Paulo's Medical School (FM-USP) and principal investigator for the study. The researchers evaluated 140 patients aged between 60 and 87 who underwent surgery under propofol-induced general anesthesia at the Central Institute of Hospital das Clínicas, FM-USP's teaching hospital, in most cases for removal of gallstones. Pre-operative assessment included a battery of tests to measure mental and cognitive status. Patients who failed to achieve a cutoff score were excluded. The remaining subjects were divided randomly into four groups. In the operating room, deep anesthesia typical of major surgical procedures was induced in the first and third groups, and more superficial anesthesia in the second and fourth. Only the third and fourth groups received dexamethasone. The depth of anesthesia was monitored using bispectral index (BIS) technology, which processes electroencephalogram signals to measure drug-induced unconsciousness. The researchers classified a BIS of 35-45 as deep anesthesia and a BIS of 46-55 as superficial anesthesia. In the fourth group (superficial anesthesia with dexamethasone), the incidence of POCD was 15.3% immediately after surgery, but after six months the pre-operative cognitive status was restored in all patients. ""The results reinforce recent evidence of the importance of avoiding deep anesthesia,"" Carmona said. ""With regard to the use of dexamethasone, more research is needed to confirm our finding, preferably in multicenter trials, but there are strong indications that it can be beneficial in many cases."" The earliest trials with patients who developed POCD were performed after the 1950s. Before that, older patients were rarely subjected to major surgery, and significant research in this field has only been conducted for approximately 15-20 years. ""The causes of and risk factors for POCD are still being discussed,"" she said. ""Little is said about rehabilitation or ways of helping patients recover pre-operative cognitive function."" One of the obstacles to reliable diagnosis and rehabilitation is a lack of practical and secure instruments for pre- and post-operative cognitive assessment. ""The tests available today are either too time consuming or quick but unreliable,"" Carmona said. ""This makes it hard to follow up on patients."" ###"
fakehealth,story_reviews_00534,0,1,1,0.1716633424617323,0.8283366575382677,0.8283366575382677,0.33676422,0.66323584,0.66323584,"The GeneSight test result helped prompt Brown’s psychiatrist to switch him to a new drug in June, making Brown, 40, optimistic that there might be a path back to a job, an apartment, and even a new girlfriend. But three weeks later he was suicidal, checking into a mental hospital at his therapist’s urging. By collecting the former editor’s DNA with a quick cheek swab, a new genetic test retailing at $3,800 would reveal which depression medications Brown would likely respond well to and those he would not. RUTLAND, Vt. — For the first time in John R. Brown’s two-decade quest for the right medication to make his brain behave, his psychiatrist offered him hope in the form of what seemed like rock-solid science. Advertisement “I can’t help but wonder if I should have stuck with the devil I know,’’ Brown now says. Genetic tests to identify the most effective psychiatric drugs are the hot new technology in the race to create personalized treatments based on people’s DNA. More than 600,000 of these tests have likely been administered in the last three years, based on company websites and research data, to better treat conditions ranging from depression to attention deficit disorder to anxiety. In a nod to the tests’ growing acceptance, the federal Medicare program last year agreed for the first time to pay for the GeneSight test for some depressed patients. But a review by the New England Center for Investigative Reporting has found that virtually all the evidence that these psychiatric tests work is based on limited studies funded by the companies themselves or researchers they fund, including all five studies used to promote GeneSight on the company’s website. The federal government doesn’t require companies to prove that this and thousands of other tests are accurate before marketing and selling them. Unlike drugs, the Food and Drug Administration does not regulate them, though that may soon change. Advertisement Some of the testing firms’ research practices also raise questions about potential conflicts of interest. For example, California-based Proove Biosciences provides a full-time employee to administer and run a study on the company’s test at a Littleton, Mass., mental health clinic. It pays clinicians for time spent related to the study, a relationship that could give clinicians an incentive to steer patients to the test — and give the company access to insurance reimbursement for those patients. Patients also cannot find out for themselves if their doctor stands to gain financially by recommending a personalized medicine test. A public federal database created in 2014 to disclose financial relationships between the health care industry and physicians excludes most genetic tests. “It is the Wild West,’’ said Mildred Cho, associate director at the Stanford Center for Biomedical Ethics, who says there is little published evidence on the effectiveness of drug response tests. Eric Lander, a leader of the Human Genome Project and founding director of the Broad Institute in Cambridge, goes further, saying in a New England Journal of Medicine article earlier this year that the mental health testing company claims are “not harmless and may be quite dangerous.” In psychiatry, a field hampered by a lack of definitive tests for conditions and treatments alike, the idea of a genetic test to identify the drugs most likely to be effective is particularly appealing as a way to cut down on the trial-and-error approach to medications that many patients face. Advertisement And the tests do hold promise. The basic science behind them is built on years of solid research — analyzing an individual’s genetic make-up to determine how they may respond to drugs. GeneSight’s test was developed using technology from the respected Mayo Clinic and Cincinnati Children’s Hospital Medical Center. Officials at Assurex Health, the Ohio-based company that makes GeneSight, stand behind their product. They make no guarantee that GeneSight will lead doctors to pick the right medicine for patients, but they point to company studies that show it more than doubles the odds they will. Plus, the officials note, the test underwent close review by a Medicare contractor before the agency agreed to pay for the tests. “Patients do better,’’ said Bryan M. Dechairo, senior vice president of medical affairs and clinical development for Assurex. “We continue to do more studies” to show the test’s value. The amount of money at stake is enormous. Psychiatric conditions affect 1 in 4 adults every year and 1 in 5 teens, according to the National Alliance on Mental Illness. Finding a test to more precisely target treatment could help troubled people find help more quickly, cut down on side effects, and save money. It can also make hundreds of millions of dollars for the test makers, which helps explain why at least 15 companies are now ramping up mental health testing. “It is so much more than just getting the medications right,’’ said Rachel Scott, vice president of clinical research and operations for Pennsylvania-based test maker Genomind. “It is giving patients the opportunity to step outside the stigma of mental illness, for them to see this is their biology — and give their clinician some objective information.” Advertisement But psychiatric genetics remains in its infancy. Aggressive marketing and a lack of regulation of tests that have a thin scientific foundation have raised concerns for some bioethicists. “The claims of these companies are weak,’’ said Robert Klitzman, a psychiatrist and bioethicist at Columbia University in New York who had a commentary published last week in a mental health journal calling for vigilance in the marketing of genetic mental health tests. “Conflicts of interest in the field are major problems,” he said. Payments from test maker Last fall, the owners of the New England Center for Mental Health in Littleton, an adult and child clinic, were asked to be part of a research study. California-based Proove Biosciences wanted the center to join a national study, aimed in part at better understanding how its tests benefited adults with mental health conditions. The company would provide the center with a full-time research assistant stationed in an office behind the reception desk. If a clinician and patient decided a Proove drug metabolism test, which analyzes 69 genetic variants, would be useful, the assistant would take the patient’s DNA with a cheek swab, collect insurance information for Proove to be reimbursed, and administer extensive questionnaires to track how the test worked out over time. Advertisement “We wanted to offer our patients a test that could really help them,’’ said Jessica X. Hennessey, director of operations and management at the Center for Mental Health. The center received a one-time payment of $600 from Proove for training and is allowed to bill $150 for each hour of clinical research service and services rendered by Littleton staff members related to the study, according to Ernie Corrigan, a spokesman for the center. The Center for Mental Health has billed Proove a little more than $5,600 since then, Corrigan said. Proove officials and Hennessey said clinicians are never compensated based on the type or number of tests they order, and clinicians do not promote the swab test in any way. “The tests are only ordered if they are medically necessary,” said Brian Meshkin, Proove’s founder and CEO. But the close arrangement raises eyebrows among bioethicists because it can lead to the appearance of clinicians ordering the test to receive compensation for the study. “There is a big set of ethical concerns here,’’ said Columbia’s Klitzman, after being told about the Littleton study. He said those concerns are especially pronounced if doctors have financial incentives and “order tests that have no clear proven benefit.” Federal officials are growing increasingly concerned about such research-physician arrangements in the genetic testing field. Late last year, a large study that included psychiatric drug response by New Orleans-based Renaissance RX was shut down after Medicare halted payments and began a review. A Rhode Island doctor also sued the company, charging, in part, that Renaissance RX enrolled ineligible people in order to bill insurance. Meanwhile, the Office of the Inspector General for the US Department of Health and Human Services last year singled out compensation agreements related to research studies in a special fraud alert, noting there were growing cases of doctors receiving improper incentives regarding referrals. Medicare review The GeneSight test has gotten the most outside scrutiny among the tests because it faced review by Medicare before the agency agreed to cover it for certain patients with depression. Medicare contractors were swayed by company-funded studies showing that when these patients took the medications recommended by the test, they had fewer symptoms after eight weeks compared with patients who did not use the test. “Use of the test to aid in [drug selection] has improved patient responses to treatment by 73 percent . . . these findings support the value of the GeneSight test,’’ according to the coverage decision. Excitement built in the mental health world that perhaps there was finally a scientific test that could help patients. Brown heard about the test from his psychiatrist, Susan Gerretson, of the Community Health Centers of the Rutland Region, and found out his federal insurance would pay for it. While his medications of lithium for bipolar disorder and the antidepressant Effexor were holding him steady, he was hardly in a happy place. “I figured, Why not try it?” he said. “I figured, Why not try it?” John R. Brown said. Caleb Kenna for The Boston Globe Of the five medications the test suggested he would respond best to, Brown had never tried two of them. After several months of discussion, Gerretson put him on one of those drugs, Fetzima. Even without the new drug, Brown says it was a challenging time: He turned 40, his old girlfriend called, and he quarreled with his mother. But Fetzima “was a factor’’ in his breakdown, he believes. He paused during an interview this summer at the Brattleboro Retreat, a mental health treatment center, and gave a wry smile. “It sure didn’t help.” Gerretson declined to talk specifically about Brown’s case, citing privacy concerns. But she said in an e-mail that she believes GeneSight can be helpful as long as a doctor fully understands a patient’s history and conducts his or her own research. “I never believe what sales representatives try to sell me,’’ she wrote. Yet critics of these tests say it’s impossible for doctors — or anyone else — to truly evaluate many of the tests. GeneSight’s proprietary formula for interpreting genetic information has never been independently assessed. The test examines genes well-known to play a role in antidepressant response, but it adds others not suppported by the same level of evidence, some researchers say. Robert Howland, associate professor of psychiatry at the University of Pittsburgh, wrote a paper last year concluding that the makers of the GeneSight test have overstated the findings of their studies, making outside review more urgent. “Independent assessment . . . of the GeneSight test is necessary to overcome the appearance of bias,’’ said Howland. But Assurex’s Dechairo said if the company didn’t do the research, no one would. The company has 12 ongoing studies not only for depression, he said, but for bipolar disorder, anxiety, schizophrenia and other medical issues. To reach patients, the company markets its tests to the psychiatry world, in part by paying psychiatrists and nurses to talk favorably about their test to peers. The practice is not new in medicine, but, unlike the drug industry, most genetic test makers need not disclose which doctors they pay because they’re not FDA-regulated. Catherine Poulos, a psychiatric nurse practitioner at East End Mental Health in Hampton Bays, N.Y., advertises the GeneSight test on her website, saying it allows her practice “to use the right drug at the right dose.” But nowhere does it say on the site that she is paid to speak favorably to peers about the test; a patient would have to look at her Linkedin profile to see that. Poulos declined to speak on the record to NECIR. But some consultants who use the tests say they do so because they believe in it, not because they get paid. “It adds clarity,’’ said Chris Bojrab, a psychiatrist and president of Indiana Health Group, a large behavioral health practice and a GeneSight consultant. He discloses his financial relationship with GeneSight on his website. An FDA loophole The FDA loophole that allows unregulated tests on the market dates back more than three decades to when the FDA began regulating diagnostic tests. At the time, the agency exempted what was then a small group of tests that were developed, manufactured, and used in a single lab, such as in a hospital. Starting in the mid-2000s, for-profit companies have used the exemption to develop thousands of complex genetic tests now in the marketplace without FDA review. The FDA announced plans last year to regulate these tests over the next nine years. However, there is no timeline to finalize the rules, according to an FDA spokeswoman, and the process is likely to take years. Commercial labs and academic institutions are pushing back against regulation, arguing the rules will stifle innovation and delay life-saving tests getting to patients. Regardless of the outcome of the fight, many academic scientists say this new era in testing needs independent study. They question if the tests are adding unnecessary costs to health care. “These companies look at a very small subset of a very large number of factors’’ that go into treating patients, said Bruce Cohen, a psychiatry professor at Harvard Medical School and director of the program for neuropsychiatric research at McLean Hospital in Belmont. “People are making decisions based on unproven tests.” Brown’s decision was to go back to old medications. For him, the GeneSight test felt more like “a cool piece of science fiction” than a breakthrough. Still living in his mother’s house, he remains determined to rebuild his life. “I’m going to have to figure it out another way,” he said.","Genetic tests for psychiatric drugs spur hope, doubts. The GeneSight test result helped prompt Brown’s psychiatrist to switch him to a new drug in June, making Brown, 40, optimistic that there might be a path back to a job, an apartment, and even a new girlfriend. But three weeks later he was suicidal, checking into a mental hospital at his therapist’s urging. By collecting the former editor’s DNA with a quick cheek swab, a new genetic test retailing at $3,800 would reveal which depression medications Brown would likely respond well to and those he would not. RUTLAND, Vt. — For the first time in John R. Brown’s two-decade quest for the right medication to make his brain behave, his psychiatrist offered him hope in the form of what seemed like rock-solid science. Advertisement “I can’t help but wonder if I should have stuck with the devil I know,’’ Brown now says. Genetic tests to identify the most effective psychiatric drugs are the hot new technology in the race to create personalized treatments based on people’s DNA. More than 600,000 of these tests have likely been administered in the last three years, based on company websites and research data, to better treat conditions ranging from depression to attention deficit disorder to anxiety. In a nod to the tests’ growing acceptance, the federal Medicare program last year agreed for the first time to pay for the GeneSight test for some depressed patients. But a review by the New England Center for Investigative Reporting has found that virtually all the evidence that these psychiatric tests work is based on limited studies funded by the companies themselves or researchers they fund, including all five studies used to promote GeneSight on the company’s website. The federal government doesn’t require companies to prove that this and thousands of other tests are accurate before marketing and selling them. Unlike drugs, the Food and Drug Administration does not regulate them, though that may soon change. Advertisement Some of the testing firms’ research practices also raise questions about potential conflicts of interest. For example, California-based Proove Biosciences provides a full-time employee to administer and run a study on the company’s test at a Littleton, Mass., mental health clinic. It pays clinicians for time spent related to the study, a relationship that could give clinicians an incentive to steer patients to the test — and give the company access to insurance reimbursement for those patients. Patients also cannot find out for themselves if their doctor stands to gain financially by recommending a personalized medicine test. A public federal database created in 2014 to disclose financial relationships between the health care industry and physicians excludes most genetic tests. “It is the Wild West,’’ said Mildred Cho, associate director at the Stanford Center for Biomedical Ethics, who says there is little published evidence on the effectiveness of drug response tests. Eric Lander, a leader of the Human Genome Project and founding director of the Broad Institute in Cambridge, goes further, saying in a New England Journal of Medicine article earlier this year that the mental health testing company claims are “not harmless and may be quite dangerous.” In psychiatry, a field hampered by a lack of definitive tests for conditions and treatments alike, the idea of a genetic test to identify the drugs most likely to be effective is particularly appealing as a way to cut down on the trial-and-error approach to medications that many patients face. Advertisement And the tests do hold promise. The basic science behind them is built on years of solid research — analyzing an individual’s genetic make-up to determine how they may respond to drugs. GeneSight’s test was developed using technology from the respected Mayo Clinic and Cincinnati Children’s Hospital Medical Center. Officials at Assurex Health, the Ohio-based company that makes GeneSight, stand behind their product. They make no guarantee that GeneSight will lead doctors to pick the right medicine for patients, but they point to company studies that show it more than doubles the odds they will. Plus, the officials note, the test underwent close review by a Medicare contractor before the agency agreed to pay for the tests. “Patients do better,’’ said Bryan M. Dechairo, senior vice president of medical affairs and clinical development for Assurex. “We continue to do more studies” to show the test’s value. The amount of money at stake is enormous. Psychiatric conditions affect 1 in 4 adults every year and 1 in 5 teens, according to the National Alliance on Mental Illness. Finding a test to more precisely target treatment could help troubled people find help more quickly, cut down on side effects, and save money. It can also make hundreds of millions of dollars for the test makers, which helps explain why at least 15 companies are now ramping up mental health testing. “It is so much more than just getting the medications right,’’ said Rachel Scott, vice president of clinical research and operations for Pennsylvania-based test maker Genomind. “It is giving patients the opportunity to step outside the stigma of mental illness, for them to see this is their biology — and give their clinician some objective information.” Advertisement But psychiatric genetics remains in its infancy. Aggressive marketing and a lack of regulation of tests that have a thin scientific foundation have raised concerns for some bioethicists. “The claims of these companies are weak,’’ said Robert Klitzman, a psychiatrist and bioethicist at Columbia University in New York who had a commentary published last week in a mental health journal calling for vigilance in the marketing of genetic mental health tests. “Conflicts of interest in the field are major problems,” he said. Payments from test maker Last fall, the owners of the New England Center for Mental Health in Littleton, an adult and child clinic, were asked to be part of a research study. California-based Proove Biosciences wanted the center to join a national study, aimed in part at better understanding how its tests benefited adults with mental health conditions. The company would provide the center with a full-time research assistant stationed in an office behind the reception desk. If a clinician and patient decided a Proove drug metabolism test, which analyzes 69 genetic variants, would be useful, the assistant would take the patient’s DNA with a cheek swab, collect insurance information for Proove to be reimbursed, and administer extensive questionnaires to track how the test worked out over time. Advertisement “We wanted to offer our patients a test that could really help them,’’ said Jessica X. Hennessey, director of operations and management at the Center for Mental Health. The center received a one-time payment of $600 from Proove for training and is allowed to bill $150 for each hour of clinical research service and services rendered by Littleton staff members related to the study, according to Ernie Corrigan, a spokesman for the center. The Center for Mental Health has billed Proove a little more than $5,600 since then, Corrigan said. Proove officials and Hennessey said clinicians are never compensated based on the type or number of tests they order, and clinicians do not promote the swab test in any way. “The tests are only ordered if they are medically necessary,” said Brian Meshkin, Proove’s founder and CEO. But the close arrangement raises eyebrows among bioethicists because it can lead to the appearance of clinicians ordering the test to receive compensation for the study. “There is a big set of ethical concerns here,’’ said Columbia’s Klitzman, after being told about the Littleton study. He said those concerns are especially pronounced if doctors have financial incentives and “order tests that have no clear proven benefit.” Federal officials are growing increasingly concerned about such research-physician arrangements in the genetic testing field. Late last year, a large study that included psychiatric drug response by New Orleans-based Renaissance RX was shut down after Medicare halted payments and began a review. A Rhode Island doctor also sued the company, charging, in part, that Renaissance RX enrolled ineligible people in order to bill insurance. Meanwhile, the Office of the Inspector General for the US Department of Health and Human Services last year singled out compensation agreements related to research studies in a special fraud alert, noting there were growing cases of doctors receiving improper incentives regarding referrals. Medicare review The GeneSight test has gotten the most outside scrutiny among the tests because it faced review by Medicare before the agency agreed to cover it for certain patients with depression. Medicare contractors were swayed by company-funded studies showing that when these patients took the medications recommended by the test, they had fewer symptoms after eight weeks compared with patients who did not use the test. “Use of the test to aid in [drug selection] has improved patient responses to treatment by 73 percent . . . these findings support the value of the GeneSight test,’’ according to the coverage decision. Excitement built in the mental health world that perhaps there was finally a scientific test that could help patients. Brown heard about the test from his psychiatrist, Susan Gerretson, of the Community Health Centers of the Rutland Region, and found out his federal insurance would pay for it. While his medications of lithium for bipolar disorder and the antidepressant Effexor were holding him steady, he was hardly in a happy place. “I figured, Why not try it?” he said. “I figured, Why not try it?” John R. Brown said. Caleb Kenna for The Boston Globe Of the five medications the test suggested he would respond best to, Brown had never tried two of them. After several months of discussion, Gerretson put him on one of those drugs, Fetzima. Even without the new drug, Brown says it was a challenging time: He turned 40, his old girlfriend called, and he quarreled with his mother. But Fetzima “was a factor’’ in his breakdown, he believes. He paused during an interview this summer at the Brattleboro Retreat, a mental health treatment center, and gave a wry smile. “It sure didn’t help.” Gerretson declined to talk specifically about Brown’s case, citing privacy concerns. But she said in an e-mail that she believes GeneSight can be helpful as long as a doctor fully understands a patient’s history and conducts his or her own research. “I never believe what sales representatives try to sell me,’’ she wrote. Yet critics of these tests say it’s impossible for doctors — or anyone else — to truly evaluate many of the tests. GeneSight’s proprietary formula for interpreting genetic information has never been independently assessed. The test examines genes well-known to play a role in antidepressant response, but it adds others not suppported by the same level of evidence, some researchers say. Robert Howland, associate professor of psychiatry at the University of Pittsburgh, wrote a paper last year concluding that the makers of the GeneSight test have overstated the findings of their studies, making outside review more urgent. “Independent assessment . . . of the GeneSight test is necessary to overcome the appearance of bias,’’ said Howland. But Assurex’s Dechairo said if the company didn’t do the research, no one would. The company has 12 ongoing studies not only for depression, he said, but for bipolar disorder, anxiety, schizophrenia and other medical issues. To reach patients, the company markets its tests to the psychiatry world, in part by paying psychiatrists and nurses to talk favorably about their test to peers. The practice is not new in medicine, but, unlike the drug industry, most genetic test makers need not disclose which doctors they pay because they’re not FDA-regulated. Catherine Poulos, a psychiatric nurse practitioner at East End Mental Health in Hampton Bays, N.Y., advertises the GeneSight test on her website, saying it allows her practice “to use the right drug at the right dose.” But nowhere does it say on the site that she is paid to speak favorably to peers about the test; a patient would have to look at her Linkedin profile to see that. Poulos declined to speak on the record to NECIR. But some consultants who use the tests say they do so because they believe in it, not because they get paid. “It adds clarity,’’ said Chris Bojrab, a psychiatrist and president of Indiana Health Group, a large behavioral health practice and a GeneSight consultant. He discloses his financial relationship with GeneSight on his website. An FDA loophole The FDA loophole that allows unregulated tests on the market dates back more than three decades to when the FDA began regulating diagnostic tests. At the time, the agency exempted what was then a small group of tests that were developed, manufactured, and used in a single lab, such as in a hospital. Starting in the mid-2000s, for-profit companies have used the exemption to develop thousands of complex genetic tests now in the marketplace without FDA review. The FDA announced plans last year to regulate these tests over the next nine years. However, there is no timeline to finalize the rules, according to an FDA spokeswoman, and the process is likely to take years. Commercial labs and academic institutions are pushing back against regulation, arguing the rules will stifle innovation and delay life-saving tests getting to patients. Regardless of the outcome of the fight, many academic scientists say this new era in testing needs independent study. They question if the tests are adding unnecessary costs to health care. “These companies look at a very small subset of a very large number of factors’’ that go into treating patients, said Bruce Cohen, a psychiatry professor at Harvard Medical School and director of the program for neuropsychiatric research at McLean Hospital in Belmont. “People are making decisions based on unproven tests.” Brown’s decision was to go back to old medications. For him, the GeneSight test felt more like “a cool piece of science fiction” than a breakthrough. Still living in his mother’s house, he remains determined to rebuild his life. “I’m going to have to figure it out another way,” he said."
fakehealth,story_reviews_01089,0,1,1,0.4085594014884225,0.5914405985115775,0.5914405985115775,0.48433772,0.5156623,0.5156623,"Two big studies suggest possible new ways to screen healthy people for cervical or prostate cancers, but a third disappointed those hoping for a way to detect early signs of deadly ovarian tumors. Researchers found: -For women 30 and over, a test for the virus, HPV, is better than a Pap smear for predicting cervical cancer risk, and those who test negative on both can safely wait three years to be screened again. -A single PSA blood test at ages 44 to 50 might help predict a man's risk of developing advanced prostate cancer or dying of it up to 30 years later. The PSA test is notoriously unreliable, but using it this way separates men who need a close watch from those who are so low-risk that they can skip testing for five years or more. -Screening women with no symptoms for ovarian cancer with a blood test and an ultrasound exam is harmful. It didn't prevent deaths and led to thousands of false alarms, unneeded surgeries and serious complications. The last study is a warning to people who get screening tests that aren't recommended, or who question whether screening can ever hurt. ""The answer is, it could hurt a lot,"" said Dr. Allen Lichter, chief executive of the American Society of Clinical Oncology. The group published these and 4,000 other studies Wednesday, ahead of its annual meeting next month. Cervical cancer is easy to prevent. It's very slow-growing and screening finds precancerous cells and allows early treatment. The new study was the first big one to examine a newer screening tool, HPV tests, with or without Pap smears in routine practice. For a Pap test, cells scraped from the cervix, the gateway to the uterus, are checked under a microscope. But this can miss problems or raise false alarms. HPV tests detect the human papillomavirus, which causes most cases of cervical cancer. But HPV is ""the common cold"" of the nether regions — most sexually active young people have been exposed to it, said Debbie Saslow, the American Cancer Society's director of breast and gynecologic cancer. Most infections go away on their own; they're only a cancer risk when they last a year or more. Younger women tend to have short-term infections, so Pap tests are a better way to screen them. HPV tests are approved as an option along with Paps for women 30 and older, and the cancer society says that if a woman tests negative on both, she can wait three years to be screened again. Few take this advice, though. ""Women still want their annual Pap and doctors still want to give them,"" and think it's rationing care to test less often, Saslow said. The new study gives ""very, very solid support"" for screening less often, Lichter said. Hormuzd Katki of the National Cancer Institute studied more than 330,000 women getting HPV and Pap tests through Kaiser Permanente Northern California for five years. Only about three out of 100,000 women each year developed cervical cancer after negative HPV and Pap tests. HPV tests were twice as good as Paps for predicting risk. Adding a Pap after a negative HPV test did little to improve risk prediction. However, if an HPV test was positive, a Pap test helped confirm or rule out the need for follow-up. The study didn't look at the downside of HPV testing — how many false alarms and needless procedures it triggered. HPV tests cost $80 to $100 compared to $20 to $40 for Paps. The prostate study sought a better way to use PSA tests, which are troublesome because PSA can be high for many reasons besides cancer, and doctors don't know which cancers need treatment or whether screening saves lives. Most groups don't recommend PSA tests, but most men over 50 get them anyway. The new study ""is not going to end the controversy, but it suggests a very interesting middle ground,"" Lichter said. Researchers at Memorial Sloan-Kettering Cancer Center in New York used stored blood samples that 12,000 Swedish men gave for a heart study decades ago, when most were 44 to 50 years old. They also had second samples from some of them six years later, and samples from other 60-year-old men. Looking 27 years later, researchers saw that 44 percent of cancer deaths occurred in men whose initial PSAs had been in the top 10 percent when they were 44 to 50 years old. Conversely, scoring below the median meant very little cancer risk years later. ""They're identifying a group of guys who don't need to be screened, or need to be screened less often,"" said Dr. Otis Brawley, the cancer society's chief medical officer. The results are ""provocative,"" but this type of study can't prove that screening prevents deaths, said Dr. Matthew R. Smith of the Massachusetts General Hospital Cancer Center. Few of the Swedish men were treated for prostate cancer as most men are today, which can affect survival. The National Cancer Institute, the Swedish Cancer Society and several foundations paid for the work, and one researcher holds patents for two PSA-related tests. Baseline PSA tests for men in their 40s can't be recommended yet, Brawley said. The cancer society says men should be informed of the risks and benefits of PSA tests starting at age 50, and sooner for blacks and those with family history of prostate cancer. The government-funded ovarian cancer study involved nearly 80,000 women. Half were screened annually with an ultrasound for four years and a blood test for six years. The blood test looked for CA-125, a substance often elevated in ovarian cancer. After 13 years, there were no major differences in ovarian cancers found or deaths from the disease. Screening found only 212 cancers while giving 3,285 false alarms that led to 1,080 unneeded biopsy surgeries and 163 serious complications. ""So many people say `how can cancer screening be harmful?' This thing documents it,"" Brawley said. The results don't apply to using these tests on women with symptoms of ovarian cancer or abnormal physical exams. That's still the best way to check for ovarian cancer in those cases.","HPV Test Beats Pap for Cervical Cancer Screening. Two big studies suggest possible new ways to screen healthy people for cervical or prostate cancers, but a third disappointed those hoping for a way to detect early signs of deadly ovarian tumors. Researchers found: -For women 30 and over, a test for the virus, HPV, is better than a Pap smear for predicting cervical cancer risk, and those who test negative on both can safely wait three years to be screened again. -A single PSA blood test at ages 44 to 50 might help predict a man's risk of developing advanced prostate cancer or dying of it up to 30 years later. The PSA test is notoriously unreliable, but using it this way separates men who need a close watch from those who are so low-risk that they can skip testing for five years or more. -Screening women with no symptoms for ovarian cancer with a blood test and an ultrasound exam is harmful. It didn't prevent deaths and led to thousands of false alarms, unneeded surgeries and serious complications. The last study is a warning to people who get screening tests that aren't recommended, or who question whether screening can ever hurt. ""The answer is, it could hurt a lot,"" said Dr. Allen Lichter, chief executive of the American Society of Clinical Oncology. The group published these and 4,000 other studies Wednesday, ahead of its annual meeting next month. Cervical cancer is easy to prevent. It's very slow-growing and screening finds precancerous cells and allows early treatment. The new study was the first big one to examine a newer screening tool, HPV tests, with or without Pap smears in routine practice. For a Pap test, cells scraped from the cervix, the gateway to the uterus, are checked under a microscope. But this can miss problems or raise false alarms. HPV tests detect the human papillomavirus, which causes most cases of cervical cancer. But HPV is ""the common cold"" of the nether regions — most sexually active young people have been exposed to it, said Debbie Saslow, the American Cancer Society's director of breast and gynecologic cancer. Most infections go away on their own; they're only a cancer risk when they last a year or more. Younger women tend to have short-term infections, so Pap tests are a better way to screen them. HPV tests are approved as an option along with Paps for women 30 and older, and the cancer society says that if a woman tests negative on both, she can wait three years to be screened again. Few take this advice, though. ""Women still want their annual Pap and doctors still want to give them,"" and think it's rationing care to test less often, Saslow said. The new study gives ""very, very solid support"" for screening less often, Lichter said. Hormuzd Katki of the National Cancer Institute studied more than 330,000 women getting HPV and Pap tests through Kaiser Permanente Northern California for five years. Only about three out of 100,000 women each year developed cervical cancer after negative HPV and Pap tests. HPV tests were twice as good as Paps for predicting risk. Adding a Pap after a negative HPV test did little to improve risk prediction. However, if an HPV test was positive, a Pap test helped confirm or rule out the need for follow-up. The study didn't look at the downside of HPV testing — how many false alarms and needless procedures it triggered. HPV tests cost $80 to $100 compared to $20 to $40 for Paps. The prostate study sought a better way to use PSA tests, which are troublesome because PSA can be high for many reasons besides cancer, and doctors don't know which cancers need treatment or whether screening saves lives. Most groups don't recommend PSA tests, but most men over 50 get them anyway. The new study ""is not going to end the controversy, but it suggests a very interesting middle ground,"" Lichter said. Researchers at Memorial Sloan-Kettering Cancer Center in New York used stored blood samples that 12,000 Swedish men gave for a heart study decades ago, when most were 44 to 50 years old. They also had second samples from some of them six years later, and samples from other 60-year-old men. Looking 27 years later, researchers saw that 44 percent of cancer deaths occurred in men whose initial PSAs had been in the top 10 percent when they were 44 to 50 years old. Conversely, scoring below the median meant very little cancer risk years later. ""They're identifying a group of guys who don't need to be screened, or need to be screened less often,"" said Dr. Otis Brawley, the cancer society's chief medical officer. The results are ""provocative,"" but this type of study can't prove that screening prevents deaths, said Dr. Matthew R. Smith of the Massachusetts General Hospital Cancer Center. Few of the Swedish men were treated for prostate cancer as most men are today, which can affect survival. The National Cancer Institute, the Swedish Cancer Society and several foundations paid for the work, and one researcher holds patents for two PSA-related tests. Baseline PSA tests for men in their 40s can't be recommended yet, Brawley said. The cancer society says men should be informed of the risks and benefits of PSA tests starting at age 50, and sooner for blacks and those with family history of prostate cancer. The government-funded ovarian cancer study involved nearly 80,000 women. Half were screened annually with an ultrasound for four years and a blood test for six years. The blood test looked for CA-125, a substance often elevated in ovarian cancer. After 13 years, there were no major differences in ovarian cancers found or deaths from the disease. Screening found only 212 cancers while giving 3,285 false alarms that led to 1,080 unneeded biopsy surgeries and 163 serious complications. ""So many people say `how can cancer screening be harmful?' This thing documents it,"" Brawley said. The results don't apply to using these tests on women with symptoms of ovarian cancer or abnormal physical exams. That's still the best way to check for ovarian cancer in those cases."
fakehealth,news_reviews_00405,1,0,0,0.6281341749223897,0.3718658250776103,0.6281341749223897,0.5294214,0.4705786,0.5294214,"EAST HANOVER, N.J., June 22, 2016 /PRNewswire/ -- A new analysis published today in JAMA Cardiology has found that timely and broad adoption of Entresto® (sacubitril/valsartan) by all eligible heart failure patients with reduced ejection fraction (HFrEF) could prevent or postpone more than 28,000 deaths each year in the US alone.1 This analysis, based on an application of the results of PARADIGM-HF to published heart failure statistics, is the first to quantify the possible impact of Entresto's potential benefit in reducing death.1 Heart failure is a chronic condition that contributes to more than 300,000 deaths in the US every year.4 About half of people with heart failure have HFrEF.5 This new analysis estimates that as many as 28,484 deaths in HFrEF patients annually could be prevented or postponed with optimal use of Entresto (with sensitivity analyses demonstrating a range of 18,230 to 41,017).1 Further, the study suggests that delaying routine use of Entresto in clinical practice could have a substantial negative effect on patients, given the expected risk-benefit profile, as it could result in failure to prevent tens of thousands of deaths.1 These findings demonstrate the significant survival benefits Entresto could offer to those living with HFrEF, if patients in the group defined by the authors were given access to treatment.1 The study authors stated that nearly 84% of HFrEF patients – 2.2 million people – may be candidates for treatment with Entresto.1 Heart failure is a life-threatening condition and despite available medicines, about half of patients diagnosed with heart failure die within 5 years.4,6,7 According to the study authors, these findings may substantially impact the national health of the HFrEF population, offering significant clinical benefit in preventing or postponing death when applied in clinical practice.1 ""This expert analysis adds to the already compelling case for the treatment of heart failure patients with reduced ejection fraction with Entresto,"" said Fabrice Chouraqui, president of Novartis Pharmaceuticals Corporation. ""In addition to survival benefits, the study also recognizes other treatment effects of Entresto, particularly in reducing HF hospitalizations.1 Coupled with the recent Class I recommendation, the strongest endorsement, in the focused update to the US HF Guideline,2 these findings underscore the potential of Entresto as a standard therapy for chronic HFrEF patients."" In a separate analysis published in the same issue of JAMA Cardiology, researchers used data from the PARADIGM-HF trial to model the health consequences and cost-effectiveness of Entresto over a 30-year time period.3 They compared Entresto to the ACE-inhibitor enalapril and found Entresto was associated with more than a year longer average survival time, and that it was cost-effective compared to enalapril when these medications were used with other standard of care therapies.3 For every 1,000 patients treated with Entresto vs. enalapril, potentially 59.7 HF hospital admissions could be averted per each year alive in the model.3 In addition, Entresto increased life expectancy at an incremental cost-effectiveness ratio consistent with other high-value widely accepted cardiovascular interventions such as implantable cardioverter defibrillators (ICDs) and cholesterol-lowering statins before they became generic.3 About Heart Failure Heart failure is a debilitating and life-threatening condition, which impacts nearly 6 million Americans and is the leading cause of hospitalization among Americans over the age of 65.4,8 About half of people with heart failure have heart failure with reduced ejection fraction (HFrEF).5 Reduced ejection fraction means the heart does not contract with enough force, so less blood is pumped out.9 Heart failure presents a major and growing health-economic burden that currently exceeds $30 billion in the United States, which accounts for both direct and indirect costs.10 About Entresto Entresto is a twice-a-day medicine that reduces the strain on the failing heart. It does this by enhancing the protective neurohormonal systems (Natriuretic Peptide system) while simultaneously inhibiting the harmful effects of the overactive renin-angiotensin-aldosterone system (RAAS).11 Other heart failure medicines only block the harmful effects of the overactive RAAS.12 Entresto contains the neprilysin inhibitor sacubitril, and the angiotensin receptor blocker (ARB) valsartan.11 Entresto is indicated in the US to reduce the risk of cardiovascular death and hospitalization for heart failure in patients with chronic heart failure (NYHA Class II-IV) and reduced ejection fraction.11 Entresto is usually administered in conjunction with other heart failure therapies, in place of an Angiotensin Converting Enzyme (ACE) inhibitor or an angiotensin II receptor blocker (ARB).11 Entresto film-coated tablets are available in three dosage strengths: 24/26 mg, 49/51 mg, and 97/103 mg (sacubitril/valsartan).11 These doses are referred to as 50 mg, 100 mg, and 200 mg in the clinical trial literature including the New England Journal of Medicine publication of the results of PARADIGM-HF. The target treatment dose of Entresto is 97/103 mg twice daily.11 Novartis is committed to providing patients with affordable access and resources through Entresto Central. For more information, please call 1-888-ENTRESTO or visit www.entresto.com. Please visit http://www.pharma.us.novartis.com/product/pi/pdf/entresto.pdf for Entresto full Prescribing Information. IMPORTANT SAFETY INFORMATION Entresto can harm or cause death to an unborn baby. Patients should talk to their doctor about other ways to treat heart failure if they plan to become pregnant. If a patient gets pregnant while taking Entresto, she should tell her doctor right away. Patients are not to take Entresto if they are allergic to sacubitril or valsartan or any of the ingredients in Entresto; have had an allergic reaction including swelling of the face, lips, tongue, throat or trouble breathing while taking a type of medicine called angiotensin-converting enzyme (ACE) inhibitor or angiotensin II receptor blocker (ARB); or take an ACE inhibitor medicine. Patients are not to take Entresto for at least 36 hours before or after they take an ACE inhibitor medicine. Patients should talk with their doctor or pharmacist before taking Entresto if they are not sure if they take an ACE inhibitor medicine. Patients are not to take Entresto if they have diabetes and take a medicine that contains aliskiren. Before they take Entresto, patients should tell their doctor about all of their medical conditions, including if they have kidney or liver problems; are pregnant or plan to become pregnant; are breastfeeding or plan to breastfeed. Patients should either take Entresto or breastfeed. They should not do both. Patients should tell their doctor about all the medicines they take, including prescription and over-the-counter medicines, vitamins, and herbal supplements. They should especially tell their doctor if they take potassium supplements or a salt substitute; nonsteroidal anti-inflammatory drugs (NSAIDs); lithium; or other medicines for high blood pressure or heart problems such as an ACE inhibitor, ARB, or aliskiren. Entresto may cause serious side effects including serious allergic reactions causing swelling of the face, lips, tongue, and throat (angioedema) that may cause trouble breathing and death. Patients are to get emergency medical help right away if they have symptoms of angioedema or trouble breathing. Patients are not to take Entresto again if they have had angioedema while taking Entresto. People who are black or who have had angioedema may have a higher risk of having angioedema if they take Entresto. Entresto may cause low blood pressure (hypotension). Patients are to call their doctor if they become dizzy or lightheaded, or they develop extreme fatigue. Entresto may cause kidney problems or an increased amount of potassium in the blood. The most common side effects were low blood pressure, high potassium, cough, dizziness, and kidney problems. Please see full Prescribing Information, including Boxed WARNING available at http://www.pharma.us.novartis.com/product/pi/pdf/entresto.pdf. Patients are encouraged to report negative side effects of prescription drugs to the FDA. Visit www.fda.gov/medwatch, or call 1-800-FDA-1088. Disclaimer The foregoing release contains forward-looking statements that can be identified by words such as ""could,"" ""potential,"" ""call for,"" ""accelerate,"" ""possible,"" ""suggests,"" ""expected,"" ""may,"" ""compelling,"" ""endorsement,"" ""potentially,"" ""growing,"" ""committed,"" or similar terms, or by express or implied discussions regarding potential new indications or labeling for Entresto, or regarding potential future revenues from Entresto. You should not place undue reliance on these statements. Such forward-looking statements are based on the current beliefs and expectations of management regarding future events, and are subject to significant known and unknown risks and uncertainties. Should one or more of these risks or uncertainties materialize, or should underlying assumptions prove incorrect, actual results may vary materially from those set forth in the forward-looking statements. There can be no guarantee that Entresto will be submitted or approved for any additional indications or labeling in any market, or at any particular time. Nor can there be any guarantee that Entresto will be commercially successful in the future. In particular, management's expectations regarding Entresto could be affected by, among other things, the uncertainties inherent in research and development, including unexpected clinical trial results and additional analysis of existing clinical data; unexpected regulatory actions or delays or government regulation generally; the company's ability to obtain or maintain proprietary intellectual property protection; general economic and industry conditions; global trends toward health care cost containment, including ongoing pricing pressures; unexpected safety, quality or manufacturing issues, and other risks and factors referred to in Novartis AG's current Form 20-F on file with the US Securities and Exchange Commission. Novartis is providing the information in this press release as of this date and does not undertake any obligation to update any forward-looking statements contained in this press release as a result of new information, future events or otherwise. About Novartis Novartis Pharmaceuticals Corporation researches, develops, manufactures and markets innovative medicines aimed at improving patients' lives. We offer a broad range of medicines for cancer, cardiovascular disease, endocrine disease, inflammatory disease, infectious disease, neurological disease, organ transplantation, respiratory disease, eye and ear care and skin conditions. The company's mission is to improve people's lives by pioneering novel healthcare solutions. Located in East Hanover, NJ Novartis Pharmaceuticals Corporation is an affiliate of Novartis AG, which provides innovative healthcare solutions that address the evolving needs of patients and societies. Headquartered in Basel, Switzerland, Novartis offers a diversified portfolio to best meet these needs: innovative medicines, eye care and cost-saving generic pharmaceuticals. Novartis is the only global company with leading positions in these areas. In 2015, the Group achieved net sales of USD 49.4 billion, while R&D throughout the Group amounted to approximately USD 8.9 billion (USD 8.7 billion excluding impairment and amortization charges). Novartis Group companies employ approximately 118,000 full-time-equivalent associates. Novartis products are available in more than 180 countries around the world. For more information, please visit http://www.novartis.com Novartis is on Twitter. Sign up to follow @Novartis at http://twitter.com/novartis. References Fonarow GC, Hernandez AF, Solomon SD, et al. Potential Mortality Reduction with Optimal Implementation of Angiotensin Receptor Neprilysin Inhibitor Therapy in Heart Failure. JAMA Cardiol. 2016;1(6):1-4. doi:10.1001/jamacardio.2016.1724 Yancy CW, Jessup M, Bozkurt B, Butler J, Casey Jr DE, Colvin MM, Drazner, MH, Filippatos G, Fonarow GC, Givertz MM, Hollenberg SM, Lindenfeld J, Masoudi FA, McBride, PE, Peterson PN, Stevenson LW, Westlake C, 2016 ACC/AHA/HFSA Focused Update on New Pharmacological Therapy for Heart Failure: An Update of the 2013 ACCF/AHA Guideline for the Management of Heart Failure, Journal of the American College of Cardiology (2016), doi: 10.1016/j.jacc.2016.05.011. Gaziano TA, Fonarow GC, et al. Cost-Effectiveness Analysis of Sacubitril/Valsartan versus Enalapril in Heart Failure Patients with Reduced Ejection Fraction in the United States . JAMA Cardiol. 2016;1(6):1-7. doi:10.1001/jamacardio.2016.1747 Mozaffarian D, Benjamin EJ, Go AS, et al. Heart Disease and Stroke Statistics—2016 Update: A report from the American Heart Association. Circulation. 2015;133;e38-e360. doi: 10.1161/CIR.0000000000000350. Owan TE, Hodge DO, Herges RM, et al. Trends in prevalence and outcome of heart failure with preserved ejection fraction. N Engl J Med. 2006;355:251–259. Roger VL, Weston SA, Redfield MM, et al. Trends in heart failure incidence and survival community-based population. JAMA. 2004;292:344-350 Levy D, Kenchaiah S, Larson MG, et al. Long term trends in the incidence and survival with heart failure. N Engl J Med. 2002;347(18):1397-1422. Weir LM, Pfuntner A, Maeda J, et al. HCUP facts and figures: statistics on hospital-based care in the United States , 2009. Rockville, MD : Agency for Healthcare Research and Quality, 2011. Ejection Fraction Heart Failure Measurement. American Heart Association Website.http://www.heart.org/HEARTORG/Conditions/HeartFailure/SymptomsDiagnosisofHeartFailure/Ejection-Fraction-Heart-Failure-Measurement_UCM_306339_Article.jsp. Published March 24, 2015 . Accessed March 10, 2016 . Heidenreich PA, Albert NM, Allen LA , et al. Forecasting the impact of heart failure in the United States : a policy statement from the American Heart Association. Circ Heart Fail. 2013;6:606-619. Entresto Prescribing Information. Yancy CW, Jessup M, Bozkurt B, et al. 2013 ACCF/AHA guideline for the management of heart failure: A report of the American College of Cardiology Foundation/American Heart Association task force on practice guidelines. Circulation. 2013;128:e240-e327. For Novartis multimedia content, please visit www.thenewsmarket.com/Novartis. For questions about the site or required registration, please contact: journalisthelp@thenewsmarket.com. SOURCE Novartis Pharmaceuticals Corporation Related Links http://www.novartis.com","Timely use of Novartis' Entresto could prevent or postpone over 28,000 US deaths per year among HFrEF patients, according to an expert analysis in JAMA Cardiology. EAST HANOVER, N.J., June 22, 2016 /PRNewswire/ -- A new analysis published today in JAMA Cardiology has found that timely and broad adoption of Entresto® (sacubitril/valsartan) by all eligible heart failure patients with reduced ejection fraction (HFrEF) could prevent or postpone more than 28,000 deaths each year in the US alone.1 This analysis, based on an application of the results of PARADIGM-HF to published heart failure statistics, is the first to quantify the possible impact of Entresto's potential benefit in reducing death.1 Heart failure is a chronic condition that contributes to more than 300,000 deaths in the US every year.4 About half of people with heart failure have HFrEF.5 This new analysis estimates that as many as 28,484 deaths in HFrEF patients annually could be prevented or postponed with optimal use of Entresto (with sensitivity analyses demonstrating a range of 18,230 to 41,017).1 Further, the study suggests that delaying routine use of Entresto in clinical practice could have a substantial negative effect on patients, given the expected risk-benefit profile, as it could result in failure to prevent tens of thousands of deaths.1 These findings demonstrate the significant survival benefits Entresto could offer to those living with HFrEF, if patients in the group defined by the authors were given access to treatment.1 The study authors stated that nearly 84% of HFrEF patients – 2.2 million people – may be candidates for treatment with Entresto.1 Heart failure is a life-threatening condition and despite available medicines, about half of patients diagnosed with heart failure die within 5 years.4,6,7 According to the study authors, these findings may substantially impact the national health of the HFrEF population, offering significant clinical benefit in preventing or postponing death when applied in clinical practice.1 ""This expert analysis adds to the already compelling case for the treatment of heart failure patients with reduced ejection fraction with Entresto,"" said Fabrice Chouraqui, president of Novartis Pharmaceuticals Corporation. ""In addition to survival benefits, the study also recognizes other treatment effects of Entresto, particularly in reducing HF hospitalizations.1 Coupled with the recent Class I recommendation, the strongest endorsement, in the focused update to the US HF Guideline,2 these findings underscore the potential of Entresto as a standard therapy for chronic HFrEF patients."" In a separate analysis published in the same issue of JAMA Cardiology, researchers used data from the PARADIGM-HF trial to model the health consequences and cost-effectiveness of Entresto over a 30-year time period.3 They compared Entresto to the ACE-inhibitor enalapril and found Entresto was associated with more than a year longer average survival time, and that it was cost-effective compared to enalapril when these medications were used with other standard of care therapies.3 For every 1,000 patients treated with Entresto vs. enalapril, potentially 59.7 HF hospital admissions could be averted per each year alive in the model.3 In addition, Entresto increased life expectancy at an incremental cost-effectiveness ratio consistent with other high-value widely accepted cardiovascular interventions such as implantable cardioverter defibrillators (ICDs) and cholesterol-lowering statins before they became generic.3 About Heart Failure Heart failure is a debilitating and life-threatening condition, which impacts nearly 6 million Americans and is the leading cause of hospitalization among Americans over the age of 65.4,8 About half of people with heart failure have heart failure with reduced ejection fraction (HFrEF).5 Reduced ejection fraction means the heart does not contract with enough force, so less blood is pumped out.9 Heart failure presents a major and growing health-economic burden that currently exceeds $30 billion in the United States, which accounts for both direct and indirect costs.10 About Entresto Entresto is a twice-a-day medicine that reduces the strain on the failing heart. It does this by enhancing the protective neurohormonal systems (Natriuretic Peptide system) while simultaneously inhibiting the harmful effects of the overactive renin-angiotensin-aldosterone system (RAAS).11 Other heart failure medicines only block the harmful effects of the overactive RAAS.12 Entresto contains the neprilysin inhibitor sacubitril, and the angiotensin receptor blocker (ARB) valsartan.11 Entresto is indicated in the US to reduce the risk of cardiovascular death and hospitalization for heart failure in patients with chronic heart failure (NYHA Class II-IV) and reduced ejection fraction.11 Entresto is usually administered in conjunction with other heart failure therapies, in place of an Angiotensin Converting Enzyme (ACE) inhibitor or an angiotensin II receptor blocker (ARB).11 Entresto film-coated tablets are available in three dosage strengths: 24/26 mg, 49/51 mg, and 97/103 mg (sacubitril/valsartan).11 These doses are referred to as 50 mg, 100 mg, and 200 mg in the clinical trial literature including the New England Journal of Medicine publication of the results of PARADIGM-HF. The target treatment dose of Entresto is 97/103 mg twice daily.11 Novartis is committed to providing patients with affordable access and resources through Entresto Central. For more information, please call 1-888-ENTRESTO or visit www.entresto.com. Please visit http://www.pharma.us.novartis.com/product/pi/pdf/entresto.pdf for Entresto full Prescribing Information. IMPORTANT SAFETY INFORMATION Entresto can harm or cause death to an unborn baby. Patients should talk to their doctor about other ways to treat heart failure if they plan to become pregnant. If a patient gets pregnant while taking Entresto, she should tell her doctor right away. Patients are not to take Entresto if they are allergic to sacubitril or valsartan or any of the ingredients in Entresto; have had an allergic reaction including swelling of the face, lips, tongue, throat or trouble breathing while taking a type of medicine called angiotensin-converting enzyme (ACE) inhibitor or angiotensin II receptor blocker (ARB); or take an ACE inhibitor medicine. Patients are not to take Entresto for at least 36 hours before or after they take an ACE inhibitor medicine. Patients should talk with their doctor or pharmacist before taking Entresto if they are not sure if they take an ACE inhibitor medicine. Patients are not to take Entresto if they have diabetes and take a medicine that contains aliskiren. Before they take Entresto, patients should tell their doctor about all of their medical conditions, including if they have kidney or liver problems; are pregnant or plan to become pregnant; are breastfeeding or plan to breastfeed. Patients should either take Entresto or breastfeed. They should not do both. Patients should tell their doctor about all the medicines they take, including prescription and over-the-counter medicines, vitamins, and herbal supplements. They should especially tell their doctor if they take potassium supplements or a salt substitute; nonsteroidal anti-inflammatory drugs (NSAIDs); lithium; or other medicines for high blood pressure or heart problems such as an ACE inhibitor, ARB, or aliskiren. Entresto may cause serious side effects including serious allergic reactions causing swelling of the face, lips, tongue, and throat (angioedema) that may cause trouble breathing and death. Patients are to get emergency medical help right away if they have symptoms of angioedema or trouble breathing. Patients are not to take Entresto again if they have had angioedema while taking Entresto. People who are black or who have had angioedema may have a higher risk of having angioedema if they take Entresto. Entresto may cause low blood pressure (hypotension). Patients are to call their doctor if they become dizzy or lightheaded, or they develop extreme fatigue. Entresto may cause kidney problems or an increased amount of potassium in the blood. The most common side effects were low blood pressure, high potassium, cough, dizziness, and kidney problems. Please see full Prescribing Information, including Boxed WARNING available at http://www.pharma.us.novartis.com/product/pi/pdf/entresto.pdf. Patients are encouraged to report negative side effects of prescription drugs to the FDA. Visit www.fda.gov/medwatch, or call 1-800-FDA-1088. Disclaimer The foregoing release contains forward-looking statements that can be identified by words such as ""could,"" ""potential,"" ""call for,"" ""accelerate,"" ""possible,"" ""suggests,"" ""expected,"" ""may,"" ""compelling,"" ""endorsement,"" ""potentially,"" ""growing,"" ""committed,"" or similar terms, or by express or implied discussions regarding potential new indications or labeling for Entresto, or regarding potential future revenues from Entresto. You should not place undue reliance on these statements. Such forward-looking statements are based on the current beliefs and expectations of management regarding future events, and are subject to significant known and unknown risks and uncertainties. Should one or more of these risks or uncertainties materialize, or should underlying assumptions prove incorrect, actual results may vary materially from those set forth in the forward-looking statements. There can be no guarantee that Entresto will be submitted or approved for any additional indications or labeling in any market, or at any particular time. Nor can there be any guarantee that Entresto will be commercially successful in the future. In particular, management's expectations regarding Entresto could be affected by, among other things, the uncertainties inherent in research and development, including unexpected clinical trial results and additional analysis of existing clinical data; unexpected regulatory actions or delays or government regulation generally; the company's ability to obtain or maintain proprietary intellectual property protection; general economic and industry conditions; global trends toward health care cost containment, including ongoing pricing pressures; unexpected safety, quality or manufacturing issues, and other risks and factors referred to in Novartis AG's current Form 20-F on file with the US Securities and Exchange Commission. Novartis is providing the information in this press release as of this date and does not undertake any obligation to update any forward-looking statements contained in this press release as a result of new information, future events or otherwise. About Novartis Novartis Pharmaceuticals Corporation researches, develops, manufactures and markets innovative medicines aimed at improving patients' lives. We offer a broad range of medicines for cancer, cardiovascular disease, endocrine disease, inflammatory disease, infectious disease, neurological disease, organ transplantation, respiratory disease, eye and ear care and skin conditions. The company's mission is to improve people's lives by pioneering novel healthcare solutions. Located in East Hanover, NJ Novartis Pharmaceuticals Corporation is an affiliate of Novartis AG, which provides innovative healthcare solutions that address the evolving needs of patients and societies. Headquartered in Basel, Switzerland, Novartis offers a diversified portfolio to best meet these needs: innovative medicines, eye care and cost-saving generic pharmaceuticals. Novartis is the only global company with leading positions in these areas. In 2015, the Group achieved net sales of USD 49.4 billion, while R&D throughout the Group amounted to approximately USD 8.9 billion (USD 8.7 billion excluding impairment and amortization charges). Novartis Group companies employ approximately 118,000 full-time-equivalent associates. Novartis products are available in more than 180 countries around the world. For more information, please visit http://www.novartis.com Novartis is on Twitter. Sign up to follow @Novartis at http://twitter.com/novartis. References Fonarow GC, Hernandez AF, Solomon SD, et al. Potential Mortality Reduction with Optimal Implementation of Angiotensin Receptor Neprilysin Inhibitor Therapy in Heart Failure. JAMA Cardiol. 2016;1(6):1-4. doi:10.1001/jamacardio.2016.1724 Yancy CW, Jessup M, Bozkurt B, Butler J, Casey Jr DE, Colvin MM, Drazner, MH, Filippatos G, Fonarow GC, Givertz MM, Hollenberg SM, Lindenfeld J, Masoudi FA, McBride, PE, Peterson PN, Stevenson LW, Westlake C, 2016 ACC/AHA/HFSA Focused Update on New Pharmacological Therapy for Heart Failure: An Update of the 2013 ACCF/AHA Guideline for the Management of Heart Failure, Journal of the American College of Cardiology (2016), doi: 10.1016/j.jacc.2016.05.011. Gaziano TA, Fonarow GC, et al. Cost-Effectiveness Analysis of Sacubitril/Valsartan versus Enalapril in Heart Failure Patients with Reduced Ejection Fraction in the United States . JAMA Cardiol. 2016;1(6):1-7. doi:10.1001/jamacardio.2016.1747 Mozaffarian D, Benjamin EJ, Go AS, et al. Heart Disease and Stroke Statistics—2016 Update: A report from the American Heart Association. Circulation. 2015;133;e38-e360. doi: 10.1161/CIR.0000000000000350. Owan TE, Hodge DO, Herges RM, et al. Trends in prevalence and outcome of heart failure with preserved ejection fraction. N Engl J Med. 2006;355:251–259. Roger VL, Weston SA, Redfield MM, et al. Trends in heart failure incidence and survival community-based population. JAMA. 2004;292:344-350 Levy D, Kenchaiah S, Larson MG, et al. Long term trends in the incidence and survival with heart failure. N Engl J Med. 2002;347(18):1397-1422. Weir LM, Pfuntner A, Maeda J, et al. HCUP facts and figures: statistics on hospital-based care in the United States , 2009. Rockville, MD : Agency for Healthcare Research and Quality, 2011. Ejection Fraction Heart Failure Measurement. American Heart Association Website.http://www.heart.org/HEARTORG/Conditions/HeartFailure/SymptomsDiagnosisofHeartFailure/Ejection-Fraction-Heart-Failure-Measurement_UCM_306339_Article.jsp. Published March 24, 2015 . Accessed March 10, 2016 . Heidenreich PA, Albert NM, Allen LA , et al. Forecasting the impact of heart failure in the United States : a policy statement from the American Heart Association. Circ Heart Fail. 2013;6:606-619. Entresto Prescribing Information. Yancy CW, Jessup M, Bozkurt B, et al. 2013 ACCF/AHA guideline for the management of heart failure: A report of the American College of Cardiology Foundation/American Heart Association task force on practice guidelines. Circulation. 2013;128:e240-e327. For Novartis multimedia content, please visit www.thenewsmarket.com/Novartis. For questions about the site or required registration, please contact: journalisthelp@thenewsmarket.com. SOURCE Novartis Pharmaceuticals Corporation Related Links http://www.novartis.com"
fakehealth,story_reviews_00550,0,1,1,0.4391497352825796,0.5608502647174204,0.5608502647174204,0.4561106,0.5438894,0.5438894,"CHICAGO (Reuters) - Pathway Genomics, a company known for pushing the boundaries of direct-to-consumer genetic testing, on Thursday will launch a cancer screening test designed to detect bits of cancer DNA in the blood of otherwise healthy people. The test represents a first in the rapidly developing field of “liquid biopsies,” which use gene sequencing technology to screen blood samples for trace amounts of DNA associated with different cancers. Several cancer diagnostic companies have been working on the tests, a field that has recently been joined by makers of DNA blood screening tests for fetal abnormalities after the tests detected early cancers in expectant mothers. Cowen & Co estimates that use of DNA blood tests for cancer screening will exceed $10 billion a year by the end of the decade. But the move by Pathway, a privately owned maker of genetic tests ranging from cancer risk and heart health to drug response, underscores a growing debate over how much genetic information should be made available to healthy people if it is not yet clear how it can improve their health. The company has already run into trouble on a similar issue. In 2010, Walgreens pulled Pathway’s genetic testing kits from its pharmacies after U.S. health regulators warned patients might take action without understanding the results. Several oncology experts said liquid biopsy tests like Pathway’s, while exciting, still require large clinical studies proving they help people beat cancer through early detection. Doctors will also need a clear assessment of their accuracy. “For any given test, the rate of false positives causing unnecessary alarm and false negatives that provide false security should be known,” said Dr. Keith Stewart, an oncologist who heads Mayo Clinic’s Center for Individualized Medicine. Pathway’s screening test looks at 96 genetic markers associated with major cancer types such as breast, ovarian, lung, colon and melanoma. The company is focusing on mutations that are relatively well-understood, and for which there are specific treatments, said Chief Executive Jim Plante. The cost to consumers begins at $299 to periodically check for DNA in their blood that could act as an early warning sign of cancer. The tests must be ordered by a doctor, based on a patient’s risk profile. A positive test will require additional checks to find where the cancer is growing. Pathway also launched a blood test for patients already diagnosed with cancer to help determine whether a treatment is working, or whether the disease is likely to return. SCREENING VS MONITORING Scientists have long known that cancers shed bits of genetic material into the blood. Privately held Guardant Health and Personal Genome Diagnostics Inc already offer blood tests for cancer patients. Roche-backed Foundation Medicine Inc, Genomic Health Inc, Illumina Inc and Sequenom Inc say they have similar tests in the works. But cancer experts say there are major differences between using such tests to screen for cancer and monitoring patients who are already known to have it. For example, some early cancers may not secrete DNA fragments into the bloodstream and require other types of detection. A colonoscopy can find and remove polyps before they pose a threat as colon cancer. “If we are relying on a test that can only detect cancer after it has formed, we miss a huge opportunity to intervene,” said Dr. Scott Kopetz of the University of Texas MD Anderson Cancer Center. Patients might be attracted to a less-invasive test for colon cancer, but if it is less effective, it might result in more cases of colon cancer, not fewer. Another concern is that the tests may pick up on markers that are never destined to be cancer, something already known to occur in blood tests for prostate cancer, Kopetz said. Pathway says its test is more than 99 percent accurate in detecting mutations in blood samples that contain at least nine copies of a tested mutation. “We do expect to detect cancer DNA when the tumors are small - much sooner than stage three or four,” Plante said. Dr. Bert Vogelstein, a cancer geneticist at Johns Hopkins University in Baltimore, said Pathway’s figure represents the test’s technical ability to detect DNA in the blood. Doctors, however, need an indication of how many patients will get a false positive result, something that can only be determined in a very large clinical trial, said Vogelstein. He is advising two companies developing liquid biopsy tests for cancer screening: Sysmex and Personal Genome Diagnostics. Plante said the company has started two clinical trials involving patients but has yet to publish any results on how the tests perform in people.","Pathway launches 'liquid biopsy' to find cancer in healthy people. CHICAGO (Reuters) - Pathway Genomics, a company known for pushing the boundaries of direct-to-consumer genetic testing, on Thursday will launch a cancer screening test designed to detect bits of cancer DNA in the blood of otherwise healthy people. The test represents a first in the rapidly developing field of “liquid biopsies,” which use gene sequencing technology to screen blood samples for trace amounts of DNA associated with different cancers. Several cancer diagnostic companies have been working on the tests, a field that has recently been joined by makers of DNA blood screening tests for fetal abnormalities after the tests detected early cancers in expectant mothers. Cowen & Co estimates that use of DNA blood tests for cancer screening will exceed $10 billion a year by the end of the decade. But the move by Pathway, a privately owned maker of genetic tests ranging from cancer risk and heart health to drug response, underscores a growing debate over how much genetic information should be made available to healthy people if it is not yet clear how it can improve their health. The company has already run into trouble on a similar issue. In 2010, Walgreens pulled Pathway’s genetic testing kits from its pharmacies after U.S. health regulators warned patients might take action without understanding the results. Several oncology experts said liquid biopsy tests like Pathway’s, while exciting, still require large clinical studies proving they help people beat cancer through early detection. Doctors will also need a clear assessment of their accuracy. “For any given test, the rate of false positives causing unnecessary alarm and false negatives that provide false security should be known,” said Dr. Keith Stewart, an oncologist who heads Mayo Clinic’s Center for Individualized Medicine. Pathway’s screening test looks at 96 genetic markers associated with major cancer types such as breast, ovarian, lung, colon and melanoma. The company is focusing on mutations that are relatively well-understood, and for which there are specific treatments, said Chief Executive Jim Plante. The cost to consumers begins at $299 to periodically check for DNA in their blood that could act as an early warning sign of cancer. The tests must be ordered by a doctor, based on a patient’s risk profile. A positive test will require additional checks to find where the cancer is growing. Pathway also launched a blood test for patients already diagnosed with cancer to help determine whether a treatment is working, or whether the disease is likely to return. SCREENING VS MONITORING Scientists have long known that cancers shed bits of genetic material into the blood. Privately held Guardant Health and Personal Genome Diagnostics Inc already offer blood tests for cancer patients. Roche-backed Foundation Medicine Inc, Genomic Health Inc, Illumina Inc and Sequenom Inc say they have similar tests in the works. But cancer experts say there are major differences between using such tests to screen for cancer and monitoring patients who are already known to have it. For example, some early cancers may not secrete DNA fragments into the bloodstream and require other types of detection. A colonoscopy can find and remove polyps before they pose a threat as colon cancer. “If we are relying on a test that can only detect cancer after it has formed, we miss a huge opportunity to intervene,” said Dr. Scott Kopetz of the University of Texas MD Anderson Cancer Center. Patients might be attracted to a less-invasive test for colon cancer, but if it is less effective, it might result in more cases of colon cancer, not fewer. Another concern is that the tests may pick up on markers that are never destined to be cancer, something already known to occur in blood tests for prostate cancer, Kopetz said. Pathway says its test is more than 99 percent accurate in detecting mutations in blood samples that contain at least nine copies of a tested mutation. “We do expect to detect cancer DNA when the tumors are small - much sooner than stage three or four,” Plante said. Dr. Bert Vogelstein, a cancer geneticist at Johns Hopkins University in Baltimore, said Pathway’s figure represents the test’s technical ability to detect DNA in the blood. Doctors, however, need an indication of how many patients will get a false positive result, something that can only be determined in a very large clinical trial, said Vogelstein. He is advising two companies developing liquid biopsy tests for cancer screening: Sysmex and Personal Genome Diagnostics. Plante said the company has started two clinical trials involving patients but has yet to publish any results on how the tests perform in people."
fakehealth,story_reviews_01459,0,1,1,0.1845383740298061,0.8154616259701939,0.8154616259701939,0.2890825,0.71091753,0.71091753,"En Español By Jenifer Goodwin HealthDay Reporter WEDNESDAY, Aug. 18, 2010 (HealthDay News) -- Fibromyalgia sufferers may find relief from the chronic pain condition by doing tai chi, new research finds. Researchers divided 66 people with fibromyalgia into two groups: one group did hour-long sessions of tai chi twice a week for 12 weeks; the other had a twice-weekly wellness education class followed by gentle stretching. At the end of 12 weeks, the tai chi group reported improvements in their scores on questionnaires regarding both physical and mental fibromyalgia symptoms. That included decreased pain and increased ability to do daily tasks without pain; less fatigue, depression and anxiety; and an overall better quality of life. Patients also reported better sleep quality and improved physical conditioning. The improvements were still evident at 24 weeks, according to the research reported in the Aug. 19 issue of the New England Journal of Medicine. ""It was incredible,"" said lead study author Dr. Chenchen Wang, an associate professor of medicine in the rheumatology department at Tufts Medical Center in Boston. ""You could see them change every week. They became very happy. I felt very, very excited to be with them."" Fibromyalgia is characterized by widespread pain, fatigue, insomnia and multiple tender points. The syndrome can also cause psychological issues, including anxiety, depression, and memory and concentration problems, sometimes called the ""fibromyalgia fog."" About 10 million Americans have fibromyalgia, and about 75 percent to 90 percent of them are women, according to estimates from the National Fibromyalgia Association. Doctors will often suggest exercise, sleep hygiene techniques and medications to treat the condition, but often with limited success, said Dr. Gloria Yeh, an assistant professor of medicine at Harvard Medical School, who wrote an accompanying editorial in the journal. Most patients, according to background information in the article, remain in pain years after the diagnosis, are aerobically unfit, have poor muscle strength and flexibility, and need medications to control symptoms. While larger studies are needed to confirm the findings, tai chi looks promising as an alternative treatment, Yeh said. ""This could represent an ideal exercise for fibromyalgia sufferers. Since it is a low-impact, gentle, non-threatening, accessible activity, it may be a perfect exercise for debilitated patients with fibromyalgia who otherwise cannot or choose not to do other forms of exercise,"" Yeh said. ""Also, since tai chi has a meditative component, it may also help to address the stress and anxiety that may be associated with the condition."" So what is it about tai chi that works? There's no definitive answer to that just yet, Wang said. Tai chi is a mind-body exercise that originated as a martial art in China, utilizing slow, gentle movements to build strength and flexibility, as well as deep breathing and relaxation, to move qi, or vital energy, throughout the body. Prior research has shown exercise can improve mood, Wang added. The controlled breathing and movements may promote ""mental tranquility,"" according to the study, which could help with pain. ""The physical component of tai chi can improve aerobic capacity, strength and muscle function,"" Wang said. ""But in my opinion, the most important part is mental. You see lots of patients improve their depression and become good friends with each other."" The National Center for Complementary and Alternative Medicine of the U.S. National Institutes of Health provided funding for the research. More information The National Center for Complementary and Alternative Medicine has more on tai chi.","Tai Chi May Help Ease Fibromyalgia. En Español By Jenifer Goodwin HealthDay Reporter WEDNESDAY, Aug. 18, 2010 (HealthDay News) -- Fibromyalgia sufferers may find relief from the chronic pain condition by doing tai chi, new research finds. Researchers divided 66 people with fibromyalgia into two groups: one group did hour-long sessions of tai chi twice a week for 12 weeks; the other had a twice-weekly wellness education class followed by gentle stretching. At the end of 12 weeks, the tai chi group reported improvements in their scores on questionnaires regarding both physical and mental fibromyalgia symptoms. That included decreased pain and increased ability to do daily tasks without pain; less fatigue, depression and anxiety; and an overall better quality of life. Patients also reported better sleep quality and improved physical conditioning. The improvements were still evident at 24 weeks, according to the research reported in the Aug. 19 issue of the New England Journal of Medicine. ""It was incredible,"" said lead study author Dr. Chenchen Wang, an associate professor of medicine in the rheumatology department at Tufts Medical Center in Boston. ""You could see them change every week. They became very happy. I felt very, very excited to be with them."" Fibromyalgia is characterized by widespread pain, fatigue, insomnia and multiple tender points. The syndrome can also cause psychological issues, including anxiety, depression, and memory and concentration problems, sometimes called the ""fibromyalgia fog."" About 10 million Americans have fibromyalgia, and about 75 percent to 90 percent of them are women, according to estimates from the National Fibromyalgia Association. Doctors will often suggest exercise, sleep hygiene techniques and medications to treat the condition, but often with limited success, said Dr. Gloria Yeh, an assistant professor of medicine at Harvard Medical School, who wrote an accompanying editorial in the journal. Most patients, according to background information in the article, remain in pain years after the diagnosis, are aerobically unfit, have poor muscle strength and flexibility, and need medications to control symptoms. While larger studies are needed to confirm the findings, tai chi looks promising as an alternative treatment, Yeh said. ""This could represent an ideal exercise for fibromyalgia sufferers. Since it is a low-impact, gentle, non-threatening, accessible activity, it may be a perfect exercise for debilitated patients with fibromyalgia who otherwise cannot or choose not to do other forms of exercise,"" Yeh said. ""Also, since tai chi has a meditative component, it may also help to address the stress and anxiety that may be associated with the condition."" So what is it about tai chi that works? There's no definitive answer to that just yet, Wang said. Tai chi is a mind-body exercise that originated as a martial art in China, utilizing slow, gentle movements to build strength and flexibility, as well as deep breathing and relaxation, to move qi, or vital energy, throughout the body. Prior research has shown exercise can improve mood, Wang added. The controlled breathing and movements may promote ""mental tranquility,"" according to the study, which could help with pain. ""The physical component of tai chi can improve aerobic capacity, strength and muscle function,"" Wang said. ""But in my opinion, the most important part is mental. You see lots of patients improve their depression and become good friends with each other."" The National Center for Complementary and Alternative Medicine of the U.S. National Institutes of Health provided funding for the research. More information The National Center for Complementary and Alternative Medicine has more on tai chi."
fakehealth,story_reviews_00158,0,1,1,0.3544763823367797,0.6455236176632203,0.6455236176632203,0.38899243,0.6110076,0.6110076,"En Español THURSDAY, Oct. 12, 2017 (HealthDay News) -- Breast cancer is the second leading cause of cancer death among women in the United States, and routine screenings remain the most reliable way to detect the disease early, a breast cancer expert says. ""Breast cancer can be treated more successfully if detected in its early phases, while it is small and has not yet spread,"" said Dr. Kathryn Evers, director of mammography at Fox Chase Cancer Center in Philadelphia. ""With today's state-of-the-art treatment options and less extensive surgery, patients are experiencing better outcomes."" Older age is a leading risk factor for breast cancer. Most women are diagnosed after the age of 50. Having certain mutations in the BRCA1 and BRCA2 genes also predispose women to the disease. And there are some lifestyle-related risk factors that can be controlled, such as hormone therapy after menopause, obesity, alcohol intake and physical inactivity, Evers said. ""Having one risk factor or even several doesn't mean a woman will definitely develop breast cancer,"" she said in a Fox Chase news release. ""Women need to become educated about the risk factors, especially those they can control, and then adjust their lifestyle accordingly."" Not all women with breast cancer experience the same warning signs of the disease. Symptoms of breast cancer may include: A lump in the breast or armpit. Swelling or thickening in part of the breast. Dimpling or irritation of the skin on the breast. Pain in the breast that doesn't go away. Redness or flaky skin on the breast or nipple. Unusual nipple discharge. A change in the size or shape of the breast. In some cases, women never develop any of these symptoms, Evers noted. ""All women should know how their breasts look and feel so they can recognize any changes in them. This is an important part of breast health,"" she said. ""But just being familiar with your breasts should never take the place of regular screenings and mammograms. These tests can help find breast cancer in its early stages, even before symptoms appear."" There are three tests often used to look for breast cancer, Evers said. Mammogram: An X-ray of the breast used to examine breast changes. Its effectiveness depends on the size of a breast tumor and the density of breast tissue. Three-dimensional (3D) mammography involves X-ray machines that take pictures of thin slices of the breast from different angles, to build a 3D image. An X-ray of the breast used to examine breast changes. Its effectiveness depends on the size of a breast tumor and the density of breast tissue. Three-dimensional (3D) mammography involves X-ray machines that take pictures of thin slices of the breast from different angles, to build a 3D image. Breast ultrasound: This test is often used along with mammography to screen high-risk women and those with dense breast tissue. This test is often used along with mammography to screen high-risk women and those with dense breast tissue. Breast MRI: This test may be used to screen high-risk women and more closely examine a suspicious area detected during a mammogram or an ultrasound. ""I advise women to speak with their physician to determine what is right for them,"" Evers said. More information The American Cancer Society has more about breast cancer.","Breast Cancer Screenings Still Best for Early Detection. En Español THURSDAY, Oct. 12, 2017 (HealthDay News) -- Breast cancer is the second leading cause of cancer death among women in the United States, and routine screenings remain the most reliable way to detect the disease early, a breast cancer expert says. ""Breast cancer can be treated more successfully if detected in its early phases, while it is small and has not yet spread,"" said Dr. Kathryn Evers, director of mammography at Fox Chase Cancer Center in Philadelphia. ""With today's state-of-the-art treatment options and less extensive surgery, patients are experiencing better outcomes."" Older age is a leading risk factor for breast cancer. Most women are diagnosed after the age of 50. Having certain mutations in the BRCA1 and BRCA2 genes also predispose women to the disease. And there are some lifestyle-related risk factors that can be controlled, such as hormone therapy after menopause, obesity, alcohol intake and physical inactivity, Evers said. ""Having one risk factor or even several doesn't mean a woman will definitely develop breast cancer,"" she said in a Fox Chase news release. ""Women need to become educated about the risk factors, especially those they can control, and then adjust their lifestyle accordingly."" Not all women with breast cancer experience the same warning signs of the disease. Symptoms of breast cancer may include: A lump in the breast or armpit. Swelling or thickening in part of the breast. Dimpling or irritation of the skin on the breast. Pain in the breast that doesn't go away. Redness or flaky skin on the breast or nipple. Unusual nipple discharge. A change in the size or shape of the breast. In some cases, women never develop any of these symptoms, Evers noted. ""All women should know how their breasts look and feel so they can recognize any changes in them. This is an important part of breast health,"" she said. ""But just being familiar with your breasts should never take the place of regular screenings and mammograms. These tests can help find breast cancer in its early stages, even before symptoms appear."" There are three tests often used to look for breast cancer, Evers said. Mammogram: An X-ray of the breast used to examine breast changes. Its effectiveness depends on the size of a breast tumor and the density of breast tissue. Three-dimensional (3D) mammography involves X-ray machines that take pictures of thin slices of the breast from different angles, to build a 3D image. An X-ray of the breast used to examine breast changes. Its effectiveness depends on the size of a breast tumor and the density of breast tissue. Three-dimensional (3D) mammography involves X-ray machines that take pictures of thin slices of the breast from different angles, to build a 3D image. Breast ultrasound: This test is often used along with mammography to screen high-risk women and those with dense breast tissue. This test is often used along with mammography to screen high-risk women and those with dense breast tissue. Breast MRI: This test may be used to screen high-risk women and more closely examine a suspicious area detected during a mammogram or an ultrasound. ""I advise women to speak with their physician to determine what is right for them,"" Evers said. More information The American Cancer Society has more about breast cancer."
fakehealth,story_reviews_01357,0,1,1,0.4247959227107677,0.5752040772892323,0.5752040772892323,0.36807302,0.63192695,0.63192695,"WASHINGTON (Reuters) - Viagra, developed to help ailing hearts long before it got a more high-profile job fighting erectile dysfunction, might help treat heart symptoms of muscular dystrophy, researchers reported on Monday. A box of Viagra, typically used to treat erectile dysfunction, is seen in a pharmacy in Toronto January 31, 2008. REUTERS/Mark Blinch Tests in mice genetically engineered to have a condition similar to Duchenne muscular dystrophy showed the drug could improve how the heart works, Joseph Beavoa of the University of Washington and colleagues at the University of North Carolina found. It is not clear just how the drug is helping the mice, they reported in the Proceedings of the National Academy of Sciences, but they said it may be worth trying it as a treatment for muscular dystrophy. Duchenne muscular dystrophy affects an estimated one in 3,500 males, according to the National Institutes of Health. “Duchenne muscular dystrophy (DMD) is a progressive and fatal genetic disorder of muscle degeneration. Patients with DMD lack expression of the protein dystrophin as a result of mutations in the X-linked dystrophin gene,” the researchers wrote. Because of the involvement of the X chromosome, boys are far more likely to be affected than girls, who have two copies of the X chromosome and, thus, are likely to have a “spare” copy of the healthy gene. Muscles all over the body break down as the patient grows up, the heart included. Many patients die of heart failure and most patients with the condition die before age 40. Viagra, known generically as sildenafil, is sold by Pfizer Inc for erectile dysfunction and under the brand name Revatio to treat a heart condition called pulmonary hypertension. It is in a class of drugs called PDE5 inhibitors that work in a variety of ways to increase blood flow. The team, working with funds from the NIH and non-profit groups, tested Viagra in mice that had heart damage similar to that seen in muscular dystrophy. It slowed the damage and in some cases reversed it, they found. “Although PDE5 inhibitors will certainly not cure DMD, the current studies suggest that they could be used in combination with current or future therapies,” the researchers wrote.","Viagra may help heart effects of muscular dystrophy. WASHINGTON (Reuters) - Viagra, developed to help ailing hearts long before it got a more high-profile job fighting erectile dysfunction, might help treat heart symptoms of muscular dystrophy, researchers reported on Monday. A box of Viagra, typically used to treat erectile dysfunction, is seen in a pharmacy in Toronto January 31, 2008. REUTERS/Mark Blinch Tests in mice genetically engineered to have a condition similar to Duchenne muscular dystrophy showed the drug could improve how the heart works, Joseph Beavoa of the University of Washington and colleagues at the University of North Carolina found. It is not clear just how the drug is helping the mice, they reported in the Proceedings of the National Academy of Sciences, but they said it may be worth trying it as a treatment for muscular dystrophy. Duchenne muscular dystrophy affects an estimated one in 3,500 males, according to the National Institutes of Health. “Duchenne muscular dystrophy (DMD) is a progressive and fatal genetic disorder of muscle degeneration. Patients with DMD lack expression of the protein dystrophin as a result of mutations in the X-linked dystrophin gene,” the researchers wrote. Because of the involvement of the X chromosome, boys are far more likely to be affected than girls, who have two copies of the X chromosome and, thus, are likely to have a “spare” copy of the healthy gene. Muscles all over the body break down as the patient grows up, the heart included. Many patients die of heart failure and most patients with the condition die before age 40. Viagra, known generically as sildenafil, is sold by Pfizer Inc for erectile dysfunction and under the brand name Revatio to treat a heart condition called pulmonary hypertension. It is in a class of drugs called PDE5 inhibitors that work in a variety of ways to increase blood flow. The team, working with funds from the NIH and non-profit groups, tested Viagra in mice that had heart damage similar to that seen in muscular dystrophy. It slowed the damage and in some cases reversed it, they found. “Although PDE5 inhibitors will certainly not cure DMD, the current studies suggest that they could be used in combination with current or future therapies,” the researchers wrote."
fakehealth,news_reviews_00179,0,1,1,0.4419325897157904,0.5580674102842096,0.5580674102842096,0.45347133,0.54652864,0.54652864,"WASHINGTON -- A large proportion of the world's estimated 9.3 million breast cancer survivors experience menopausal symptoms or clinical manifestations of estrogen deficiency. A comprehensive review published in the Endocrine Society's Journal of Clinical Endocrinology & Metabolism focuses on current and future approaches to management of menopausal symptoms after breast cancer. Menopause is a normal part of a woman's aging process but pre-menopausal women treated with chemotherapy can also develop premature menopause, and consequently, severe menopausal symptoms including sleep disorders, vulvovaginal atrophy (VVA), vasomotor symptoms (VMS), mood changes, depressive symptoms, cardiovascular disease, osteopenia, and osteoporosis. Hormone therapy may help relieve a woman's menopausal symptoms but is not recommended for women who have had breast cancer. ""Following breast cancer, women should generally not be treated with menopausal hormone therapy but should instead focus on lifestyle modifications such as smoking cessation, weight loss, and regular physical activity,"" said the study's first author, Richard J. Santen, M.D., of the University of Virginia Health System in Charlottesville, Va. ""Pharmacologic agents are also available to treat women with severe symptoms. The most important thing to remember is that therapy must be individualized based on each woman's needs and goals."" Santen and colleagues reviewed controlled clinical trials, observational studies, evidence-based guidelines, and expert opinion from professional societies to address the gap in treatment recommendations for management of menopausal symptoms after breast cancer. The review's recommendations include: Smoking cessation, weight loss (if indicated), limiting or avoiding alcohol, maintaining adequate levels of vitamin D and calcium, eating a healthy diet, and regular physical activity are suggested for all women with prior breast cancer Non-pharmacologic therapies for VMS such as cognitive behavioral therapy, hypnosis, and acupuncture may be helpful as are vaginal lubricants and moisturizers Several emerging approaches such as selective estrogen receptor modulators (SERMs), Tissue selective estrogen complex (TSECs), estetrol, and neurokinin B inhibitors show promise as useful agents to expand options for symptom relief with less breast cancer risk but have not yet been tested to confirm safety in women with prior breast cancer ### Other authors of the study include: Cynthia A. Stuenkel of the University of California, San Diego in La Jolla, Calif.; Susan R. Davis of the School of Public Health and Preventative Medicine, Monash University in Australia; JoAnn V. Pinkerton of the University of Virginia in Charlottesville, Va.; Ann Gompel of Paris Descartes University in France; and Mary Ann Lumsden of the University of Glasgow School of Medicine, Dentistry, and Nursing in Scotland. The study, ""Managing Menopausal Symptoms and Associated Clinical Issues in Breast Cancer Survivors"" is published online at https:/ / academic. oup. com/ jcem/ article/ 4058051/ Managing-menopausal-symptoms-and-associated , ahead of print. Endocrinologists are at the core of solving the most pressing health problems of our time, from diabetes and obesity to infertility, bone health, and hormone-related cancers. The Endocrine Society is the world's oldest and largest organization of scientists devoted to hormone research and physicians who care for people with hormone-related conditions.","New recommendations for managing menopausal symptoms in breast cancer survivors. WASHINGTON -- A large proportion of the world's estimated 9.3 million breast cancer survivors experience menopausal symptoms or clinical manifestations of estrogen deficiency. A comprehensive review published in the Endocrine Society's Journal of Clinical Endocrinology & Metabolism focuses on current and future approaches to management of menopausal symptoms after breast cancer. Menopause is a normal part of a woman's aging process but pre-menopausal women treated with chemotherapy can also develop premature menopause, and consequently, severe menopausal symptoms including sleep disorders, vulvovaginal atrophy (VVA), vasomotor symptoms (VMS), mood changes, depressive symptoms, cardiovascular disease, osteopenia, and osteoporosis. Hormone therapy may help relieve a woman's menopausal symptoms but is not recommended for women who have had breast cancer. ""Following breast cancer, women should generally not be treated with menopausal hormone therapy but should instead focus on lifestyle modifications such as smoking cessation, weight loss, and regular physical activity,"" said the study's first author, Richard J. Santen, M.D., of the University of Virginia Health System in Charlottesville, Va. ""Pharmacologic agents are also available to treat women with severe symptoms. The most important thing to remember is that therapy must be individualized based on each woman's needs and goals."" Santen and colleagues reviewed controlled clinical trials, observational studies, evidence-based guidelines, and expert opinion from professional societies to address the gap in treatment recommendations for management of menopausal symptoms after breast cancer. The review's recommendations include: Smoking cessation, weight loss (if indicated), limiting or avoiding alcohol, maintaining adequate levels of vitamin D and calcium, eating a healthy diet, and regular physical activity are suggested for all women with prior breast cancer Non-pharmacologic therapies for VMS such as cognitive behavioral therapy, hypnosis, and acupuncture may be helpful as are vaginal lubricants and moisturizers Several emerging approaches such as selective estrogen receptor modulators (SERMs), Tissue selective estrogen complex (TSECs), estetrol, and neurokinin B inhibitors show promise as useful agents to expand options for symptom relief with less breast cancer risk but have not yet been tested to confirm safety in women with prior breast cancer ### Other authors of the study include: Cynthia A. Stuenkel of the University of California, San Diego in La Jolla, Calif.; Susan R. Davis of the School of Public Health and Preventative Medicine, Monash University in Australia; JoAnn V. Pinkerton of the University of Virginia in Charlottesville, Va.; Ann Gompel of Paris Descartes University in France; and Mary Ann Lumsden of the University of Glasgow School of Medicine, Dentistry, and Nursing in Scotland. The study, ""Managing Menopausal Symptoms and Associated Clinical Issues in Breast Cancer Survivors"" is published online at https:/ / academic. oup. com/ jcem/ article/ 4058051/ Managing-menopausal-symptoms-and-associated , ahead of print. Endocrinologists are at the core of solving the most pressing health problems of our time, from diabetes and obesity to infertility, bone health, and hormone-related cancers. The Endocrine Society is the world's oldest and largest organization of scientists devoted to hormone research and physicians who care for people with hormone-related conditions."
fakehealth,news_reviews_00365,1,0,0,0.5460626927973109,0.4539373072026891,0.5460626927973109,0.50900704,0.490993,0.50900704,"Newswise — DURHAM, N.C. -- Patients suffering from noninfectious uveitis, a group of diseases that causes eye inflammation, can get effective treatment from a corticosteroid alternative that has previously been approved for treatment of arthritis and Crohn’s disease, according to a study led by a Duke Health researcher. The Food & Drug Administration recently approved the additional use of adalimumab (sold as Humira) for patients with noninfectious uveitis. Corticosteroids have traditionally been the only FDA-approved treatment for these diseases, although some doctors had prescribed adalimumab off-label. The FDA’s approval is limited to treatment of the three types of noninfectious uveitis that pose the greatest threat of vision loss. Glenn Jaffe, M.D., a professor in the Department of Ophthalmology at Duke University School of Medicine, said adalimumab works to treat uveitis by targeting a protein that is thought to promote inflammation. Jaffe led one of two clinical studies that formed the basis of the FDA’s approval and was senior author of the study appearing Sept. 8 in the New England Journal of Medicine (NEJM). “Patients may have many unwanted side effects when taking steroids long-term, as many uveitis patients do,” Jaffe said. “The goal of these studies was to determine whether there was an alternative that could replace or minimize the use of steroids. The studies also looked at whether an alternative would be better tolerated or more effective, yet still safe.” The study consisted of 217 adults who had active, non-infectious intermediate or posterior uveitis, or panuveitis. Participants were randomly assigned to a group that received either adalimumab or a placebo at the start of the trial and every two weeks thereafter. All participants also initially received standard doses of the corticosteroid prednisone, and continued to receive it in diminishing doses over the course of 15 weeks. Jaffe and colleagues then analyzed patients’ time to treatment failure, or how soon they saw a recurrence or worsening of one or more of four signs of inflammation: new areas of inflammation in the back of the eye, reduced visual clarity, more inflammatory cells in the front of the eye, or more cloudiness of the gel that fills the eye. Jaffe said the study focused on time to treatment failure because delaying or preventing inflammation is the key to successful treatment. “It is the active inflammation, caused by the body’s immune system reacting against itself, that can potentially permanently decrease the patient’s vision and cause unwanted symptoms, such as eye pain and floaters in the field of vision,” he said. “The hope is that by delaying or eliminating recurrences, the symptoms will be minimized or eliminated.” The researchers found that median time to treatment failure was 24 weeks in the adalimumab group and 13 weeks in the placebo group. Patients in the adalimumab group were also significantly less likely to experience treatment failure during the duration of the study (80 weeks) and they were at lower risk of treatment failure due to each of the four signs. Jaffe said the study’s results are significant not only because they indicate adalimumab delays treatment failure, but also because the investigation considered several signs as causes for treatment failure. “Using these multiple, possible endpoints was something unique to this study,” Jaffe said. “Since each of these signs can be associated with different types of uveitis, the study’s results broaden the applicability of treatment for patients.” The study authors note, however, that patients in the adalimumab group reported serious adverse effects, such as respiratory tract infections and allergic reactions, more frequently than those in the placebo group. In addition to Jaffe, co-authors include Andrew D. Dick, Antoine P. Brézin, Quan Dong Nguyen, Jennifer E. Thorne, Philippe Kestelyn, Talin Barisani-Asenbauer, Pablo Franco, Arnd Heiligenhaus, David Scales, David S. Chu, Anne Camez, Nisha V. Kwatra, Alexandra P. Song, Martina Kron, Samir Tari, and Eric B. Suhler. AbbVie, the pharmaceutical company that manufactures and markets adalimumab as Humira, sponsored the study. Dr. Jaffe served as a consultant for AbbVie, and other study authors also report financial relationships with the company. Further author disclosures are available in the study’s manuscript.","Humira Provides Effective, Non-Steroid Alternative for Eye Inflammation. Newswise — DURHAM, N.C. -- Patients suffering from noninfectious uveitis, a group of diseases that causes eye inflammation, can get effective treatment from a corticosteroid alternative that has previously been approved for treatment of arthritis and Crohn’s disease, according to a study led by a Duke Health researcher. The Food & Drug Administration recently approved the additional use of adalimumab (sold as Humira) for patients with noninfectious uveitis. Corticosteroids have traditionally been the only FDA-approved treatment for these diseases, although some doctors had prescribed adalimumab off-label. The FDA’s approval is limited to treatment of the three types of noninfectious uveitis that pose the greatest threat of vision loss. Glenn Jaffe, M.D., a professor in the Department of Ophthalmology at Duke University School of Medicine, said adalimumab works to treat uveitis by targeting a protein that is thought to promote inflammation. Jaffe led one of two clinical studies that formed the basis of the FDA’s approval and was senior author of the study appearing Sept. 8 in the New England Journal of Medicine (NEJM). “Patients may have many unwanted side effects when taking steroids long-term, as many uveitis patients do,” Jaffe said. “The goal of these studies was to determine whether there was an alternative that could replace or minimize the use of steroids. The studies also looked at whether an alternative would be better tolerated or more effective, yet still safe.” The study consisted of 217 adults who had active, non-infectious intermediate or posterior uveitis, or panuveitis. Participants were randomly assigned to a group that received either adalimumab or a placebo at the start of the trial and every two weeks thereafter. All participants also initially received standard doses of the corticosteroid prednisone, and continued to receive it in diminishing doses over the course of 15 weeks. Jaffe and colleagues then analyzed patients’ time to treatment failure, or how soon they saw a recurrence or worsening of one or more of four signs of inflammation: new areas of inflammation in the back of the eye, reduced visual clarity, more inflammatory cells in the front of the eye, or more cloudiness of the gel that fills the eye. Jaffe said the study focused on time to treatment failure because delaying or preventing inflammation is the key to successful treatment. “It is the active inflammation, caused by the body’s immune system reacting against itself, that can potentially permanently decrease the patient’s vision and cause unwanted symptoms, such as eye pain and floaters in the field of vision,” he said. “The hope is that by delaying or eliminating recurrences, the symptoms will be minimized or eliminated.” The researchers found that median time to treatment failure was 24 weeks in the adalimumab group and 13 weeks in the placebo group. Patients in the adalimumab group were also significantly less likely to experience treatment failure during the duration of the study (80 weeks) and they were at lower risk of treatment failure due to each of the four signs. Jaffe said the study’s results are significant not only because they indicate adalimumab delays treatment failure, but also because the investigation considered several signs as causes for treatment failure. “Using these multiple, possible endpoints was something unique to this study,” Jaffe said. “Since each of these signs can be associated with different types of uveitis, the study’s results broaden the applicability of treatment for patients.” The study authors note, however, that patients in the adalimumab group reported serious adverse effects, such as respiratory tract infections and allergic reactions, more frequently than those in the placebo group. In addition to Jaffe, co-authors include Andrew D. Dick, Antoine P. Brézin, Quan Dong Nguyen, Jennifer E. Thorne, Philippe Kestelyn, Talin Barisani-Asenbauer, Pablo Franco, Arnd Heiligenhaus, David Scales, David S. Chu, Anne Camez, Nisha V. Kwatra, Alexandra P. Song, Martina Kron, Samir Tari, and Eric B. Suhler. AbbVie, the pharmaceutical company that manufactures and markets adalimumab as Humira, sponsored the study. Dr. Jaffe served as a consultant for AbbVie, and other study authors also report financial relationships with the company. Further author disclosures are available in the study’s manuscript."
fakehealth,story_reviews_00790,0,1,1,0.3154898458423703,0.6845101541576297,0.6845101541576297,0.4622106,0.5377894,0.5377894,"Most doctors say meditation can't hurt you, but now there's reassuring evidence that it may help you as well when it comes to warding off disease. nicolas hansen / Getty Images Most doctors say meditation can’t hurt you, but now there’s reassuring evidence that it may help you as well when it comes to warding off disease. Previous studies have linked better health outcomes among heart patients who practiced meditation compared to those who did not, but none of those trials could definitively credit the brain-focusing program with the better health results. In the latest trial to address those limitations, however, meditation does appear to have an effect on reducing heart attack, stroke and even early death from heart disease, at least among African-Americans. MORE: Losing Focus? Studies Say Meditation May Help “The main finding [of our research] is that, added on top of usual medical care, intervention with a mind-body technique — transcendental meditation — can have a major effect on cardiovascular events,” says Robert Schneider, lead author on the study published in Circulation: Cardiovascular Quality and Outcomes and a professor at the Maharishi University of Management, an institution in Iowa that was founded by the creator of transcendental meditation. He and his colleagues followed 201 African American men and women, who are at higher risk of heart disease than whites, but who also had addition reason to worry about heart attacks and strokes since they were also diagnosed with coronary heart disease. The participants were randomly assigned to participate in either a health education class about heart-friendly diet and exercise, or to attend a transcendental meditation program. Transcendental meditation involves shutting out the outside world and focusing thoughts inward, or resting while remaining alert. All of the participants continued to receive their normal medical care as well, including appropriate medication. MORE: Medical Meditation: Say Om Before Surgery After roughly five years of follow-up, the researchers found a 48% reduction in the overall risk of heart attack, stroke, and death from any cause among members of the meditation group compared to those from the health education group. The meditating group enjoyed an average drop of 4.9 mm Hg in systolic blood pressure compared to the control group and also reported less stress and less anger. “It’s like discovering a whole new class of medications,” Schneider says of the power of meditation in improving the patients’ health. But while the magnitude of those results is remarkable, the study involved a relatively small number of participants, and did not reveal how meditation may be lowering heart disease risk. On the surface, it’s intuitively obvious that stress management can affect heart health for the better; anxiety and stress cause blood pressure to shoot up and leave us on edge, triggering spikes in heart-harming stress hormones like cortisol. But many experts are skeptical of the alleged benefits of techniques such as transcendental meditation that claim to reduce stress by a substantial amount. In the past, these benefits have been hard to test scientifically, largely because study participants who volunteered for meditation programs may have been biased to see them succeed. Practitioners have also made strong and essentially unsubstantiated claims about the powers of meditation, leading heart experts and scientists to be especially skeptical. In fact, in 2005, more than 500 brain researchers signed a petition (albeit an unsuccessful one) to protest a scheduled lecture on the neuroscience of meditation by the Buddhist spiritual icon, the Dalai Lama, at a major conference organized by the Society for Neuroscience. MORE: Mind Over Matter: Can Zen Meditation Help You Forget About Pain? The great lengths to which the researchers of the Circulation study went to make their trial scientifically rigorous, however, should reinforce the results in the eyes of some skeptics. The scientists adjusted for the effects of weight, smoking behavior, and diet, all of which can influence heart attack, stroke and early heart death rates. And while the participants in both groups exercised more and cut back on alcohol during the study, they did so at similar rates, making these changes unlikely to be responsible for the differences in health outcomes either. While the findings aren’t likely to resolve questions over whether meditation should become a standard part of heart disease care, the results should give more doctors confidence in discussing the practice with their patients and giving them some scientifically based information that’s an improvement over the advice that “it can’t hurt to try.” VIDEO: Practicing Meditation for Female Pleasure","Strongest Study Yet Shows Meditation Can Lower Risk of Heart Attack and Stroke. Most doctors say meditation can't hurt you, but now there's reassuring evidence that it may help you as well when it comes to warding off disease. nicolas hansen / Getty Images Most doctors say meditation can’t hurt you, but now there’s reassuring evidence that it may help you as well when it comes to warding off disease. Previous studies have linked better health outcomes among heart patients who practiced meditation compared to those who did not, but none of those trials could definitively credit the brain-focusing program with the better health results. In the latest trial to address those limitations, however, meditation does appear to have an effect on reducing heart attack, stroke and even early death from heart disease, at least among African-Americans. MORE: Losing Focus? Studies Say Meditation May Help “The main finding [of our research] is that, added on top of usual medical care, intervention with a mind-body technique — transcendental meditation — can have a major effect on cardiovascular events,” says Robert Schneider, lead author on the study published in Circulation: Cardiovascular Quality and Outcomes and a professor at the Maharishi University of Management, an institution in Iowa that was founded by the creator of transcendental meditation. He and his colleagues followed 201 African American men and women, who are at higher risk of heart disease than whites, but who also had addition reason to worry about heart attacks and strokes since they were also diagnosed with coronary heart disease. The participants were randomly assigned to participate in either a health education class about heart-friendly diet and exercise, or to attend a transcendental meditation program. Transcendental meditation involves shutting out the outside world and focusing thoughts inward, or resting while remaining alert. All of the participants continued to receive their normal medical care as well, including appropriate medication. MORE: Medical Meditation: Say Om Before Surgery After roughly five years of follow-up, the researchers found a 48% reduction in the overall risk of heart attack, stroke, and death from any cause among members of the meditation group compared to those from the health education group. The meditating group enjoyed an average drop of 4.9 mm Hg in systolic blood pressure compared to the control group and also reported less stress and less anger. “It’s like discovering a whole new class of medications,” Schneider says of the power of meditation in improving the patients’ health. But while the magnitude of those results is remarkable, the study involved a relatively small number of participants, and did not reveal how meditation may be lowering heart disease risk. On the surface, it’s intuitively obvious that stress management can affect heart health for the better; anxiety and stress cause blood pressure to shoot up and leave us on edge, triggering spikes in heart-harming stress hormones like cortisol. But many experts are skeptical of the alleged benefits of techniques such as transcendental meditation that claim to reduce stress by a substantial amount. In the past, these benefits have been hard to test scientifically, largely because study participants who volunteered for meditation programs may have been biased to see them succeed. Practitioners have also made strong and essentially unsubstantiated claims about the powers of meditation, leading heart experts and scientists to be especially skeptical. In fact, in 2005, more than 500 brain researchers signed a petition (albeit an unsuccessful one) to protest a scheduled lecture on the neuroscience of meditation by the Buddhist spiritual icon, the Dalai Lama, at a major conference organized by the Society for Neuroscience. MORE: Mind Over Matter: Can Zen Meditation Help You Forget About Pain? The great lengths to which the researchers of the Circulation study went to make their trial scientifically rigorous, however, should reinforce the results in the eyes of some skeptics. The scientists adjusted for the effects of weight, smoking behavior, and diet, all of which can influence heart attack, stroke and early heart death rates. And while the participants in both groups exercised more and cut back on alcohol during the study, they did so at similar rates, making these changes unlikely to be responsible for the differences in health outcomes either. While the findings aren’t likely to resolve questions over whether meditation should become a standard part of heart disease care, the results should give more doctors confidence in discussing the practice with their patients and giving them some scientifically based information that’s an improvement over the advice that “it can’t hurt to try.” VIDEO: Practicing Meditation for Female Pleasure"
fakehealth,story_reviews_00696,1,0,0,0.5096377442868142,0.4903622557131858,0.5096377442868142,0.5782943,0.42170578,0.5782943,"Leonard Guarente, one of the best-known antiaging researchers in the region, and the roster of eminent scientists have formed Elysium Health, which on Tuesday will debut its first product, a pill called Basis. They say it will enable the body to produce more of a natural compound that supports a healthy metabolism. A leading biologist at the Massachusetts Institute of Technology, with backing from five scientists who are Nobel prize recipients, is wading into the murky world of dietary supplements with a new antiaging pill that is said to restore muscle tissue, improve brain function, and increase energy levels by improving “metabolic health.” Advertisement Many products in the supplement business are launched with questionable science, but Elysium said studies in mice show a clear connection between increased levels of this compound, called NAD, and improved health in older mice. “There have been a lot of new findings in the past five years identifying some extremely promising compounds that promote wellness and health. [We want to] make them available for people to improve their health before they get sick,” said Guarente, an Elysium Health founder and its chief scientific officer. “We are filling a space by combining natural compounds with scientific validation.” The active ingredients in Basis are nicotinamide riboside, a substance that makes NAD and is found in traces in many foods such as milk, and pterostilbene, an antioxidant found in blueberries. Both substances are available individually as dietary supplements. At a recommended dose of two gel caps daily, a month’s supply of Basis will cost $60 ($50 with a membership) and will be available online only. The company’s chief executive is Eric Marcotulli, previously a partner at the Silicon Valley venture firm Sequoia Capital. Among the scientific heavyweights advising Elysium Health are Martin Karplus, emeritus professor of chemistry at Harvard and a 2013 Nobel Laureate; Tom Sudhof, a Stanford School of Medicine professor who received a Nobel in 2013; Eric Kandel, a biochemist and biophysicist at Columbia University and a 2000 Nobel Laureate; Aaron Ciechanover, distinguished research professor at Technion-Israel Institute of Technology and a 2004 Nobel recipient; and Jack Szostak, a professor of genetics at Harvard Medical School who received a Nobel in 2009. Advertisement Szostak said his role at Elysium Health is to scour scientific literature for new natural compounds that are shown to improve health and bring them to the company’s attention as potential ingredients in new products. “What interests me in this is that it is a different challenge, to apply what we are learning through basic research, not just to curing disease but to keeping people healthy,” said Szostak, who runs a research lab at Massachusetts General Hospital. “If you go to Whole Foods or CVS, you see miles of dietary supplements and vitamins. Most of them have no scientific basis, and you don’t know what you are getting.” Guarente was involved in several other efforts to develop antiaging medicines that did not pan out. He was a founder of Elixir Pharmaceuticals and then became involved with Sirtris Pharmaceuticals, which conducted research into the potential antiaging properties of a chemical found in red wine. With Elysium, Guarente and his colleagues are entering an industry with a mixed reputation. At $25 billion annually and growing, vitamins and supplements are hugely popular among consumers. But the business has often been criticized by mainstream medicine for making ambitious claims about quick cures and miraculous health improvements that are not subjected to rigorous scientific scrutiny. Advertisement If Elysium Health were developing Basis as a drug, it would have to conduct clinical trials with humans to prove that it works, and the Food and Drug Administration would have to sign off on its scientific evidence before it could be sold as medicine. But as a supplement, Basis and similar products only have to be shown to be safe for humans to take, with labels that are not misleading. With Basis, for example, there is no scientific evidence yet that the pill would produce the same beneficial effect in humans as in mice. Indeed, one scientist not involved with Elysium questions the company’s marketing pitch, saying there is too little information to know what Basis can do. “It is not quite clear to me what they want to target with this pill,” said Pere Puigserver, a biology professor at Harvard Medical School. “What does it mean, to improve metabolic health? And what exactly is being repaired in the body? And is the outcome the same for everyone?” Puigserver, who runs a cancer biology lab at Dana-Farber Cancer Institute, noted that addressing health and aging through metabolism involves a complex web of pathways and mechanisms. “We need more information on how this works precisely in people before we can advise them to take anything,” he said. Guarente pledged that Elysium Health would be unlike most other companies in the business: It is conducting studies of its pill in humans and will release the results. Advertisement “As soon as we have analyzed the data, we will publish them on our website,” he said. One of the venture capitalists backing Elysium Health acknowledged that skepticism is among the company’s greater challenges. “This space is traditionally driven by marketing language,” said Kal Vapuri, whose New York firm Trisiras Group is one of Elysium’s initial funders. “But we will be data-driven and will communicate the complexities of science in simple ways.” Stefanie Friedhoff can be reached at stefanie.friedhoff @globe.com. Follow her on twitter @Stefanie2000","Five Nobel laureates backing antiaging dietary supplement. Leonard Guarente, one of the best-known antiaging researchers in the region, and the roster of eminent scientists have formed Elysium Health, which on Tuesday will debut its first product, a pill called Basis. They say it will enable the body to produce more of a natural compound that supports a healthy metabolism. A leading biologist at the Massachusetts Institute of Technology, with backing from five scientists who are Nobel prize recipients, is wading into the murky world of dietary supplements with a new antiaging pill that is said to restore muscle tissue, improve brain function, and increase energy levels by improving “metabolic health.” Advertisement Many products in the supplement business are launched with questionable science, but Elysium said studies in mice show a clear connection between increased levels of this compound, called NAD, and improved health in older mice. “There have been a lot of new findings in the past five years identifying some extremely promising compounds that promote wellness and health. [We want to] make them available for people to improve their health before they get sick,” said Guarente, an Elysium Health founder and its chief scientific officer. “We are filling a space by combining natural compounds with scientific validation.” The active ingredients in Basis are nicotinamide riboside, a substance that makes NAD and is found in traces in many foods such as milk, and pterostilbene, an antioxidant found in blueberries. Both substances are available individually as dietary supplements. At a recommended dose of two gel caps daily, a month’s supply of Basis will cost $60 ($50 with a membership) and will be available online only. The company’s chief executive is Eric Marcotulli, previously a partner at the Silicon Valley venture firm Sequoia Capital. Among the scientific heavyweights advising Elysium Health are Martin Karplus, emeritus professor of chemistry at Harvard and a 2013 Nobel Laureate; Tom Sudhof, a Stanford School of Medicine professor who received a Nobel in 2013; Eric Kandel, a biochemist and biophysicist at Columbia University and a 2000 Nobel Laureate; Aaron Ciechanover, distinguished research professor at Technion-Israel Institute of Technology and a 2004 Nobel recipient; and Jack Szostak, a professor of genetics at Harvard Medical School who received a Nobel in 2009. Advertisement Szostak said his role at Elysium Health is to scour scientific literature for new natural compounds that are shown to improve health and bring them to the company’s attention as potential ingredients in new products. “What interests me in this is that it is a different challenge, to apply what we are learning through basic research, not just to curing disease but to keeping people healthy,” said Szostak, who runs a research lab at Massachusetts General Hospital. “If you go to Whole Foods or CVS, you see miles of dietary supplements and vitamins. Most of them have no scientific basis, and you don’t know what you are getting.” Guarente was involved in several other efforts to develop antiaging medicines that did not pan out. He was a founder of Elixir Pharmaceuticals and then became involved with Sirtris Pharmaceuticals, which conducted research into the potential antiaging properties of a chemical found in red wine. With Elysium, Guarente and his colleagues are entering an industry with a mixed reputation. At $25 billion annually and growing, vitamins and supplements are hugely popular among consumers. But the business has often been criticized by mainstream medicine for making ambitious claims about quick cures and miraculous health improvements that are not subjected to rigorous scientific scrutiny. Advertisement If Elysium Health were developing Basis as a drug, it would have to conduct clinical trials with humans to prove that it works, and the Food and Drug Administration would have to sign off on its scientific evidence before it could be sold as medicine. But as a supplement, Basis and similar products only have to be shown to be safe for humans to take, with labels that are not misleading. With Basis, for example, there is no scientific evidence yet that the pill would produce the same beneficial effect in humans as in mice. Indeed, one scientist not involved with Elysium questions the company’s marketing pitch, saying there is too little information to know what Basis can do. “It is not quite clear to me what they want to target with this pill,” said Pere Puigserver, a biology professor at Harvard Medical School. “What does it mean, to improve metabolic health? And what exactly is being repaired in the body? And is the outcome the same for everyone?” Puigserver, who runs a cancer biology lab at Dana-Farber Cancer Institute, noted that addressing health and aging through metabolism involves a complex web of pathways and mechanisms. “We need more information on how this works precisely in people before we can advise them to take anything,” he said. Guarente pledged that Elysium Health would be unlike most other companies in the business: It is conducting studies of its pill in humans and will release the results. Advertisement “As soon as we have analyzed the data, we will publish them on our website,” he said. One of the venture capitalists backing Elysium Health acknowledged that skepticism is among the company’s greater challenges. “This space is traditionally driven by marketing language,” said Kal Vapuri, whose New York firm Trisiras Group is one of Elysium’s initial funders. “But we will be data-driven and will communicate the complexities of science in simple ways.” Stefanie Friedhoff can be reached at stefanie.friedhoff @globe.com. Follow her on twitter @Stefanie2000"
fakehealth,story_reviews_01339,1,0,0,0.5262013200205126,0.4737986799794874,0.5262013200205126,0.56075376,0.4392462,0.56075376,"Both tests would be less expensive than colonoscopy, and potentially more effective. Compliance with colonoscopy is low, since people don’t want to have one, and the overall cost per detection is high because most people are healthy, and even colonoscopy misses many tumors in the upper part of the intestine. Exact Sciences now plans to enlist several thousand patients in a prospective trial designed to win the Food and Drug Administration’s approval. The trial will be completed in 2012 and the test, if approved, should be available shortly thereafter. “If widely used, and regularly, this test really does have the opportunity to eliminate colon cancer,” said Dr. David A. Ahlquist, a colon cancer expert at the Mayo Clinic and an adviser to Exact Sciences. The practical value of the tests depends critically on details like their sensitivity, meaning the proportion of tumors that are detected, and their specificity, meaning how many of the positive results are in fact false alarms. Exact Sciences reported in July that its test was highly sensitive and specific when applied directly to cells taken from tumors. But in the real world, the tumor DNA must be detected in stool samples, even though almost all the DNA comes from the bacteria of the gut. Just 0.01 percent of the DNA is human, and most of this is normal DNA, not the altered DNA of tumors. Newsletter Sign Up Continue reading the main story Please verify you're not a robot by clicking the box. Invalid email address. Please re-enter. You must select a newsletter to subscribe to. Sign Up You will receive emails containing news content , updates and promotions from The New York Times. You may opt-out at any time. You agree to receive occasional updates and special offers for The New York Times's products and services. Thank you for subscribing. An error has occurred. Please try again later. View all New York Times newsletters. The company reported Thursday at a meeting of the American Association for Cancer Research that in a trial of 1,100 patients, the test had detected 64 percent of adenomas, or polyps, larger than one centimeter in diameter, and 85 percent of cancers, as judged by the colonoscopies also given to the patients. Dr. Ahlquist said he was very pleased with the new results, especially the 64 percent detection rate for precancerous polyps, since these are best targets for intervention. Although such a detection rate sounds far from perfect, it can be effective if the test is given on a regular schedule. “The Pap smear detects only 50 percent of cervical cancers, but applied over time it virtually eliminates the disease,” Dr. Ahlquist said. Advertisement Continue reading the main story The specificity of the Exact Sciences test is 88 percent, meaning that 12 percent of the time the patient will be given a false alarm. This may be acceptable, given that the worst that will happen is that the patient will get an unnecessary colonoscopy. “With stool tests, you need a 90 percent specificity,” said Dr. Bert Vogelstein, a cancer expert at Johns Hopkins University who is also an adviser to the company. “Exact Sciences has gotten close to that. There’s a lot of hope for getting a stool-based test.” Promising results for the blood-based tests were reported this week at a meeting in Barcelona, Spain. Epigenomics said its test had a sensitivity of 86 percent and a specificity of 93 percent. Proponents of each test note possible weaknesses of the other. Dr. Achim Plum, a vice president for Epigenomics, said that 30 to 40 percent of people have small polyps, but less than 10 percent of these ever become cancerous. The colon-based test may pick up too many of these, sending far too many people in for colonoscopy. “The health economics of such a test make no sense,” he said. But the blood-based test may have a similar problem, since a positive signal could come from cancers anywhere in the body. If the patient is advised to take a whole body imaging scan, more false positives could be generated “so you end up doing more harm than good,” Dr. Vogelstein said. Dr. Plum said that Epigenomics did not see its test as being necessarily in competition with the Exact Sciences test, because the blood-based test would be good alternative for people put off by stool testing.","New DNA Tests Aimed at Reducing Colon Cancer. Both tests would be less expensive than colonoscopy, and potentially more effective. Compliance with colonoscopy is low, since people don’t want to have one, and the overall cost per detection is high because most people are healthy, and even colonoscopy misses many tumors in the upper part of the intestine. Exact Sciences now plans to enlist several thousand patients in a prospective trial designed to win the Food and Drug Administration’s approval. The trial will be completed in 2012 and the test, if approved, should be available shortly thereafter. “If widely used, and regularly, this test really does have the opportunity to eliminate colon cancer,” said Dr. David A. Ahlquist, a colon cancer expert at the Mayo Clinic and an adviser to Exact Sciences. The practical value of the tests depends critically on details like their sensitivity, meaning the proportion of tumors that are detected, and their specificity, meaning how many of the positive results are in fact false alarms. Exact Sciences reported in July that its test was highly sensitive and specific when applied directly to cells taken from tumors. But in the real world, the tumor DNA must be detected in stool samples, even though almost all the DNA comes from the bacteria of the gut. Just 0.01 percent of the DNA is human, and most of this is normal DNA, not the altered DNA of tumors. Newsletter Sign Up Continue reading the main story Please verify you're not a robot by clicking the box. Invalid email address. Please re-enter. You must select a newsletter to subscribe to. Sign Up You will receive emails containing news content , updates and promotions from The New York Times. You may opt-out at any time. You agree to receive occasional updates and special offers for The New York Times's products and services. Thank you for subscribing. An error has occurred. Please try again later. View all New York Times newsletters. The company reported Thursday at a meeting of the American Association for Cancer Research that in a trial of 1,100 patients, the test had detected 64 percent of adenomas, or polyps, larger than one centimeter in diameter, and 85 percent of cancers, as judged by the colonoscopies also given to the patients. Dr. Ahlquist said he was very pleased with the new results, especially the 64 percent detection rate for precancerous polyps, since these are best targets for intervention. Although such a detection rate sounds far from perfect, it can be effective if the test is given on a regular schedule. “The Pap smear detects only 50 percent of cervical cancers, but applied over time it virtually eliminates the disease,” Dr. Ahlquist said. Advertisement Continue reading the main story The specificity of the Exact Sciences test is 88 percent, meaning that 12 percent of the time the patient will be given a false alarm. This may be acceptable, given that the worst that will happen is that the patient will get an unnecessary colonoscopy. “With stool tests, you need a 90 percent specificity,” said Dr. Bert Vogelstein, a cancer expert at Johns Hopkins University who is also an adviser to the company. “Exact Sciences has gotten close to that. There’s a lot of hope for getting a stool-based test.” Promising results for the blood-based tests were reported this week at a meeting in Barcelona, Spain. Epigenomics said its test had a sensitivity of 86 percent and a specificity of 93 percent. Proponents of each test note possible weaknesses of the other. Dr. Achim Plum, a vice president for Epigenomics, said that 30 to 40 percent of people have small polyps, but less than 10 percent of these ever become cancerous. The colon-based test may pick up too many of these, sending far too many people in for colonoscopy. “The health economics of such a test make no sense,” he said. But the blood-based test may have a similar problem, since a positive signal could come from cancers anywhere in the body. If the patient is advised to take a whole body imaging scan, more false positives could be generated “so you end up doing more harm than good,” Dr. Vogelstein said. Dr. Plum said that Epigenomics did not see its test as being necessarily in competition with the Exact Sciences test, because the blood-based test would be good alternative for people put off by stool testing."
fakehealth,story_reviews_00964,0,1,1,0.2509131623604391,0.7490868376395609,0.7490868376395609,0.102144495,0.89785546,0.89785546,"En Español By Alan Mozes HealthDay Reporter WEDNESDAY, Nov. 30, 2011 (HealthDay News) -- Eating baked or broiled fish as little as once a week may boost brain health and lower the risk for mild cognitive impairment and Alzheimer's disease, new brain scan research suggests. The study authors found that eating baked and broiled fish -- but not fried -- helps to preserve gray matter neurons, strengthening them in areas of the brain deemed critical to memory and cognition. ""Those who eat baked or broiled fish had larger brains,"" noted study author Dr. Cyrus Raji, a resident in the department of medicine at the University of Pittsburgh Medical Center, Mercy Hospital. ""They had larger brain cells in areas of the brain responsible for memory and learning. And the reason that's important is that these brain areas are at high risk for Alzheimer's disease."" In those people with larger brain volume, ""the risk for Alzheimer's and mild cognitive impairment went down by fivefold within five years following the brain scans we conducted,"" he said. Raji said he was ""amazed"" that this effect was seen with eating fish as little as one to four times a week. ""We're talking about just a half serving a day,"" he said. ""And that would be a very small lifestyle change that can affect disease risk a long time down the line."" Raji and his colleagues are slated to discuss their findings Wednesday at the annual meeting of the Radiological Society of North America, in Chicago. More than 5 million Americans have Alzheimer's disease, an incurable, age-related disorder that slowly destroys memory and thinking and language skills. Older adults with mild cognitive impairment have less severe memory loss than those with Alzheimer's but often go on to develop the disease. To assess the impact of fish on cognitive health, the authors focused on 260 mentally healthy elderly individuals drawn from the Cardiovascular Health Study, sponsored by the U.S. National Heart, Lung, and Blood Institute. All the participants underwent 3-D MRIs, so the researchers could map out the size of each individual's gray matter and track it over 10 years. They also completed the U.S. National Cancer Institute Food Frequency Questionnaire. The team then stacked up gray matter changes against dietary consumption as reported in the questionnaire. The questionnaires revealed that 163 of the study participants ate fish at least once a week, with most consuming fish between one and four times a week. With that information, the authors found that regardless of age, gender, physical activity routines, and/or educational achievement, race or weight, those who ate baked or broiled fish had larger mass in the hippocampus, precuneus, posterior cingulate and orbital frontal cortex regions of their brains. The team further observed that people who ate baked or broiled fish weekly displayed better so-called ""working memory,"" enabling them to more effectively execute routine tasks. But fish and chips lovers, take note: No cranial benefit was evident with respect to consumption of fried fish. The team cautioned that while eating baked and broiled fish appears to exert some cognitive benefit, other lifestyle and socioeconomic factors may play a role. For now, the connection must be viewed as an association, rather than a cause-and-effect. Dr. Richard Lipton, vice chair of neurology at the Albert Einstein College of Medicine in New York City, reiterated the point. ""One has to wonder if there are other factors associated with fish consumption that they didn't measure that might be protective,"" he said. ""Like maybe people who eat fish exercise more, or eat less total calories. Or they could be eating other components of a Mediterranean Diet, such as fruits and vegetables."" Lipton added that ""this group of researchers is really, really good,"" and called the study results ""a very interesting finding, and absolutely worthy of further exploration."" Research presented at scientific meetings should be considered preliminary until published in a peer-reviewed medical journal. More information For more on brain health, visit the Society for Neuroscience.","Non-Fried Fish Might Help Ward Off Alzheimer's: Study. En Español By Alan Mozes HealthDay Reporter WEDNESDAY, Nov. 30, 2011 (HealthDay News) -- Eating baked or broiled fish as little as once a week may boost brain health and lower the risk for mild cognitive impairment and Alzheimer's disease, new brain scan research suggests. The study authors found that eating baked and broiled fish -- but not fried -- helps to preserve gray matter neurons, strengthening them in areas of the brain deemed critical to memory and cognition. ""Those who eat baked or broiled fish had larger brains,"" noted study author Dr. Cyrus Raji, a resident in the department of medicine at the University of Pittsburgh Medical Center, Mercy Hospital. ""They had larger brain cells in areas of the brain responsible for memory and learning. And the reason that's important is that these brain areas are at high risk for Alzheimer's disease."" In those people with larger brain volume, ""the risk for Alzheimer's and mild cognitive impairment went down by fivefold within five years following the brain scans we conducted,"" he said. Raji said he was ""amazed"" that this effect was seen with eating fish as little as one to four times a week. ""We're talking about just a half serving a day,"" he said. ""And that would be a very small lifestyle change that can affect disease risk a long time down the line."" Raji and his colleagues are slated to discuss their findings Wednesday at the annual meeting of the Radiological Society of North America, in Chicago. More than 5 million Americans have Alzheimer's disease, an incurable, age-related disorder that slowly destroys memory and thinking and language skills. Older adults with mild cognitive impairment have less severe memory loss than those with Alzheimer's but often go on to develop the disease. To assess the impact of fish on cognitive health, the authors focused on 260 mentally healthy elderly individuals drawn from the Cardiovascular Health Study, sponsored by the U.S. National Heart, Lung, and Blood Institute. All the participants underwent 3-D MRIs, so the researchers could map out the size of each individual's gray matter and track it over 10 years. They also completed the U.S. National Cancer Institute Food Frequency Questionnaire. The team then stacked up gray matter changes against dietary consumption as reported in the questionnaire. The questionnaires revealed that 163 of the study participants ate fish at least once a week, with most consuming fish between one and four times a week. With that information, the authors found that regardless of age, gender, physical activity routines, and/or educational achievement, race or weight, those who ate baked or broiled fish had larger mass in the hippocampus, precuneus, posterior cingulate and orbital frontal cortex regions of their brains. The team further observed that people who ate baked or broiled fish weekly displayed better so-called ""working memory,"" enabling them to more effectively execute routine tasks. But fish and chips lovers, take note: No cranial benefit was evident with respect to consumption of fried fish. The team cautioned that while eating baked and broiled fish appears to exert some cognitive benefit, other lifestyle and socioeconomic factors may play a role. For now, the connection must be viewed as an association, rather than a cause-and-effect. Dr. Richard Lipton, vice chair of neurology at the Albert Einstein College of Medicine in New York City, reiterated the point. ""One has to wonder if there are other factors associated with fish consumption that they didn't measure that might be protective,"" he said. ""Like maybe people who eat fish exercise more, or eat less total calories. Or they could be eating other components of a Mediterranean Diet, such as fruits and vegetables."" Lipton added that ""this group of researchers is really, really good,"" and called the study results ""a very interesting finding, and absolutely worthy of further exploration."" Research presented at scientific meetings should be considered preliminary until published in a peer-reviewed medical journal. More information For more on brain health, visit the Society for Neuroscience."
fakehealth,story_reviews_00688,1,0,0,0.7900831679014245,0.2099168320985754,0.7900831679014245,0.5395641,0.46043596,0.5395641,"An ancient herbal remedy is getting fresh attention this cold and flu season. Some parents and even pediatricians believe elderberry extract or syrup can help kids stay healthy and lessen the symptoms when they do get sick. The Brennan family in Glen Rock, New Jersey, believes it works.. ""So we give the kids, and we take it ourselves, elderberry every morning right after breakfast,"" Kevin Brennan told CBS News. He whips up a homemade concoction using frozen elderberries, blueberries and honey. Some medical research suggests elderberry may reduce swelling in the mucous membranes to help relieve congestion. The Brennans' pediatrician, Dr. Lawrence Rosen, explains, ""Elderberry contains chemicals which are flavonoids which are anti-inflammatory agents."" Raw elderberry is poisonous. istockphoto One small study found an elderberry extract called Sambucol could shorten the duration of flu symptoms after a person gets sick by about 3 days. That would be similar to prescription antiviral medications like Tamiflu or Relenza, which have been proven effective in much larger studies and approved by the FDA to shorten the duration of the flu. ""There is not enough research about whether [elderberry] works in children and there is also isn't enough information about the proper dose in children,"" Dr. Anna Minta of Johns Hopkins Children's Center told CBS News. Before you start popping elderberries, beware: eating them raw can make you sick. The University of Maryland Medical Center says European elder, also called black elder, is the variety most often used for medicinal purposes. Raw or unripe elderberries, as well as other parts of the plant, contain a toxic compound related to cyanide. If the berries are not cooked thoroughly they can be poisonous. But Kevin Brennan says, for his family, the natural alternative seems to be working. ""The duration and the severity of how they get sick is much less and they get healthy quicker,"" he said.","Can elderberry help treat colds and flu?. An ancient herbal remedy is getting fresh attention this cold and flu season. Some parents and even pediatricians believe elderberry extract or syrup can help kids stay healthy and lessen the symptoms when they do get sick. The Brennan family in Glen Rock, New Jersey, believes it works.. ""So we give the kids, and we take it ourselves, elderberry every morning right after breakfast,"" Kevin Brennan told CBS News. He whips up a homemade concoction using frozen elderberries, blueberries and honey. Some medical research suggests elderberry may reduce swelling in the mucous membranes to help relieve congestion. The Brennans' pediatrician, Dr. Lawrence Rosen, explains, ""Elderberry contains chemicals which are flavonoids which are anti-inflammatory agents."" Raw elderberry is poisonous. istockphoto One small study found an elderberry extract called Sambucol could shorten the duration of flu symptoms after a person gets sick by about 3 days. That would be similar to prescription antiviral medications like Tamiflu or Relenza, which have been proven effective in much larger studies and approved by the FDA to shorten the duration of the flu. ""There is not enough research about whether [elderberry] works in children and there is also isn't enough information about the proper dose in children,"" Dr. Anna Minta of Johns Hopkins Children's Center told CBS News. Before you start popping elderberries, beware: eating them raw can make you sick. The University of Maryland Medical Center says European elder, also called black elder, is the variety most often used for medicinal purposes. Raw or unripe elderberries, as well as other parts of the plant, contain a toxic compound related to cyanide. If the berries are not cooked thoroughly they can be poisonous. But Kevin Brennan says, for his family, the natural alternative seems to be working. ""The duration and the severity of how they get sick is much less and they get healthy quicker,"" he said."
fakehealth,story_reviews_00408,1,0,0,0.7354803512449741,0.2645196487550259,0.7354803512449741,0.5494464,0.45055363,0.5494464,"Like many autistic children, Julian Brown has trouble reading emotions in people's faces, one of the biggest challenges for people with the neurological disorder. Now the 10-year-old San Jose boy is getting help from ""autism glass"" — an experimental device that records and analyzes faces in real time and alerts him to the emotions they're expressing. The facial recognition software was developed at Stanford University and runs on Google Glass, a computerized headset with a front-facing camera and a tiny display just above the right eye. Julian is one of about 100 autistic children participating in a Stanford study to see if ""autism glass"" therapy can improve their ability to interpret facial expressions. ""There's not a machine that can read your mind, but this helps with the emotions, you know, recognizing them,"" Julian said. Julian wears the device each day for three 20-minute sessions when he interacts with family members face-to-face — talking, playing games, eating meals. The program runs on a smartphone, which records the sessions. When the device's camera detects an emotion such as happiness or sadness, Julian sees the word ""happy"" or ""sad"" — or a corresponding ""emoji"" — flash on the glass display. The device also tests his ability to read facial expressions. ""The autism glass program is meant to teach children with autism how to understand what a face is telling them. And we believe that when that happens they will become more socially engaged,"" said Dennis Wall, who directs the Stanford School of Medicine's Wall Lab, which is running the study. Stanford student Catalin Voss and researcher Nick Haber developed the technology to track faces and detect emotions in a wide range of people and settings. ""We had the idea of basically creating a behavioral aide that would recognize the expressions and faces for you and then give you social cues according to those,"" said Voss, who was partly inspired by a cousin who has autism. Google provided about 35 Google Glass devices to Stanford, but otherwise hasn't been involved in the project. The Silicon Valley tech giant stopped producing the headset last year after it failed to gain traction, but the device found new life among medical researchers. Brain Power, a Cambridge, Mass.-based startup, is also developing Google Glass-based applications to help children with autism improve their face-reading abilities and social skills. Autism advocates are excited that researchers are developing technologies to help the estimated one in 68 American children diagnosed with autism spectrum disorder. ""Glass and wearable technology are the future. They're going to play a pivotal role in how we understand, manage and diagnose disorders like autism,"" said Robert Ring, chief science officer at Autism Speaks. Currently, many autistic children learn to read facial expressions by working with therapists who use flashcards with faces expressing different emotions. The Stanford team hopes autism glass can provide a convenient, affordable therapy that families can do at home. ""Kids with autism are not getting enough of the care that they need for as long as they need it, and we need to fix the problem,"" Wall said. If the study shows positive results, the technology could become commercially available within a couple years, Wall said. ""Anything that can help this population is very welcome and very important, but even the best technology will never be enough because we are dealing with a population with often very, very profound needs,"" said Jill Escher, president of Autism Society San Francisco Bay Area. The study is still in its early stages, but Wall said participating children have shown gains in their face-reading abilities and family feedback has been encouraging. ""It has helped our son who's using the Google Glasses connect with the family more,"" said Kristen Brown, Julian's mother. ""I think the glasses are a positive way to encourage a kid to look someone else in the face."" Julian also gives the device positive reviews: ""I really think it would help autistic people a lot.""","Can Google Glass Help Autistic Children Read Faces?. Like many autistic children, Julian Brown has trouble reading emotions in people's faces, one of the biggest challenges for people with the neurological disorder. Now the 10-year-old San Jose boy is getting help from ""autism glass"" — an experimental device that records and analyzes faces in real time and alerts him to the emotions they're expressing. The facial recognition software was developed at Stanford University and runs on Google Glass, a computerized headset with a front-facing camera and a tiny display just above the right eye. Julian is one of about 100 autistic children participating in a Stanford study to see if ""autism glass"" therapy can improve their ability to interpret facial expressions. ""There's not a machine that can read your mind, but this helps with the emotions, you know, recognizing them,"" Julian said. Julian wears the device each day for three 20-minute sessions when he interacts with family members face-to-face — talking, playing games, eating meals. The program runs on a smartphone, which records the sessions. When the device's camera detects an emotion such as happiness or sadness, Julian sees the word ""happy"" or ""sad"" — or a corresponding ""emoji"" — flash on the glass display. The device also tests his ability to read facial expressions. ""The autism glass program is meant to teach children with autism how to understand what a face is telling them. And we believe that when that happens they will become more socially engaged,"" said Dennis Wall, who directs the Stanford School of Medicine's Wall Lab, which is running the study. Stanford student Catalin Voss and researcher Nick Haber developed the technology to track faces and detect emotions in a wide range of people and settings. ""We had the idea of basically creating a behavioral aide that would recognize the expressions and faces for you and then give you social cues according to those,"" said Voss, who was partly inspired by a cousin who has autism. Google provided about 35 Google Glass devices to Stanford, but otherwise hasn't been involved in the project. The Silicon Valley tech giant stopped producing the headset last year after it failed to gain traction, but the device found new life among medical researchers. Brain Power, a Cambridge, Mass.-based startup, is also developing Google Glass-based applications to help children with autism improve their face-reading abilities and social skills. Autism advocates are excited that researchers are developing technologies to help the estimated one in 68 American children diagnosed with autism spectrum disorder. ""Glass and wearable technology are the future. They're going to play a pivotal role in how we understand, manage and diagnose disorders like autism,"" said Robert Ring, chief science officer at Autism Speaks. Currently, many autistic children learn to read facial expressions by working with therapists who use flashcards with faces expressing different emotions. The Stanford team hopes autism glass can provide a convenient, affordable therapy that families can do at home. ""Kids with autism are not getting enough of the care that they need for as long as they need it, and we need to fix the problem,"" Wall said. If the study shows positive results, the technology could become commercially available within a couple years, Wall said. ""Anything that can help this population is very welcome and very important, but even the best technology will never be enough because we are dealing with a population with often very, very profound needs,"" said Jill Escher, president of Autism Society San Francisco Bay Area. The study is still in its early stages, but Wall said participating children have shown gains in their face-reading abilities and family feedback has been encouraging. ""It has helped our son who's using the Google Glasses connect with the family more,"" said Kristen Brown, Julian's mother. ""I think the glasses are a positive way to encourage a kid to look someone else in the face."" Julian also gives the device positive reviews: ""I really think it would help autistic people a lot."""
fakehealth,story_reviews_00787,1,0,0,0.6954505298469069,0.3045494701530931,0.6954505298469069,0.5471076,0.45289245,0.5471076,"Nov. 18, 2012 -- Researchers say they've been able to use nanoparticles to stop multiple sclerosis (MS) in mice that are bred to have the disease. The particles are about 200 times smaller than the thickness of a human hair. They are made from the same material that's used to create dissolving stitches. When researchers attach specific proteins to the particles, they say they're able to teach the body not to attack its own tissues. If the approach succeeds in human studies, it may one day lead to more targeted treatments not only for multiple sclerosis but also for other kinds of autoimmune disorders, including type 1 diabetes and rheumatoid arthritis. “This technology could be very effective,” says Timothy Coetzee, PhD, chief research officer for the National Multiple Sclerosis Society. What remains to be seen is whether the researchers have picked the right proteins that might turn off the disease in humans, he says. “Will these peptides actually induce tolerance in people? We just don’t know. It’s rational, but we won’t know until we get it into people,” says Coetzee, who was not involved in the research. The research is published in the journal Nature Biotechnology. The study was funded by grants from the National Institutes of Health, the Myelin Repair Foundation, the Juvenile Diabetes Foundation, and the Australian government.","Nanoparticles Show Potential for Treating MS. Nov. 18, 2012 -- Researchers say they've been able to use nanoparticles to stop multiple sclerosis (MS) in mice that are bred to have the disease. The particles are about 200 times smaller than the thickness of a human hair. They are made from the same material that's used to create dissolving stitches. When researchers attach specific proteins to the particles, they say they're able to teach the body not to attack its own tissues. If the approach succeeds in human studies, it may one day lead to more targeted treatments not only for multiple sclerosis but also for other kinds of autoimmune disorders, including type 1 diabetes and rheumatoid arthritis. “This technology could be very effective,” says Timothy Coetzee, PhD, chief research officer for the National Multiple Sclerosis Society. What remains to be seen is whether the researchers have picked the right proteins that might turn off the disease in humans, he says. “Will these peptides actually induce tolerance in people? We just don’t know. It’s rational, but we won’t know until we get it into people,” says Coetzee, who was not involved in the research. The research is published in the journal Nature Biotechnology. The study was funded by grants from the National Institutes of Health, the Myelin Repair Foundation, the Juvenile Diabetes Foundation, and the Australian government."
fakehealth,news_reviews_00077,1,0,0,0.735924205405537,0.2640757945944629,0.735924205405537,0.50749457,0.49250537,0.50749457,"Sylentis, Pharmaceutical Company belonging to the PharmaMar Group, has presented results from the clinical studies carried out with tivanisiran for the treatment of dry eye syndrome and that has enabled the start-up of the Phase III ""Helix"" clinical trial. The presentation has taken place within the framework of the annual meeting of the Association for Research in Vision and Ophthalmology (ARVO) that has been held from the 29th of April to the 3rd of May in Honolulu, Hawaii. The purpose if this meeting is to share the latest breakthroughs in research in the area of ophthalmology, to contribute to the progress in basic science and also in cutting-edge clinical research. In this context, Sylentis has participated at this event presenting the pre-clinical and clinical results of various compounds that are being developed for the treatment of ocular disorders. Among these, the abstract ""Tivanisiran a new treatment for Dry Eye Disease, that improved signs and symptoms in clinical trials"" (Posterboard number: 925 - B0103) is highlighted, the compound improving the ocular inflammatory parameters, tear quality and a reduction in ocular pain associated with dry eye disease is also underlined1. The novel mechanism of action of tivanisiran, based on genetic silencing through RNA interference (RNAi), is targeted at the treatment of the signs and symptoms of this pathology, making it a firm candidate for the treatment of dry eye disease. According to Ana Isabel Jiménez, Director of R&D at Sylentis, ""we trust in our technology, innovative in this field, and we hope that tivanisiran will soon become a real alternative for the treatment of millions of people that suffer dry eye disease around the world."" In this respect, Jiménez points out that ""this is a significant step forward in the development of innovative drugs in different therapeutic areas through a novel technology of genetic silencing based on the RNA."" Sylentis is a pioneer in RNAi research, and is one of the few in Europe that applies this technology to the field of ophthalmology. It also continues with its research on new therapies for ophthalmological and inflammatory illnesses. It must be empathized that this pathology affects more than 5 million in Spain, between 10% and 20% of the population, mostly women, and almost 100% of these being elderly , . In this context, the phase III ""Helix"" study is being carried out in more than 30 hospitals in Spain, Germany, Estonia, Portugal, Slovakia and Italy, in 300 patients to evaluate the efficacy of this compound in the treatment of the sign and symptoms of dry eye syndrome. ### About RNA interference: https:/ / www. youtube. com/ watch?v= iXvSitR5184 About tivanisiran (SYL1001) Tivanisiran is a drug based on RNAi that is administered as preservative-free eye drops; it selectively inhibits production of the transient receptor potential cation channel (TRPV1). These receptors are ion channels that mediate the transmission of ocular pain. Tivanisiran is a small synthetic double-stranded RNA oligonucleotide (siRNA) with a novel and highly selective mechanism of action. Non-clinical studies conducted by Sylentis with SYL1001 have demonstrated it has high ability to inhibit this specific target and block the perception of ocular pain in animals3. Tivanisiran is a product under development for the treatment of signs and symptoms related to dry eye syndrome and has the potential to be developed for other pathologies that cause ocular pain (corneal lesions, refractive surgery, etc.) , , . About RNA interference (RNAi) RNA interference (RNAi) is a natural cellular process that regulates the expression of certain genes, providing a role in innate defense and development in animals and plants. This process is used to specifically silence genetic transcripts that encode protein-causing diseases. The therapeutic application of targeted siRNAs is booming given the specificity of gene silencing for a particular protein in a given tissue and the lack of side effects. This new approach to drug discovery is a promising technology that is rapidly moving in the translational research space , . About dry eye syndrome Dry eye syndrome is a multifactorial disease of the tear film and ocular surface that produces symptoms of ocular discomfort, eyesight disorders, and tear film instability with potential damage to the ocular surface. Dry eye syndrome is accompanied by such symptoms as ocular pain, itching, stinging, and irritation of the eye tissues. It is a characteristic disease of developed countries, associated with pollution, air conditioning, the use of contact lenses, refractive surgery and continued use of computers. Moreover, the amount and quality of tears decrease with age. Prevalence is between 10% and 20% among people aged 50 or over, and it is more frequent in womeni,ii. Dry eye can be treated with cyclosporin drops or autologous serum, but there is as yet no specific product for chronic treatment of the ocular pain related to dry eye syndrome; oral analgesics or anaesthetics are used in general. However, the main treatment consists of artificial tears, in the form of drops, gel or creams. Preservative-free eye drops have generally been found to offer the best long-term response. About Sylentis","Sylentis announces the results of tivanisiran for dry eye syndrome. Sylentis, Pharmaceutical Company belonging to the PharmaMar Group, has presented results from the clinical studies carried out with tivanisiran for the treatment of dry eye syndrome and that has enabled the start-up of the Phase III ""Helix"" clinical trial. The presentation has taken place within the framework of the annual meeting of the Association for Research in Vision and Ophthalmology (ARVO) that has been held from the 29th of April to the 3rd of May in Honolulu, Hawaii. The purpose if this meeting is to share the latest breakthroughs in research in the area of ophthalmology, to contribute to the progress in basic science and also in cutting-edge clinical research. In this context, Sylentis has participated at this event presenting the pre-clinical and clinical results of various compounds that are being developed for the treatment of ocular disorders. Among these, the abstract ""Tivanisiran a new treatment for Dry Eye Disease, that improved signs and symptoms in clinical trials"" (Posterboard number: 925 - B0103) is highlighted, the compound improving the ocular inflammatory parameters, tear quality and a reduction in ocular pain associated with dry eye disease is also underlined1. The novel mechanism of action of tivanisiran, based on genetic silencing through RNA interference (RNAi), is targeted at the treatment of the signs and symptoms of this pathology, making it a firm candidate for the treatment of dry eye disease. According to Ana Isabel Jiménez, Director of R&D at Sylentis, ""we trust in our technology, innovative in this field, and we hope that tivanisiran will soon become a real alternative for the treatment of millions of people that suffer dry eye disease around the world."" In this respect, Jiménez points out that ""this is a significant step forward in the development of innovative drugs in different therapeutic areas through a novel technology of genetic silencing based on the RNA."" Sylentis is a pioneer in RNAi research, and is one of the few in Europe that applies this technology to the field of ophthalmology. It also continues with its research on new therapies for ophthalmological and inflammatory illnesses. It must be empathized that this pathology affects more than 5 million in Spain, between 10% and 20% of the population, mostly women, and almost 100% of these being elderly , . In this context, the phase III ""Helix"" study is being carried out in more than 30 hospitals in Spain, Germany, Estonia, Portugal, Slovakia and Italy, in 300 patients to evaluate the efficacy of this compound in the treatment of the sign and symptoms of dry eye syndrome. ### About RNA interference: https:/ / www. youtube. com/ watch?v= iXvSitR5184 About tivanisiran (SYL1001) Tivanisiran is a drug based on RNAi that is administered as preservative-free eye drops; it selectively inhibits production of the transient receptor potential cation channel (TRPV1). These receptors are ion channels that mediate the transmission of ocular pain. Tivanisiran is a small synthetic double-stranded RNA oligonucleotide (siRNA) with a novel and highly selective mechanism of action. Non-clinical studies conducted by Sylentis with SYL1001 have demonstrated it has high ability to inhibit this specific target and block the perception of ocular pain in animals3. Tivanisiran is a product under development for the treatment of signs and symptoms related to dry eye syndrome and has the potential to be developed for other pathologies that cause ocular pain (corneal lesions, refractive surgery, etc.) , , . About RNA interference (RNAi) RNA interference (RNAi) is a natural cellular process that regulates the expression of certain genes, providing a role in innate defense and development in animals and plants. This process is used to specifically silence genetic transcripts that encode protein-causing diseases. The therapeutic application of targeted siRNAs is booming given the specificity of gene silencing for a particular protein in a given tissue and the lack of side effects. This new approach to drug discovery is a promising technology that is rapidly moving in the translational research space , . About dry eye syndrome Dry eye syndrome is a multifactorial disease of the tear film and ocular surface that produces symptoms of ocular discomfort, eyesight disorders, and tear film instability with potential damage to the ocular surface. Dry eye syndrome is accompanied by such symptoms as ocular pain, itching, stinging, and irritation of the eye tissues. It is a characteristic disease of developed countries, associated with pollution, air conditioning, the use of contact lenses, refractive surgery and continued use of computers. Moreover, the amount and quality of tears decrease with age. Prevalence is between 10% and 20% among people aged 50 or over, and it is more frequent in womeni,ii. Dry eye can be treated with cyclosporin drops or autologous serum, but there is as yet no specific product for chronic treatment of the ocular pain related to dry eye syndrome; oral analgesics or anaesthetics are used in general. However, the main treatment consists of artificial tears, in the form of drops, gel or creams. Preservative-free eye drops have generally been found to offer the best long-term response. About Sylentis"
fakehealth,story_reviews_00257,0,1,1,0.4500514310703538,0.5499485689296462,0.5499485689296462,0.18479249,0.81520754,0.81520754,"(CNN) An aspirin a day may keep the doctor away. It may also reduce your chances of dying from cancer, according to a study on long-term regular aspirin use and different kinds of cancer. Yin Cao, an instructor in the Medicine, Clinical and Translational Epidemiology Unit at Massachusetts General Hospital and Harvard Medical School, presented the information Monday at the American Association for Cancer Research meeting in Washington. Cao looked at data from over 86,000 women who were part of the Nurses' Health Study between 1980 and 2012 and over 43,000 men who were part of the Health Professionals Follow-Up Study from 1986 to 2012. Over that 32-year period, over 8,200 women and nearly 4,600 men died of cancer. The risk of death overall was 7% lower for women and 11% for men who took aspirin regularly, compared with those who did not. The risk of dying from cancer was 7% lower for women and 15% lower for men who took aspirin regularly, compared with those who didn't take a regular dose. The strongest connection was with colorectal cancer: There was a 31% lower risk for women and 30% for men who were among regular aspirin takers, as other studies have showed. But it also lowered women's risk of dying from breast cancer by 11% and men's risk of dying from prostate cancer by 23%. Men's risk of dying from lung cancer was also lower. ""Evidence has been accumulating very rapidly showing aspirin works in reducing cancer and cardiovascular disease mortality,"" Cao said. ""It is good to remember, though, if a person wants to take a low-dose aspirin, especially if a person has had cancer, they will want to have an initial conversation with their doctor first."" Not everyone can take aspirin, particularly if you are at high risk for ulcers and gastrointestinal bleeding. Studies have showed an increased risk of both when taking a daily aspirin, but the benefit does outweigh the risk for most other people. Rulla Tamimi , the epidemiology chair for the American Association for Cancer Research annual meeting, thought the presentation was a beneficial one, particularly since scientists are trying to better understand drugs we may all have in our medicine cabinets. ""There has been a great deal of interest in understanding the possible benefits associated with common drugs,"" Tamimi said in an emailed statement. ""This study found strong evidence that aspirin use may reduce cancer death. The study was well conducted and was able to control for a number of important confounders. Therefore the findings are believed to be very robust, and suggest that aspirin, which is widely available, cheap and has limited toxicity, has the potential to have widespread benefit on cancer mortality for breast, colon, lung and prostate cancer."" Studies have also found that aspirin can help patients who have had (or are at high risk for) a heart attack or stroke, and of course it is a good drug to relieve pain. Even the ancient Egyptians used the natural form of it for pain relief centuries ago. In April 2016, the US Preventive Service Task Force said in a final recommendation statement that taking a regular low-dose aspirin a day may prevent colon cancer and cardiovascular disease for adults between 50 and 69 who have a 10% or greater risk of cardiovascular disease or colorectal cancer. Join the conversation See the latest news and share your comments with CNN Health on Facebook and Twitter. Cao hopes her study will continue to broaden the body of research to include cancer-related deaths overall. Next, her group hopes to study what specific groups may most benefit from this practice, particularly based on those individuals with varying cancer risk.","Low-dose aspirin can reduce risk of death from cancer, study says. (CNN) An aspirin a day may keep the doctor away. It may also reduce your chances of dying from cancer, according to a study on long-term regular aspirin use and different kinds of cancer. Yin Cao, an instructor in the Medicine, Clinical and Translational Epidemiology Unit at Massachusetts General Hospital and Harvard Medical School, presented the information Monday at the American Association for Cancer Research meeting in Washington. Cao looked at data from over 86,000 women who were part of the Nurses' Health Study between 1980 and 2012 and over 43,000 men who were part of the Health Professionals Follow-Up Study from 1986 to 2012. Over that 32-year period, over 8,200 women and nearly 4,600 men died of cancer. The risk of death overall was 7% lower for women and 11% for men who took aspirin regularly, compared with those who did not. The risk of dying from cancer was 7% lower for women and 15% lower for men who took aspirin regularly, compared with those who didn't take a regular dose. The strongest connection was with colorectal cancer: There was a 31% lower risk for women and 30% for men who were among regular aspirin takers, as other studies have showed. But it also lowered women's risk of dying from breast cancer by 11% and men's risk of dying from prostate cancer by 23%. Men's risk of dying from lung cancer was also lower. ""Evidence has been accumulating very rapidly showing aspirin works in reducing cancer and cardiovascular disease mortality,"" Cao said. ""It is good to remember, though, if a person wants to take a low-dose aspirin, especially if a person has had cancer, they will want to have an initial conversation with their doctor first."" Not everyone can take aspirin, particularly if you are at high risk for ulcers and gastrointestinal bleeding. Studies have showed an increased risk of both when taking a daily aspirin, but the benefit does outweigh the risk for most other people. Rulla Tamimi , the epidemiology chair for the American Association for Cancer Research annual meeting, thought the presentation was a beneficial one, particularly since scientists are trying to better understand drugs we may all have in our medicine cabinets. ""There has been a great deal of interest in understanding the possible benefits associated with common drugs,"" Tamimi said in an emailed statement. ""This study found strong evidence that aspirin use may reduce cancer death. The study was well conducted and was able to control for a number of important confounders. Therefore the findings are believed to be very robust, and suggest that aspirin, which is widely available, cheap and has limited toxicity, has the potential to have widespread benefit on cancer mortality for breast, colon, lung and prostate cancer."" Studies have also found that aspirin can help patients who have had (or are at high risk for) a heart attack or stroke, and of course it is a good drug to relieve pain. Even the ancient Egyptians used the natural form of it for pain relief centuries ago. In April 2016, the US Preventive Service Task Force said in a final recommendation statement that taking a regular low-dose aspirin a day may prevent colon cancer and cardiovascular disease for adults between 50 and 69 who have a 10% or greater risk of cardiovascular disease or colorectal cancer. Join the conversation See the latest news and share your comments with CNN Health on Facebook and Twitter. Cao hopes her study will continue to broaden the body of research to include cancer-related deaths overall. Next, her group hopes to study what specific groups may most benefit from this practice, particularly based on those individuals with varying cancer risk."
fakehealth,news_reviews_00010,1,0,0,0.6526669328104788,0.3473330671895211,0.6526669328104788,0.73308194,0.26691803,0.73308194,"Newswise — Boston, Mass – Physicians at Massachusetts Eye and Ear have, for the first time, induced a sense of smell in humans by using electrodes in the nose to stimulate nerves in the olfactory bulb, a structure in the brain where smell information from the nose is processed and sent to deeper regions of brain. Reporting online today in International Forum of Allergy & Rhinology, the research team describes their results, which provide a proof of concept for efforts to develop implant technology to return the sense of smell to those who have lost it. “Our work shows that smell restoration technology is an idea worth studying further,” said corresponding author Eric Holbrook, MD, Chief of Rhinology at Mass. Eye and Ear and associate professor of otolaryngology at Harvard Medical School. “The development of cochlear implants, for example, didn’t really accelerate until someone placed an electrode in the cochlea of a patient and found that the patient heard a frequency of some type.” Smell loss, or anosmia, has an estimated prevalence of 5 percent of the general population. While some cases of anosmia may be treated by caring for an underlying cause (often nasal obstruction, in which odors can’t reach the nerves of the olfactory system due to swelling, polyps or sinus disease), other cases involving damage to the sensory nerves of the nose (i.e. head injury, viruses and aging) are much more complex. There are currently no proven therapies for these cases. Our sense of smell not only contributes to our enjoyment of life, but also to our daily safety and well being. We rely on our sense of smell to make us aware of smoke in detecting a fire, natural gas leaks and to avoid eating rotten food. In the elderly, of whom there are estimates that greater than 50 percent of the population over the age of 65 has experienced smell loss, it can be difficult to get proper nutrition, as the sensation of flavor is closely tied to the sense of smell, and as flavor diminishes, appetite decreases in this population. A Cochlear Implant for the Nose Motivated by work conducted by research colleagues at Virginia Commonwealth University’s School of Medicine, Mass. Eye and Ear physicians wanted to address the question of whether electrical stimulation of the olfactory bulb could induce the sense of smell in human subjects. The findings described in the International Forum of Allergy & Rhinology report demonstrate this feasibility. In the report, the researchers describe endoscopic procedures to position electrodes in the sinus cavities of five patients with an intact ability to smell. Three patients described sensations of smell (including reports of onions, antiseptic, sour and fruity aromas) as a result of the stimulation. This breakthrough in human patients opens the door for a “cochlear implant for the nose” to be developed — though the study authors caution that the concept of an olfactory stimulator is more challenging than existing technologies. The most successful neuroprosthesic device in the world, cochlear implants have been on the market for more than three decades to electrically stimulate the auditory nerve to restore hearing in people with profound hearing loss. “There’s currently so little that we can do for these patients, and we hope to eventually be able to reestablish smell in people who don’t have a sense of smell,” Dr. Holbrook said. “Now we know that electrical impulses to the olfactory bulb can provide a sense of smell — and that’s encouraging.” In addition to Dr. Holbrook, authors on the International Forum of Allergy & Rhinology study include co-first author Sidharth V. Puram, MD, PhD, of Washington University School of Medicine, Reiner B. See, MD, and Aaron G. Tripp, of Massachusetts General Hospital, and Dinesh G. Nair, MD, of Brigham and Women’s Hospital. About Massachusetts Eye and Ear Massachusetts Eye and Ear, founded in 1824, is an international center for treatment and research and a teaching hospital of Harvard Medical School. A member of Partners HealthCare, Mass. Eye and Ear specializes in ophthalmology (eye care) and otolaryngology–head and neck surgery (ear, nose and throat care). Mass. Eye and Ear clinicians provide care ranging from the routine to the very complex. Also home to the world’s largest community of hearing and vision researchers, Mass. Eye and Ear has pioneered new treatments for blindness, deafness and diseases of the head and neck. Our scientists are driven by a mission to discover the basic biology underlying these conditions and to develop new treatments and cures. In the 2018-2019 ""Best Hospitals Survey,"" U.S. News & World Report ranked Mass. Eye and Ear #4 in the nation for eye care and #6 for ear, nose and throat care. For more information about life-changing care and research at Mass. Eye and Ear, please visit our blog, Focus, and follow us on Twitter and Facebook. SEE ORIGINAL STUDY","Electrical stimulation in the nose induces sense of smell in human subjects. Newswise — Boston, Mass – Physicians at Massachusetts Eye and Ear have, for the first time, induced a sense of smell in humans by using electrodes in the nose to stimulate nerves in the olfactory bulb, a structure in the brain where smell information from the nose is processed and sent to deeper regions of brain. Reporting online today in International Forum of Allergy & Rhinology, the research team describes their results, which provide a proof of concept for efforts to develop implant technology to return the sense of smell to those who have lost it. “Our work shows that smell restoration technology is an idea worth studying further,” said corresponding author Eric Holbrook, MD, Chief of Rhinology at Mass. Eye and Ear and associate professor of otolaryngology at Harvard Medical School. “The development of cochlear implants, for example, didn’t really accelerate until someone placed an electrode in the cochlea of a patient and found that the patient heard a frequency of some type.” Smell loss, or anosmia, has an estimated prevalence of 5 percent of the general population. While some cases of anosmia may be treated by caring for an underlying cause (often nasal obstruction, in which odors can’t reach the nerves of the olfactory system due to swelling, polyps or sinus disease), other cases involving damage to the sensory nerves of the nose (i.e. head injury, viruses and aging) are much more complex. There are currently no proven therapies for these cases. Our sense of smell not only contributes to our enjoyment of life, but also to our daily safety and well being. We rely on our sense of smell to make us aware of smoke in detecting a fire, natural gas leaks and to avoid eating rotten food. In the elderly, of whom there are estimates that greater than 50 percent of the population over the age of 65 has experienced smell loss, it can be difficult to get proper nutrition, as the sensation of flavor is closely tied to the sense of smell, and as flavor diminishes, appetite decreases in this population. A Cochlear Implant for the Nose Motivated by work conducted by research colleagues at Virginia Commonwealth University’s School of Medicine, Mass. Eye and Ear physicians wanted to address the question of whether electrical stimulation of the olfactory bulb could induce the sense of smell in human subjects. The findings described in the International Forum of Allergy & Rhinology report demonstrate this feasibility. In the report, the researchers describe endoscopic procedures to position electrodes in the sinus cavities of five patients with an intact ability to smell. Three patients described sensations of smell (including reports of onions, antiseptic, sour and fruity aromas) as a result of the stimulation. This breakthrough in human patients opens the door for a “cochlear implant for the nose” to be developed — though the study authors caution that the concept of an olfactory stimulator is more challenging than existing technologies. The most successful neuroprosthesic device in the world, cochlear implants have been on the market for more than three decades to electrically stimulate the auditory nerve to restore hearing in people with profound hearing loss. “There’s currently so little that we can do for these patients, and we hope to eventually be able to reestablish smell in people who don’t have a sense of smell,” Dr. Holbrook said. “Now we know that electrical impulses to the olfactory bulb can provide a sense of smell — and that’s encouraging.” In addition to Dr. Holbrook, authors on the International Forum of Allergy & Rhinology study include co-first author Sidharth V. Puram, MD, PhD, of Washington University School of Medicine, Reiner B. See, MD, and Aaron G. Tripp, of Massachusetts General Hospital, and Dinesh G. Nair, MD, of Brigham and Women’s Hospital. About Massachusetts Eye and Ear Massachusetts Eye and Ear, founded in 1824, is an international center for treatment and research and a teaching hospital of Harvard Medical School. A member of Partners HealthCare, Mass. Eye and Ear specializes in ophthalmology (eye care) and otolaryngology–head and neck surgery (ear, nose and throat care). Mass. Eye and Ear clinicians provide care ranging from the routine to the very complex. Also home to the world’s largest community of hearing and vision researchers, Mass. Eye and Ear has pioneered new treatments for blindness, deafness and diseases of the head and neck. Our scientists are driven by a mission to discover the basic biology underlying these conditions and to develop new treatments and cures. In the 2018-2019 ""Best Hospitals Survey,"" U.S. News & World Report ranked Mass. Eye and Ear #4 in the nation for eye care and #6 for ear, nose and throat care. For more information about life-changing care and research at Mass. Eye and Ear, please visit our blog, Focus, and follow us on Twitter and Facebook. SEE ORIGINAL STUDY"
fakehealth,news_reviews_00369,1,0,0,0.6052303934663222,0.3947696065336777,0.6052303934663222,0.6943797,0.30562028,0.6943797,"For centuries pathologists have relied on the microscopic examination of tumors to distinguish between atypical moles and melanoma. By analyzing the level of proteins within mole cells, mass spectrometry can aid in the diagnosis of atypical moles. In this study, mass spectrometry correlated better than the gold standard of histologic examination to determine if an atypical mole was in fact benign or a melanoma. Early diagnosis of melanoma is critical to cure and long term survival. ​​​​California Skin Institute — A recently developed test for assessing suspicious moles for melanoma is more accurate than standard analyses, according to Dr. Rossitza Lazova, a former Yale investigator. The test, which analyzes proteins in cells, could provide more reliable results for clinicians with patients who might be at risk for this deadly cancer. The study was published on August 5th in the Journal of the American Academy of Dermatology. Melanoma is one of the most common forms of cancer and the most serious type of skin cancer. The gold standard for diagnosing melanoma is skin biopsy followed by microscopic examination of sampled tissue. However, in up to 1 in 4 cases, the results are inconclusive. For the study, a former associate professor of Dermatology and Pathology at Yale University, Rossitza Lazova, M.D., collaborated with a national and international team of researchers to determine whether atypical moles could be more accurately diagnosed as either benign or cancerous (melanoma) using imaging mass spectrometry (IMS) — a technology that enables pathologists to focus in on individual proteins within sampled skin cells. In a prior study, the researchers used IMS to identify a molecular signature comprised of five proteins to differentiate between one type of benign mole and melanoma. The research team retrospectively analyzed more than 100 cases of atypical moles. They compared results from IMS diagnosis to results based on standard microscopic examination of biopsies and correlated them with clinical outcomes. The researchers found that in nearly all cases, the IMS analysis was a more accurate predictor, both of benign lesions and melanomas, than standard microscopic examination. “Instead of pathologists being dependent solely upon the physical appearance of the cells, they now have the additional advantage of molecular information regarding the protein makeup [of cells] provided by mass spec imaging,” said Dr. Lazova, who is corresponding author on the study. “This test integrates anatomic pathology and analytical chemistry in a very useful and meaningful way.” The finding suggests that IMS analysis, based on proteomic signatures, may improve both diagnosis and prediction of outcomes for patients with ambiguous moles, the researchers said. Other authors include Erin H. Seeley, Heinz Kutzner, Richard A. Scolyer, Glynis Scott, Lorenzo Cerroni, Isabella Fried, Milena E. Kozovska, Arlene S. Rosenberg, Victor G. Prieto, Bahig M. Shehata, Megan M. Durham, Gina Henry, Jose L. Rodriguez-Peralto, Erica Riveiro-Falkenbach, Jochen T. Schaefer, Richard Danialan, Sylvie Fraitag, Sonja Vollenweider-Roten, Alireza Sepehr, Martin Sangueza, Nouf Hijazi, Yamile Corredoira, Rachel Kowal, Olga M. Harris, Francisco Bravo, Alan S. Boyd, Ralitza Gueorguieva, and Richard M. Caprioli. The study was supported in part by a grant from the National Institutes of Health. Dr. Lazova is currently the Director of Dermatopathology at California Skin Institute in San Jose, California. Source: California Skin Institute, San Jose, California, United States","Novel Test Distinguishes Atypical Moles From Melanoma. For centuries pathologists have relied on the microscopic examination of tumors to distinguish between atypical moles and melanoma. By analyzing the level of proteins within mole cells, mass spectrometry can aid in the diagnosis of atypical moles. In this study, mass spectrometry correlated better than the gold standard of histologic examination to determine if an atypical mole was in fact benign or a melanoma. Early diagnosis of melanoma is critical to cure and long term survival. ​​​​California Skin Institute — A recently developed test for assessing suspicious moles for melanoma is more accurate than standard analyses, according to Dr. Rossitza Lazova, a former Yale investigator. The test, which analyzes proteins in cells, could provide more reliable results for clinicians with patients who might be at risk for this deadly cancer. The study was published on August 5th in the Journal of the American Academy of Dermatology. Melanoma is one of the most common forms of cancer and the most serious type of skin cancer. The gold standard for diagnosing melanoma is skin biopsy followed by microscopic examination of sampled tissue. However, in up to 1 in 4 cases, the results are inconclusive. For the study, a former associate professor of Dermatology and Pathology at Yale University, Rossitza Lazova, M.D., collaborated with a national and international team of researchers to determine whether atypical moles could be more accurately diagnosed as either benign or cancerous (melanoma) using imaging mass spectrometry (IMS) — a technology that enables pathologists to focus in on individual proteins within sampled skin cells. In a prior study, the researchers used IMS to identify a molecular signature comprised of five proteins to differentiate between one type of benign mole and melanoma. The research team retrospectively analyzed more than 100 cases of atypical moles. They compared results from IMS diagnosis to results based on standard microscopic examination of biopsies and correlated them with clinical outcomes. The researchers found that in nearly all cases, the IMS analysis was a more accurate predictor, both of benign lesions and melanomas, than standard microscopic examination. “Instead of pathologists being dependent solely upon the physical appearance of the cells, they now have the additional advantage of molecular information regarding the protein makeup [of cells] provided by mass spec imaging,” said Dr. Lazova, who is corresponding author on the study. “This test integrates anatomic pathology and analytical chemistry in a very useful and meaningful way.” The finding suggests that IMS analysis, based on proteomic signatures, may improve both diagnosis and prediction of outcomes for patients with ambiguous moles, the researchers said. Other authors include Erin H. Seeley, Heinz Kutzner, Richard A. Scolyer, Glynis Scott, Lorenzo Cerroni, Isabella Fried, Milena E. Kozovska, Arlene S. Rosenberg, Victor G. Prieto, Bahig M. Shehata, Megan M. Durham, Gina Henry, Jose L. Rodriguez-Peralto, Erica Riveiro-Falkenbach, Jochen T. Schaefer, Richard Danialan, Sylvie Fraitag, Sonja Vollenweider-Roten, Alireza Sepehr, Martin Sangueza, Nouf Hijazi, Yamile Corredoira, Rachel Kowal, Olga M. Harris, Francisco Bravo, Alan S. Boyd, Ralitza Gueorguieva, and Richard M. Caprioli. The study was supported in part by a grant from the National Institutes of Health. Dr. Lazova is currently the Director of Dermatopathology at California Skin Institute in San Jose, California. Source: California Skin Institute, San Jose, California, United States"
fakehealth,story_reviews_01354,0,1,1,0.4810677886976835,0.5189322113023165,0.5189322113023165,0.28566638,0.71433365,0.71433365,"Oct. 18, 2010 -- Vitamin B12 may help protect the brain against Alzheimer's disease, according to new evidence that suggests the vitamin and an amino acid called homocysteine may both be involved in the development of Alzheimer’s. High levels of vitamin B12 in the blood are already known to help reduce levels of homocysteine, which has been linked to an increased risk of Alzheimer's disease, memory loss, and stroke. But researchers say the relationship between homocysteine and vitamin B12 levels and Alzheimer's disease risk has been unclear. The seven-year study followed 271 Finnish people ages 65 to 79 who did not have any symptoms of Alzheimer's disease at the start of the study. During the study, published in Neurology, 17 people developed Alzheimer’s disease. Researchers found that each picomolar increase in blood vitamin B12 level was associated with a 2% reduction in the risk of Alzheimer's disease among the elderly. In addition, each micromolar increase in blood homocysteine level raised the risk of Alzheimer's disease by 16%. Blood levels of folate, another nutrient believed to lower homocysteine levels, were not linked to Alzheimer's disease risk. “Our findings show the need for further research on the role of vitamin B12 as a marker for identifying people who are at increased risk of Alzheimer’s disease,” says researcher Babak Hooshmand, MD, MSc, with Karolinska Institutet in Stockholm, Sweden, in a news release. “Low levels of vitamin B12 are surprisingly common in the elderly."" ""The few studies that have investigated the usefulness of vitamin B12 supplements to reduce the risk of memory loss have had mixed results,” says Hooshmand. Common dietary sources of vitamin B12 include fish, poultry, and meat products.","Vitamin B12 Linked to Lower Alzheimer’s Risk. Oct. 18, 2010 -- Vitamin B12 may help protect the brain against Alzheimer's disease, according to new evidence that suggests the vitamin and an amino acid called homocysteine may both be involved in the development of Alzheimer’s. High levels of vitamin B12 in the blood are already known to help reduce levels of homocysteine, which has been linked to an increased risk of Alzheimer's disease, memory loss, and stroke. But researchers say the relationship between homocysteine and vitamin B12 levels and Alzheimer's disease risk has been unclear. The seven-year study followed 271 Finnish people ages 65 to 79 who did not have any symptoms of Alzheimer's disease at the start of the study. During the study, published in Neurology, 17 people developed Alzheimer’s disease. Researchers found that each picomolar increase in blood vitamin B12 level was associated with a 2% reduction in the risk of Alzheimer's disease among the elderly. In addition, each micromolar increase in blood homocysteine level raised the risk of Alzheimer's disease by 16%. Blood levels of folate, another nutrient believed to lower homocysteine levels, were not linked to Alzheimer's disease risk. “Our findings show the need for further research on the role of vitamin B12 as a marker for identifying people who are at increased risk of Alzheimer’s disease,” says researcher Babak Hooshmand, MD, MSc, with Karolinska Institutet in Stockholm, Sweden, in a news release. “Low levels of vitamin B12 are surprisingly common in the elderly."" ""The few studies that have investigated the usefulness of vitamin B12 supplements to reduce the risk of memory loss have had mixed results,” says Hooshmand. Common dietary sources of vitamin B12 include fish, poultry, and meat products."
fakehealth,story_reviews_00219,1,0,0,0.6139339000792221,0.3860660999207778,0.6139339000792221,0.5766802,0.42331985,0.5766802,"George Burke has a talent for tossing back his daily cocktail — which contains vitamins, minerals, muscle-building compounds, some little-known research drugs and a microdose of LSD — in almost a single gulp. It’s a weird but handy trick for someone who swallows 25 pills a day, most of them purchases off the Internet. Burke credits the regimen with giving him the cognitive edge he needs to thrive in California’s Silicon Valley, where he’s the co-founder of a food service that caters to athletes and fitness devotees. He used to get his edge from Adderall, but after moving from New Jersey to San Francisco, he says, he couldn’t find a doctor who would write him a prescription. Driven to the Internet, he discovered a world of cognition-enhancing drugs known as nootropics — some prescription, some over-the-counter, others available on a worldwide gray market of private sellers — said to improve memory, attention, creativity and motivation. “It’s not like every tech worker in Silicon Valley is taking nootropics to get ahead,” Burke acknowledges. “It’s the few who are getting ahead who are using supplements to do that.” The word “nootropic” was coined in 1972 by a Romanian scientist, Corneliu Giurgea, who combined the Greek words for “mind” and “bending.” Caffeine and nicotine can be considered mild nootropics, while prescription Ritalin, Adderall and Provigil (modafinil, a drug for treating narcolepsy) lie at the far end of the spectrum when prescribed off-label as cognitive enhancers. Even microdosing of LSD is increasingly viewed as a means to greater productivity. But when aficionados talk about nootropics, they usually refer to substances that have supposedly few side effects and low toxicity. Most often they mean piracetam, which Giurgea first synthesized in 1964 and which is approved for therapeutic use in dozens of countries for use in adults and the elderly. Not so in the United States, however, where officially it can be sold only for research purposes. Piracetam is well studied and is credited by its users with boosting their memory, sharpening their focus, heightening their immune system, even bettering their personalities. But it’s only one of many formulations in the racetam drug family. Newer ones include aniracetam, phenylpiracetam and oxiracetam. All are available online, where their efficacy and safety are debated and reviewed on message boards and in podcasts. Using ‘stacks’ A number of companies now market nootropic “stacks,” or formulas, some of which include piracetam, herbal remedies, amino acids and citicoline, a naturally occurring brain chemical that can be taken orally as a supplement, intravenously or as a shot. Because they are sold as nutritional supplements and natural products that refrain from making health claims, they avoid close government scrutiny. When Burke began ordering piracetam online five years ago, it arrived in baggies filled with white powder. “It was as if I was buying coke off the street,” he recalls. These days, he buys his stack from Nootroo, a San Francisco company. But self-experimenters such as Burke often don’t restrict themselves to medication alone. Dedicated brain hackers, as they call themselves, are willing to exploit their own biology to try to sharpen their mind. Their methods include meditation, cold-water plunges, periodic fasting and high-fat, low-carbohydrate ketogenic diets. “Who doesn’t want to maximize their cognitive ability? Who doesn’t want to maximize their muscle mass?” asks Murali Doraiswamy, who has led several trials of cognitive enhancers at Duke University Health System and has been an adviser to pharmaceutical and supplement manufacturers as well as the Food and Drug Administration. He attributes the demand to an increasingly knowledge-based society that values mental quickness and agility above all else. But while some studies have found short-term benefits, Doraiswamy says there is no evidence that what are commonly known as smart drugs — of any type — improve thinking or productivity over the long run. “There’s a sizable demand, but the hype around efficacy far exceeds available evidence,” notes Doraiswamy, adding that, for healthy young people such as Silicon Valley go-getters, “it’s a zero-sum game. That’s because when you up one circuit in the brain, you’re probably impairing another system.” Short-term benefits? Early studies attributed a lot of short-term benefits to nootropics — so much so that in 1983, Russian scientists turned to phenylpiracetam to boost the physical and mental performance of cosmonauts during space flight. A 1999 study found that piracetam had beneficial effects on the hippocampal membranes of patients with Alzheimer’s disease. The hippocampus, an area of the brain that plays a key role in the formation of new memories, typically shows severe shrinkage with Alzheimer’s. The idea that piracetam might reverse that effect was exciting. Although piracetam has a history of “relatively few side effects,” it has fallen far short of its initial promise for treating any of the illnesses associated with cognitive decline, according to Lon Schneider, a professor of psychiatry and behavioral sciences at the Keck School of Medicine at the University of Southern California. “We don’t use it at all and never have.” As for newer nootropic drugs, there are unknown risks. “Piracetam has been studied for decades,” says cognitive neuroscientist Andrew Hill, the founder of a neurofeedback company in Los Angeles called Peak Brain Institute. But “some of [the newer] compounds are things that some random editor found in a scientific article, copied the formula down and sent it to China and had a bulk powder developed three months later that they’re selling. Please don’t take it, people!” For Burke and other brain hackers, the evidence for nootropics is strong enough. Burke, who begins each morning with a Bulletproof coffee — a rich brew of caffeine with dollops of butter and coconut oil — has created a San Francisco meetup group called Peak Performance “to teach all my friends in the tech space about life hacks so they can kick a--better every day.” Last spring, 100 people showed up at a Peak Performance event where psychedelic psychologist James Fadiman said the key to unleashing the cognition-enhancing effects of LSD — which he listed as less anxiety, better focus, improved sleep, greater creativity — was all in the dosage. He recommended a tenth of a “party dose” — enough to give you “the glow” and enhance your cognitive powers without “the trip.” Burke says he definitely got the glow. “The first time I took it, I was working on a business plan. I had to juggle multiple contingencies in my head, and for some reason a tree with branches jumped into my head. I was able to place each contingency on a branch, retract and go back to the trunk, and in this visual way I was able to juggle more information.” The effects of fasting Not all brain hacking involves taking a pill, though. Nootrobox, a San Francisco company that markets a nootropic mix of vitamins, minerals and amino acids, promotes fasting as a way to energize brain and body. “We stumbled upon fasting as a way to optimize cognition and make yourself into a more efficient human being,” says Manuel Lam, an internal medicine physician who advises Nootrobox on clinical issues. He and members of the company’s executive team have implanted glucose monitors in their arms — not because they fear diabetes but because they wish to track the real-time effect of the foods they eat. “Fasting forces your body to deplete its glucose storage and trains it to look inside for fuel,” Lam enthuses. “It’s like being strapped to a solar panel. The sun is always shining on you.” Nootrobox employees are encouraged to fast every Tuesday, then meet for breakfast on Wednesday at a local diner. Founded by two Stanford University computer graduates, the company has initiated an international fasting group on Facebook; at last count, there were 3,500 members. Research on animals has shown that intermittent fasting — limiting caloric intake at least two days a week — can help improve neural connections in the hippocampus and protect against the accumulation of plaque, a protein prevalent in the brains of people with Alzheimer’s disease. Research has also shown that intermittent fasting helped reduce anxiety in mice. Mark Mattson, chief of the Laboratory of Neurosciences at the National Institute on Aging, has overseen a lot of the animal studies on fasting and is impressed with the evidence — so much so that he has personally adopted a regimen of intermittent fasting. “There’s pretty conclusive evidence from animal studies that intermittent fasting is beneficial for brain function and resistance to aging from neurogenerative diseases,” he says. Fasting has been deployed since the ancient Greeks to fast-track learning. As Plato is said to have stated, “I fast for greater physical and mental efficiency.” The philosopher Pythagoras reportedly demanded that his students fast 40 days before attending his lectures. Far easier to take a pill. Looking for an edge Vinh Ngo, a San Francisco family practice doctor who specializes in hormone therapy, has become familiar with piracetam and other nootropics through a changing patient base. His office is located in the heart of the city’s tech boom and he is increasingly sought out by young, male tech workers who tell him they are interested in cognitive enhancement. Ngo has experimented with piracetam himself (“The first time I tried it, I thought, ‘Wow, this is pretty strong for a supplement.’ I had a little bit of reflux, heartburn, but in general it was a cognitive enhancer. . . . I found it helpful”) and the neurotransmitter DMEA (“You have an idea, it helps you finish the thought. It’s for when people have difficulty finishing that last connection in the brain”). But he has also seen patients whose propensity for self-experimentation to improve cognition got out of hand. One chief executive he treated, Ngo said, developed an unhealthy predilection for albuterol, because he felt the asthma inhaler medicine kept him alert and productive long after others had quit working. Unfortunately, the drug ended up severely imbalancing his electrolytes, which can lead to dehydration, headaches, vision and cardiac problems, muscle contractions and, in extreme cases, seizures. “There is that culture here [in Silicon Valley] that relies on being smarter than your own self,” Ngo says. “People want to find an edge over their competitor — that’s how they got their position in the first place. I’m trying to give them a little more wiggle room — but in a safe way.” He says he screens his patients for addiction and cardiovascular problems and creates individual treatment plans based on their health histories and blood tests. There’s no one-size-fits-all approach. “I don’t have a rubber stamp for everyone, and not everyone is a candidate” for cognitive enhancement, says Ngo, who requires that his patients sign waivers acknowledging possible health risks in taking nootropics. If, for example, someone decides to go on medication — be it Adderall, albuterol or piracetam — the patient must understand that there is a risk for high blood pressure and heart problems. “I want to empower them,” Ngo says, but “there’s a fine line between empowering them to make their own health decisions and staying healthy.” Read more Brainhacking: The frontier in mental illness treatment Smart drugs are here. Should college students be allowed to use them? A reality check on nootropics and other efforts to keep aging at bay","Tweaking brains with ‘smart drugs’ to get ahead in Silicon Valley. George Burke has a talent for tossing back his daily cocktail — which contains vitamins, minerals, muscle-building compounds, some little-known research drugs and a microdose of LSD — in almost a single gulp. It’s a weird but handy trick for someone who swallows 25 pills a day, most of them purchases off the Internet. Burke credits the regimen with giving him the cognitive edge he needs to thrive in California’s Silicon Valley, where he’s the co-founder of a food service that caters to athletes and fitness devotees. He used to get his edge from Adderall, but after moving from New Jersey to San Francisco, he says, he couldn’t find a doctor who would write him a prescription. Driven to the Internet, he discovered a world of cognition-enhancing drugs known as nootropics — some prescription, some over-the-counter, others available on a worldwide gray market of private sellers — said to improve memory, attention, creativity and motivation. “It’s not like every tech worker in Silicon Valley is taking nootropics to get ahead,” Burke acknowledges. “It’s the few who are getting ahead who are using supplements to do that.” The word “nootropic” was coined in 1972 by a Romanian scientist, Corneliu Giurgea, who combined the Greek words for “mind” and “bending.” Caffeine and nicotine can be considered mild nootropics, while prescription Ritalin, Adderall and Provigil (modafinil, a drug for treating narcolepsy) lie at the far end of the spectrum when prescribed off-label as cognitive enhancers. Even microdosing of LSD is increasingly viewed as a means to greater productivity. But when aficionados talk about nootropics, they usually refer to substances that have supposedly few side effects and low toxicity. Most often they mean piracetam, which Giurgea first synthesized in 1964 and which is approved for therapeutic use in dozens of countries for use in adults and the elderly. Not so in the United States, however, where officially it can be sold only for research purposes. Piracetam is well studied and is credited by its users with boosting their memory, sharpening their focus, heightening their immune system, even bettering their personalities. But it’s only one of many formulations in the racetam drug family. Newer ones include aniracetam, phenylpiracetam and oxiracetam. All are available online, where their efficacy and safety are debated and reviewed on message boards and in podcasts. Using ‘stacks’ A number of companies now market nootropic “stacks,” or formulas, some of which include piracetam, herbal remedies, amino acids and citicoline, a naturally occurring brain chemical that can be taken orally as a supplement, intravenously or as a shot. Because they are sold as nutritional supplements and natural products that refrain from making health claims, they avoid close government scrutiny. When Burke began ordering piracetam online five years ago, it arrived in baggies filled with white powder. “It was as if I was buying coke off the street,” he recalls. These days, he buys his stack from Nootroo, a San Francisco company. But self-experimenters such as Burke often don’t restrict themselves to medication alone. Dedicated brain hackers, as they call themselves, are willing to exploit their own biology to try to sharpen their mind. Their methods include meditation, cold-water plunges, periodic fasting and high-fat, low-carbohydrate ketogenic diets. “Who doesn’t want to maximize their cognitive ability? Who doesn’t want to maximize their muscle mass?” asks Murali Doraiswamy, who has led several trials of cognitive enhancers at Duke University Health System and has been an adviser to pharmaceutical and supplement manufacturers as well as the Food and Drug Administration. He attributes the demand to an increasingly knowledge-based society that values mental quickness and agility above all else. But while some studies have found short-term benefits, Doraiswamy says there is no evidence that what are commonly known as smart drugs — of any type — improve thinking or productivity over the long run. “There’s a sizable demand, but the hype around efficacy far exceeds available evidence,” notes Doraiswamy, adding that, for healthy young people such as Silicon Valley go-getters, “it’s a zero-sum game. That’s because when you up one circuit in the brain, you’re probably impairing another system.” Short-term benefits? Early studies attributed a lot of short-term benefits to nootropics — so much so that in 1983, Russian scientists turned to phenylpiracetam to boost the physical and mental performance of cosmonauts during space flight. A 1999 study found that piracetam had beneficial effects on the hippocampal membranes of patients with Alzheimer’s disease. The hippocampus, an area of the brain that plays a key role in the formation of new memories, typically shows severe shrinkage with Alzheimer’s. The idea that piracetam might reverse that effect was exciting. Although piracetam has a history of “relatively few side effects,” it has fallen far short of its initial promise for treating any of the illnesses associated with cognitive decline, according to Lon Schneider, a professor of psychiatry and behavioral sciences at the Keck School of Medicine at the University of Southern California. “We don’t use it at all and never have.” As for newer nootropic drugs, there are unknown risks. “Piracetam has been studied for decades,” says cognitive neuroscientist Andrew Hill, the founder of a neurofeedback company in Los Angeles called Peak Brain Institute. But “some of [the newer] compounds are things that some random editor found in a scientific article, copied the formula down and sent it to China and had a bulk powder developed three months later that they’re selling. Please don’t take it, people!” For Burke and other brain hackers, the evidence for nootropics is strong enough. Burke, who begins each morning with a Bulletproof coffee — a rich brew of caffeine with dollops of butter and coconut oil — has created a San Francisco meetup group called Peak Performance “to teach all my friends in the tech space about life hacks so they can kick a--better every day.” Last spring, 100 people showed up at a Peak Performance event where psychedelic psychologist James Fadiman said the key to unleashing the cognition-enhancing effects of LSD — which he listed as less anxiety, better focus, improved sleep, greater creativity — was all in the dosage. He recommended a tenth of a “party dose” — enough to give you “the glow” and enhance your cognitive powers without “the trip.” Burke says he definitely got the glow. “The first time I took it, I was working on a business plan. I had to juggle multiple contingencies in my head, and for some reason a tree with branches jumped into my head. I was able to place each contingency on a branch, retract and go back to the trunk, and in this visual way I was able to juggle more information.” The effects of fasting Not all brain hacking involves taking a pill, though. Nootrobox, a San Francisco company that markets a nootropic mix of vitamins, minerals and amino acids, promotes fasting as a way to energize brain and body. “We stumbled upon fasting as a way to optimize cognition and make yourself into a more efficient human being,” says Manuel Lam, an internal medicine physician who advises Nootrobox on clinical issues. He and members of the company’s executive team have implanted glucose monitors in their arms — not because they fear diabetes but because they wish to track the real-time effect of the foods they eat. “Fasting forces your body to deplete its glucose storage and trains it to look inside for fuel,” Lam enthuses. “It’s like being strapped to a solar panel. The sun is always shining on you.” Nootrobox employees are encouraged to fast every Tuesday, then meet for breakfast on Wednesday at a local diner. Founded by two Stanford University computer graduates, the company has initiated an international fasting group on Facebook; at last count, there were 3,500 members. Research on animals has shown that intermittent fasting — limiting caloric intake at least two days a week — can help improve neural connections in the hippocampus and protect against the accumulation of plaque, a protein prevalent in the brains of people with Alzheimer’s disease. Research has also shown that intermittent fasting helped reduce anxiety in mice. Mark Mattson, chief of the Laboratory of Neurosciences at the National Institute on Aging, has overseen a lot of the animal studies on fasting and is impressed with the evidence — so much so that he has personally adopted a regimen of intermittent fasting. “There’s pretty conclusive evidence from animal studies that intermittent fasting is beneficial for brain function and resistance to aging from neurogenerative diseases,” he says. Fasting has been deployed since the ancient Greeks to fast-track learning. As Plato is said to have stated, “I fast for greater physical and mental efficiency.” The philosopher Pythagoras reportedly demanded that his students fast 40 days before attending his lectures. Far easier to take a pill. Looking for an edge Vinh Ngo, a San Francisco family practice doctor who specializes in hormone therapy, has become familiar with piracetam and other nootropics through a changing patient base. His office is located in the heart of the city’s tech boom and he is increasingly sought out by young, male tech workers who tell him they are interested in cognitive enhancement. Ngo has experimented with piracetam himself (“The first time I tried it, I thought, ‘Wow, this is pretty strong for a supplement.’ I had a little bit of reflux, heartburn, but in general it was a cognitive enhancer. . . . I found it helpful”) and the neurotransmitter DMEA (“You have an idea, it helps you finish the thought. It’s for when people have difficulty finishing that last connection in the brain”). But he has also seen patients whose propensity for self-experimentation to improve cognition got out of hand. One chief executive he treated, Ngo said, developed an unhealthy predilection for albuterol, because he felt the asthma inhaler medicine kept him alert and productive long after others had quit working. Unfortunately, the drug ended up severely imbalancing his electrolytes, which can lead to dehydration, headaches, vision and cardiac problems, muscle contractions and, in extreme cases, seizures. “There is that culture here [in Silicon Valley] that relies on being smarter than your own self,” Ngo says. “People want to find an edge over their competitor — that’s how they got their position in the first place. I’m trying to give them a little more wiggle room — but in a safe way.” He says he screens his patients for addiction and cardiovascular problems and creates individual treatment plans based on their health histories and blood tests. There’s no one-size-fits-all approach. “I don’t have a rubber stamp for everyone, and not everyone is a candidate” for cognitive enhancement, says Ngo, who requires that his patients sign waivers acknowledging possible health risks in taking nootropics. If, for example, someone decides to go on medication — be it Adderall, albuterol or piracetam — the patient must understand that there is a risk for high blood pressure and heart problems. “I want to empower them,” Ngo says, but “there’s a fine line between empowering them to make their own health decisions and staying healthy.” Read more Brainhacking: The frontier in mental illness treatment Smart drugs are here. Should college students be allowed to use them? A reality check on nootropics and other efforts to keep aging at bay"
fakehealth,news_reviews_00598,1,0,0,0.6158603220644843,0.3841396779355158,0.6158603220644843,0.511078,0.488922,0.511078,"January 6, 2015 / It is normal for cognitive function to slightly deteriorate with age. Memory capacity begins to worsen, along with processing speed and the ability to form long-term memories. Finding a way to defer the onset of these issues becomes increasingly important as life expectancy gets longer and global populations age. This study, conducted by researchers from Italy's University of L'Aquila and Mars, Incorporated, reinforces the results of several recent cognitive studies--throwing more light on the important role diet plays in maintaining cognitive health. Dr. Giovambattista Desideri, lead author on the paper, said, ""The results of this study are encouraging--they support the idea that diet, and specifically a diet rich in cocoa flavanols, can play an important role in maintaining cognitive health as we age."" This study was the second installment in a two-part investigation by this team into the effects cocoa flavanols have on the brain. The first study, published in the journal Hypertension in 2012, found cognitive and cardiometabolic benefits of habitual cocoa flavanol consumption in older adults who had been diagnosed with mild cognitive impairment (MCI). Despite these findings, the question of the benefits of cocoa flavanols on cognitive function among individuals without MCI remained uncertain. This second study just published in the AJCN looked to address this question. Enrolling men and women aged 61-85 years with no evidence of cognitive dysfunction, the participants in this controlled, randomized, double-blind study were assigned to one of three flavanol groups, consuming a drink containing either high (993 mg), intermediate (520 mg) or low (48 mg) amounts of cocoa flavanols every day for eight weeks. The nutritionally matched drinks were specially prepared. The high- and intermediate-flavanol cocoa drinks were produced using Mars' patented Cocoapro® process, while the low-flavanol drink was made with a highly processed, alkalized cocoa powder. Other than the inclusion of the test drink, normal diets and regular lifestyle were maintained throughout the study. At the start of the study and again after eight weeks, cognitive function was assessed using a battery of tests that examined memory, retention, recall, as well as executive function. Among those individuals who regularly consumed either the high- or intermediate-flavanol drinks, there were significant improvements in overall cognitive function after only eight weeks. As cognitive function was normal for this aged population, this study shows that even cognitively healthy individuals can quickly benefit from the regular inclusion of cocoa flavanols in their diets. In addition to evaluating cognitive function, the researchers also monitored insulin resistance, blood pressure and other metabolic markers. Excitingly, there was also evidence of improvements in these cardiometabolic outcomes. In the high- and intermediate-flavanol groups, both systolic and diastolic blood pressures were reduced and insulin resistance was significantly improved. In contrast, only a modest improvement in diastolic blood pressure was observed in the low-flavanol group, with no significant improvements in either systolic blood pressure or insulin resistance among the consumers of the low-flavanol drink. It is not yet fully understood how cocoa flavanols bring about improvements in cognitive function, but the study's authors suggest that the improvements in insulin resistance and blood pressure could be revealing. ""Earlier studies suggest a central role for insulin resistance in brain aging,"" said Desideri. ""These results could therefore provide some insight into a possible mechanism of action for the cognitive improvements we have observed."" Over the past decade, there has been significant evidence indicating that consuming cocoa flavanols improves vascular function. Dr. Catherine Kwik-Uribe, human health and nutrition director at Mars, Incorporated, and co-author on this latest study, said, ""Since the brain is a heavily vascularized tissue, we might also be looking at vascular improvements as underlying the observed improvements in cognitive function."" Dr. Kwik-Uribe went on to speak about Mars' flavanol research program that has spanned over two decades: ""The amount of research showing the beneficial effects of cocoa flavanol consumption is growing and Mars is proud to be a partner in important research like this that highlights the positive role cocoa flavanols may play in supporting healthy aging."" Dr. Desideri and his team are already thinking about the next steps: ""It is clear from our latest research and other recent studies that cocoa flavanols have profound effects on the body, and specifically the brain,"" said Desideri. ""Now we'd like to know how they work and how long the effects last. If these further studies confirm the findings that brain health can be improved by consuming dietary flavanols, it may have the potential to affect the daily lives of millions of people world-wide."" Note to Editors: This research trial was carried out with a special cocoa flavanol test product, designed to deliver a standardized amount of flavanols within a nutritionally suitable drink. This test product is currently not commercially available. Flavanol content of commercially available chocolate is variable and, given its macronutrient profile, it is not recommended as a health food. About Cocoa Flavanols Flavanols are a distinct group of naturally occurring compounds that can be found in a variety of foods such as tea and red wine. Cocoa flavanols refers to the group of bioactives found naturally in fresh cocoa beans. Cocoa is an especially rich source of flavanols and the type and mixture of flavanols and procyanidins found in cocoa is unique. Mars studies show cocoa flavanols have a range of proven health benefits, including improved circulation and cardiovascular health. For more information, please visit Mars Center for Cocoa Health Science at http://www. marscocoascience. com . About the Mars Center for Cocoa Health Science For more than 20 years, and based on collaborating with a multidisciplinary group of international experts, Mars, Incorporated has been conducting comprehensive and innovative research with a network of scientific collaborators around the world to advance the understanding of cocoa flavanols and their health benefits for the purpose of improving human health. Building on decades of research in cocoa flavanols, the Mars Center for Cocoa Health Science (MCCHS) was formally established in 2012 as a Center of Excellence to pioneer, capture and share the latest scientific research in the field. MCCHS provides access to more than 20 years of gold standard research, over 140 published peer-reviewed scientific papers, videos, slides and other information that Mars, Incorporated and its collaborators have developed to advance cocoa flavanol understanding. For more information, please visit http://www. marscocoascience. com . Follow us: twitter.com/CocoaHealthSci About Mars, Incorporated In 1911, Frank C. Mars made the first Mars candies in his Tacoma, Washington kitchen and established Mars' first roots as a confectionery company. In the 1920s, Forrest E. Mars, Sr. joined his father in business and together they launched the MILKY WAY® bar. In 1932, Forrest, Sr. moved to the United Kingdom with a dream of building a business based on the objective of creating a ""mutuality of benefits for all stakeholders"" - this objective serves as the foundation of Mars, Incorporated today. Based in McLean, Virginia, Mars has net sales of more than $33 billion, six business segments including Petcare, Chocolate, Wrigley, Food, Drinks, Symbioscience, and more than 75,000 Associates worldwide that are putting its Principles into action to make a difference for people and the planet through its performance. For more information, please visit http://www. mars. com . Follow us: facebook.com/mars, twitter.com/marsglobal, youtube.com/mars, linkedin.com/company/mars Media Contact: Daniella Foster Director, Science Communications and Corporate Affairs Mars Symbioscience 001-301-444-4656 MCCHS@mss.effem.com Reference: Daniela Mastroiacovo, Catherine Kwik-Uribe, Davide Grassi, Stefano Necozione, Angelo Raffaele, Luana Pistacchio, Roberta Righetti, Raffaella Bocale, Maria Carmela Lechiara, Carmine Marini, Claudio Ferri, and Giovambattista Desideri. Cocoa flavanol consumption improves cognitive function, blood pressure control, and metabolic profile in elderly subjects: the Cocoa, Cognition, and Aging (CoCoA) Study--a randomized controlled trial, American Journal of Clinical Nutrition, First published ahead of print December 17, 2014 as doi: 10.3945/ajcn.114.092189. ###","Mounting evidence demonstrates improved cognitive function from cocoa flavanol consumption. January 6, 2015 / It is normal for cognitive function to slightly deteriorate with age. Memory capacity begins to worsen, along with processing speed and the ability to form long-term memories. Finding a way to defer the onset of these issues becomes increasingly important as life expectancy gets longer and global populations age. This study, conducted by researchers from Italy's University of L'Aquila and Mars, Incorporated, reinforces the results of several recent cognitive studies--throwing more light on the important role diet plays in maintaining cognitive health. Dr. Giovambattista Desideri, lead author on the paper, said, ""The results of this study are encouraging--they support the idea that diet, and specifically a diet rich in cocoa flavanols, can play an important role in maintaining cognitive health as we age."" This study was the second installment in a two-part investigation by this team into the effects cocoa flavanols have on the brain. The first study, published in the journal Hypertension in 2012, found cognitive and cardiometabolic benefits of habitual cocoa flavanol consumption in older adults who had been diagnosed with mild cognitive impairment (MCI). Despite these findings, the question of the benefits of cocoa flavanols on cognitive function among individuals without MCI remained uncertain. This second study just published in the AJCN looked to address this question. Enrolling men and women aged 61-85 years with no evidence of cognitive dysfunction, the participants in this controlled, randomized, double-blind study were assigned to one of three flavanol groups, consuming a drink containing either high (993 mg), intermediate (520 mg) or low (48 mg) amounts of cocoa flavanols every day for eight weeks. The nutritionally matched drinks were specially prepared. The high- and intermediate-flavanol cocoa drinks were produced using Mars' patented Cocoapro® process, while the low-flavanol drink was made with a highly processed, alkalized cocoa powder. Other than the inclusion of the test drink, normal diets and regular lifestyle were maintained throughout the study. At the start of the study and again after eight weeks, cognitive function was assessed using a battery of tests that examined memory, retention, recall, as well as executive function. Among those individuals who regularly consumed either the high- or intermediate-flavanol drinks, there were significant improvements in overall cognitive function after only eight weeks. As cognitive function was normal for this aged population, this study shows that even cognitively healthy individuals can quickly benefit from the regular inclusion of cocoa flavanols in their diets. In addition to evaluating cognitive function, the researchers also monitored insulin resistance, blood pressure and other metabolic markers. Excitingly, there was also evidence of improvements in these cardiometabolic outcomes. In the high- and intermediate-flavanol groups, both systolic and diastolic blood pressures were reduced and insulin resistance was significantly improved. In contrast, only a modest improvement in diastolic blood pressure was observed in the low-flavanol group, with no significant improvements in either systolic blood pressure or insulin resistance among the consumers of the low-flavanol drink. It is not yet fully understood how cocoa flavanols bring about improvements in cognitive function, but the study's authors suggest that the improvements in insulin resistance and blood pressure could be revealing. ""Earlier studies suggest a central role for insulin resistance in brain aging,"" said Desideri. ""These results could therefore provide some insight into a possible mechanism of action for the cognitive improvements we have observed."" Over the past decade, there has been significant evidence indicating that consuming cocoa flavanols improves vascular function. Dr. Catherine Kwik-Uribe, human health and nutrition director at Mars, Incorporated, and co-author on this latest study, said, ""Since the brain is a heavily vascularized tissue, we might also be looking at vascular improvements as underlying the observed improvements in cognitive function."" Dr. Kwik-Uribe went on to speak about Mars' flavanol research program that has spanned over two decades: ""The amount of research showing the beneficial effects of cocoa flavanol consumption is growing and Mars is proud to be a partner in important research like this that highlights the positive role cocoa flavanols may play in supporting healthy aging."" Dr. Desideri and his team are already thinking about the next steps: ""It is clear from our latest research and other recent studies that cocoa flavanols have profound effects on the body, and specifically the brain,"" said Desideri. ""Now we'd like to know how they work and how long the effects last. If these further studies confirm the findings that brain health can be improved by consuming dietary flavanols, it may have the potential to affect the daily lives of millions of people world-wide."" Note to Editors: This research trial was carried out with a special cocoa flavanol test product, designed to deliver a standardized amount of flavanols within a nutritionally suitable drink. This test product is currently not commercially available. Flavanol content of commercially available chocolate is variable and, given its macronutrient profile, it is not recommended as a health food. About Cocoa Flavanols Flavanols are a distinct group of naturally occurring compounds that can be found in a variety of foods such as tea and red wine. Cocoa flavanols refers to the group of bioactives found naturally in fresh cocoa beans. Cocoa is an especially rich source of flavanols and the type and mixture of flavanols and procyanidins found in cocoa is unique. Mars studies show cocoa flavanols have a range of proven health benefits, including improved circulation and cardiovascular health. For more information, please visit Mars Center for Cocoa Health Science at http://www. marscocoascience. com . About the Mars Center for Cocoa Health Science For more than 20 years, and based on collaborating with a multidisciplinary group of international experts, Mars, Incorporated has been conducting comprehensive and innovative research with a network of scientific collaborators around the world to advance the understanding of cocoa flavanols and their health benefits for the purpose of improving human health. Building on decades of research in cocoa flavanols, the Mars Center for Cocoa Health Science (MCCHS) was formally established in 2012 as a Center of Excellence to pioneer, capture and share the latest scientific research in the field. MCCHS provides access to more than 20 years of gold standard research, over 140 published peer-reviewed scientific papers, videos, slides and other information that Mars, Incorporated and its collaborators have developed to advance cocoa flavanol understanding. For more information, please visit http://www. marscocoascience. com . Follow us: twitter.com/CocoaHealthSci About Mars, Incorporated In 1911, Frank C. Mars made the first Mars candies in his Tacoma, Washington kitchen and established Mars' first roots as a confectionery company. In the 1920s, Forrest E. Mars, Sr. joined his father in business and together they launched the MILKY WAY® bar. In 1932, Forrest, Sr. moved to the United Kingdom with a dream of building a business based on the objective of creating a ""mutuality of benefits for all stakeholders"" - this objective serves as the foundation of Mars, Incorporated today. Based in McLean, Virginia, Mars has net sales of more than $33 billion, six business segments including Petcare, Chocolate, Wrigley, Food, Drinks, Symbioscience, and more than 75,000 Associates worldwide that are putting its Principles into action to make a difference for people and the planet through its performance. For more information, please visit http://www. mars. com . Follow us: facebook.com/mars, twitter.com/marsglobal, youtube.com/mars, linkedin.com/company/mars Media Contact: Daniella Foster Director, Science Communications and Corporate Affairs Mars Symbioscience 001-301-444-4656 MCCHS@mss.effem.com Reference: Daniela Mastroiacovo, Catherine Kwik-Uribe, Davide Grassi, Stefano Necozione, Angelo Raffaele, Luana Pistacchio, Roberta Righetti, Raffaella Bocale, Maria Carmela Lechiara, Carmine Marini, Claudio Ferri, and Giovambattista Desideri. Cocoa flavanol consumption improves cognitive function, blood pressure control, and metabolic profile in elderly subjects: the Cocoa, Cognition, and Aging (CoCoA) Study--a randomized controlled trial, American Journal of Clinical Nutrition, First published ahead of print December 17, 2014 as doi: 10.3945/ajcn.114.092189. ###"
fakehealth,news_reviews_00478,1,0,0,0.6930641212701996,0.3069358787298005,0.6930641212701996,0.6658515,0.33414853,0.6658515,"LOS ANGELES, Feb. 19, 2016 - A new medication reverses the blood-thinning effects of the anticoagulant dabigatran in patients suffering a brain bleed, potentially limiting the extent of bleeding, according to research presented at the American Stroke Association's International Stroke Conference 2016. Dabigitran is prescribed to people with atrial fibrillation to prevent blood clots from forming in the heart and traveling to the brain causing a stroke. Patients on blood-thinning drugs, such as dabigatran (Pradaxa), who suffer a type of bleeding that occurs inside the skull (intracranial hemorrhage) are at high risk of complications or disability. Idarucizumab (Praxbind) is an antibody that chemically binds and neutralizes the blood-thinning effects of dabigatran. An interim analysis of the first 90 patients in a study called RE-VERSE AD (REVERSal Effects of idarucizumab in patients on Active Dabigatran) showed that idarucizumab effectively reversed dabigatran's anticoagulant effects, said Richard A. Bernstein, M.D., Ph.D., lead study author and director of the stroke program at Northwestern Memorial Hospital in Chicago, Illinois. Bernstein presented the results of 90 brain hemorrhage patients enrolled in the REVERSE-AD study. This included 11 men and seven women (average age 79). In patients who received two 2.5-gram of idarucizumab infusions in a 15-minute period, blood tests revealed that dabigatran's blood-thinning effect was 100 percent reversed in all 18 patients with brain bleed. ""This is definitely good news,"" Bernstein said. ""Idarucizumab rapidly and completely reverses the effect of dabigatran in patients with brain hemorrhage. Once the dabigatran is reversed, we can focus on taking care of the patient without worrying about the blood thinner."" The new results are part of a large on-going phase III study testing idarucizumab in a range of patients who take dabigatran and have dangerous bleeding or need urgent surgery or other procedures that carry serious bleeding risks. Idarucizumab was approved by the U.S. Food and Drug Administration in October 2015 as the first medicine designed to reverse dabigatran. Researchers say before idarucizumab was available, patients on dabigatran who needed emergency surgery were given purified clotting factors, which carry the risk of patients' clotting systems forming dangerous blood clots. ""Idarucizumab gets rid of the dabigatran, but doesn't seem to carry with it any tendency to increase clotting. This should make perioperative management easier and safer,"" Bernstein said. Idarucizumab's success so far might persuade more people to take a blood thinner when their doctors recommend it. ""The biggest problem we face in preventing stroke in patients with atrial fibrillation is that almost half of patients don't take any blood thinner at all,"" Bernstein said. ""I see the biggest impact of idarucizumab as providing reassurance to patients that if bleeding while taking dabigatran does occur, we can quickly reverse the dabigatran. This reassurance could lead to more strokes prevented by increasing the use of an effective blood thinner."" ### Co-authors are Charles V. Pollack Jr., M.D.; Jeffrey I. Weitz, M.D.; Paul A. Reilly, Ph.D.; John Eikelboom, M.B.B.S., M.Sc.; Menno V. Huisman, M.D., Ph.D.; Pieter W. Kamphuisen, M.D., Ph.D.; Jörg Kreuzer, M.D.; Jerrold H. Levy, M.D. and Thorsten Steiner, M.D., Ph.D. Author disclosures are on the abstract. The study was funded by Boehringer Ingelheim. Praxbind and Pradaxa are both marketed by Boehringer Ingelheim of Ridgefield, Connecticut. Additional Resources: Any available downloadable video/audio interviews, B-roll, animation, graphic, and images related to this news release are on the right column of the release link http://newsroom. heart. org/ news/ new-drug-reverses-the-effects-of-blood-thinner-in-patients-with-brain-hemorrhage?preview= 3526b77201c750c0e1160b975f68484c Video clips with researchers/authors of the studies will be added to the release link as available. Follow news from ASA's International Stroke Conference 2016 via Twitter @HeartNews #ISC16.","New drug reverses the effects of blood thinner in patients with brain hemorrhage. LOS ANGELES, Feb. 19, 2016 - A new medication reverses the blood-thinning effects of the anticoagulant dabigatran in patients suffering a brain bleed, potentially limiting the extent of bleeding, according to research presented at the American Stroke Association's International Stroke Conference 2016. Dabigitran is prescribed to people with atrial fibrillation to prevent blood clots from forming in the heart and traveling to the brain causing a stroke. Patients on blood-thinning drugs, such as dabigatran (Pradaxa), who suffer a type of bleeding that occurs inside the skull (intracranial hemorrhage) are at high risk of complications or disability. Idarucizumab (Praxbind) is an antibody that chemically binds and neutralizes the blood-thinning effects of dabigatran. An interim analysis of the first 90 patients in a study called RE-VERSE AD (REVERSal Effects of idarucizumab in patients on Active Dabigatran) showed that idarucizumab effectively reversed dabigatran's anticoagulant effects, said Richard A. Bernstein, M.D., Ph.D., lead study author and director of the stroke program at Northwestern Memorial Hospital in Chicago, Illinois. Bernstein presented the results of 90 brain hemorrhage patients enrolled in the REVERSE-AD study. This included 11 men and seven women (average age 79). In patients who received two 2.5-gram of idarucizumab infusions in a 15-minute period, blood tests revealed that dabigatran's blood-thinning effect was 100 percent reversed in all 18 patients with brain bleed. ""This is definitely good news,"" Bernstein said. ""Idarucizumab rapidly and completely reverses the effect of dabigatran in patients with brain hemorrhage. Once the dabigatran is reversed, we can focus on taking care of the patient without worrying about the blood thinner."" The new results are part of a large on-going phase III study testing idarucizumab in a range of patients who take dabigatran and have dangerous bleeding or need urgent surgery or other procedures that carry serious bleeding risks. Idarucizumab was approved by the U.S. Food and Drug Administration in October 2015 as the first medicine designed to reverse dabigatran. Researchers say before idarucizumab was available, patients on dabigatran who needed emergency surgery were given purified clotting factors, which carry the risk of patients' clotting systems forming dangerous blood clots. ""Idarucizumab gets rid of the dabigatran, but doesn't seem to carry with it any tendency to increase clotting. This should make perioperative management easier and safer,"" Bernstein said. Idarucizumab's success so far might persuade more people to take a blood thinner when their doctors recommend it. ""The biggest problem we face in preventing stroke in patients with atrial fibrillation is that almost half of patients don't take any blood thinner at all,"" Bernstein said. ""I see the biggest impact of idarucizumab as providing reassurance to patients that if bleeding while taking dabigatran does occur, we can quickly reverse the dabigatran. This reassurance could lead to more strokes prevented by increasing the use of an effective blood thinner."" ### Co-authors are Charles V. Pollack Jr., M.D.; Jeffrey I. Weitz, M.D.; Paul A. Reilly, Ph.D.; John Eikelboom, M.B.B.S., M.Sc.; Menno V. Huisman, M.D., Ph.D.; Pieter W. Kamphuisen, M.D., Ph.D.; Jörg Kreuzer, M.D.; Jerrold H. Levy, M.D. and Thorsten Steiner, M.D., Ph.D. Author disclosures are on the abstract. The study was funded by Boehringer Ingelheim. Praxbind and Pradaxa are both marketed by Boehringer Ingelheim of Ridgefield, Connecticut. Additional Resources: Any available downloadable video/audio interviews, B-roll, animation, graphic, and images related to this news release are on the right column of the release link http://newsroom. heart. org/ news/ new-drug-reverses-the-effects-of-blood-thinner-in-patients-with-brain-hemorrhage?preview= 3526b77201c750c0e1160b975f68484c Video clips with researchers/authors of the studies will be added to the release link as available. Follow news from ASA's International Stroke Conference 2016 via Twitter @HeartNews #ISC16."
fakehealth,news_reviews_00398,0,1,1,0.2022645042758942,0.7977354957241057,0.7977354957241057,0.3125902,0.68740976,0.68740976,"Key Points Question Does treatment with cetuximab and radiotherapy (CRT) increase the rate of laryngeal preservation and laryngectomy-free survival compared with radiotherapy alone in patients with hypopharyngeal and laryngeal carcinoma? Findings In this secondary analysis of a randomized clinical trial comparing CRT vs radiotherapy alone in 168 treated patients, there was no difference in the rates of laryngeal preservation at 2 years. There was a 4.0% and 8.9% absolute improvement in laryngectomy-free survival at 2 and 3 years, respectively, for CRT vs radiotherapy alone. Meaning The results of this secondary subset analysis reveal a possible cetuximab-related benefit in laryngeal preservation. Abstract Importance The appropriate use of surgery or radiotherapy-based approaches for organ preservation has been the subject of much debate. Unfortunately, there has been a lack of improvement in overall survival for patients with laryngeal carcinoma in the last 30 years. Objective To assess the rates of laryngeal preservation and laryngectomy-free survival in patients receiving cetuximab and radiotherapy (CRT) and patients receiving radiotherapy alone. Design, Setting, and Participants Patients were enrolled in a multicenter, open-label, stratified, randomized, phase 3 study from April 1, 1999, through March 31, 2002, from 73 centers in the United States and 14 other countries. A secondary subgroup analysis of patients with hypopharyngeal and laryngeal carcinoma was undertaken. Rates of laryngeal preservation and laryngectomy-free survival were estimated by the Kaplan-Meier method. The hazard ratios (HRs) were calculated using a Cox proportional hazards regression model. Quality of life was evaluated using the European Organization for Research and Treatment of Cancer core questionnaire and head and neck module. Main Outcomes and Measures Laryngeal preservation and laryngectomy-free survival. Results Of the 424 patients included in the trial, 168 treated patients with cancer of the larynx or hypopharynx were included in this analysis (90 in the CRT group and 78 in the radiotherapy alone group). The median (range) age of the patients was 59 (40-80) years in the CRT group and 61 (35-81) years in the radiotherapy alone group. In the CRT group, 72 patients (80.0%) were male and 18 (20.0%) were female. In the radiotherapy alone group, 62 (79.5%) were male and 16 (20.5%) were female. The rates of laryngeal preservation at 2 years were 87.9% for CRT vs 85.7% for radiotherapy alone, with an HR of 0.57 (95% CI, 0.23-1.42; P = .22). Similarly, the HR for laryngectomy-free survival comparing CRT vs radiotherapy alone was 0.78 (95% CI, 0.54-1.11; P = .17). This study was not powered to assess organ preservation. Median overall survival was 27 (95% CI, 20-45) vs 21 (95% CI, 17-35) months for the CRT and radiotherapy alone groups, respectively, with an HR of 0.87 (95% CI, 0.60-1.27). No differences between treatments were reported regarding overall quality of life, need for a feeding tube, or speech. Conclusions and Relevance The results of a possible cetuximab-related laryngeal preservation benefit for patients with hypopharyngeal or laryngeal cancer are intriguing; these results need to be interpreted in the context of a retrospective subset analysis with limited sample size. Trial Registration clinicaltrials.gov Identifier: NCT00004227 Introduction Historically, locoregionally advanced squamous cell cancers of the larynx or hypopharynx have been treated with surgical resection, usually involving laryngectomy with or without postoperative radiotherapy.1 Although laryngectomy is an effective treatment, investigators have sought therapeutic strategies that result in voice preservation. Various modifications of surgical techniques have been explored.2-5 Alternatively, in the early 1980s, investigators evaluated curative primary radiotherapy with salvage surgery as an option for these patients.6,7 Retrospective studies8,9 that compared primary radiotherapy with salvage surgery to initial surgery with postoperative radiotherapy found similar rates of survival in patients with advanced laryngeal or hypopharyngeal cancers. After the realization that many patients could avoid total laryngectomy with the use of primary radiotherapy, several combination chemoradiotherapy strategies were introduced for patients with laryngeal or hypopharyngeal cancers. In large phase 3 randomized clinical trials, induction chemotherapy followed by radiotherapy demonstrated equivalent overall survival compared with surgical resection and postoperative radiotherapy in patients with laryngeal10,11 and hypopharyngeal cancers.12 More recently, the Radiation Therapy Oncology Group 91-11 trial revealed that radiotherapy with concomitant cisplatin resulted in a superior laryngeal preservation rate compared with induction with cisplatin and fluorouracil followed by radiotherapy or radiotherapy alone for these advanced laryngeal cancers.13,14 However, this treatment did not produce a survival benefit. The appropriate use of surgery or radiotherapy-based approaches for organ preservation has been the subject of much debate.15-18 Unfortunately, there has been a lack of improvement in overall survival for patients with laryngeal carcinoma in large database studies19-21 examining the last 30 years of care. Investigators have reported that poor follow-up may contribute to the potential for larger and less curable recurrences, and surgeons experienced with radiotherapy with salvage surgery need to be involved as early as possible.20,21 The analysis described in this report was performed to assess the laryngeal preservation rates of patients with locoregionally advanced laryngeal and hypopharyngeal cancers who were entered into a randomized clinical trial of cetuximab and radiotherapy (CRT) compared with radiotherapy alone.22,23 This group of patients represents a subgroup (168 patients) of a larger population (424 patients) that also included patients with oropharyngeal cancers. It is noteworthy that this randomized clinical trial was not designed to enroll a sufficient number of patients to definitively and prospectively address the subject of the analysis reported herein. Previous reports22,23 of the overall randomized clinical trial found locoregional control and survival advantages associated with the addition of cetuximab to radiotherapy. Methods Patients Patients were enrolled in the multicenter, open-label, stratified, randomized, phase 3 study from April 1, 1999, through March 31, 2002, from 73 centers in the United States and 14 other countries. Patients who entered the trial had stage III or IV nonmetastatic squamous cell carcinoma of the oropharynx, hypopharynx, or larynx (Figure 1 and Table 1). Patients were eligible if they had pathologically confirmed stage III or IV squamous cell carcinoma, had measurable disease, had no distant metastases, had no prior therapy for the tumor under study, and were medically suitable to undergo definitive radiotherapy. This subgroup includes the patients with hypopharyngeal and laryngeal cancers. The protocol was approved by the ethics review boards at the participating institutions, and all the patients provided written informed consent. Patients were initially evaluated with a comprehensive head and neck examination, which included panendoscopy. The primary tumors and lymph nodes were staged by the American Joint Committee on Cancer staging classification of 1998. Initial evaluation included computed tomography or magnetic resonance imaging of the head and neck region and chest radiography. Patients began treatment within 2 weeks after this initial evaluation, as determined by the randomization procedure.22 Patients who underwent no surgery or less extensive operations were censored at death or date of last contact. Treatment The primary radiotherapy was delivered with curative intent. Investigators selected 1 of 3 radiation fractionation regimens: once daily, twice daily, or concomitant boost regimen (Figure 1). Cervical lymph node drainage regions, considered to be at high risk for subclinical disease, were treated with a dose of 50 to 54 Gy. The primary tumor and gross nodal disease received full-dose radiotherapy (70-76.8 Gy, depending on fractionation). However, if a postoperative neck dissection was planned, gross nodal disease could be treated with 60 Gy. For patients randomized to CRT, cetuximab treatment consisted of an initial dose of 400 mg/m2 and was delivered as a 120-minute intravenous infusion. This initial dose was delivered 1 week before the initiation of CRT. Patients received weekly cetuximab infusions during the radiotherapy treatment. Seven weekly infusions were delivered at a dose of 250 mg/m2 for a period of 60 minutes each. For patients who were scheduled to have a planned neck dissection, surgery was scheduled to take place 4 to 8 weeks after completion of CRT or radiotherapy alone. Evaluations Evaluations, including physical examination, hematologic testing, and chemical profiles, were performed weekly for the duration of the study. A pharmacologic profile was also performed weekly on patients receiving cetuximab infusion (CRT group). Patients provided a history and underwent a physical examination, which included a fiberoptic examination of the tumor, as well as an assessment of all study end points at required time points after the completion of treatment.22 Posttreatment assessments were performed 4 and 8 weeks after completion of radiotherapy. Patients who were scheduled for a planned postoperative neck dissection could have their 8-week assessment at the 6-week time point, along with posttreatment computed tomography. Subsequently, patients were evaluated every 4 months during the first and second years. They were evaluated semiannually during years 3 to 5. These follow-up assessments included imaging studies, consisting of computed tomography or magnetic resonance imaging of the head and neck region. Quality of Life The instruments used in this study were the European Organization for Research and Treatment of Cancer Quality of Life Questionnaire Core 30 version 3.0 and the Quality of Life Head and Neck Module 35. The self-administered core questionnaire consisted of 30 questions and incorporated 5 functional scales, 3 symptom scales, and a global health and quality-of-life scale. The remaining single items assessed additional symptoms commonly reported by patients with cancer, as well as the perceived financial effect of disease and treatment. All scales and single items met the standards for reliability. The 35-item module comprised 1 multi-item scale and a series of single items assessing head and neck–associated symptoms and adverse effects from conventional therapy. Statistical Analysis The randomization was not stratified by primary site of cancer; hence, the results presented below are a retrospective analysis of the selected subset of patients. A CONSORT flow diagram was included with the original publication of the trial.23 A trial profile for the analysis presented here is shown in Figure 1. The primary end point of the study was to examine differences in the rate of locoregional disease control maintained for 1 year. The duration of locoregional control was defined as the absence of locoregional disease progression at the scheduled follow-up visits and was determined through a masked review of the investigator-generated data by an independent committee of experts. The duration of locoregional control was from randomization to the first documented progression or recurrence of locoregional disease or death from any cause. Overall survival was calculated from randomization to death from any cause. Tumor present in a neck dissection, which was performed for any reason after 15 weeks after radiotherapy, constituted locoregional progression. Distribution of time-to-event parameters was estimated by the Kaplan-Meier method, and treatment effects were compared using a log-rank test. The Cox proportional hazards regression model was used to calculate the nonstratified hazard ratio (HR). The Kaplan-Meier method was also used to estimate the rate of preservation of larynx.24 Patients who underwent no surgery or lesser operations were censored at death or date of last contact. Results Characteristics of the Patients A total of 424 patients participated in the study and 168 were included in the subanalysis (90 in the CRT group or 78 in the radiotherapy alone group). Most patients from both treatment groups were treated with the concomitant boost fractionation regimen. The 2 treatment groups were well balanced with respect to sex, tumor stage, node stage (Table 1), and the rate of neck surgery (16% in the CRT group and 14% in the radiotherapy alone group). Treatment Adherence The median durations of treatment were 52, 46, and 43 days for once daily, twice daily, or concomitant boost, respectively, for patients treated with CRT and 52, 44, and 43 days, respectively, for patients treated with radiotherapy alone. For patients who received cetuximab, the median number of cetuximab infusions was 8 (range, 1–11). The median cumulative cetuximab dose was 2154 mg/m2 (range, 14-2887 mg/m2). The number of patients who received 7 or more cetuximab infusions was 80 (88.9%). The radiotherapy quality assurance review found that the mean and median doses for the once daily, twice daily, and concomitant boost regimens were 68.7 and 70.0 Gy, 74.3 and 74.4 Gy, and 70.8 and 72.0 Gy, respectively; these doses were similar in both treatment groups. Radiotherapy adherence for patients who received CRT or radiotherapy alone was balanced; 65 (72.2%) received CRT and 56 (71.8%) received radiotherapy alone as planned or with minor deviation. A total of 121 patients (72%) were treated as planned or with minor deviation. Major acceptable deviations in the CRT and radiotherapy alone groups were found in 13 (14.4%) and 13 (16.7%) patients, and major unacceptable deviations were observed in 3 (3.3%) and 5 (6.4%) patients, respectively. A total of 9 (10.0%) and 4 (5.1%) patients in these respective groups were not evaluable for a radiation quality assurance review. The differences in radiotherapy adherence between the 2 treatment groups were not statistically significant. Neck dissections were performed in 14 patients (15.6%) treated with CRT and 11 patients (14.1%) treated with radiotherapy alone. Efficacy Locoregional control was the primary end point of the phase 3 study. For this subgroup of patients with laryngeal and hypopharyngeal cancers, locoregional control was slightly improved for patients who received CRT compared with radiotherapy alone (HR, 0.80; 95% CI, 0.56-1.13) (Table 2). The 2-year rates of locoregional control were 36.9% in the CRT group and 25.7% in the radiotherapy alone group. Survival was also slightly improved for patients who received CRT compared with radiotherapy alone (HR, 0.87; 95% CI, 0.60-1.27) (Table 2). The 3-year survival rates were 41.9% in the CRT group and 39.0% in the radiotherapy alone group. The rates of laryngeal preservation (no need for salvage laryngectomy) were 87.9% at 2 and 3 years in the CRT group compared with 85.7% at 2 years and 76.8% at 3 years in the radiotherapy alone group. The 2.2% and 11.1% absolute improvements in the rates of laryngeal preservation, at 2 and 3 years, respectively, favored CRT compared with radiotherapy alone (Figure 2). However, this improvement was not statistically significant (HR, 0.57; 95% CI, 0.23-1.42; P = .22). In addition, there was a 4.0% and 8.9% absolute improvement in laryngectomy-free survival at 2 and 3 years, respectively. Again, these differences did not reach statistical significance (HR, 0.78; 95% CI, 0.54-1.11; P = .17) (Figure 2). Safety The most frequently reported adverse events are given in Table 3. The frequency of grades 3 and 4 mucositis/stomatitis and odynophagia was not significantly different among patients who received CRT compared with radiotherapy alone. Patients who received CRT had a greater rate of acneiform rash compared with patients who received radiotherapy alone (Table 3). Chills, fever, and headache were the only toxic events reported to occur at any grade with significantly higher frequency (P = .002, P = .01, and P = .004, respectively) in patients in the CRT group than in the radiotherapy alone group; however, their incidences were low (chills, 16 [17.8%] vs 2 [2.6%]; fever, 20 [22.2%] vs 6 [7.7%]; headache, 20 [22.2%] vs 5 [6.4%]). Quality of Life The quality-of-life responses were evaluated in a longitudinal design in all patients. Baseline assessment was performed at or just after randomization. Subsequent assessments took place before the beginning of the fourth week of radiotherapy, at the 8-week posttreatment evaluation, and at the 2 every-4-month follow-up evaluations of year 1. Plots of mean changes in global health status, use of a feeding tube, or speech problems reveal no differences between the treatment groups (Figure 3). A positive value in change indicates an improvement for the patient. Differences in mean changes in swallowing at radiotherapy week 4 (−15 in the CRT group and −25 in the radiotherapy alone group, P = .02), loss of appetite at radiotherapy week 4 (−11 in the CRT group and −18 in the radiotherapy alone group, P = .03), nausea at week 8 after radiotherapy (−7.3 in the CRT group and 0.3 in the radiotherapy alone group, P = .04), coughing at radiotherapy week 4 (7.4 in the CRT group and −5.6 in the radiotherapy alone group, P = .02) and at week 8 after radiotherapy (−3.2 in the CRT group and 1.1 in the radiotherapy alone group, P = .04), constipation at month 8 (2.6 in the CRT group and −19 in the radiotherapy alone group, P < .001), and cognitive functioning at month 12 (−7.0 in the CRT group and 4.6 in the radiotherapy alone group, P = .04) were not seen at the other time points. Discussion When laryngectomy is the primary treatment for locoregionally advanced laryngeal and hypopharyngeal cancers, patients gradually adjust to the loss of natural phonation, but the condition substantially interferes with normal communication and social interactions.25 In addition, although the effect of the procedure on voice frequently receives the greatest consideration, the presence of the stoma may also adversely affect patients’ quality of life.26 In the analysis reported herein, laryngeal preservation rates were studied in a subgroup of patients who were part of a large phase 3 trial that compared primary radiotherapy with or without the antiepidermal growth factor receptor monoclonal antibody cetuximab. The use of CRT produced a higher rate of laryngeal preservation compared with radiotherapy alone for patients with locoregionally advanced laryngeal or hypopharyngeal cancers. Although the difference in the rates of laryngeal preservation between the 2 groups did not reach statistical significance, the initial trial was not powered to assess this subgroup question. The HR of 0.57 is a strong indicator that cetuximab, when added to radiotherapy, may improve laryngeal preservation. The 87.9% rate of laryngeal preservation at 2 years for CRT found in this trial is similar to the rate reported for the use of radiotherapy and concomitant cisplatin in Radiation Therapy Oncology Group 91-11 trial (n = 547).13 Patients who undergo a laryngectomy often experience a difficult adjustment process. Even when the patient achieves a certain level of comfort with various techniques of artificial speech,27 the ability to communicate with others is hampered.26,28,29 Investigations have explored both the patient’s and the interviewer’s perceptions of the patient’s difficulty with communication after laryngectomy.26 Of interest, the interviewers perceived the patients’ impairment with communication as a much greater infringement on quality of life compared with the patients’ perceptions. Patients who underwent laryngectomy believed that interference with social activities resulted in a greater detrimental effect regarding their quality of life compared with the interviewers’ perception of this factor. Therefore, patients have their own perceptions, as well as the perceptions of others, as potential hurdles to normal activities after laryngectomy. The perception of life without a larynx plays an important role in a patient’s treatment decision. In a recent trial from France, 269 patients were queried about the treatment choices they might make if they faced the diagnosis of advanced laryngeal cancer.30 Only 29% stated that they would not consider options with a lower chance of cure if told that the best option, with respect to survival, was total laryngectomy. However, their enthusiasm for seeking laryngeal-preserving options waned when told about potential adverse effects, such as tracheostomy or permanent gastrostomy. An older report31 of interviews with firefighters and executives who were asked to envision that they had advanced laryngeal cancer determined that they were willing to accept a 15% to 30% reduction in life expectancy for a laryngeal-preserving treatment compared with total laryngectomy. These studies30,31 demonstrate the importance of reviewing options and potential adverse effects with patients before making a decision regarding the best treatment. Considering the importance of laryngeal function, many head and neck cancer treatments have been directed toward the goal of laryngeal preservation. One of the largest randomized clinical trials was designed to evaluate laryngeal preservation compared with radiotherapy alone, concomitant chemoradiotherapy, and induction chemotherapy followed by radiotherapy.13,14 Each treatment group included at least 180 patients, thus providing much greater statistical power than the current communication. The use of concomitant cisplatin and radiotherapy resulted in a statistically significant improvement in laryngeal preservation compared with radiotherapy alone, with a hazard ratio of 0.46. However, the induction regimen of cisplatin and fluorouracil did not improve laryngeal preservation over radiotherapy alone. Neither concomitant chemoradiotherapy nor induction chemotherapy followed by radiotherapy resulted in improved overall survival compared with radiotherapy alone. Furthermore, there were greater severe acute toxic effects from the chemoradiotherapy treatments compared with radiotherapy alone,13 but no significant differences in severe late toxic effects were noted in the comparison of the 3 treatment arms.14 Unfortunately, the concomitant chemoradiotherapy arm had an increase in deaths not attributable to cancer compared with the other 2 arms; this finding needs to be explored further to determine whether undetected fatal late treatment toxic effects are greater with concomitant regimens. Although induction chemotherapy was not used in this trial, it has been the subject of many past and recent assessments involving laryngeal preservation, as well as other efficacy and safety outcomes.10-14 A retrospective review32 of the phase 3 TAX 324 trial (Induction Chemotherapy Comparing Taxotere Cisplatin and 5-Fluorouracil With Standard Cisplatin and 5-Fluorouracil Followed by Chemoradiation in Locally Advanced Head and Neck Cancer) in patients with laryngeal or hypopharyngeal cancers revealed that induction chemotherapy of docetaxel, cisplatin, and fluorouracil (n = 90) compared with cisplatin plus fluorouracil (n = 76) followed by chemoradiotherapy with weekly carboplatin resulted in significantly improved overall survival (P = .02) and progression-free survival (P = .03) for the docetaxel, cisplatin, and fluorouracil group. Among patients undergoing surgery, laryngectomy-free survival was also significantly greater with docetaxel, cisplatin, and fluorouracil (P = .03). The TREMPLIN (Radiotherapy With Cisplatin Versus Radiotherapy With Cetuximab After Induction Chemotherapy for Larynx Preservation) trial compared the efficacy and safety of induction chemotherapy using docetaxel, cisplatin, and fluorouracil, followed by chemoradiotherapy with cisplatin (n = 60) or cetuximab (n = 56), for laryngeal preservation.33 No differences were found in laryngeal preservation, laryngeal function preservation, or overall survival between the 2 regimens. Newer studies, such as DeCIDE (Docetaxel-Based Chemotherapy Plus or Minus IC to Decrease Events in Head and Neck Cancer)34 and PARADIGM (Combination Chemotherapy and Radiation in Treating Patients With Stage III or IV Head and Neck Cancer),35 suggest no overall benefit from the addition of induction chemotherapy vs concomitant chemoradiotherapy alone. Conclusions The higher rate of laryngeal preservation that was achieved with the use of CRT compared with radiotherapy alone was encouraging. Furthermore, no significant increases in the most debilitating radiotherapy-induced toxic effects, such as mucositis/stomatitis and dysphagia, were observed. This treatment approach warrants further evaluation in larger populations to fully assess the potential value of cetuximab or other molecular targeting agents to augment laryngeal preservation rates. Back to top Article Information Accepted for Publication: April 9, 2016. Published Online: July 7, 2016. doi:10.1001/jamaoto.2016.1228 Correction: This article was corrected on October 26, 2018, to correct an inaccurate conflict of interest disclosure; it was previously corrected on December 15, 2016, to correct errors in number at risk in Figure 2A. Corresponding Author: James A. Bonner, MD, Department of Radiation Oncology, University of Alabama at Birmingham, 1700 Sixth Ave S, Hazelrig-Salter Radiation Oncology Center, Ste 2262, Birmingham, AL 35249 (jabonner@uabmc.edu). Author Contributions: Dr Chin and Mr Hossain had full access to all the data in the study and take responsibility for the integrity of the data and the accuracy of the data analysis. Study concept and design: Bonner, Harari, Hossain, Schulten, Chin, Baselga. Acquisition, analysis, or interpretation of data: Bonner, Giralt, Spencer, Schulten, Hossain, Chang, Chin. Drafting of the manuscript: Bonner, Hossain, Chin. Critical revision of the manuscript for important intellectual content: All authors. Statistical analysis: Bonner, Hossain. Obtained funding: Chang. Administrative, technical, or material support: Harari. Study supervision: Giralt, Hossain, Chang, Chin, Baselga. Conflict of Interest Disclosures: All authors have completed and submitted the ICMJE Form for Disclosure of Potential Conflicts of Interest. Dr Bonner reported working as a consultant for Eli Lilly and Company, Merck Serono, and Bristol-Myers Squibb. Dr Schulten reported being an employee of Merck KGaA. Dr Chin and Mr Hossain reported being employees of Eli Lilly and Company. Dr Chang reported being a former employee of Eli Lilly and Company and currently owning Lilly stock. Dr Baselga reports nonfinancial support and reasonable reimbursement for travel from Roche/Genentech; receiving fees from and stock ownership in the following companies: Aura Biosciences (including serving on the board of directors from 2013-2017), Infinity Pharmaceuticals (including serving on the board of directors from 2013-2017), PMV Pharma Biotechnologies (including serving on the scientific advisory board from 2014-present), Juno Therapeutics (acquired by Celgene) (including serving on the scientific advisory board from 2014-2017), Grail (including serving as member or chair of the scientific advisory board from 2016-2018), Varian Medical Systems (including serving on the board of directors from 2017-2018), Bristol-Myers Squibb (including serving on the board of directors from March to September 2018), Seragon (acquired by Roche) (including serving on the scientific advisory board of directors from 2013-2014); stock ownership in ApoGen Biotechnologies (including serving on the scientific advisory board from 2014-present), and Foghorn Therapeutics (including serving on the board from 2017-present); serving as cofounder, receiving fees from, and stock ownership in Tango (formerly Synthetic Lethal) from 2016-present and Northern Biologics (formerly Mosaic Biomedicals) (including serving on the scientific advisory board from 2013-present); receiving consulting and travel fees from Novartis and Eli Lilly; serving as cofounder of Venthera; and serving as investigator on a patent licensed to Memorial Sloan Kettering for use of phosphoinositide 3-kinase inhibitors for treatment of vascular malformations and serving as investigator for patents pending assignment to Memorial Sloan Kettering for combination therapy using PDK1 and PI3K inhibitors and inhibition of KMT2D for the treatment of breast cancer. No other disclosures were reported. Funding/Support: Research funding was provided by Eli Lilly and Company. Role of the Funder/Sponsor: The funding source had a role in the design and conduct of the study. Additional Contributions: Nathalie Godinot, MS, of Eli Lilly and Company, provided medical writing support. Anastasia Perkowski, MBA, of Eli Lilly and Company, provided medical editing assistance. Neither was compensated outside their usual salary.","Cetuximab and Radiotherapy in Laryngeal Preservation for Cancers of the Larynx and Hypopharynx: A Secondary Analysis of a Randomized Clinical Trial. Key Points Question Does treatment with cetuximab and radiotherapy (CRT) increase the rate of laryngeal preservation and laryngectomy-free survival compared with radiotherapy alone in patients with hypopharyngeal and laryngeal carcinoma? Findings In this secondary analysis of a randomized clinical trial comparing CRT vs radiotherapy alone in 168 treated patients, there was no difference in the rates of laryngeal preservation at 2 years. There was a 4.0% and 8.9% absolute improvement in laryngectomy-free survival at 2 and 3 years, respectively, for CRT vs radiotherapy alone. Meaning The results of this secondary subset analysis reveal a possible cetuximab-related benefit in laryngeal preservation. Abstract Importance The appropriate use of surgery or radiotherapy-based approaches for organ preservation has been the subject of much debate. Unfortunately, there has been a lack of improvement in overall survival for patients with laryngeal carcinoma in the last 30 years. Objective To assess the rates of laryngeal preservation and laryngectomy-free survival in patients receiving cetuximab and radiotherapy (CRT) and patients receiving radiotherapy alone. Design, Setting, and Participants Patients were enrolled in a multicenter, open-label, stratified, randomized, phase 3 study from April 1, 1999, through March 31, 2002, from 73 centers in the United States and 14 other countries. A secondary subgroup analysis of patients with hypopharyngeal and laryngeal carcinoma was undertaken. Rates of laryngeal preservation and laryngectomy-free survival were estimated by the Kaplan-Meier method. The hazard ratios (HRs) were calculated using a Cox proportional hazards regression model. Quality of life was evaluated using the European Organization for Research and Treatment of Cancer core questionnaire and head and neck module. Main Outcomes and Measures Laryngeal preservation and laryngectomy-free survival. Results Of the 424 patients included in the trial, 168 treated patients with cancer of the larynx or hypopharynx were included in this analysis (90 in the CRT group and 78 in the radiotherapy alone group). The median (range) age of the patients was 59 (40-80) years in the CRT group and 61 (35-81) years in the radiotherapy alone group. In the CRT group, 72 patients (80.0%) were male and 18 (20.0%) were female. In the radiotherapy alone group, 62 (79.5%) were male and 16 (20.5%) were female. The rates of laryngeal preservation at 2 years were 87.9% for CRT vs 85.7% for radiotherapy alone, with an HR of 0.57 (95% CI, 0.23-1.42; P = .22). Similarly, the HR for laryngectomy-free survival comparing CRT vs radiotherapy alone was 0.78 (95% CI, 0.54-1.11; P = .17). This study was not powered to assess organ preservation. Median overall survival was 27 (95% CI, 20-45) vs 21 (95% CI, 17-35) months for the CRT and radiotherapy alone groups, respectively, with an HR of 0.87 (95% CI, 0.60-1.27). No differences between treatments were reported regarding overall quality of life, need for a feeding tube, or speech. Conclusions and Relevance The results of a possible cetuximab-related laryngeal preservation benefit for patients with hypopharyngeal or laryngeal cancer are intriguing; these results need to be interpreted in the context of a retrospective subset analysis with limited sample size. Trial Registration clinicaltrials.gov Identifier: NCT00004227 Introduction Historically, locoregionally advanced squamous cell cancers of the larynx or hypopharynx have been treated with surgical resection, usually involving laryngectomy with or without postoperative radiotherapy.1 Although laryngectomy is an effective treatment, investigators have sought therapeutic strategies that result in voice preservation. Various modifications of surgical techniques have been explored.2-5 Alternatively, in the early 1980s, investigators evaluated curative primary radiotherapy with salvage surgery as an option for these patients.6,7 Retrospective studies8,9 that compared primary radiotherapy with salvage surgery to initial surgery with postoperative radiotherapy found similar rates of survival in patients with advanced laryngeal or hypopharyngeal cancers. After the realization that many patients could avoid total laryngectomy with the use of primary radiotherapy, several combination chemoradiotherapy strategies were introduced for patients with laryngeal or hypopharyngeal cancers. In large phase 3 randomized clinical trials, induction chemotherapy followed by radiotherapy demonstrated equivalent overall survival compared with surgical resection and postoperative radiotherapy in patients with laryngeal10,11 and hypopharyngeal cancers.12 More recently, the Radiation Therapy Oncology Group 91-11 trial revealed that radiotherapy with concomitant cisplatin resulted in a superior laryngeal preservation rate compared with induction with cisplatin and fluorouracil followed by radiotherapy or radiotherapy alone for these advanced laryngeal cancers.13,14 However, this treatment did not produce a survival benefit. The appropriate use of surgery or radiotherapy-based approaches for organ preservation has been the subject of much debate.15-18 Unfortunately, there has been a lack of improvement in overall survival for patients with laryngeal carcinoma in large database studies19-21 examining the last 30 years of care. Investigators have reported that poor follow-up may contribute to the potential for larger and less curable recurrences, and surgeons experienced with radiotherapy with salvage surgery need to be involved as early as possible.20,21 The analysis described in this report was performed to assess the laryngeal preservation rates of patients with locoregionally advanced laryngeal and hypopharyngeal cancers who were entered into a randomized clinical trial of cetuximab and radiotherapy (CRT) compared with radiotherapy alone.22,23 This group of patients represents a subgroup (168 patients) of a larger population (424 patients) that also included patients with oropharyngeal cancers. It is noteworthy that this randomized clinical trial was not designed to enroll a sufficient number of patients to definitively and prospectively address the subject of the analysis reported herein. Previous reports22,23 of the overall randomized clinical trial found locoregional control and survival advantages associated with the addition of cetuximab to radiotherapy. Methods Patients Patients were enrolled in the multicenter, open-label, stratified, randomized, phase 3 study from April 1, 1999, through March 31, 2002, from 73 centers in the United States and 14 other countries. Patients who entered the trial had stage III or IV nonmetastatic squamous cell carcinoma of the oropharynx, hypopharynx, or larynx (Figure 1 and Table 1). Patients were eligible if they had pathologically confirmed stage III or IV squamous cell carcinoma, had measurable disease, had no distant metastases, had no prior therapy for the tumor under study, and were medically suitable to undergo definitive radiotherapy. This subgroup includes the patients with hypopharyngeal and laryngeal cancers. The protocol was approved by the ethics review boards at the participating institutions, and all the patients provided written informed consent. Patients were initially evaluated with a comprehensive head and neck examination, which included panendoscopy. The primary tumors and lymph nodes were staged by the American Joint Committee on Cancer staging classification of 1998. Initial evaluation included computed tomography or magnetic resonance imaging of the head and neck region and chest radiography. Patients began treatment within 2 weeks after this initial evaluation, as determined by the randomization procedure.22 Patients who underwent no surgery or less extensive operations were censored at death or date of last contact. Treatment The primary radiotherapy was delivered with curative intent. Investigators selected 1 of 3 radiation fractionation regimens: once daily, twice daily, or concomitant boost regimen (Figure 1). Cervical lymph node drainage regions, considered to be at high risk for subclinical disease, were treated with a dose of 50 to 54 Gy. The primary tumor and gross nodal disease received full-dose radiotherapy (70-76.8 Gy, depending on fractionation). However, if a postoperative neck dissection was planned, gross nodal disease could be treated with 60 Gy. For patients randomized to CRT, cetuximab treatment consisted of an initial dose of 400 mg/m2 and was delivered as a 120-minute intravenous infusion. This initial dose was delivered 1 week before the initiation of CRT. Patients received weekly cetuximab infusions during the radiotherapy treatment. Seven weekly infusions were delivered at a dose of 250 mg/m2 for a period of 60 minutes each. For patients who were scheduled to have a planned neck dissection, surgery was scheduled to take place 4 to 8 weeks after completion of CRT or radiotherapy alone. Evaluations Evaluations, including physical examination, hematologic testing, and chemical profiles, were performed weekly for the duration of the study. A pharmacologic profile was also performed weekly on patients receiving cetuximab infusion (CRT group). Patients provided a history and underwent a physical examination, which included a fiberoptic examination of the tumor, as well as an assessment of all study end points at required time points after the completion of treatment.22 Posttreatment assessments were performed 4 and 8 weeks after completion of radiotherapy. Patients who were scheduled for a planned postoperative neck dissection could have their 8-week assessment at the 6-week time point, along with posttreatment computed tomography. Subsequently, patients were evaluated every 4 months during the first and second years. They were evaluated semiannually during years 3 to 5. These follow-up assessments included imaging studies, consisting of computed tomography or magnetic resonance imaging of the head and neck region. Quality of Life The instruments used in this study were the European Organization for Research and Treatment of Cancer Quality of Life Questionnaire Core 30 version 3.0 and the Quality of Life Head and Neck Module 35. The self-administered core questionnaire consisted of 30 questions and incorporated 5 functional scales, 3 symptom scales, and a global health and quality-of-life scale. The remaining single items assessed additional symptoms commonly reported by patients with cancer, as well as the perceived financial effect of disease and treatment. All scales and single items met the standards for reliability. The 35-item module comprised 1 multi-item scale and a series of single items assessing head and neck–associated symptoms and adverse effects from conventional therapy. Statistical Analysis The randomization was not stratified by primary site of cancer; hence, the results presented below are a retrospective analysis of the selected subset of patients. A CONSORT flow diagram was included with the original publication of the trial.23 A trial profile for the analysis presented here is shown in Figure 1. The primary end point of the study was to examine differences in the rate of locoregional disease control maintained for 1 year. The duration of locoregional control was defined as the absence of locoregional disease progression at the scheduled follow-up visits and was determined through a masked review of the investigator-generated data by an independent committee of experts. The duration of locoregional control was from randomization to the first documented progression or recurrence of locoregional disease or death from any cause. Overall survival was calculated from randomization to death from any cause. Tumor present in a neck dissection, which was performed for any reason after 15 weeks after radiotherapy, constituted locoregional progression. Distribution of time-to-event parameters was estimated by the Kaplan-Meier method, and treatment effects were compared using a log-rank test. The Cox proportional hazards regression model was used to calculate the nonstratified hazard ratio (HR). The Kaplan-Meier method was also used to estimate the rate of preservation of larynx.24 Patients who underwent no surgery or lesser operations were censored at death or date of last contact. Results Characteristics of the Patients A total of 424 patients participated in the study and 168 were included in the subanalysis (90 in the CRT group or 78 in the radiotherapy alone group). Most patients from both treatment groups were treated with the concomitant boost fractionation regimen. The 2 treatment groups were well balanced with respect to sex, tumor stage, node stage (Table 1), and the rate of neck surgery (16% in the CRT group and 14% in the radiotherapy alone group). Treatment Adherence The median durations of treatment were 52, 46, and 43 days for once daily, twice daily, or concomitant boost, respectively, for patients treated with CRT and 52, 44, and 43 days, respectively, for patients treated with radiotherapy alone. For patients who received cetuximab, the median number of cetuximab infusions was 8 (range, 1–11). The median cumulative cetuximab dose was 2154 mg/m2 (range, 14-2887 mg/m2). The number of patients who received 7 or more cetuximab infusions was 80 (88.9%). The radiotherapy quality assurance review found that the mean and median doses for the once daily, twice daily, and concomitant boost regimens were 68.7 and 70.0 Gy, 74.3 and 74.4 Gy, and 70.8 and 72.0 Gy, respectively; these doses were similar in both treatment groups. Radiotherapy adherence for patients who received CRT or radiotherapy alone was balanced; 65 (72.2%) received CRT and 56 (71.8%) received radiotherapy alone as planned or with minor deviation. A total of 121 patients (72%) were treated as planned or with minor deviation. Major acceptable deviations in the CRT and radiotherapy alone groups were found in 13 (14.4%) and 13 (16.7%) patients, and major unacceptable deviations were observed in 3 (3.3%) and 5 (6.4%) patients, respectively. A total of 9 (10.0%) and 4 (5.1%) patients in these respective groups were not evaluable for a radiation quality assurance review. The differences in radiotherapy adherence between the 2 treatment groups were not statistically significant. Neck dissections were performed in 14 patients (15.6%) treated with CRT and 11 patients (14.1%) treated with radiotherapy alone. Efficacy Locoregional control was the primary end point of the phase 3 study. For this subgroup of patients with laryngeal and hypopharyngeal cancers, locoregional control was slightly improved for patients who received CRT compared with radiotherapy alone (HR, 0.80; 95% CI, 0.56-1.13) (Table 2). The 2-year rates of locoregional control were 36.9% in the CRT group and 25.7% in the radiotherapy alone group. Survival was also slightly improved for patients who received CRT compared with radiotherapy alone (HR, 0.87; 95% CI, 0.60-1.27) (Table 2). The 3-year survival rates were 41.9% in the CRT group and 39.0% in the radiotherapy alone group. The rates of laryngeal preservation (no need for salvage laryngectomy) were 87.9% at 2 and 3 years in the CRT group compared with 85.7% at 2 years and 76.8% at 3 years in the radiotherapy alone group. The 2.2% and 11.1% absolute improvements in the rates of laryngeal preservation, at 2 and 3 years, respectively, favored CRT compared with radiotherapy alone (Figure 2). However, this improvement was not statistically significant (HR, 0.57; 95% CI, 0.23-1.42; P = .22). In addition, there was a 4.0% and 8.9% absolute improvement in laryngectomy-free survival at 2 and 3 years, respectively. Again, these differences did not reach statistical significance (HR, 0.78; 95% CI, 0.54-1.11; P = .17) (Figure 2). Safety The most frequently reported adverse events are given in Table 3. The frequency of grades 3 and 4 mucositis/stomatitis and odynophagia was not significantly different among patients who received CRT compared with radiotherapy alone. Patients who received CRT had a greater rate of acneiform rash compared with patients who received radiotherapy alone (Table 3). Chills, fever, and headache were the only toxic events reported to occur at any grade with significantly higher frequency (P = .002, P = .01, and P = .004, respectively) in patients in the CRT group than in the radiotherapy alone group; however, their incidences were low (chills, 16 [17.8%] vs 2 [2.6%]; fever, 20 [22.2%] vs 6 [7.7%]; headache, 20 [22.2%] vs 5 [6.4%]). Quality of Life The quality-of-life responses were evaluated in a longitudinal design in all patients. Baseline assessment was performed at or just after randomization. Subsequent assessments took place before the beginning of the fourth week of radiotherapy, at the 8-week posttreatment evaluation, and at the 2 every-4-month follow-up evaluations of year 1. Plots of mean changes in global health status, use of a feeding tube, or speech problems reveal no differences between the treatment groups (Figure 3). A positive value in change indicates an improvement for the patient. Differences in mean changes in swallowing at radiotherapy week 4 (−15 in the CRT group and −25 in the radiotherapy alone group, P = .02), loss of appetite at radiotherapy week 4 (−11 in the CRT group and −18 in the radiotherapy alone group, P = .03), nausea at week 8 after radiotherapy (−7.3 in the CRT group and 0.3 in the radiotherapy alone group, P = .04), coughing at radiotherapy week 4 (7.4 in the CRT group and −5.6 in the radiotherapy alone group, P = .02) and at week 8 after radiotherapy (−3.2 in the CRT group and 1.1 in the radiotherapy alone group, P = .04), constipation at month 8 (2.6 in the CRT group and −19 in the radiotherapy alone group, P < .001), and cognitive functioning at month 12 (−7.0 in the CRT group and 4.6 in the radiotherapy alone group, P = .04) were not seen at the other time points. Discussion When laryngectomy is the primary treatment for locoregionally advanced laryngeal and hypopharyngeal cancers, patients gradually adjust to the loss of natural phonation, but the condition substantially interferes with normal communication and social interactions.25 In addition, although the effect of the procedure on voice frequently receives the greatest consideration, the presence of the stoma may also adversely affect patients’ quality of life.26 In the analysis reported herein, laryngeal preservation rates were studied in a subgroup of patients who were part of a large phase 3 trial that compared primary radiotherapy with or without the antiepidermal growth factor receptor monoclonal antibody cetuximab. The use of CRT produced a higher rate of laryngeal preservation compared with radiotherapy alone for patients with locoregionally advanced laryngeal or hypopharyngeal cancers. Although the difference in the rates of laryngeal preservation between the 2 groups did not reach statistical significance, the initial trial was not powered to assess this subgroup question. The HR of 0.57 is a strong indicator that cetuximab, when added to radiotherapy, may improve laryngeal preservation. The 87.9% rate of laryngeal preservation at 2 years for CRT found in this trial is similar to the rate reported for the use of radiotherapy and concomitant cisplatin in Radiation Therapy Oncology Group 91-11 trial (n = 547).13 Patients who undergo a laryngectomy often experience a difficult adjustment process. Even when the patient achieves a certain level of comfort with various techniques of artificial speech,27 the ability to communicate with others is hampered.26,28,29 Investigations have explored both the patient’s and the interviewer’s perceptions of the patient’s difficulty with communication after laryngectomy.26 Of interest, the interviewers perceived the patients’ impairment with communication as a much greater infringement on quality of life compared with the patients’ perceptions. Patients who underwent laryngectomy believed that interference with social activities resulted in a greater detrimental effect regarding their quality of life compared with the interviewers’ perception of this factor. Therefore, patients have their own perceptions, as well as the perceptions of others, as potential hurdles to normal activities after laryngectomy. The perception of life without a larynx plays an important role in a patient’s treatment decision. In a recent trial from France, 269 patients were queried about the treatment choices they might make if they faced the diagnosis of advanced laryngeal cancer.30 Only 29% stated that they would not consider options with a lower chance of cure if told that the best option, with respect to survival, was total laryngectomy. However, their enthusiasm for seeking laryngeal-preserving options waned when told about potential adverse effects, such as tracheostomy or permanent gastrostomy. An older report31 of interviews with firefighters and executives who were asked to envision that they had advanced laryngeal cancer determined that they were willing to accept a 15% to 30% reduction in life expectancy for a laryngeal-preserving treatment compared with total laryngectomy. These studies30,31 demonstrate the importance of reviewing options and potential adverse effects with patients before making a decision regarding the best treatment. Considering the importance of laryngeal function, many head and neck cancer treatments have been directed toward the goal of laryngeal preservation. One of the largest randomized clinical trials was designed to evaluate laryngeal preservation compared with radiotherapy alone, concomitant chemoradiotherapy, and induction chemotherapy followed by radiotherapy.13,14 Each treatment group included at least 180 patients, thus providing much greater statistical power than the current communication. The use of concomitant cisplatin and radiotherapy resulted in a statistically significant improvement in laryngeal preservation compared with radiotherapy alone, with a hazard ratio of 0.46. However, the induction regimen of cisplatin and fluorouracil did not improve laryngeal preservation over radiotherapy alone. Neither concomitant chemoradiotherapy nor induction chemotherapy followed by radiotherapy resulted in improved overall survival compared with radiotherapy alone. Furthermore, there were greater severe acute toxic effects from the chemoradiotherapy treatments compared with radiotherapy alone,13 but no significant differences in severe late toxic effects were noted in the comparison of the 3 treatment arms.14 Unfortunately, the concomitant chemoradiotherapy arm had an increase in deaths not attributable to cancer compared with the other 2 arms; this finding needs to be explored further to determine whether undetected fatal late treatment toxic effects are greater with concomitant regimens. Although induction chemotherapy was not used in this trial, it has been the subject of many past and recent assessments involving laryngeal preservation, as well as other efficacy and safety outcomes.10-14 A retrospective review32 of the phase 3 TAX 324 trial (Induction Chemotherapy Comparing Taxotere Cisplatin and 5-Fluorouracil With Standard Cisplatin and 5-Fluorouracil Followed by Chemoradiation in Locally Advanced Head and Neck Cancer) in patients with laryngeal or hypopharyngeal cancers revealed that induction chemotherapy of docetaxel, cisplatin, and fluorouracil (n = 90) compared with cisplatin plus fluorouracil (n = 76) followed by chemoradiotherapy with weekly carboplatin resulted in significantly improved overall survival (P = .02) and progression-free survival (P = .03) for the docetaxel, cisplatin, and fluorouracil group. Among patients undergoing surgery, laryngectomy-free survival was also significantly greater with docetaxel, cisplatin, and fluorouracil (P = .03). The TREMPLIN (Radiotherapy With Cisplatin Versus Radiotherapy With Cetuximab After Induction Chemotherapy for Larynx Preservation) trial compared the efficacy and safety of induction chemotherapy using docetaxel, cisplatin, and fluorouracil, followed by chemoradiotherapy with cisplatin (n = 60) or cetuximab (n = 56), for laryngeal preservation.33 No differences were found in laryngeal preservation, laryngeal function preservation, or overall survival between the 2 regimens. Newer studies, such as DeCIDE (Docetaxel-Based Chemotherapy Plus or Minus IC to Decrease Events in Head and Neck Cancer)34 and PARADIGM (Combination Chemotherapy and Radiation in Treating Patients With Stage III or IV Head and Neck Cancer),35 suggest no overall benefit from the addition of induction chemotherapy vs concomitant chemoradiotherapy alone. Conclusions The higher rate of laryngeal preservation that was achieved with the use of CRT compared with radiotherapy alone was encouraging. Furthermore, no significant increases in the most debilitating radiotherapy-induced toxic effects, such as mucositis/stomatitis and dysphagia, were observed. This treatment approach warrants further evaluation in larger populations to fully assess the potential value of cetuximab or other molecular targeting agents to augment laryngeal preservation rates. Back to top Article Information Accepted for Publication: April 9, 2016. Published Online: July 7, 2016. doi:10.1001/jamaoto.2016.1228 Correction: This article was corrected on October 26, 2018, to correct an inaccurate conflict of interest disclosure; it was previously corrected on December 15, 2016, to correct errors in number at risk in Figure 2A. Corresponding Author: James A. Bonner, MD, Department of Radiation Oncology, University of Alabama at Birmingham, 1700 Sixth Ave S, Hazelrig-Salter Radiation Oncology Center, Ste 2262, Birmingham, AL 35249 (jabonner@uabmc.edu). Author Contributions: Dr Chin and Mr Hossain had full access to all the data in the study and take responsibility for the integrity of the data and the accuracy of the data analysis. Study concept and design: Bonner, Harari, Hossain, Schulten, Chin, Baselga. Acquisition, analysis, or interpretation of data: Bonner, Giralt, Spencer, Schulten, Hossain, Chang, Chin. Drafting of the manuscript: Bonner, Hossain, Chin. Critical revision of the manuscript for important intellectual content: All authors. Statistical analysis: Bonner, Hossain. Obtained funding: Chang. Administrative, technical, or material support: Harari. Study supervision: Giralt, Hossain, Chang, Chin, Baselga. Conflict of Interest Disclosures: All authors have completed and submitted the ICMJE Form for Disclosure of Potential Conflicts of Interest. Dr Bonner reported working as a consultant for Eli Lilly and Company, Merck Serono, and Bristol-Myers Squibb. Dr Schulten reported being an employee of Merck KGaA. Dr Chin and Mr Hossain reported being employees of Eli Lilly and Company. Dr Chang reported being a former employee of Eli Lilly and Company and currently owning Lilly stock. Dr Baselga reports nonfinancial support and reasonable reimbursement for travel from Roche/Genentech; receiving fees from and stock ownership in the following companies: Aura Biosciences (including serving on the board of directors from 2013-2017), Infinity Pharmaceuticals (including serving on the board of directors from 2013-2017), PMV Pharma Biotechnologies (including serving on the scientific advisory board from 2014-present), Juno Therapeutics (acquired by Celgene) (including serving on the scientific advisory board from 2014-2017), Grail (including serving as member or chair of the scientific advisory board from 2016-2018), Varian Medical Systems (including serving on the board of directors from 2017-2018), Bristol-Myers Squibb (including serving on the board of directors from March to September 2018), Seragon (acquired by Roche) (including serving on the scientific advisory board of directors from 2013-2014); stock ownership in ApoGen Biotechnologies (including serving on the scientific advisory board from 2014-present), and Foghorn Therapeutics (including serving on the board from 2017-present); serving as cofounder, receiving fees from, and stock ownership in Tango (formerly Synthetic Lethal) from 2016-present and Northern Biologics (formerly Mosaic Biomedicals) (including serving on the scientific advisory board from 2013-present); receiving consulting and travel fees from Novartis and Eli Lilly; serving as cofounder of Venthera; and serving as investigator on a patent licensed to Memorial Sloan Kettering for use of phosphoinositide 3-kinase inhibitors for treatment of vascular malformations and serving as investigator for patents pending assignment to Memorial Sloan Kettering for combination therapy using PDK1 and PI3K inhibitors and inhibition of KMT2D for the treatment of breast cancer. No other disclosures were reported. Funding/Support: Research funding was provided by Eli Lilly and Company. Role of the Funder/Sponsor: The funding source had a role in the design and conduct of the study. Additional Contributions: Nathalie Godinot, MS, of Eli Lilly and Company, provided medical writing support. Anastasia Perkowski, MBA, of Eli Lilly and Company, provided medical editing assistance. Neither was compensated outside their usual salary."
fakehealth,story_reviews_01224,1,0,0,0.5441761763272761,0.4558238236727239,0.5441761763272761,0.5637203,0.4362797,0.5637203,"Doctor Challenges Cause Of MS And Treatment One day 7 years ago, after a long walk with his dog along the Hudson River in Manhattan, Marc Stecker noticed he was limping. Not long after, he was diagnosed with multiple sclerosis. ""Fast forward now, and my entire right side is pretty much paralyzed and my left side is weakening,"" Stecker says. Enlarge this image toggle caption Cleveland Clinic Center for Medical Art & Photography/Cleveland Clinic Center for Medical Art & Photography Cleveland Clinic Center for Medical Art & Photography/Cleveland Clinic Center for Medical Art & Photography Stecker is now confined to a wheelchair, from where he writes a blog about his disease, called Wheelchair Kamikaze. More than a year ago, Stecker started writing about a theory Italian physician Paolo Zamboni proposed in 2008 called chronic cerebrospinal venous insufficiency, or CCSVI. It's been thought that multiple sclerosis is caused by a misguided immune system that attacks the nerves of the brain and spinal cord and can lead to muscle weakness, paralysis and death. However, Zamboni suggests that the disease instead is the result of blocked blood veins — leading to inflammation, which, in turn, causes the immune system to attack nerves in the brain and spinal cord. Zamboni proposed that treating it may be as simple as opening them up. Stecker was hopeful. ""Because my disease is so aggressive, I have been very willing to be equally aggressive in trying to combat it,"" Stecker says. The 'Liberation Procedure' To clear the veins, his doctor tried opening them with a tiny balloon. Zamboni calls it ""the liberation procedure"" but it is actually a common technique known as angioplasty when it's used to open clogged arteries — not veins. A Brief History Of Multiple Sclerosis In 1822, Augustus D'Este, the grandson of England's King George III, began documenting his illness, which would one day be identified as multiple sclerosis. Since D'Este's day, researchers have learned how to better treat the disease, but have not yet found a cure. Here is a timeline of some key events along the way. 1868: Scientists identify multiple sclerosis as a distinct condition. 1878: Myelin, which insulates nerve fibers, is discovered. In MS, the body erodes the myelin, which damages nerve fibers and interrupts brain signals. 1916: Using a microscope James Dawson examines the brains of people who died from MS. He is able to describe in depth the damage done by the disease. 1969: Researchers use a hormone typically made by the pituitary gland to treat the symptoms of MS. 1981: The MRI is first used to help diagnose MS, reducing diagnosis time from seven years to six months after the first symptom. 1993: Doctors begin using a drug called Beta interferon 1-b to reduce disease flare-ups. 2008: Paolo Zamboni proposes the theory Chronic Cerebrospinal Venous Insufficiency. — From the National Multiple Sclerosis Society ""At first, I was very skeptical. But anecdotal reports started coming through of almost miraculous results from it.…So, I decided, you know, hey it was worth a shot,"" Stecker says. But it didn't work. Although the doctor who treated him in New York found a significant blockage, he was unable to correct it, Stecker says. Still, some would say Stecker was lucky. Many desperate patients have spent their life savings flying overseas to have the procedure, only to have it fail a few months later. Others elect to have tiny metal tubes, known as ""stents,"" placed in the veins to hold them open and have suffered serious complications, including life-threatening blood clots. Several patients have even died as a result. Stecker says if he had it to do over again, he would have waited for more research. But he says he was eager to try something that offered him the first real glimmer of hope for a cure. ""CCSVI equals hope and a lot of MS patients just are completely devoid of hope,"" Stecker says. ""People don't want to have MS. They want to go back to who they used to be. You know, along comes this theory that offers an easy-to-understand solution, so it's very, very, very seductive."" Growing Public Controversy It's so seductive, in fact, that Canadians and Americans with MS have been flocking overseas to get the ""liberation procedure."" Something that many researchers find very troubling. Robert Zivadinov of the Buffalo Neuroimaging Analysis Center in New York says that not only is the procedure unsafe and costly to many patients, it is impeding necessary research. Enlarge this image toggle caption Cleveland Clinic Center for Medical Art & Photography Cleveland Clinic Center for Medical Art & Photography ""Even if the treatment is not useful for patients with MS, I don't think that we can abandon the idea of vascular involvement in MS,"" Zivadinov says. ""And I think this merits very detailed understanding of what is going on."" What is going on is still a bit of a mystery. Critics argue that although Zamboni's original research suggests a vascular cause for MS, other studies don't. These discrepancies, and growing public controversy, prompted the National Multiple Sclerosis Society in the U.S. and the Multiple Sclerosis Society of Canada to take Zamboni's claims seriously. They funded a number of independent studies to investigate the relationship between CCSVI and MS. Robert Fox, a neurologist at the Cleveland Clinic, currently oversees one of the studies funded by an MS Society grant. He says part of the confusion comes from variations in how CCSVI is measured. ""That's absolutely one of the potential problems in the previous studies: Are the techs who got negative results, did they just not know how to do the ultrasound in the way that Dr. Zamboni described doing the ultrasound? And that's a very important issue,"" Fox says. Fox says he sent his technicians to a special training to learn how to properly measure the veins because it's not something most technicians ever do. 'Bigger Than Multiple Sclerosis' Meanwhile in Buffalo, Zivadinov says his research on CCSVI already shows a clear picture emerging. ""CCSVI is not the cause of MS but might be a consequence or a contributing factor to progression, and I think that has to be studied,"" Zivadinov says. Studying how the vascular system is involved in neurologic disease is an entirely new concept, Zivadinov says. One that may have an impact beyond any single disease. ""What professor Zamboni discovered in terms of veins is something much bigger than multiple sclerosis,"" Zivadinov says. ""We need to understand the role of the venous system in the pathology of central nervous diseases and aging."" Zamboni himself says that even if it turns out he's wrong, coming to a greater understanding of the disease would be the big reward — both for him and thousands of MS patients.","Doctor Challenges Cause Of MS And Treatment One day 7 years ago, after a long walk with his dog along the Hudson River in Manhattan, Marc Stecker noticed he was limping. Not long after, he was diagnosed with multiple sclerosis. ""Fast forward now, and my entire right side is pretty much paralyzed and my left side is weakening,"" Stecker says. Enlarge this image toggle caption Cleveland Clinic Center for Medical Art & Photography/Cleveland Clinic Center for Medical Art & Photography Cleveland Clinic Center for Medical Art & Photography/Cleveland Clinic Center for Medical Art & Photography Stecker is now confined to a wheelchair, from where he writes a blog about his disease, called Wheelchair Kamikaze. More than a year ago, Stecker started writing about a theory Italian physician Paolo Zamboni proposed in 2008 called chronic cerebrospinal venous insufficiency, or CCSVI. It's been thought that multiple sclerosis is caused by a misguided immune system that attacks the nerves of the brain and spinal cord and can lead to muscle weakness, paralysis and death. However, Zamboni suggests that the disease instead is the result of blocked blood veins — leading to inflammation, which, in turn, causes the immune system to attack nerves in the brain and spinal cord. Zamboni proposed that treating it may be as simple as opening them up. Stecker was hopeful. ""Because my disease is so aggressive, I have been very willing to be equally aggressive in trying to combat it,"" Stecker says. The 'Liberation Procedure' To clear the veins, his doctor tried opening them with a tiny balloon. Zamboni calls it ""the liberation procedure"" but it is actually a common technique known as angioplasty when it's used to open clogged arteries — not veins. A Brief History Of Multiple Sclerosis In 1822, Augustus D'Este, the grandson of England's King George III, began documenting his illness, which would one day be identified as multiple sclerosis. Since D'Este's day, researchers have learned how to better treat the disease, but have not yet found a cure. Here is a timeline of some key events along the way. 1868: Scientists identify multiple sclerosis as a distinct condition. 1878: Myelin, which insulates nerve fibers, is discovered. In MS, the body erodes the myelin, which damages nerve fibers and interrupts brain signals. 1916: Using a microscope James Dawson examines the brains of people who died from MS. He is able to describe in depth the damage done by the disease. 1969: Researchers use a hormone typically made by the pituitary gland to treat the symptoms of MS. 1981: The MRI is first used to help diagnose MS, reducing diagnosis time from seven years to six months after the first symptom. 1993: Doctors begin using a drug called Beta interferon 1-b to reduce disease flare-ups. 2008: Paolo Zamboni proposes the theory Chronic Cerebrospinal Venous Insufficiency. — From the National Multiple Sclerosis Society ""At first, I was very skeptical. But anecdotal reports started coming through of almost miraculous results from it.…So, I decided, you know, hey it was worth a shot,"" Stecker says. But it didn't work. Although the doctor who treated him in New York found a significant blockage, he was unable to correct it, Stecker says. Still, some would say Stecker was lucky. Many desperate patients have spent their life savings flying overseas to have the procedure, only to have it fail a few months later. Others elect to have tiny metal tubes, known as ""stents,"" placed in the veins to hold them open and have suffered serious complications, including life-threatening blood clots. Several patients have even died as a result. Stecker says if he had it to do over again, he would have waited for more research. But he says he was eager to try something that offered him the first real glimmer of hope for a cure. ""CCSVI equals hope and a lot of MS patients just are completely devoid of hope,"" Stecker says. ""People don't want to have MS. They want to go back to who they used to be. You know, along comes this theory that offers an easy-to-understand solution, so it's very, very, very seductive."" Growing Public Controversy It's so seductive, in fact, that Canadians and Americans with MS have been flocking overseas to get the ""liberation procedure."" Something that many researchers find very troubling. Robert Zivadinov of the Buffalo Neuroimaging Analysis Center in New York says that not only is the procedure unsafe and costly to many patients, it is impeding necessary research. Enlarge this image toggle caption Cleveland Clinic Center for Medical Art & Photography Cleveland Clinic Center for Medical Art & Photography ""Even if the treatment is not useful for patients with MS, I don't think that we can abandon the idea of vascular involvement in MS,"" Zivadinov says. ""And I think this merits very detailed understanding of what is going on."" What is going on is still a bit of a mystery. Critics argue that although Zamboni's original research suggests a vascular cause for MS, other studies don't. These discrepancies, and growing public controversy, prompted the National Multiple Sclerosis Society in the U.S. and the Multiple Sclerosis Society of Canada to take Zamboni's claims seriously. They funded a number of independent studies to investigate the relationship between CCSVI and MS. Robert Fox, a neurologist at the Cleveland Clinic, currently oversees one of the studies funded by an MS Society grant. He says part of the confusion comes from variations in how CCSVI is measured. ""That's absolutely one of the potential problems in the previous studies: Are the techs who got negative results, did they just not know how to do the ultrasound in the way that Dr. Zamboni described doing the ultrasound? And that's a very important issue,"" Fox says. Fox says he sent his technicians to a special training to learn how to properly measure the veins because it's not something most technicians ever do. 'Bigger Than Multiple Sclerosis' Meanwhile in Buffalo, Zivadinov says his research on CCSVI already shows a clear picture emerging. ""CCSVI is not the cause of MS but might be a consequence or a contributing factor to progression, and I think that has to be studied,"" Zivadinov says. Studying how the vascular system is involved in neurologic disease is an entirely new concept, Zivadinov says. One that may have an impact beyond any single disease. ""What professor Zamboni discovered in terms of veins is something much bigger than multiple sclerosis,"" Zivadinov says. ""We need to understand the role of the venous system in the pathology of central nervous diseases and aging."" Zamboni himself says that even if it turns out he's wrong, coming to a greater understanding of the disease would be the big reward — both for him and thousands of MS patients."
fakehealth,news_reviews_00157,1,0,0,0.6949174915312553,0.3050825084687447,0.6949174915312553,0.5619617,0.43803835,0.5619617,"Characterized by the World Health Organization as a ""neglected tropical disease,"" leprosy (also known as Hansen's disease) is one of the most ancient diseases known to humankind and is caused by the bacteria Mycobacterium leprae. Nearly a quarter of a million people worldwide have leprosy, which causes disfiguration of the skin and mucous membranes as well as progressive and incurable nerve damage. While drug therapy exists for leprosy, it must be taken for many months, has many side effects and often is given too late to reverse the permanent damage caused by the bacterial infection. A viable vaccine to prevent and/or treat leprosy is the next step in the effort to bring this disease to an end. Scientists at IDRI, along with national and international collaborators including the National Hansen's Disease Program and the National Institute of Allergy and Infectious Diseases (NIAID), part of the National Institutes of Health, with financial support from American Leprosy Missions, have developed a promising leprosy vaccine candidate designed to help treat leprosy and prevent exposed individuals from developing disease and the resulting disabilities. Based on data generated in preclinical studies, the vaccine candidate, called LepVax, has progressed to Phase I clinical testing in the United States, the first stage of safety testing in human volunteers. The clinical trial is focused on safety, as well as evaluating the immune response to the vaccine. ""While previous attempts have used vaccines primarily developed for other diseases, this is the first totally defined vaccine candidate developed specifically for leprosy, using the latest technologies and offering no less than those exposed to leprosy deserve,"" said Steven Reed, Ph.D., IDRI President, CEO & Founder. ""The leprosy vaccine program at IDRI has benefited greatly from what we've learned in the development of tuberculosis vaccine candidates over the past two decades. Although the bacteria that cause tuberculosis and leprosy are related, leprosy vaccine development posed great challenges. This vaccine represents a unique accomplishment, requiring the most advanced technologies in molecular biology and immunology, and American Leprosy Missions has been there from the beginning."" IDRI scientists have also developed two vaccine candidates for tuberculosis, both in clinical stages of development. ""We are thrilled that after 15 years and an investment of over $5.1 million, made possible by our faithful donors and partners, a leprosy-specific vaccine is beginning a Phase I clinical trial,"" says Bill Simmons, President and CEO of American Leprosy Missions. ""We believe this may be the most exciting breakthrough in leprosy treatment since multi-drug therapy, the current treatment for leprosy, was launched in the 1980s. We look forward to this vaccine improving the health outcomes of people diagnosed with leprosy. And, it may be that this vaccine can lead to interruption of the transmission of leprosy all together. What a tremendous legacy this would leave for millions of people worldwide."" The vaccine was developed through significant efforts in screening and identifying M. leprae proteins that trigger an effective immune response. IDRI scientists then produced a fusion of four leprosy proteins, which is combined with IDRI's proprietary immune-stimulating adjuvant (GLA-SE). With recent developments in vaccine technology, IDRI scientists can now induce protective responses even after infection, meaning it could be possible to prevent disease development in people already infected with the leprosy bacterium. ""This generation of a vaccine to prevent and possibly treat leprosy is the result of years of research. The development has been complicated by the fact that the organism that causes leprosy cannot be grown in culture in the laboratory,"" Reed explained. ""This is a unique example of a vaccine produced by totally synthetic methods."" Reed added that, without the foresight and support of American Leprosy Missions, there would be no leprosy vaccine candidate. ""The vision and support of American Leprosy Missions has been tremendous as we've worked with them throughout the years, moving from our work in developing a leprosy diagnostic to our current focus on a successful leprosy vaccine,"" he said. ""The progress we've had to date would not have been possible without American Leprosy Missions' financial support and guidance."" Early results from the Phase I study should be available in 2018, and the partners are currently exploring mechanisms to advance the vaccine through later-phase clinical trials should results from the Phase I study (clinical trial NCT03302897) support further evaluation. The vaccine candidate will serve as part of an overall strategy to end leprosy, which will require detection, prevention and treatment. IDRI had developed technology to enable a rapid, affordable, point-of-care diagnostic test, which was funded by NIAID (grant numbers 1R43AI066613-01A1 and 2R44AI066613-02.) In addition to IDRI and American Leprosy Missions, a variety of partners are taking part in efforts to eliminate leprosy, including Novartis and the Novartis Foundation. Reed, along with scientists from a variety of scientific organizations recently published ""Innovative tools and approaches to end the transmission of Mycobacterium leprae"" in The Lancet Infectious Diseases , outlining what is needed to achieve this goal. Together with scientific, government and NGO partners, the Novartis Foundation develops and implements strategies to help interrupt leprosy transmission, while Novartis donates the treatment for leprosy free of charge. About IDRI: As a nonprofit global health organization, IDRI (Infectious Disease Research Institute) takes a comprehensive approach to combat infectious diseases, combining the high-quality science of a research organization with the product development capabilities of a biotech company to create new diagnostics, drugs and vaccines. Founded in 1993, IDRI has 125 employees headquartered in Seattle with nearly 100 partners/collaborators around the world. For more information, visit www.idri.org. About American Leprosy Missions: American Leprosy Missions, based in Greenville, South Carolina, is the oldest and largest Christian organization in the United States dedicated to curing and caring for people affected by leprosy and related diseases. It funds projects and partners in countries across Africa, Asia and the Americas. During its more than 100-year history, American Leprosy Missions has provided holistic care to four million people around the world including medical treatment and training, Christian outreach, community development and vaccine research. For more information, visit www.leprosy.org. SOURCE Infectious Disease Research Institute Related Links http://www.idri.org","Promising New Leprosy Vaccine Moves Into Human Trials. Characterized by the World Health Organization as a ""neglected tropical disease,"" leprosy (also known as Hansen's disease) is one of the most ancient diseases known to humankind and is caused by the bacteria Mycobacterium leprae. Nearly a quarter of a million people worldwide have leprosy, which causes disfiguration of the skin and mucous membranes as well as progressive and incurable nerve damage. While drug therapy exists for leprosy, it must be taken for many months, has many side effects and often is given too late to reverse the permanent damage caused by the bacterial infection. A viable vaccine to prevent and/or treat leprosy is the next step in the effort to bring this disease to an end. Scientists at IDRI, along with national and international collaborators including the National Hansen's Disease Program and the National Institute of Allergy and Infectious Diseases (NIAID), part of the National Institutes of Health, with financial support from American Leprosy Missions, have developed a promising leprosy vaccine candidate designed to help treat leprosy and prevent exposed individuals from developing disease and the resulting disabilities. Based on data generated in preclinical studies, the vaccine candidate, called LepVax, has progressed to Phase I clinical testing in the United States, the first stage of safety testing in human volunteers. The clinical trial is focused on safety, as well as evaluating the immune response to the vaccine. ""While previous attempts have used vaccines primarily developed for other diseases, this is the first totally defined vaccine candidate developed specifically for leprosy, using the latest technologies and offering no less than those exposed to leprosy deserve,"" said Steven Reed, Ph.D., IDRI President, CEO & Founder. ""The leprosy vaccine program at IDRI has benefited greatly from what we've learned in the development of tuberculosis vaccine candidates over the past two decades. Although the bacteria that cause tuberculosis and leprosy are related, leprosy vaccine development posed great challenges. This vaccine represents a unique accomplishment, requiring the most advanced technologies in molecular biology and immunology, and American Leprosy Missions has been there from the beginning."" IDRI scientists have also developed two vaccine candidates for tuberculosis, both in clinical stages of development. ""We are thrilled that after 15 years and an investment of over $5.1 million, made possible by our faithful donors and partners, a leprosy-specific vaccine is beginning a Phase I clinical trial,"" says Bill Simmons, President and CEO of American Leprosy Missions. ""We believe this may be the most exciting breakthrough in leprosy treatment since multi-drug therapy, the current treatment for leprosy, was launched in the 1980s. We look forward to this vaccine improving the health outcomes of people diagnosed with leprosy. And, it may be that this vaccine can lead to interruption of the transmission of leprosy all together. What a tremendous legacy this would leave for millions of people worldwide."" The vaccine was developed through significant efforts in screening and identifying M. leprae proteins that trigger an effective immune response. IDRI scientists then produced a fusion of four leprosy proteins, which is combined with IDRI's proprietary immune-stimulating adjuvant (GLA-SE). With recent developments in vaccine technology, IDRI scientists can now induce protective responses even after infection, meaning it could be possible to prevent disease development in people already infected with the leprosy bacterium. ""This generation of a vaccine to prevent and possibly treat leprosy is the result of years of research. The development has been complicated by the fact that the organism that causes leprosy cannot be grown in culture in the laboratory,"" Reed explained. ""This is a unique example of a vaccine produced by totally synthetic methods."" Reed added that, without the foresight and support of American Leprosy Missions, there would be no leprosy vaccine candidate. ""The vision and support of American Leprosy Missions has been tremendous as we've worked with them throughout the years, moving from our work in developing a leprosy diagnostic to our current focus on a successful leprosy vaccine,"" he said. ""The progress we've had to date would not have been possible without American Leprosy Missions' financial support and guidance."" Early results from the Phase I study should be available in 2018, and the partners are currently exploring mechanisms to advance the vaccine through later-phase clinical trials should results from the Phase I study (clinical trial NCT03302897) support further evaluation. The vaccine candidate will serve as part of an overall strategy to end leprosy, which will require detection, prevention and treatment. IDRI had developed technology to enable a rapid, affordable, point-of-care diagnostic test, which was funded by NIAID (grant numbers 1R43AI066613-01A1 and 2R44AI066613-02.) In addition to IDRI and American Leprosy Missions, a variety of partners are taking part in efforts to eliminate leprosy, including Novartis and the Novartis Foundation. Reed, along with scientists from a variety of scientific organizations recently published ""Innovative tools and approaches to end the transmission of Mycobacterium leprae"" in The Lancet Infectious Diseases , outlining what is needed to achieve this goal. Together with scientific, government and NGO partners, the Novartis Foundation develops and implements strategies to help interrupt leprosy transmission, while Novartis donates the treatment for leprosy free of charge. About IDRI: As a nonprofit global health organization, IDRI (Infectious Disease Research Institute) takes a comprehensive approach to combat infectious diseases, combining the high-quality science of a research organization with the product development capabilities of a biotech company to create new diagnostics, drugs and vaccines. Founded in 1993, IDRI has 125 employees headquartered in Seattle with nearly 100 partners/collaborators around the world. For more information, visit www.idri.org. About American Leprosy Missions: American Leprosy Missions, based in Greenville, South Carolina, is the oldest and largest Christian organization in the United States dedicated to curing and caring for people affected by leprosy and related diseases. It funds projects and partners in countries across Africa, Asia and the Americas. During its more than 100-year history, American Leprosy Missions has provided holistic care to four million people around the world including medical treatment and training, Christian outreach, community development and vaccine research. For more information, visit www.leprosy.org. SOURCE Infectious Disease Research Institute Related Links http://www.idri.org"
fakehealth,story_reviews_00722,0,1,1,0.2201509478151199,0.7798490521848801,0.7798490521848801,0.39669243,0.60330755,0.60330755,"Bite Back At Bad Cholesterol: Eat An Avocado A Day Enlarge this image toggle caption Tastyart Ltd Rob White/Getty Images Tastyart Ltd Rob White/Getty Images New research finds that eating an avocado per day, as part of an overall diet rich in healthy fats, may help cut the bad kind cholesterol, known as LDL. Researchers at Pennsylvania State University recruited 45 overweight participants who agreed to try three different types of cholesterol-lowering diets. Their study was published Wednesday in the Journal of the American Heart Association. One was a low-fat diet that included lots of fruits, low-fat dairy, poultry, whole grains and small amounts of red meat. The other two diets were moderately high in fat, with about 34 percent of total calories consumed per day coming from fat. The types of foods and meals were similar to the low-fat diet, but included more nuts and oils. One of the moderately high-fat diets included a daily serving of one avocado. In one sample meal plan, lunch was chicken salad with half an avocado, and dinner included turkey tacos with another half an avocado. The diets were similar in terms of macronutrients (like protein and fats) and calories. The only difference between the two was the avocado — the other diet had the same amount of fat from other sources. At the end of the study, the researchers found that the avocado diet led to significant reductions in LDL cholesterol, compared with the other two diets. To put the difference in perspective, the avocado diet decreased LDL cholesterol about 14 milligrams per deciliter of blood. Compare that with a decrease of about 7 mg/dL for the low-fat diet, and about a 8 mg/dl drop from the moderate-fat diet. ""I was surprised to see the added benefit [of the avocado],"" Penny Kris-Etherton, a nutrition scientist at Penn State and the lead author of the study, tells us."" It's something in the avocado"" other than just the fat composition, she says. She says she'd like to do follow-up research to look at the bioactive compounds in avocados, which may explain the added reduction in LDL cholesterol in the study participants. It's also possible that the fiber in avocados plays a role in the cholesterol-lowering effect, she says. But one caveat for anyone who loves guacamole: When it's served up with chips, the calories can add up. A mere half-cup of guacamole has about 200 calories all on its own. Kris-Etherton's study was funded, in part, by the National Center for Research Resources, part of the National Institutes of Health. It was also supported by a grant from the Hass Avocado Board, an industry group that the researchers say had no role in the design of the study or the interpretation of the data. We asked Kris-Etherton if she would have published the results had there been no positive findings for the avocado. ""Oh, absolutely!"" she told us. The agreement was to publish no matter the results. And given the reduction in funds available for research, it's become increasingly common for researchers to carry out these kinds of industry-supported studies.","Bite Back At Bad Cholesterol: Eat An Avocado A Day Enlarge this image toggle caption Tastyart Ltd Rob White/Getty Images Tastyart Ltd Rob White/Getty Images New research finds that eating an avocado per day, as part of an overall diet rich in healthy fats, may help cut the bad kind cholesterol, known as LDL. Researchers at Pennsylvania State University recruited 45 overweight participants who agreed to try three different types of cholesterol-lowering diets. Their study was published Wednesday in the Journal of the American Heart Association. One was a low-fat diet that included lots of fruits, low-fat dairy, poultry, whole grains and small amounts of red meat. The other two diets were moderately high in fat, with about 34 percent of total calories consumed per day coming from fat. The types of foods and meals were similar to the low-fat diet, but included more nuts and oils. One of the moderately high-fat diets included a daily serving of one avocado. In one sample meal plan, lunch was chicken salad with half an avocado, and dinner included turkey tacos with another half an avocado. The diets were similar in terms of macronutrients (like protein and fats) and calories. The only difference between the two was the avocado — the other diet had the same amount of fat from other sources. At the end of the study, the researchers found that the avocado diet led to significant reductions in LDL cholesterol, compared with the other two diets. To put the difference in perspective, the avocado diet decreased LDL cholesterol about 14 milligrams per deciliter of blood. Compare that with a decrease of about 7 mg/dL for the low-fat diet, and about a 8 mg/dl drop from the moderate-fat diet. ""I was surprised to see the added benefit [of the avocado],"" Penny Kris-Etherton, a nutrition scientist at Penn State and the lead author of the study, tells us."" It's something in the avocado"" other than just the fat composition, she says. She says she'd like to do follow-up research to look at the bioactive compounds in avocados, which may explain the added reduction in LDL cholesterol in the study participants. It's also possible that the fiber in avocados plays a role in the cholesterol-lowering effect, she says. But one caveat for anyone who loves guacamole: When it's served up with chips, the calories can add up. A mere half-cup of guacamole has about 200 calories all on its own. Kris-Etherton's study was funded, in part, by the National Center for Research Resources, part of the National Institutes of Health. It was also supported by a grant from the Hass Avocado Board, an industry group that the researchers say had no role in the design of the study or the interpretation of the data. We asked Kris-Etherton if she would have published the results had there been no positive findings for the avocado. ""Oh, absolutely!"" she told us. The agreement was to publish no matter the results. And given the reduction in funds available for research, it's become increasingly common for researchers to carry out these kinds of industry-supported studies."
fakehealth,story_reviews_01124,0,1,1,0.4775998692520811,0.5224001307479189,0.5224001307479189,0.3462959,0.6537041,0.6537041,"Alzheimer's Redefined, But Changes Mean Little For Patients Enlarge this image toggle caption Sebastien Bozon/AFP/Getty Images Sebastien Bozon/AFP/Getty Images The definition of Alzheimer's disease just got wider and deeper, but the expansion won't change how the vast majority of people are diagnosed. It also doesn't change the very limited treatment choices. But the new criteria, which were developed by the National Institute on Aging and the Alzheimer's Association, are almost guaranteed to prompt confusion, even in people who are thinking quite clearly. For research, there's a lot of value. For everyday clinical use, very very little. The guidelines say, for instance, that newly developed ""biomarker"" tests, such as assays for proteins in spinal fluid, and some specialized brain scans can be used for early diagnosis of Alzheimer's. But, the guidelines say, the tests are to be used only for research, and not for diagnosing Alzheimer's in the general public. The distinction is nothing to worry about for patients and their families. ""You don't need a biomarker test"" for everyday clinical practice, says David Knopman, a professor of neurology at the Mayo Clinic, who was co-chairman of the group that revised the dementia diagnosis. The existing tests for Alzheimer's are adequate, he says. And those biomarkers? ""It's in the fine print, but it definitely says in multiple places that the biomarkers are for research purposes."" Why? Well, the biomarker tests and PET scans aren't yet accurate enough to reliably diagnose Alzheimer's, and haven't been approved by the Food and Drug Administration. And it's also because there are no treatments that can prevent, slow or stop early signs of Alzheimer's. ""For research, there's a lot of value,"" Knopman says. ""For everyday clinical use, very very little."" About 5 million Americans have Alzheimer's. The hallmark signs are problems with thinking, learning, and memory. The current definition, created in 1984, describes Alzheimer's that way. But over the past few years there's been solid evidence that Alzheimer's starts damaging the brain years before a person starts having noticeable problems thinking. Scientists have been putting a lot of effort into trying to identify what starts the disease process, but have so far come up empty. The new definitions, which were just published online by the journal Alzheimer's & Dementia, acknowledge this dimly understood early phase of Alzheimer's. Now there are two new pre-dementia phases: mild cognitive impairment and ""preclinical Alzheimer's."" In mild cognitive impairment, a person's changes in thinking are noticeable to himself, friends, or family. They would show up on tests of memory and recall, but don't interfere with everyday activities. Alzheimer's is just one possible cause. Because there are no treatments to prevent or stop Alzheimer's, many people may not consider this diagnosis a blessing. The second new phase, preclinical Alzheimer's, is much squishier. There's no list of symptoms that a doctor can whip out to say you've got it. Rather, the goal in creating this category is to see if scientists can define when the disease starts, and track it through biomarker tests, brain imaging, or other yet-to-be-invented tests. If that happens, it might someday lead to ways to prevent Alzheimer's. But for now this category is useful only to researchers. The goal in all this, according to the Alzheimer's Association, is to increase opportunities for earlier diagnosis and treatment. The problem is that there aren't yet any reliable tools for earlier diagnosis and treatment. The new criteria are really a call for more research — and the money to fund it. That would be good for the Alzheimer's Association and the National Institute on Aging, which sponsored the work on the new criteria. And it does leave one wondering if a lot more worry will be generated by the notion of ""preclinical Alzheimer's,"" when science and medicine can't offer anything to ease those fears.","Early Stages Of Alzheimer's Now Get Formal Definitions : Shots. Alzheimer's Redefined, But Changes Mean Little For Patients Enlarge this image toggle caption Sebastien Bozon/AFP/Getty Images Sebastien Bozon/AFP/Getty Images The definition of Alzheimer's disease just got wider and deeper, but the expansion won't change how the vast majority of people are diagnosed. It also doesn't change the very limited treatment choices. But the new criteria, which were developed by the National Institute on Aging and the Alzheimer's Association, are almost guaranteed to prompt confusion, even in people who are thinking quite clearly. For research, there's a lot of value. For everyday clinical use, very very little. The guidelines say, for instance, that newly developed ""biomarker"" tests, such as assays for proteins in spinal fluid, and some specialized brain scans can be used for early diagnosis of Alzheimer's. But, the guidelines say, the tests are to be used only for research, and not for diagnosing Alzheimer's in the general public. The distinction is nothing to worry about for patients and their families. ""You don't need a biomarker test"" for everyday clinical practice, says David Knopman, a professor of neurology at the Mayo Clinic, who was co-chairman of the group that revised the dementia diagnosis. The existing tests for Alzheimer's are adequate, he says. And those biomarkers? ""It's in the fine print, but it definitely says in multiple places that the biomarkers are for research purposes."" Why? Well, the biomarker tests and PET scans aren't yet accurate enough to reliably diagnose Alzheimer's, and haven't been approved by the Food and Drug Administration. And it's also because there are no treatments that can prevent, slow or stop early signs of Alzheimer's. ""For research, there's a lot of value,"" Knopman says. ""For everyday clinical use, very very little."" About 5 million Americans have Alzheimer's. The hallmark signs are problems with thinking, learning, and memory. The current definition, created in 1984, describes Alzheimer's that way. But over the past few years there's been solid evidence that Alzheimer's starts damaging the brain years before a person starts having noticeable problems thinking. Scientists have been putting a lot of effort into trying to identify what starts the disease process, but have so far come up empty. The new definitions, which were just published online by the journal Alzheimer's & Dementia, acknowledge this dimly understood early phase of Alzheimer's. Now there are two new pre-dementia phases: mild cognitive impairment and ""preclinical Alzheimer's."" In mild cognitive impairment, a person's changes in thinking are noticeable to himself, friends, or family. They would show up on tests of memory and recall, but don't interfere with everyday activities. Alzheimer's is just one possible cause. Because there are no treatments to prevent or stop Alzheimer's, many people may not consider this diagnosis a blessing. The second new phase, preclinical Alzheimer's, is much squishier. There's no list of symptoms that a doctor can whip out to say you've got it. Rather, the goal in creating this category is to see if scientists can define when the disease starts, and track it through biomarker tests, brain imaging, or other yet-to-be-invented tests. If that happens, it might someday lead to ways to prevent Alzheimer's. But for now this category is useful only to researchers. The goal in all this, according to the Alzheimer's Association, is to increase opportunities for earlier diagnosis and treatment. The problem is that there aren't yet any reliable tools for earlier diagnosis and treatment. The new criteria are really a call for more research — and the money to fund it. That would be good for the Alzheimer's Association and the National Institute on Aging, which sponsored the work on the new criteria. And it does leave one wondering if a lot more worry will be generated by the notion of ""preclinical Alzheimer's,"" when science and medicine can't offer anything to ease those fears."
fakehealth,story_reviews_01121,0,1,1,0.425680660034836,0.5743193399651639,0.5743193399651639,0.23023094,0.7697691,0.7697691,"NEW YORK (Reuters Health) - Small doses of aspirin can lower the risk of heart attack in people who never had heart disease, a new look at the medical evidence shows. But the blood-thinning drug doesn’t appear to cut the chances of dying from the disease, at least not enough that researchers can say for certain. And experts warn people to consult their doctor before taking the medication, which increases the risk of bleeding ulcers. “I like to say you have to make the recommendation about aspirin one patient at a time,” Dr. Michael L. LeFevre, who was not linked to the study, told Reuters Health. LeFevre worked on the 2009 aspirin recommendations from the U.S. Preventive Services Task Force (USPSTF), a federally supported expert panel. The task force advises that men age 45 to 79 take aspirin to stave off heart attacks, as long as the benefit outweighs the risk of bleeding. For women age 55 to 79, aspirin is recommended to prevent strokes, with the same caveat. The new work, by Alfred Bartolucci of the University of Alabama at Birmingham and colleagues, was supported by aspirin-maker Bayer AG. The research team pooled the results of the nine trials that have tested the drug in the prevention of heart disease so far, including three that weren’t part of the 2009 USPSTF review. About 100,000 men and women age 45 and up took part in the studies. Some were healthy and some had diabetes, but none had chest pain or other symptoms of an ailing heart. The researchers found a 19-percent reduction in non-fatal heart attacks among participants who took aspirin compared to those who did not. They don’t mention how many people actually suffered such a heart attack, but an earlier analysis of six of the trials showed that out of every 1,000 people, 18 individuals taking aspirin had heart attacks every year, compared to 23 individuals taking placebo pills. On the other hand, that analysis also found aspirin increased the rate of bleeding from 0.7 to 1 per 1,000 people per year, making the authors conclude the drug was of “uncertain net value.” Heart disease is the leading killer worldwide and accounts for more than a third of deaths in the U.S., according to the American Heart Association. Every year, heart attacks alone kill some 400,000 Americans. In the current study, published in the American Journal of Cardiology, the researchers also report small decreases in stroke and death risks with aspirin, although those changes might have been due to chance. “It refines our knowledge of how beneficial aspirin is,” Dr. Graham Nichol, an expert in emergency care at the University of Washington in Seattle, said about the study. “I don’t think this paper is inconsistent with previous work.” Nichols, who was not involved in the study, said aspirin is clearly beneficial for people who’ve already had heart disease, and that it also seems to help those at high risk. “There is not universal agreement on what is high risk,” he told Reuters Health. “In my mind, if you have diabetes or multiple risk factors for heart disease — such as smoking or obesity — it is reasonable to take aspirin.” In addition, working to eliminate those risk factors by other means will not only slash the risk of heart disease, but also a host of other health problems. LeFevre added that while the new study did add extra evidence compared with earlier work, it failed to analyze the effects on men and women separately. That muddies the picture because men may see a benefit in the form of fewer heart attacks, whereas aspirin appears to lower the risk of stroke in women. “We can’t tell from the existing study if that is going to hold up or not,” he said. One recent study has suggested that despite the increase in bleeding ulcers from aspirin, the reduction in heart attacks might make the cheap drug cost-effective for men over 45. The question then becomes finding out what your risk of heart attack is in the first place, which your doctor can help with. “The number of events that you prevent depends on your baseline risk,” LeFevre concluded. “A blanket recommendation that everybody should take an aspirin is not a good idea.” SOURCE: bit.ly/hkVBee American Journal of Cardiology, online April 11, 2011.","Aspirin cuts heart attacks, not deaths or strokes. NEW YORK (Reuters Health) - Small doses of aspirin can lower the risk of heart attack in people who never had heart disease, a new look at the medical evidence shows. But the blood-thinning drug doesn’t appear to cut the chances of dying from the disease, at least not enough that researchers can say for certain. And experts warn people to consult their doctor before taking the medication, which increases the risk of bleeding ulcers. “I like to say you have to make the recommendation about aspirin one patient at a time,” Dr. Michael L. LeFevre, who was not linked to the study, told Reuters Health. LeFevre worked on the 2009 aspirin recommendations from the U.S. Preventive Services Task Force (USPSTF), a federally supported expert panel. The task force advises that men age 45 to 79 take aspirin to stave off heart attacks, as long as the benefit outweighs the risk of bleeding. For women age 55 to 79, aspirin is recommended to prevent strokes, with the same caveat. The new work, by Alfred Bartolucci of the University of Alabama at Birmingham and colleagues, was supported by aspirin-maker Bayer AG. The research team pooled the results of the nine trials that have tested the drug in the prevention of heart disease so far, including three that weren’t part of the 2009 USPSTF review. About 100,000 men and women age 45 and up took part in the studies. Some were healthy and some had diabetes, but none had chest pain or other symptoms of an ailing heart. The researchers found a 19-percent reduction in non-fatal heart attacks among participants who took aspirin compared to those who did not. They don’t mention how many people actually suffered such a heart attack, but an earlier analysis of six of the trials showed that out of every 1,000 people, 18 individuals taking aspirin had heart attacks every year, compared to 23 individuals taking placebo pills. On the other hand, that analysis also found aspirin increased the rate of bleeding from 0.7 to 1 per 1,000 people per year, making the authors conclude the drug was of “uncertain net value.” Heart disease is the leading killer worldwide and accounts for more than a third of deaths in the U.S., according to the American Heart Association. Every year, heart attacks alone kill some 400,000 Americans. In the current study, published in the American Journal of Cardiology, the researchers also report small decreases in stroke and death risks with aspirin, although those changes might have been due to chance. “It refines our knowledge of how beneficial aspirin is,” Dr. Graham Nichol, an expert in emergency care at the University of Washington in Seattle, said about the study. “I don’t think this paper is inconsistent with previous work.” Nichols, who was not involved in the study, said aspirin is clearly beneficial for people who’ve already had heart disease, and that it also seems to help those at high risk. “There is not universal agreement on what is high risk,” he told Reuters Health. “In my mind, if you have diabetes or multiple risk factors for heart disease — such as smoking or obesity — it is reasonable to take aspirin.” In addition, working to eliminate those risk factors by other means will not only slash the risk of heart disease, but also a host of other health problems. LeFevre added that while the new study did add extra evidence compared with earlier work, it failed to analyze the effects on men and women separately. That muddies the picture because men may see a benefit in the form of fewer heart attacks, whereas aspirin appears to lower the risk of stroke in women. “We can’t tell from the existing study if that is going to hold up or not,” he said. One recent study has suggested that despite the increase in bleeding ulcers from aspirin, the reduction in heart attacks might make the cheap drug cost-effective for men over 45. The question then becomes finding out what your risk of heart attack is in the first place, which your doctor can help with. “The number of events that you prevent depends on your baseline risk,” LeFevre concluded. “A blanket recommendation that everybody should take an aspirin is not a good idea.” SOURCE: bit.ly/hkVBee American Journal of Cardiology, online April 11, 2011."
fakehealth,story_reviews_00814,1,0,0,0.8068811210898332,0.1931188789101667,0.8068811210898332,0.52257663,0.4774234,0.52257663,"Publicity in recent years about emotional, cognitive, and memory problems in aging football and hockey players who suffered multiple concussions during their careers has raised the anxiety level around the topic. A lawsuit by thousands of NFL players who claim the league did not keep them well enough informed about the long-term risks of concussion - dementia is one of them - is based in Philadelphia and has raised even higher the profile of what doctors call mild traumatic brain injury.","A new course for concussions. Publicity in recent years about emotional, cognitive, and memory problems in aging football and hockey players who suffered multiple concussions during their careers has raised the anxiety level around the topic. A lawsuit by thousands of NFL players who claim the league did not keep them well enough informed about the long-term risks of concussion - dementia is one of them - is based in Philadelphia and has raised even higher the profile of what doctors call mild traumatic brain injury."
fakehealth,story_reviews_01032,1,0,0,0.6903184814035362,0.3096815185964637,0.6903184814035362,0.57493955,0.42506045,0.57493955,"To increase the accuracy of the test, researchers also looked for another gene, called prostate cancer antigen 3, or PCA3, which is also found in urine. The two tests together appeared to generate both sensitive and specific results. Sensitive means it’s unlikely that the test would miss a case of cancer. Specific means that the test is unlikely to be positive if cancer isn’t really present. Based on the levels of PCA3 and TMPRSS2:ERG detected, the men were given numerical scores that were classified as being high, medium, or low. Those scores were then compared to the biopsy results. “The men in the highest group have a risk of cancer on biopsy of about 70% and those in the lowest group have a risk of cancer of about 20%,” says Tomlins. Researchers then narrowed their analysis to see how the urine test scores matched the men’s Gleason score, which helps doctors gauge how aggressive a cancer may be. “What we’ve found is that your risk of having an aggressive cancer if you’re in the high group is about 40%, and if you’re in the low group, the risk of having an aggressive cancer is only about 7%,” Tomlins says. The company that developed the test, Gen-Probe, helped to pay for the study, and several authors said they had a personal financial interest in the technology. “This is great science,” says J. Stephen Jones, MD, chairman of the department of regional urology at the Cleveland Clinic in Ohio. Now that the researchers have validated the test, further studies in larger, more diverse populations will be important to understand how it is best used. “The real key is using this or any test to help drive decisions,” says Jones, who was not involved in the research, “If it helps me to know who to biopsy or not biopsy, that’s massively valuable information.”","Urine Test May Help Predict Prostate Cancer. To increase the accuracy of the test, researchers also looked for another gene, called prostate cancer antigen 3, or PCA3, which is also found in urine. The two tests together appeared to generate both sensitive and specific results. Sensitive means it’s unlikely that the test would miss a case of cancer. Specific means that the test is unlikely to be positive if cancer isn’t really present. Based on the levels of PCA3 and TMPRSS2:ERG detected, the men were given numerical scores that were classified as being high, medium, or low. Those scores were then compared to the biopsy results. “The men in the highest group have a risk of cancer on biopsy of about 70% and those in the lowest group have a risk of cancer of about 20%,” says Tomlins. Researchers then narrowed their analysis to see how the urine test scores matched the men’s Gleason score, which helps doctors gauge how aggressive a cancer may be. “What we’ve found is that your risk of having an aggressive cancer if you’re in the high group is about 40%, and if you’re in the low group, the risk of having an aggressive cancer is only about 7%,” Tomlins says. The company that developed the test, Gen-Probe, helped to pay for the study, and several authors said they had a personal financial interest in the technology. “This is great science,” says J. Stephen Jones, MD, chairman of the department of regional urology at the Cleveland Clinic in Ohio. Now that the researchers have validated the test, further studies in larger, more diverse populations will be important to understand how it is best used. “The real key is using this or any test to help drive decisions,” says Jones, who was not involved in the research, “If it helps me to know who to biopsy or not biopsy, that’s massively valuable information.”"
fakehealth,story_reviews_01066,0,1,1,0.3357335059453263,0.6642664940546736,0.6642664940546736,0.4065158,0.5934843,0.5934843,"Too Early to Make Recommendations This is one of very few studies that looks at olive oil intake and risk for neurologic diseases, including stroke, Nikolaos Scarmeas, MD, of Columbia University in New York City, says in an email. “Maybe olive oil improves vascular risk factors such as hypertension, dyslipidemia, diabetes, heart disease, obesity, which may in turn reduce stroke risk, or it may be that olive oil is anti-inflammatory or an antioxidant.” Scarmeas writes an accompanying editorial. “We do not know for sure, and we do not know which particular aspect of olive oil is the most relevant to stroke,” he says. “Following a 'healthy diet' emerges as an important strategy for prevention of neurological disease, but remains to be proved.” Cathy A. Sila, MD, the George M. Humphrey II Professor of Neurology and the director of the Stroke & Cerebrovascular Center at the Neurological Institute Case Medical Center of Case Western Reserve University School of Medicine in Cleveland, Ohio, says the benefits of diet and lifestyle choices in disease prevention are more important than ever, given the rising costs of health care. She agrees with the study authors and editorialist that it is too early to make any recommendations about olive oil intake and stroke risk. She calls the findings “intriguing” but says they “do not equate a randomized clinical trial and should be used with appropriate caution in making broad recommendations.” Suzanne Steinbaum, MD, director of women and heart disease at Lenox Hill Hospital in New York, says moderate use of olive oil in cooking and on bread may help protect against stroke in people older than 65. “Olive oil is a healthy fat and it can reduce cholesterol and inflammation, and has been shown to help reduce the incidence of heart disease,” she says. “Now, we see it may reduce stroke risk in people older than 65."" Keeping blood pressure controlled, not smoking, exercising regularly, and eating a healthy diet that is low in salt and rich in fruits and vegetables can also help reduce stroke risk, she says.","Olive Oil Linked to Reduced Stroke Risk. Too Early to Make Recommendations This is one of very few studies that looks at olive oil intake and risk for neurologic diseases, including stroke, Nikolaos Scarmeas, MD, of Columbia University in New York City, says in an email. “Maybe olive oil improves vascular risk factors such as hypertension, dyslipidemia, diabetes, heart disease, obesity, which may in turn reduce stroke risk, or it may be that olive oil is anti-inflammatory or an antioxidant.” Scarmeas writes an accompanying editorial. “We do not know for sure, and we do not know which particular aspect of olive oil is the most relevant to stroke,” he says. “Following a 'healthy diet' emerges as an important strategy for prevention of neurological disease, but remains to be proved.” Cathy A. Sila, MD, the George M. Humphrey II Professor of Neurology and the director of the Stroke & Cerebrovascular Center at the Neurological Institute Case Medical Center of Case Western Reserve University School of Medicine in Cleveland, Ohio, says the benefits of diet and lifestyle choices in disease prevention are more important than ever, given the rising costs of health care. She agrees with the study authors and editorialist that it is too early to make any recommendations about olive oil intake and stroke risk. She calls the findings “intriguing” but says they “do not equate a randomized clinical trial and should be used with appropriate caution in making broad recommendations.” Suzanne Steinbaum, MD, director of women and heart disease at Lenox Hill Hospital in New York, says moderate use of olive oil in cooking and on bread may help protect against stroke in people older than 65. “Olive oil is a healthy fat and it can reduce cholesterol and inflammation, and has been shown to help reduce the incidence of heart disease,” she says. “Now, we see it may reduce stroke risk in people older than 65."" Keeping blood pressure controlled, not smoking, exercising regularly, and eating a healthy diet that is low in salt and rich in fruits and vegetables can also help reduce stroke risk, she says."
fakehealth,news_reviews_00166,1,0,0,0.571759864950788,0.4282401350492119,0.571759864950788,0.53441346,0.46558648,0.53441346,"New investigation advises doctors to recommend cranberry products as first line of defense against repeated urinary tract infections (UTIs) CARVER, Mass., September 19, 2017 - A thorough review of dozens of studies led scientists to conclude that healthcare professionals should be telling their patients to have cranberry products as a first step in reducing recurrent UTIs. The comprehensive meta-analysis and assessment of human clinical trials, published in the official journal of the American Urological Association, The Journal of Urology®, assures practitioners and their patients that cranberry products are a low cost, low risk and effective way to help prevent recurrent UTIs.1 To answer the question, ""Can Cranberries Contribute to Reduce the Incidence of Urinary Tract Infections?"" a total of 28 studies showing results from nearly 5,000 patients were considered. Authors found a statistically significant risk reduction in repeat UTIs overall, but not significant for any particular subgroup. However, patients with recurrent UTIs who ingested cranberry products and had undergone gynecological surgery, experienced a significant reduction in UTIs. ""Our investigation supports that cranberry products can be a powerful tool to fight off frequent UTIs,"" explains lead author, Dr. Ângelo Luís. ""While recommendations for dosage and duration of treatment require further study, the efficacy of the medicinal properties of cranberry products has been well-established."" The review explains that the medicinal properties of cranberries may be attributed to their unique polyphenol, proanthocyanidins - or PACs, for short. Their ability to keep infection-causing bacteria from sticking to the urinary tract walls may be the major reason for their effectiveness in limiting infection growth and recurrence. According to the authors, scientists and practitioners continue to explore the use of alternative therapies in the prevention of common infections as part of the global movement to reduce antibiotic use and resistance. It is estimated that one third of women in the United States will get a UTI by the age of 24.2 ""Findings like this,"" adds Dr. Luis, ""give practitioners a viable, inexpensive, non-antibiotic option to help patients reduce the recurrence of an uncomfortable and potentially debilitating infection."" ""As one of the oldest alternative therapies and U.S.-born berries, independent research such as this not only provides public health benefits, it revitalizes the enthusiasm for cranberry products year-round. The industry appreciates the efforts of these researchers and takes pride in the healthy attributes that cranberry products provide to consumers around the world,"" comments Terry Humfeld, executive director of the non-profit research and education-focused organization, The Cranberry Institute. ### This review was funded by Universidade da Beira Interior and bank Santander/Totta protocol post-doctoral research fellowship BIPD/ICI-FC-BST-UBI 2016 (ÂL). About the Cranberry Institute The Cranberry Institute is a not-for-profit organization founded in 1951 to further the success of cranberry growers and the industry in the Americas through health, agricultural and environmental stewardship research as well as cranberry promotion and education. The Cranberry Institute is funded voluntarily by Supporting Members that handle, process, and sell cranberries. Supporting Members are represented in national and international regulatory matters and research efforts are done on their behalf. For more information about the Cranberry Institute, along with the health benefits of cranberries and current scientific research, visit http://www. CranberryInstitute. org . References: 1. Luis A, Domingues F and Pereira, L. Can cranberries contribute to reduce the incidence of urinary tract infections? A systematic review with meta-analysis and trial sequential analysis of clinical trials. J Urol 2017; 614-21. 2. Foxman B, Barlow R, D'Arcy H, Gillespie B and Sobel JD. Urinary tract infection: self-reported incidence and associated costs. Ann Epidemiol 2000; 10:509-515.","Comprehensive meta-analysis affirms cranberries' role in promoting a healthy urinary tract. New investigation advises doctors to recommend cranberry products as first line of defense against repeated urinary tract infections (UTIs) CARVER, Mass., September 19, 2017 - A thorough review of dozens of studies led scientists to conclude that healthcare professionals should be telling their patients to have cranberry products as a first step in reducing recurrent UTIs. The comprehensive meta-analysis and assessment of human clinical trials, published in the official journal of the American Urological Association, The Journal of Urology®, assures practitioners and their patients that cranberry products are a low cost, low risk and effective way to help prevent recurrent UTIs.1 To answer the question, ""Can Cranberries Contribute to Reduce the Incidence of Urinary Tract Infections?"" a total of 28 studies showing results from nearly 5,000 patients were considered. Authors found a statistically significant risk reduction in repeat UTIs overall, but not significant for any particular subgroup. However, patients with recurrent UTIs who ingested cranberry products and had undergone gynecological surgery, experienced a significant reduction in UTIs. ""Our investigation supports that cranberry products can be a powerful tool to fight off frequent UTIs,"" explains lead author, Dr. Ângelo Luís. ""While recommendations for dosage and duration of treatment require further study, the efficacy of the medicinal properties of cranberry products has been well-established."" The review explains that the medicinal properties of cranberries may be attributed to their unique polyphenol, proanthocyanidins - or PACs, for short. Their ability to keep infection-causing bacteria from sticking to the urinary tract walls may be the major reason for their effectiveness in limiting infection growth and recurrence. According to the authors, scientists and practitioners continue to explore the use of alternative therapies in the prevention of common infections as part of the global movement to reduce antibiotic use and resistance. It is estimated that one third of women in the United States will get a UTI by the age of 24.2 ""Findings like this,"" adds Dr. Luis, ""give practitioners a viable, inexpensive, non-antibiotic option to help patients reduce the recurrence of an uncomfortable and potentially debilitating infection."" ""As one of the oldest alternative therapies and U.S.-born berries, independent research such as this not only provides public health benefits, it revitalizes the enthusiasm for cranberry products year-round. The industry appreciates the efforts of these researchers and takes pride in the healthy attributes that cranberry products provide to consumers around the world,"" comments Terry Humfeld, executive director of the non-profit research and education-focused organization, The Cranberry Institute. ### This review was funded by Universidade da Beira Interior and bank Santander/Totta protocol post-doctoral research fellowship BIPD/ICI-FC-BST-UBI 2016 (ÂL). About the Cranberry Institute The Cranberry Institute is a not-for-profit organization founded in 1951 to further the success of cranberry growers and the industry in the Americas through health, agricultural and environmental stewardship research as well as cranberry promotion and education. The Cranberry Institute is funded voluntarily by Supporting Members that handle, process, and sell cranberries. Supporting Members are represented in national and international regulatory matters and research efforts are done on their behalf. For more information about the Cranberry Institute, along with the health benefits of cranberries and current scientific research, visit http://www. CranberryInstitute. org . References: 1. Luis A, Domingues F and Pereira, L. Can cranberries contribute to reduce the incidence of urinary tract infections? A systematic review with meta-analysis and trial sequential analysis of clinical trials. J Urol 2017; 614-21. 2. Foxman B, Barlow R, D'Arcy H, Gillespie B and Sobel JD. Urinary tract infection: self-reported incidence and associated costs. Ann Epidemiol 2000; 10:509-515."
fakehealth,story_reviews_00945,0,1,1,0.2384232728339834,0.7615767271660165,0.7615767271660165,0.16442846,0.8355716,0.8355716,"By Alan Mozes HealthDay Reporter THURSDAY, Jan. 5, 2012 (HealthDay News) -- Preliminary findings suggest a drug used to treat another disease might also reduce painful flare-ups in gout patients starting new medication regimens. In a new study, the protein-inhibitor drug rilonacept (Arcalyst) appeared to markedly lower the risk of gout flare-ups during the first few months of treatments aimed at lowering uric acid levels. While effective in lowering the risk for gout attacks in the long-term, uric acid-lowering treatment can initially boost the risk for flare-ups as it breaks up and releases the uric acid crystal deposits at the source. ""To reduce deposits of crystals in the joints, we advise patients to initiate treatment with medications that lower levels of uric acid in the blood,"" study author Dr. H. Ralph Schumacher, Jr., a professor of medicine at the University of Pennsylvania School of Medicine, said in a journal news release. Gout, a debilitating and painful form of inflammatory arthritis, now affects upwards of 8.3 million Americans, according to the release. Flare-ups , which involve excruciating joint pain, redness, swelling and warmth, can last days or weeks. The researchers wanted to learn if rilonacept could lower this short-term risk for by neutralizing a specific target protein -- interleukin 1 or IL-1 -- before it initiates inflammation. They looked at 83 gout patients in 27 U.S. study centers who had a history of gout flare-ups and high levels of uric acid. All were placed on a chronic uric-acid lowering regimen of the standard drug allopurinol. About half were also given an initial double-dose injection of rilonacept (320 milligrams) followed by a single dose for 16 weeks. The other half received sugar pills. Rilonacept patients were less likely to have flare-ups, with 15 percent experiencing flare-ups three-months into the study compared with 45 percent among the non-rilonacept group, the researchers found. ""Well-tolerated drugs that reduce the risk of gout flares when initiating uric-acid lowering therapy could make patients more likely to continue important long-term treatments that control gout,"" Schumacher said in the release. ""(And) this trial provides well-controlled evidence that this IL-1 blocker is effective in preventing acute gout flares in this setting,"" he added. ""Rilonacept appears safe and well tolerated and could increase patient adherence to long-term urate-lowering therapy."" The study appeared online Jan. 5 in the journal Arthritis & Rheumatism. Dr. Michael A. Becker, a professor emeritus of medicine at the University of Chicago, described the findings as ""very promising."" However, he cautioned that the high cost of rilonacept will most likely curtail its use. ""This is a very expensive drug,"" he said. ""And insurance will be an issue. So I think you will have to carefully justify its use and define the universe of patients who are likely to be treated with it."" ""But there are a number of patients who can't take a less expensive alternative, such as nonsteroidal anti-inflammatory drugs, because of their kidney function or ulcer disease,"" Becker noted. ""So for this population of patients who can't tolerate cheaper medications, rilonacept may be a necessary indication."" More information For more on gout, visit the U.S. National Library of Medicine.","Drug Eases Gout Flare-ups in Some Patients: Study. By Alan Mozes HealthDay Reporter THURSDAY, Jan. 5, 2012 (HealthDay News) -- Preliminary findings suggest a drug used to treat another disease might also reduce painful flare-ups in gout patients starting new medication regimens. In a new study, the protein-inhibitor drug rilonacept (Arcalyst) appeared to markedly lower the risk of gout flare-ups during the first few months of treatments aimed at lowering uric acid levels. While effective in lowering the risk for gout attacks in the long-term, uric acid-lowering treatment can initially boost the risk for flare-ups as it breaks up and releases the uric acid crystal deposits at the source. ""To reduce deposits of crystals in the joints, we advise patients to initiate treatment with medications that lower levels of uric acid in the blood,"" study author Dr. H. Ralph Schumacher, Jr., a professor of medicine at the University of Pennsylvania School of Medicine, said in a journal news release. Gout, a debilitating and painful form of inflammatory arthritis, now affects upwards of 8.3 million Americans, according to the release. Flare-ups , which involve excruciating joint pain, redness, swelling and warmth, can last days or weeks. The researchers wanted to learn if rilonacept could lower this short-term risk for by neutralizing a specific target protein -- interleukin 1 or IL-1 -- before it initiates inflammation. They looked at 83 gout patients in 27 U.S. study centers who had a history of gout flare-ups and high levels of uric acid. All were placed on a chronic uric-acid lowering regimen of the standard drug allopurinol. About half were also given an initial double-dose injection of rilonacept (320 milligrams) followed by a single dose for 16 weeks. The other half received sugar pills. Rilonacept patients were less likely to have flare-ups, with 15 percent experiencing flare-ups three-months into the study compared with 45 percent among the non-rilonacept group, the researchers found. ""Well-tolerated drugs that reduce the risk of gout flares when initiating uric-acid lowering therapy could make patients more likely to continue important long-term treatments that control gout,"" Schumacher said in the release. ""(And) this trial provides well-controlled evidence that this IL-1 blocker is effective in preventing acute gout flares in this setting,"" he added. ""Rilonacept appears safe and well tolerated and could increase patient adherence to long-term urate-lowering therapy."" The study appeared online Jan. 5 in the journal Arthritis & Rheumatism. Dr. Michael A. Becker, a professor emeritus of medicine at the University of Chicago, described the findings as ""very promising."" However, he cautioned that the high cost of rilonacept will most likely curtail its use. ""This is a very expensive drug,"" he said. ""And insurance will be an issue. So I think you will have to carefully justify its use and define the universe of patients who are likely to be treated with it."" ""But there are a number of patients who can't take a less expensive alternative, such as nonsteroidal anti-inflammatory drugs, because of their kidney function or ulcer disease,"" Becker noted. ""So for this population of patients who can't tolerate cheaper medications, rilonacept may be a necessary indication."" More information For more on gout, visit the U.S. National Library of Medicine."
fakehealth,story_reviews_00530,0,1,1,0.3061937439072144,0.6938062560927856,0.6938062560927856,0.2790601,0.7209399,0.7209399,"With knee-replacement surgery on the rise, more patients with two bad knees are opting for a controversial procedure that replaces both at the same time. Simultaneous bilateral knee replacement, as the surgery is known, is a subject of debate among orthopedic surgeons, with conflicting evidence about the risks and benefits. Proponents say it eliminates the need for a second hospital stay and grueling rehabilitation period, reduces time spent under anesthesia and costs less. Some studies have found no difference in complication rates after bilateral surgery compared with unilateral surgery. A 2013 study in the Journal of Bone and Joint Surgery estimated the cost of bilateral surgery at $43,401 compared with $72,233 for two separate surgeries staged over time. The study concluded that bilateral surgery is more cost-effective with better outcomes for the average patient than staged procedures for two knees. But more recent studies have found increased rates of complication such as blood clots that travel to the lung, an increased need for blood transfusions, and a higher risk of death with the bilateral procedure. The rate of knee replacements in the U.S. almost doubled from 2000 through 2010, according to the Centers for Disease Control and Prevention, and now exceeds 700,000 procedures a year. The CDC doesn’t break out data, but studies indicate the percentage of patients who had both knees replaced at the same time has risen from less than 4% in 1999 to more than 6% at present. Ken McLaughlin, 63, had bilateral knee replacement surgery in October 2014; he spent three nights in the hospital, about a week in a rehabilitation clinic and took a three-month leave from work. He experienced pain but no complications. Photo: Ken McLaughlin Simultaneous bilateral procedures can be performed either by two surgeons operating in tandem or by a single surgeon who completes one knee and immediately turns to the other. Although the average age has dropped for patients getting knee surgery, many also have health issues that can increase the risk of complications. In 2013, a consensus group of experts recommended that surgeons use more restrictive criteria to select patients for double knee replacements and exclude those with high cardiac risks. The majority said patients who aren’t candidates for simultaneous procedures should get a second one no sooner than three months after the first. “We’ve learned a lot from years of data on who has complication issues,” says Steven Haas, an orthopedic surgeon at the Hospital for Special Surgery in New York. The hospital avoids bilateral knee surgery in patients who have any type of heart disease, as well as those with a body mass index of 40 or more. Obese patients often have conditions such as diabetes and high blood pressure than can complicate surgery. Typically, Dr. Haas says, he doesn’t perform bilateral surgery in patients over 80, and prefers not to do it in those over 75 unless they are in exceptional health. For healthy patients in their 50s and 60s, “it’s an elective decision,” Dr. Haas says. Sandra Lynch, a 62-year-old wedding officiant in Frederick, Md., had trouble with her knees for more than a decade before getting bilateral knee replacement surgery in December 2014. She says she has no regrets. Photo: Sandra Lynch Nicholas Grosso, president of the Centers for Advanced Orthopaedics in Bethesda, Md., performs bilateral surgery in tandem with another surgeon. A typical hospital stay is three days, compared with two days for single-knee surgery. New anesthetic techniques help control pain after surgery, and as many as 40% of his bilateral patients go directly home. Others go to a rehabilitation facility for about a week, which isn’t usually necessary for unilateral patients. Dr. Grosso says overall recovery time is typically the same, with full recovery in about four months. Ken McLaughlin, 63, had a bilateral knee replacement surgery in October 2014, with Dr. Grosso and a colleague, M. Brian Polsky. Mr. McLaughlin, who was an avid basketball player and volleyball coach, now teaches physical education to developmentally disabled children. Despite several surgeries over the years to repair damage, he had constant pain in both knees. Yet he wanted to put replacement off, he says, “until I couldn’t stand it anymore.” After consulting with Dr. Grosso, he decided on bilateral surgery. First, he spent several months getting ready by building up strength in his legs and hamstrings. Mr. McLaughlin, who lives in Laurel, Md., says it “really hurt” at first after surgery but he stopped taking pain medication after two days. After three nights in the hospital, he spent about a week in a rehabilitation clinic and took a leave from work until mid-January, working out twice a day for an hour and walking around his house. He had no complications and works out at the gym three times weekly. “I’m feeling stronger and getting ready to snow ski this winter,” he says. A study in May in the Journal of Arthroplasty compared cases matched for risks in simultaneous bilateral and unilateral knee surgeries in a database of nearly 44,000 patients. It found no significant difference in the rate of complications including infection, hospital re-admission, or death. But bilateral procedures were associated with increased overall complications and risk of subsequent surgery within 30 days. Study co-author David Manning, a joint replacement specialist at Northwestern Memorial Hospital in Chicago and associate professor at Northwestern University Feinberg School of Medicine, says he recommends staged procedures over time for patients who need both knees replaced. He doesn’t perform bilateral knee replacements. “We decided it is not a safe practice, and it adds risk, so we don’t do it,” he says. Last year, a large study comparing the two types of surgery indicated that bilateral patients were at increased risk of both minor and major in-hospital complications as well as death. The study, published in the Journal of Bone and Joint Surgery, included hospital claims data on 24,574 simultaneous bilateral surgeries and 382,496 unilateral procedures. Surgeon Bryan Springer, a co-author of the study and fellowship director at OrthoCarolina Hip and Knee Center in Charlotte, N.C., says while complication rates are generally low for all knee surgeries, he is “extremely selective” about recommending bilateral surgery. “If you pick your patient appropriately you can do this operation very safely,” he says. Dr. Springer performs bilateral surgery with a team, starting the second knee while the first incision is being closed; if there are safety concerns after the first, he won’t proceed with the second. Sandra Lynch, a 62-year-old wedding-officiant in Frederick, Md., had trouble with her knees for more than a decade. But with a busy schedule, she didn’t want recovery to take more than four months. Before the procedure, she took a year to exercise, walking daily and building a desk over a disassembled recumbent bike. She had the bilateral knee replacement with Dr. Grosso and Dr. Polsky in December last year. Afterward, Ms. Lynch was hospitalized for four days. She needed a blood transfusion but was able to manage physical therapy before being transferred to a rehabilitation center for about a week. After bad reactions to narcotic pain medications and an anti-nausea patch, she switched to over-the-counter painkillers. Though she had to use a walker at first, after eight weeks she began to drive and walk without assistance. She is now back to work officiating at weddings and says she has no regrets. Write to Laura Landro at laura.landro@wsj.com","Why Double Knee Replacement Might Be Best. With knee-replacement surgery on the rise, more patients with two bad knees are opting for a controversial procedure that replaces both at the same time. Simultaneous bilateral knee replacement, as the surgery is known, is a subject of debate among orthopedic surgeons, with conflicting evidence about the risks and benefits. Proponents say it eliminates the need for a second hospital stay and grueling rehabilitation period, reduces time spent under anesthesia and costs less. Some studies have found no difference in complication rates after bilateral surgery compared with unilateral surgery. A 2013 study in the Journal of Bone and Joint Surgery estimated the cost of bilateral surgery at $43,401 compared with $72,233 for two separate surgeries staged over time. The study concluded that bilateral surgery is more cost-effective with better outcomes for the average patient than staged procedures for two knees. But more recent studies have found increased rates of complication such as blood clots that travel to the lung, an increased need for blood transfusions, and a higher risk of death with the bilateral procedure. The rate of knee replacements in the U.S. almost doubled from 2000 through 2010, according to the Centers for Disease Control and Prevention, and now exceeds 700,000 procedures a year. The CDC doesn’t break out data, but studies indicate the percentage of patients who had both knees replaced at the same time has risen from less than 4% in 1999 to more than 6% at present. Ken McLaughlin, 63, had bilateral knee replacement surgery in October 2014; he spent three nights in the hospital, about a week in a rehabilitation clinic and took a three-month leave from work. He experienced pain but no complications. Photo: Ken McLaughlin Simultaneous bilateral procedures can be performed either by two surgeons operating in tandem or by a single surgeon who completes one knee and immediately turns to the other. Although the average age has dropped for patients getting knee surgery, many also have health issues that can increase the risk of complications. In 2013, a consensus group of experts recommended that surgeons use more restrictive criteria to select patients for double knee replacements and exclude those with high cardiac risks. The majority said patients who aren’t candidates for simultaneous procedures should get a second one no sooner than three months after the first. “We’ve learned a lot from years of data on who has complication issues,” says Steven Haas, an orthopedic surgeon at the Hospital for Special Surgery in New York. The hospital avoids bilateral knee surgery in patients who have any type of heart disease, as well as those with a body mass index of 40 or more. Obese patients often have conditions such as diabetes and high blood pressure than can complicate surgery. Typically, Dr. Haas says, he doesn’t perform bilateral surgery in patients over 80, and prefers not to do it in those over 75 unless they are in exceptional health. For healthy patients in their 50s and 60s, “it’s an elective decision,” Dr. Haas says. Sandra Lynch, a 62-year-old wedding officiant in Frederick, Md., had trouble with her knees for more than a decade before getting bilateral knee replacement surgery in December 2014. She says she has no regrets. Photo: Sandra Lynch Nicholas Grosso, president of the Centers for Advanced Orthopaedics in Bethesda, Md., performs bilateral surgery in tandem with another surgeon. A typical hospital stay is three days, compared with two days for single-knee surgery. New anesthetic techniques help control pain after surgery, and as many as 40% of his bilateral patients go directly home. Others go to a rehabilitation facility for about a week, which isn’t usually necessary for unilateral patients. Dr. Grosso says overall recovery time is typically the same, with full recovery in about four months. Ken McLaughlin, 63, had a bilateral knee replacement surgery in October 2014, with Dr. Grosso and a colleague, M. Brian Polsky. Mr. McLaughlin, who was an avid basketball player and volleyball coach, now teaches physical education to developmentally disabled children. Despite several surgeries over the years to repair damage, he had constant pain in both knees. Yet he wanted to put replacement off, he says, “until I couldn’t stand it anymore.” After consulting with Dr. Grosso, he decided on bilateral surgery. First, he spent several months getting ready by building up strength in his legs and hamstrings. Mr. McLaughlin, who lives in Laurel, Md., says it “really hurt” at first after surgery but he stopped taking pain medication after two days. After three nights in the hospital, he spent about a week in a rehabilitation clinic and took a leave from work until mid-January, working out twice a day for an hour and walking around his house. He had no complications and works out at the gym three times weekly. “I’m feeling stronger and getting ready to snow ski this winter,” he says. A study in May in the Journal of Arthroplasty compared cases matched for risks in simultaneous bilateral and unilateral knee surgeries in a database of nearly 44,000 patients. It found no significant difference in the rate of complications including infection, hospital re-admission, or death. But bilateral procedures were associated with increased overall complications and risk of subsequent surgery within 30 days. Study co-author David Manning, a joint replacement specialist at Northwestern Memorial Hospital in Chicago and associate professor at Northwestern University Feinberg School of Medicine, says he recommends staged procedures over time for patients who need both knees replaced. He doesn’t perform bilateral knee replacements. “We decided it is not a safe practice, and it adds risk, so we don’t do it,” he says. Last year, a large study comparing the two types of surgery indicated that bilateral patients were at increased risk of both minor and major in-hospital complications as well as death. The study, published in the Journal of Bone and Joint Surgery, included hospital claims data on 24,574 simultaneous bilateral surgeries and 382,496 unilateral procedures. Surgeon Bryan Springer, a co-author of the study and fellowship director at OrthoCarolina Hip and Knee Center in Charlotte, N.C., says while complication rates are generally low for all knee surgeries, he is “extremely selective” about recommending bilateral surgery. “If you pick your patient appropriately you can do this operation very safely,” he says. Dr. Springer performs bilateral surgery with a team, starting the second knee while the first incision is being closed; if there are safety concerns after the first, he won’t proceed with the second. Sandra Lynch, a 62-year-old wedding-officiant in Frederick, Md., had trouble with her knees for more than a decade. But with a busy schedule, she didn’t want recovery to take more than four months. Before the procedure, she took a year to exercise, walking daily and building a desk over a disassembled recumbent bike. She had the bilateral knee replacement with Dr. Grosso and Dr. Polsky in December last year. Afterward, Ms. Lynch was hospitalized for four days. She needed a blood transfusion but was able to manage physical therapy before being transferred to a rehabilitation center for about a week. After bad reactions to narcotic pain medications and an anti-nausea patch, she switched to over-the-counter painkillers. Though she had to use a walker at first, after eight weeks she began to drive and walk without assistance. She is now back to work officiating at weddings and says she has no regrets. Write to Laura Landro at laura.landro@wsj.com"
fakehealth,news_reviews_00283,1,0,0,0.6862354300298346,0.3137645699701654,0.6862354300298346,0.58929074,0.4107092,0.58929074,"A new study from Karolinska Institutet in Sweden shows that short-course preoperative radiotherapy combined with delayed surgery reduces the adverse side-effects of rectal cancer surgery without compromising its efficacy. The results are presented in the journal The Lancet Oncology. Rectal cancer affects some 2,000 men and women in Sweden every year. Preoperative radiotherapy was gradually introduced in the early 1990s, with a consequent improvement in prognosis for people with rectal cancer and reduction in the risk of local recurrence. ""Back then we showed that preoperative radiotherapy reduces the risk of local recurrence by over 50 per cent for patients with rectal cancer,"" says principal investigator Anna Martling, senior consultant surgeon and professor at Karolinska Institutet's Department of Molecular Medicine and Surgery. ""Thanks to our results, radiotherapy is recommended to many rectal cancer patients."" However, radiotherapy can cause adverse reactions and the optimal radiotherapeutic method and the interval between it and the ensuing surgery have been mooted. The study now presented in The Lancet Oncology is based on the claim that the adverse effects of rectal cancer treatment can be reduced by administering more but lower doses of radiation for a longer time, or by increasing the interval between radiotherapy and surgery. These hypotheses have now been tested in a study in which rectal cancer patients were randomly assigned to three different treatment arms: Standard therapy, i.e. short-course (5x5 Gy) radiotherapy with direct surgery within a week. Delayed surgery with short-course (5x5 Gy) radiotherapy followed by surgery after 4-8 weeks. Delayed surgery with long-course (25x2 Gy) radiotherapy followed by surgery after 4-8 weeks. The results of the study show that patients with delayed surgery develop fewer complications with equally good oncological outcomes. It also showed that there is no difference between long-course and short-course radiotherapy other than that the former considerably lengthens the time for treatment. ""The results of the study will give rise to improved therapeutic strategies, fewer complications with a sustained low incidence of local recurrence, and better survival rates for rectal cancer patients,"" says Professor Martling. ""The results can now be immediately put to clinical use to the considerable benefit of the patients."" ### Eighteen Swedish hospitals took part in the study, which was financed by the Swedish Research Council and the Cancer Society in Stockholm, and through the regional ALF agreement between Stockholm County Council and Karolinska Institutet. Researchers from the universities in Lund, Uppsala and Linköping also contributed to findings. Publication: 'The Stockholm III Trial on optimal fractionation of preoperative radiotherapy and timing to surgery for rectal cancer - a randomised controlled trial' Johan Erlandsson, Torbjörn Holm, David Pettersson, Åke Berglund, Björn Cedermark, Calin Radu, Hemming Johansson, Mikael Machado, Fredrik Hjern, Olof Hallböök, Ingvar Syk, Bengt Glimelius, Anna Martling The Lancet Oncology, online 9 February 2017, DOI: http://dx. doi. org/ 10. 1016/ S1470-2045 (17)30086-4. Contact the Press Office and download images: ki.se/pressroom Karolinska Institutet - a medical university: ki.se/english","New method reduces adverse effects of rectal cancer treatment. A new study from Karolinska Institutet in Sweden shows that short-course preoperative radiotherapy combined with delayed surgery reduces the adverse side-effects of rectal cancer surgery without compromising its efficacy. The results are presented in the journal The Lancet Oncology. Rectal cancer affects some 2,000 men and women in Sweden every year. Preoperative radiotherapy was gradually introduced in the early 1990s, with a consequent improvement in prognosis for people with rectal cancer and reduction in the risk of local recurrence. ""Back then we showed that preoperative radiotherapy reduces the risk of local recurrence by over 50 per cent for patients with rectal cancer,"" says principal investigator Anna Martling, senior consultant surgeon and professor at Karolinska Institutet's Department of Molecular Medicine and Surgery. ""Thanks to our results, radiotherapy is recommended to many rectal cancer patients."" However, radiotherapy can cause adverse reactions and the optimal radiotherapeutic method and the interval between it and the ensuing surgery have been mooted. The study now presented in The Lancet Oncology is based on the claim that the adverse effects of rectal cancer treatment can be reduced by administering more but lower doses of radiation for a longer time, or by increasing the interval between radiotherapy and surgery. These hypotheses have now been tested in a study in which rectal cancer patients were randomly assigned to three different treatment arms: Standard therapy, i.e. short-course (5x5 Gy) radiotherapy with direct surgery within a week. Delayed surgery with short-course (5x5 Gy) radiotherapy followed by surgery after 4-8 weeks. Delayed surgery with long-course (25x2 Gy) radiotherapy followed by surgery after 4-8 weeks. The results of the study show that patients with delayed surgery develop fewer complications with equally good oncological outcomes. It also showed that there is no difference between long-course and short-course radiotherapy other than that the former considerably lengthens the time for treatment. ""The results of the study will give rise to improved therapeutic strategies, fewer complications with a sustained low incidence of local recurrence, and better survival rates for rectal cancer patients,"" says Professor Martling. ""The results can now be immediately put to clinical use to the considerable benefit of the patients."" ### Eighteen Swedish hospitals took part in the study, which was financed by the Swedish Research Council and the Cancer Society in Stockholm, and through the regional ALF agreement between Stockholm County Council and Karolinska Institutet. Researchers from the universities in Lund, Uppsala and Linköping also contributed to findings. Publication: 'The Stockholm III Trial on optimal fractionation of preoperative radiotherapy and timing to surgery for rectal cancer - a randomised controlled trial' Johan Erlandsson, Torbjörn Holm, David Pettersson, Åke Berglund, Björn Cedermark, Calin Radu, Hemming Johansson, Mikael Machado, Fredrik Hjern, Olof Hallböök, Ingvar Syk, Bengt Glimelius, Anna Martling The Lancet Oncology, online 9 February 2017, DOI: http://dx. doi. org/ 10. 1016/ S1470-2045 (17)30086-4. Contact the Press Office and download images: ki.se/pressroom Karolinska Institutet - a medical university: ki.se/english"
fakehealth,story_reviews_01651,1,0,0,0.6507308447680455,0.3492691552319545,0.6507308447680455,0.6177979,0.3822021,0.6177979,"If you’ve seen the television ad for the anti-germ spray MyClyns, you no doubt remember the pivotal scene: A mom and her two kids sit at a dinner table, the little boy coughs on his sister and mom heroically grabs the spray bottle of MyClyns. Against all expectations, she doesn’t spray the table or the air. Instead, she sprays her daughter. Directly in the face. MyClyns is intended to kill germs that land on the face before they have a chance to cause illness, kind of like Lysol for the skin. The spray looks like plain water, and for good reason. The only ingredients are water and sodium chloride, the chemical term for table salt. Before the water is bottled, it gets zapped with an electric charge. The result is “super oxidized” water that contains small amounts of hypochlorous acid and hypochlorite ions, two of the key components of chlorine bleach. Users are instructed to use MyClyns “as quickly as possible” after being exposed to germs. According to the website, the spray should cover the “entire affected area” for best results. Germ-ridden families aren’t the only intended market for MyClyns. Union Springs Pharmaceuticals, manufacturer of the product, also sells it to fire departments, police departments and ambulance crews. According to company President Joel Ivers, MyClyns is currently being used by first responders in more than 2,000 communities across the country. A 0.2-ounce spray bottle, sold at major drugstores and many grocery stores, costs $9 or $10. This should be enough for about 60 sprays. The website says the solution will stay fresh for about three months after the first spray. The claims The TV ad says that MyClyns “kills 99% of germs and is safe for the eyes, nose and mouth where germs can enter your body.” Although the boy in the commercial appears to have a bad cold, Ivers clarifies that the spray isn’t intended to prevent or treat any specific disease. (The FDA has approved MyClyns as a device, not as a drug, so the company can’t claim to treat specific illnesses.) The bottom line MyClyns undoubtedly kills germs, says Dr. Marc Eckstein, professor of emergency medicine at the Keck School of Medicine of USC and medical director for the Los Angeles Fire Department. But at home or on the job, he says, a face-full of MyClyns may not be the best way to prevent illness. “If someone coughs in your face at 60 miles per hour, decontaminating your face won’t help,” Eckstein says. Coughs and sneezes release germ-covered particles in the air, he explains, and people catch illnesses by inhaling the particles pretty much immediately. By the time that happens, it’s far too late for a face spray, he says. Though it may not do much to prevent colds and flu, a spray of MyClyns could theoretically help protect first responders from blood-borne diseases such as hepatitis or perhaps even HIV, Eckstein adds. But he hasn’t ordered any for the L.A. Fire Department because “it could create a false sense of security.” Instead of depending on a spray to kill the germs from accidental blood splatters, first responders should wear masks and other protective gear, he says. Several scientific studies have shown that MyClyns can kill a wide variety of germs. A 2005 study in Mexico found that the same solution in MyClyns (in this case, sold by Oculus Innovative Sciences Inc., under the brand name Microcyn) killed yeast as well as E. coli and staph bacteria in the laboratory. The study also found that it was effective against HIV and adenovirus, a type of respiratory virus, in the lab. The solution has also been shown to speed the healing of diabetic foot ulcers, presumably because it wiped out germs that could cause a sore to fester. Since it kills so many germs without any harsh chemicals, MyClyns could be useful for cleaning doorknobs or countertops, says Dr. Jeffrey Kahn, chief of the division of pediatric infectious disease at the University of Texas Southwestern Medical Center in Dallas. But to Kahn’s mind, spraying a kid or anyone else in the face isn’t a very practical way to prevent illness, especially the flu, which often travels on hands. “It sounds like a sexy product, but simple hand-washing is likely to be more effective for preventing the flu than a one-time spray in the face,” he says. Curious about a consumer health product? Send an e-mail to health@latimes.com. Read more at latimes.com/skeptic.","Face time with MyClyns anti-germ spray. If you’ve seen the television ad for the anti-germ spray MyClyns, you no doubt remember the pivotal scene: A mom and her two kids sit at a dinner table, the little boy coughs on his sister and mom heroically grabs the spray bottle of MyClyns. Against all expectations, she doesn’t spray the table or the air. Instead, she sprays her daughter. Directly in the face. MyClyns is intended to kill germs that land on the face before they have a chance to cause illness, kind of like Lysol for the skin. The spray looks like plain water, and for good reason. The only ingredients are water and sodium chloride, the chemical term for table salt. Before the water is bottled, it gets zapped with an electric charge. The result is “super oxidized” water that contains small amounts of hypochlorous acid and hypochlorite ions, two of the key components of chlorine bleach. Users are instructed to use MyClyns “as quickly as possible” after being exposed to germs. According to the website, the spray should cover the “entire affected area” for best results. Germ-ridden families aren’t the only intended market for MyClyns. Union Springs Pharmaceuticals, manufacturer of the product, also sells it to fire departments, police departments and ambulance crews. According to company President Joel Ivers, MyClyns is currently being used by first responders in more than 2,000 communities across the country. A 0.2-ounce spray bottle, sold at major drugstores and many grocery stores, costs $9 or $10. This should be enough for about 60 sprays. The website says the solution will stay fresh for about three months after the first spray. The claims The TV ad says that MyClyns “kills 99% of germs and is safe for the eyes, nose and mouth where germs can enter your body.” Although the boy in the commercial appears to have a bad cold, Ivers clarifies that the spray isn’t intended to prevent or treat any specific disease. (The FDA has approved MyClyns as a device, not as a drug, so the company can’t claim to treat specific illnesses.) The bottom line MyClyns undoubtedly kills germs, says Dr. Marc Eckstein, professor of emergency medicine at the Keck School of Medicine of USC and medical director for the Los Angeles Fire Department. But at home or on the job, he says, a face-full of MyClyns may not be the best way to prevent illness. “If someone coughs in your face at 60 miles per hour, decontaminating your face won’t help,” Eckstein says. Coughs and sneezes release germ-covered particles in the air, he explains, and people catch illnesses by inhaling the particles pretty much immediately. By the time that happens, it’s far too late for a face spray, he says. Though it may not do much to prevent colds and flu, a spray of MyClyns could theoretically help protect first responders from blood-borne diseases such as hepatitis or perhaps even HIV, Eckstein adds. But he hasn’t ordered any for the L.A. Fire Department because “it could create a false sense of security.” Instead of depending on a spray to kill the germs from accidental blood splatters, first responders should wear masks and other protective gear, he says. Several scientific studies have shown that MyClyns can kill a wide variety of germs. A 2005 study in Mexico found that the same solution in MyClyns (in this case, sold by Oculus Innovative Sciences Inc., under the brand name Microcyn) killed yeast as well as E. coli and staph bacteria in the laboratory. The study also found that it was effective against HIV and adenovirus, a type of respiratory virus, in the lab. The solution has also been shown to speed the healing of diabetic foot ulcers, presumably because it wiped out germs that could cause a sore to fester. Since it kills so many germs without any harsh chemicals, MyClyns could be useful for cleaning doorknobs or countertops, says Dr. Jeffrey Kahn, chief of the division of pediatric infectious disease at the University of Texas Southwestern Medical Center in Dallas. But to Kahn’s mind, spraying a kid or anyone else in the face isn’t a very practical way to prevent illness, especially the flu, which often travels on hands. “It sounds like a sexy product, but simple hand-washing is likely to be more effective for preventing the flu than a one-time spray in the face,” he says. Curious about a consumer health product? Send an e-mail to health@latimes.com. Read more at latimes.com/skeptic."
fakehealth,news_reviews_00142,0,1,1,0.3274088437269288,0.6725911562730712,0.6725911562730712,0.48544613,0.5145539,0.5145539,"DARIEN, IL - Nov. 16, 2017 - A new study shows that positive airway pressure (PAP) therapy improves quality of life measures in people who have obstructive sleep apnea. Results show that there were significant and clinically meaningful improvements in general quality of life and sleep-related quality of life measures after the initiation of PAP therapy for sleep apnea. The improvements were more robust in those who were adherent to PAP therapy. ""Quality of life is one of the most vital outcomes for patients and often one of the primary reasons to seek medical attention,"" said lead author and principal investigator Dr. Harneet Walia, assistant professor at the Cleveland Clinic Lerner College of Medicine of Case Western Reserve University and staff at the Cleveland Clinic's Sleep Disorders Center. ""We noted consistent improvement in global and sleep-specific quality-of-life measures after PAP therapy."" The study is published in the Nov. 15 issue of the Journal of Clinical Sleep Medicine. Nearly 30 million adults in the U.S. have obstructive sleep apnea, a chronic disease that involves the repeated collapse of the upper airway during sleep. Common warning signs include snoring and excessive daytime sleepiness. One treatment option for sleep apnea is PAP therapy, which uses mild levels of air pressure, provided through a mask, to keep the throat open while you sleep. The study involved 2,027 patients with sleep apnea who began PAP therapy between Jan. 1, 2010, and Dec. 31, 2014. Participants had a mean age of 56 years, and about 54 percent were men. General quality of life measures, such as mobility and usual activity, were assessed using the European Quality of Life-5D (EQ-5D) questionnaire. Sleep-specific quality of life was examined with the Functional Outcomes of Sleep Questionnaire (FOSQ), which assesses the effect of sleep disorders and excessive daytime sleepiness on activities of daily living such as productivity and intimacy. Scores before and after up to one year of PAP therapy were compared. Results also show that older patients and those in a higher socioeconomic subgroup had better quality of life measures after PAP therapy. ""Our study also serves as a basis for targeted efforts to optimize quality of life in younger adults and lower socioeconomic subgroups,"" said Walia. ""This information will guide clinicians in terms of expected quality of life outcomes with sleep apnea treatment."" The American Academy of Sleep Medicine previously identified quality of life as one of three sleep apnea outcome measures that clinicians can track to optimize care for adult patients. Implementation of a quality assurance program to track these quality measures can help improve patient outcomes, reduce the public health burden of sleep apnea, and provide a measurable standard for evaluating and managing sleep apnea. ### The study was funded by a scholar award from the Cleveland Clinic Neurological Institute-Center of Research Outcomes and Evaluation and by the National Heart, Lung, and Blood Institute (NHLBI) of the National Institutes of Health (NIH). For a copy of the study, ""Impact of Sleep-Disordered Breathing Treatment on Quality of Life Measures in a Large Clinic-Based Cohort,"" or to arrange an interview with a study author or an AASM spokesperson, please contact the AASM at 630-737-9700 or media@aasm.org.","Study shows therapy improves quality of life in people who have sleep apnea. DARIEN, IL - Nov. 16, 2017 - A new study shows that positive airway pressure (PAP) therapy improves quality of life measures in people who have obstructive sleep apnea. Results show that there were significant and clinically meaningful improvements in general quality of life and sleep-related quality of life measures after the initiation of PAP therapy for sleep apnea. The improvements were more robust in those who were adherent to PAP therapy. ""Quality of life is one of the most vital outcomes for patients and often one of the primary reasons to seek medical attention,"" said lead author and principal investigator Dr. Harneet Walia, assistant professor at the Cleveland Clinic Lerner College of Medicine of Case Western Reserve University and staff at the Cleveland Clinic's Sleep Disorders Center. ""We noted consistent improvement in global and sleep-specific quality-of-life measures after PAP therapy."" The study is published in the Nov. 15 issue of the Journal of Clinical Sleep Medicine. Nearly 30 million adults in the U.S. have obstructive sleep apnea, a chronic disease that involves the repeated collapse of the upper airway during sleep. Common warning signs include snoring and excessive daytime sleepiness. One treatment option for sleep apnea is PAP therapy, which uses mild levels of air pressure, provided through a mask, to keep the throat open while you sleep. The study involved 2,027 patients with sleep apnea who began PAP therapy between Jan. 1, 2010, and Dec. 31, 2014. Participants had a mean age of 56 years, and about 54 percent were men. General quality of life measures, such as mobility and usual activity, were assessed using the European Quality of Life-5D (EQ-5D) questionnaire. Sleep-specific quality of life was examined with the Functional Outcomes of Sleep Questionnaire (FOSQ), which assesses the effect of sleep disorders and excessive daytime sleepiness on activities of daily living such as productivity and intimacy. Scores before and after up to one year of PAP therapy were compared. Results also show that older patients and those in a higher socioeconomic subgroup had better quality of life measures after PAP therapy. ""Our study also serves as a basis for targeted efforts to optimize quality of life in younger adults and lower socioeconomic subgroups,"" said Walia. ""This information will guide clinicians in terms of expected quality of life outcomes with sleep apnea treatment."" The American Academy of Sleep Medicine previously identified quality of life as one of three sleep apnea outcome measures that clinicians can track to optimize care for adult patients. Implementation of a quality assurance program to track these quality measures can help improve patient outcomes, reduce the public health burden of sleep apnea, and provide a measurable standard for evaluating and managing sleep apnea. ### The study was funded by a scholar award from the Cleveland Clinic Neurological Institute-Center of Research Outcomes and Evaluation and by the National Heart, Lung, and Blood Institute (NHLBI) of the National Institutes of Health (NIH). For a copy of the study, ""Impact of Sleep-Disordered Breathing Treatment on Quality of Life Measures in a Large Clinic-Based Cohort,"" or to arrange an interview with a study author or an AASM spokesperson, please contact the AASM at 630-737-9700 or media@aasm.org."
fakehealth,story_reviews_00630,1,0,0,0.9084358599926728,0.0915641400073273,0.9084358599926728,0.64829385,0.35170615,0.64829385,"Both men and women have utilized many resources to combat baldness, but now a former NASA scientist is using lasers to regrow hair. Dr. Tamim Hamid is the CEO and inventor of Theradome, a helmet that he said “uses 80 cold lasers to promote hair growth by stimulating the base of the hair follicle.” He based his helmet off the findings of Endre Mester, a Hungarian physician who accidentally discovered that lasers can grow hair in mice in 1965. ADVERTISEMENT ADVERTISEMENT “This has been sitting dormant for many, many years until about 2009. We discovered that the same wavelength of 678 nanometers was able to stimulate hair on humans as well,” Hamid told FoxNews.com. To further explain how light grows hair Hamid said, “the laser light stimulates the mitochondria at the base of the hair follicle, which is where the stem cells that grow hair are located. Once the hair follicle is reactivated using light energy, the hair reverses the miniaturization process which was induced by the hormone DHT.” The challenge that Hamid faced was putting this technology into something that was wearable and easy to use. Board certified dermatologist Dr. Eric Schweiger who has not worked on Theradome, told FoxNews.com that there have been other products that use low level laser technology to grow hair, but Theradome is the first of its kind to be wearable. It doesn’t require anything from the patient apart from wearing the helmet for 20 minutes, two times a week. “The major benefit of therdome is you wear it as a cap and you don’t have to hold it up to your scalp. I think that will increase compliance,” Schweiger said. Hamid said that Theradome has helped tens of thousands of people. One of those is Sabra Hardy who suffers from alopecia areata, an autoimmune disease that left her with huge bald spots on either side of her head. “I was using creams that were developed for the coats of animals when they had problems with their coat. I was using oils developed for animals that were dangerous to use and smelled really bad,” Hardy said. Her hair loss was costly and painful. She spent hundreds of dollars on wigs and was getting steroid injections in her scalp for nearly two years with no signs of progress until she started using Theradome. According to the Theradome website, 97 percent of subjects saw positive results after 26 weeks of treatment and they reported a 20 percent increase in hair growth. Schweiger said that Theradome is safe for someone who wants another option in conjunction with other conventional baldness remedies, and that its effectiveness should be studied more over time. “For patients who are looking for an additional therapy it’s not unreasonable to use. I think we’ll know more as time goes on,” Schweiger said. As far as the product’s safety, Schweiger said that since the lights are low energy and are not UV, he is confident that Theradome is safe. Theradome is FDA cleared and costs $895. Patients should always see their physician before trying any new treatments.","New helmet technology helping patients tackle baldness. Both men and women have utilized many resources to combat baldness, but now a former NASA scientist is using lasers to regrow hair. Dr. Tamim Hamid is the CEO and inventor of Theradome, a helmet that he said “uses 80 cold lasers to promote hair growth by stimulating the base of the hair follicle.” He based his helmet off the findings of Endre Mester, a Hungarian physician who accidentally discovered that lasers can grow hair in mice in 1965. ADVERTISEMENT ADVERTISEMENT “This has been sitting dormant for many, many years until about 2009. We discovered that the same wavelength of 678 nanometers was able to stimulate hair on humans as well,” Hamid told FoxNews.com. To further explain how light grows hair Hamid said, “the laser light stimulates the mitochondria at the base of the hair follicle, which is where the stem cells that grow hair are located. Once the hair follicle is reactivated using light energy, the hair reverses the miniaturization process which was induced by the hormone DHT.” The challenge that Hamid faced was putting this technology into something that was wearable and easy to use. Board certified dermatologist Dr. Eric Schweiger who has not worked on Theradome, told FoxNews.com that there have been other products that use low level laser technology to grow hair, but Theradome is the first of its kind to be wearable. It doesn’t require anything from the patient apart from wearing the helmet for 20 minutes, two times a week. “The major benefit of therdome is you wear it as a cap and you don’t have to hold it up to your scalp. I think that will increase compliance,” Schweiger said. Hamid said that Theradome has helped tens of thousands of people. One of those is Sabra Hardy who suffers from alopecia areata, an autoimmune disease that left her with huge bald spots on either side of her head. “I was using creams that were developed for the coats of animals when they had problems with their coat. I was using oils developed for animals that were dangerous to use and smelled really bad,” Hardy said. Her hair loss was costly and painful. She spent hundreds of dollars on wigs and was getting steroid injections in her scalp for nearly two years with no signs of progress until she started using Theradome. According to the Theradome website, 97 percent of subjects saw positive results after 26 weeks of treatment and they reported a 20 percent increase in hair growth. Schweiger said that Theradome is safe for someone who wants another option in conjunction with other conventional baldness remedies, and that its effectiveness should be studied more over time. “For patients who are looking for an additional therapy it’s not unreasonable to use. I think we’ll know more as time goes on,” Schweiger said. As far as the product’s safety, Schweiger said that since the lights are low energy and are not UV, he is confident that Theradome is safe. Theradome is FDA cleared and costs $895. Patients should always see their physician before trying any new treatments."
fakehealth,story_reviews_01188,0,1,1,0.2072093422819114,0.7927906577180885,0.7927906577180885,0.29015458,0.7098455,0.7098455,"Less than a week after the Food and Drug Administration approved the marketing of Lap-Band weight-loss surgery to 11 million new patients, a pair of studies has found that a different, older procedure is more effective and no riskier than either the Lap-Band or another less-drastic surgery, sleeve gastrectomy. In the first head-to-head comparison of weight-loss surgeries widely used in the United States, UC San Francisco researchers found that those who had their stomach capacity reduced by a Roux-en-Y bypass, which reduces the stomach’s capacity and bypasses a part of the intestine, lost more weight, required less diabetes medication and were less likely to need further surgery than those who received the Lap-Band. A second study found that diabetic patients who underwent sleeve gastrectomy, which surgically narrows the stomach to reduce food capacity, were more likely to continue needing diabetes medications than those who got the gastric bypass. Both studies were published Monday in the Archives of Surgery, Last week, the FDA broadened approval for the Lap-Band to people with a Body Mass Index as low as 30 if they also have a weight-related medical condition, a move that is expected to propel millions more obese patients into the offices of bariatric surgeons. The Lap-Band is an inflatable ring that is surgically implanted around the upper stomach. After surgical wounds have healed, saline solution is injected to expand the ring, limiting how much food can be consumed. Advertisement Yet both of the new studies suggest that the Roux-en-Y gastric bypass procedure, which is named for the surgeon who invented it and the shape of the altered small intestine, remains the standard for patients with severe obesity and serious weight-related illnesses such as diabetes. The procedure was first performed in 1993. The UC San Francisco study, led by surgeon Guilherme M. Campos, measured weight loss, improvement in metabolic function and quality of life in 185 patients one year after their surgeries. On all those measures, gastric bypass produced far better results than Lap-Band surgery. For instance, those who had had gastric bypass lost 64% of their excess weight on average in the year following surgery. Those who got the Lap-Band lost an average of 36% in the same period. The study also found that although gastric bypass patients had more complications in the first month after surgery, those who underwent Lap-Band surgery had a higher rate of complications later, and/or more need for surgical adjustments, making the overall complication rate similar for both procedures. Advertisement The authors concluded that gastric bypass “has a better risk-benefit profile” than Lap-Band surgery. The second study, conducted by researchers in Taiwan, compared 30 obese patients who were treated with gastric bypass for their poorly controlled diabetes with 30 similar patients who were treated with a procedure called “gastric sleeving,” which surgically reshapes the stomach to a smaller size but does not close down a portion of the intestine to food. The finding — that diabetes improved with gastric bypass but not with gastric sleeving — offered an important clue to why gastric bypasses seem to improve the metabolic function of diabetics virtually overnight. Neither sleeve gastrectomy nor the Lap-Band causes food to bypass any part of the intestine, suggesting that hormones in that part of the gut may play a key role in the changes that lead to diabetes. “We need to just register that gastric bypass is the gold standard for diabetic control in overweight patients,” said Beverly Hills-based weight-loss surgeon Ted Khalili, director of the Khalili Center for Bariatric Care, who was not involved in the study. But Khalili, whose practice is roughly split between Lap-Band and gastric-bypass surgery, added that the UC San Francisco findings are far less clear for patients whose primary objective is to lose weight. Although more weight loss was seen for the gastric bypass group in the one-year study, patients getting the Lap-Band continue to lose weight for two to three years after the procedure, Khalili said. Comparing the two patient populations three years after surgery would probably have narrowed the weight-loss gap considerably, Khalili said. melissa.healy@latimes.com","Gastric bypass more effective than other procedures, studies find. Less than a week after the Food and Drug Administration approved the marketing of Lap-Band weight-loss surgery to 11 million new patients, a pair of studies has found that a different, older procedure is more effective and no riskier than either the Lap-Band or another less-drastic surgery, sleeve gastrectomy. In the first head-to-head comparison of weight-loss surgeries widely used in the United States, UC San Francisco researchers found that those who had their stomach capacity reduced by a Roux-en-Y bypass, which reduces the stomach’s capacity and bypasses a part of the intestine, lost more weight, required less diabetes medication and were less likely to need further surgery than those who received the Lap-Band. A second study found that diabetic patients who underwent sleeve gastrectomy, which surgically narrows the stomach to reduce food capacity, were more likely to continue needing diabetes medications than those who got the gastric bypass. Both studies were published Monday in the Archives of Surgery, Last week, the FDA broadened approval for the Lap-Band to people with a Body Mass Index as low as 30 if they also have a weight-related medical condition, a move that is expected to propel millions more obese patients into the offices of bariatric surgeons. The Lap-Band is an inflatable ring that is surgically implanted around the upper stomach. After surgical wounds have healed, saline solution is injected to expand the ring, limiting how much food can be consumed. Advertisement Yet both of the new studies suggest that the Roux-en-Y gastric bypass procedure, which is named for the surgeon who invented it and the shape of the altered small intestine, remains the standard for patients with severe obesity and serious weight-related illnesses such as diabetes. The procedure was first performed in 1993. The UC San Francisco study, led by surgeon Guilherme M. Campos, measured weight loss, improvement in metabolic function and quality of life in 185 patients one year after their surgeries. On all those measures, gastric bypass produced far better results than Lap-Band surgery. For instance, those who had had gastric bypass lost 64% of their excess weight on average in the year following surgery. Those who got the Lap-Band lost an average of 36% in the same period. The study also found that although gastric bypass patients had more complications in the first month after surgery, those who underwent Lap-Band surgery had a higher rate of complications later, and/or more need for surgical adjustments, making the overall complication rate similar for both procedures. Advertisement The authors concluded that gastric bypass “has a better risk-benefit profile” than Lap-Band surgery. The second study, conducted by researchers in Taiwan, compared 30 obese patients who were treated with gastric bypass for their poorly controlled diabetes with 30 similar patients who were treated with a procedure called “gastric sleeving,” which surgically reshapes the stomach to a smaller size but does not close down a portion of the intestine to food. The finding — that diabetes improved with gastric bypass but not with gastric sleeving — offered an important clue to why gastric bypasses seem to improve the metabolic function of diabetics virtually overnight. Neither sleeve gastrectomy nor the Lap-Band causes food to bypass any part of the intestine, suggesting that hormones in that part of the gut may play a key role in the changes that lead to diabetes. “We need to just register that gastric bypass is the gold standard for diabetic control in overweight patients,” said Beverly Hills-based weight-loss surgeon Ted Khalili, director of the Khalili Center for Bariatric Care, who was not involved in the study. But Khalili, whose practice is roughly split between Lap-Band and gastric-bypass surgery, added that the UC San Francisco findings are far less clear for patients whose primary objective is to lose weight. Although more weight loss was seen for the gastric bypass group in the one-year study, patients getting the Lap-Band continue to lose weight for two to three years after the procedure, Khalili said. Comparing the two patient populations three years after surgery would probably have narrowed the weight-loss gap considerably, Khalili said. melissa.healy@latimes.com"
fakehealth,story_reviews_00640,0,1,1,0.3364298343240287,0.6635701656759713,0.6635701656759713,0.4659732,0.5340268,0.5340268,"Toni Weiser is a veteran of skin-cancer removals. The 75-year-old retired teacher in Santa Fe, N.M., says she’s had at least eight basal and squamous cell cancers scraped, frozen and surgically excised from her arms, face and shoulders. When a basal-cell cancer reappeared on Mrs. Weiser’s nose last year, her dermatologist suggested a new, painless, nonsurgical treatment and she eagerly agreed. After 16 treatments with a small radiation device held millimeters from her nose, the tumor was gone. “I felt nothing—just some mild itching,” she says. “I much prefer radiation to having something dug out of my nose with a scalpel.” The new procedure, called surface electronic brachytherapy, or eBx, is beginning to cause a stir in the world of non-melanoma skin cancers, the most common type of cancer. The American Academy of Dermatology’s official position is that surgery is the most effective treatment, and that more long-term data is needed before the safety and effectiveness of eBx can be determined. Last month, an editorial in the journal JAMA Dermatology raised other concerns. Noting that use of the procedure has risen 20-fold in recent years, to 24,000 procedures in 2013, the authors said that makers of the eBx equipment are marketing it to “busy people” who “aren’t interested in surgery” and pitching it to dermatology practices as a moneymaking service. Medicare reimbursements can run as high as $24,000 per patient, compared with $200 to $2100 for typical skin-cancer treatments, the authors said. Officials for the two companies that make eBx equipment—Xoft Inc. and Elekta Inc. —say they agree that surgery is still the standard of care for non-melanoma skin cancers, but that eBx offers an attractive option for patients who can’t, or don’t want to, have surgery. Toni Weiser, of Santa Fe, N.M., opted for radiation to treat skin cancer on her nose. Photo: Weiser Family More than 3.6 million Americans are diagnosed with basal or squamous cell cancers every year—more than all other cancers combined. Unlike melanomas, they are rarely fatal. But they can invade surrounding tissues and become disfiguring. Dermatologists almost always recommend removing them. Standard treatments depend on the size, type, location and depth of the tumor and the patients age. They range from topical creams to burning, freezing, and Mohs surgery, where layers of tumor-containing skin are progressively removed until no cancer remains. Radiation has also been used for decades, typically for skin cancers that are hard to reach, for patients who can’t tolerate surgery, or in addition to surgery for high-risk lesions. Those treatments usually take place in a hospital or radiation oncology center, with lead-lined rooms and linear accelerators. The new eBx treatment uses a miniaturized X-ray source in a small mobile unit that can be wheeled from room to room in a doctor’s office. Radiation is delivered directly to the cancer site by a mechanical arm with minimal shielding so the therapist can stay by the patient’s side. Rick Cox, of Cave Creek, Ariz., paid $8,000 for radiation instead of having surgery. Photo: Judy Cox Xoft, whose Axxent eBx device is the market leader, estimates that about one-third of patients with non-melanoma skin cancers—more than 1 million a year—are potential candidates for the new treatment, including those whose cancers are in prominent places like the eyes, ears and nose. Tumors must be less than four centimeters wide and no more than five millimeters deep for eBx treatment, Xoft says. “We have a great, nonsurgical, painless alternative to what can be a very time-consuming and painful procedure, and we are getting very effective clinical outcomes,” says Ken Ferry, CEO of Xoft’s parent company iCAD Inc. He says Xoft has sold about 100 units, mostly to dermatology practices, since 2011, although the company and some states require that a radiation oncologist administer the treatment. Elekta Inc., a large Swedish maker of radiation equipment, has a competing device called the Esteya. It has installed fewer than 25 to date in the U.S., says Jay Hoey, president and CEO of Elekta Holdings, North America. Both companies say research from older treatments shows that radiation is safe and effective for non-melanoma skin cancers. Mr. Ferry says that in six studies to date, some 1,300 patients, with 1,900 lesions, have been treated with eBx, and some have been followed for as long as four years. The most common side effects are temporary redness, dryness, itching, soreness and blistering. Only nine recurrences of the skin cancer have been reported. Some dermatologists say the experience with older radiation treatments isn’t comparable, adding that the median follow-ups in the eBx studies are just a few months. Skin cancer recurrences and severe side effects can take four or more years to appear. One concern is that skin subjected to radiation can turn white and develop fibrous tissue that tightens, thickens and blocks blood supply. Radiation itself can cause secondary cancers decades later. “I have 70- and 80-year-old patients with extensive skin cancers where they had radiation for acne when they were kids,” says Jack Resneck, a professor of dermatology at the University of California, San Francisco, who co-wrote the JAMA Dermatology editorial. “The younger you are when you are treated, the longer you have to develop those secondary cancers.” Ajay Bhatnagar, a radiation oncologist in Casa Grande, Ariz., who has led several eBx studies and receives research funds from Xoft, says he turns away patients under age 50 due to the risk of secondary cancers, although he notes the risk is low, at only about 0.1% a year. Mohs has disadvantages, too, including scars and the need for reconstructive surgery in some cases, says Christopher Zachary, a professor of dermatology at University of California, Irvine, whose practice offers both Mohs and eBx. “There are patients in their 70s and 80s who say, ‘Stop. I don’t want to have any more cutting. I’ve had enough,’ which is not unreasonable,” he says. He is planning to lead a multi-center randomized trial treating 500 patients with either Mohs or eBx with a five-year follow-up. The cost issue is more complicated. The eBx treatment has a temporary billing code originally used for breast and brain radiation, for which Medicare pays $770 to $1,600 per treatment. With 8 treatments per skin cancer, plus facility and other fees, practices can earn as much as $24,000 per patient, according to a Xoft analysis provided to inquiring dermatologists. By contrast, older forms of radiation for skin cancer are reimbursed as little as $27 a treatment. Medicare reimbursement for Mohs surgery and repair is typically less than $2,000, dermatologists say. As of now, Medicare covers eBx in 21 Western and Midwestern states. It covers the treatment on a case-by-case basis in Texas and the South and doesn't cover it in Florida or New England, where it is more difficult to find. Private insurance coverage also varies. The American Academy of Dermatologists is concerned that such high reimbursement rates for eBx could draw scrutiny from government regulators. ASTRO, the professional organization for radiation oncologists, is also wary. “We think radiation has a valuable role in the treatment of selected skin cancers,” says the group’s president-elect David Beyer. “But you as a consumer should get the treatment that’s best for you, not best for your doctor.” Mrs. Weiser, who paid only $90 for the treatment after Medicare and supplemental insurance, is convinced that eBx was best for her. “If I can possibly avoid Mohs surgery again, I will,” she says. Another veteran of many skin cancers, Rick Cox, age 62, of Cave Creek, Ariz., paid $8,000 out of pocket for eBx rather than have surgery, and a possible skin graft, on his nose. He is so happy with the results he now hands out brochures about it to all of his friends. Write to Melinda Beck at HealthJournal@wsj.com Corrections & Amplifications Approximately 10,000 patients have had skin cancers treated with Xoft’s eBx to date, including 1,300 followed in six studies, and the risk of secondary cancers is approximately 0.1% per year. An earlier version of this story erroneously said that the 1,300 patients followed had been treated to date, and that the risk of secondary cancers is 1% per year. (April 6, 2015)","Skin Cancer Removal With Miniaturized Radiation. Toni Weiser is a veteran of skin-cancer removals. The 75-year-old retired teacher in Santa Fe, N.M., says she’s had at least eight basal and squamous cell cancers scraped, frozen and surgically excised from her arms, face and shoulders. When a basal-cell cancer reappeared on Mrs. Weiser’s nose last year, her dermatologist suggested a new, painless, nonsurgical treatment and she eagerly agreed. After 16 treatments with a small radiation device held millimeters from her nose, the tumor was gone. “I felt nothing—just some mild itching,” she says. “I much prefer radiation to having something dug out of my nose with a scalpel.” The new procedure, called surface electronic brachytherapy, or eBx, is beginning to cause a stir in the world of non-melanoma skin cancers, the most common type of cancer. The American Academy of Dermatology’s official position is that surgery is the most effective treatment, and that more long-term data is needed before the safety and effectiveness of eBx can be determined. Last month, an editorial in the journal JAMA Dermatology raised other concerns. Noting that use of the procedure has risen 20-fold in recent years, to 24,000 procedures in 2013, the authors said that makers of the eBx equipment are marketing it to “busy people” who “aren’t interested in surgery” and pitching it to dermatology practices as a moneymaking service. Medicare reimbursements can run as high as $24,000 per patient, compared with $200 to $2100 for typical skin-cancer treatments, the authors said. Officials for the two companies that make eBx equipment—Xoft Inc. and Elekta Inc. —say they agree that surgery is still the standard of care for non-melanoma skin cancers, but that eBx offers an attractive option for patients who can’t, or don’t want to, have surgery. Toni Weiser, of Santa Fe, N.M., opted for radiation to treat skin cancer on her nose. Photo: Weiser Family More than 3.6 million Americans are diagnosed with basal or squamous cell cancers every year—more than all other cancers combined. Unlike melanomas, they are rarely fatal. But they can invade surrounding tissues and become disfiguring. Dermatologists almost always recommend removing them. Standard treatments depend on the size, type, location and depth of the tumor and the patients age. They range from topical creams to burning, freezing, and Mohs surgery, where layers of tumor-containing skin are progressively removed until no cancer remains. Radiation has also been used for decades, typically for skin cancers that are hard to reach, for patients who can’t tolerate surgery, or in addition to surgery for high-risk lesions. Those treatments usually take place in a hospital or radiation oncology center, with lead-lined rooms and linear accelerators. The new eBx treatment uses a miniaturized X-ray source in a small mobile unit that can be wheeled from room to room in a doctor’s office. Radiation is delivered directly to the cancer site by a mechanical arm with minimal shielding so the therapist can stay by the patient’s side. Rick Cox, of Cave Creek, Ariz., paid $8,000 for radiation instead of having surgery. Photo: Judy Cox Xoft, whose Axxent eBx device is the market leader, estimates that about one-third of patients with non-melanoma skin cancers—more than 1 million a year—are potential candidates for the new treatment, including those whose cancers are in prominent places like the eyes, ears and nose. Tumors must be less than four centimeters wide and no more than five millimeters deep for eBx treatment, Xoft says. “We have a great, nonsurgical, painless alternative to what can be a very time-consuming and painful procedure, and we are getting very effective clinical outcomes,” says Ken Ferry, CEO of Xoft’s parent company iCAD Inc. He says Xoft has sold about 100 units, mostly to dermatology practices, since 2011, although the company and some states require that a radiation oncologist administer the treatment. Elekta Inc., a large Swedish maker of radiation equipment, has a competing device called the Esteya. It has installed fewer than 25 to date in the U.S., says Jay Hoey, president and CEO of Elekta Holdings, North America. Both companies say research from older treatments shows that radiation is safe and effective for non-melanoma skin cancers. Mr. Ferry says that in six studies to date, some 1,300 patients, with 1,900 lesions, have been treated with eBx, and some have been followed for as long as four years. The most common side effects are temporary redness, dryness, itching, soreness and blistering. Only nine recurrences of the skin cancer have been reported. Some dermatologists say the experience with older radiation treatments isn’t comparable, adding that the median follow-ups in the eBx studies are just a few months. Skin cancer recurrences and severe side effects can take four or more years to appear. One concern is that skin subjected to radiation can turn white and develop fibrous tissue that tightens, thickens and blocks blood supply. Radiation itself can cause secondary cancers decades later. “I have 70- and 80-year-old patients with extensive skin cancers where they had radiation for acne when they were kids,” says Jack Resneck, a professor of dermatology at the University of California, San Francisco, who co-wrote the JAMA Dermatology editorial. “The younger you are when you are treated, the longer you have to develop those secondary cancers.” Ajay Bhatnagar, a radiation oncologist in Casa Grande, Ariz., who has led several eBx studies and receives research funds from Xoft, says he turns away patients under age 50 due to the risk of secondary cancers, although he notes the risk is low, at only about 0.1% a year. Mohs has disadvantages, too, including scars and the need for reconstructive surgery in some cases, says Christopher Zachary, a professor of dermatology at University of California, Irvine, whose practice offers both Mohs and eBx. “There are patients in their 70s and 80s who say, ‘Stop. I don’t want to have any more cutting. I’ve had enough,’ which is not unreasonable,” he says. He is planning to lead a multi-center randomized trial treating 500 patients with either Mohs or eBx with a five-year follow-up. The cost issue is more complicated. The eBx treatment has a temporary billing code originally used for breast and brain radiation, for which Medicare pays $770 to $1,600 per treatment. With 8 treatments per skin cancer, plus facility and other fees, practices can earn as much as $24,000 per patient, according to a Xoft analysis provided to inquiring dermatologists. By contrast, older forms of radiation for skin cancer are reimbursed as little as $27 a treatment. Medicare reimbursement for Mohs surgery and repair is typically less than $2,000, dermatologists say. As of now, Medicare covers eBx in 21 Western and Midwestern states. It covers the treatment on a case-by-case basis in Texas and the South and doesn't cover it in Florida or New England, where it is more difficult to find. Private insurance coverage also varies. The American Academy of Dermatologists is concerned that such high reimbursement rates for eBx could draw scrutiny from government regulators. ASTRO, the professional organization for radiation oncologists, is also wary. “We think radiation has a valuable role in the treatment of selected skin cancers,” says the group’s president-elect David Beyer. “But you as a consumer should get the treatment that’s best for you, not best for your doctor.” Mrs. Weiser, who paid only $90 for the treatment after Medicare and supplemental insurance, is convinced that eBx was best for her. “If I can possibly avoid Mohs surgery again, I will,” she says. Another veteran of many skin cancers, Rick Cox, age 62, of Cave Creek, Ariz., paid $8,000 out of pocket for eBx rather than have surgery, and a possible skin graft, on his nose. He is so happy with the results he now hands out brochures about it to all of his friends. Write to Melinda Beck at HealthJournal@wsj.com Corrections & Amplifications Approximately 10,000 patients have had skin cancers treated with Xoft’s eBx to date, including 1,300 followed in six studies, and the risk of secondary cancers is approximately 0.1% per year. An earlier version of this story erroneously said that the 1,300 patients followed had been treated to date, and that the risk of secondary cancers is 1% per year. (April 6, 2015)"
fakehealth,news_reviews_00228,1,0,0,0.7375616628020134,0.2624383371979865,0.7375616628020134,0.6367882,0.36321184,0.6367882,"CLEVELAND, Ohio (May 17, 2017)--Fennel, an anise-flavored herb used for cooking, has long been known for its health benefits for a variety of issues, including digestion and premenstrual symptoms. A new study confirms that it is also effective in the management of postmenopause symptoms such as hot flashes, sleeplessness, vaginal dryness, and anxiety, without serious side effects. The study outcomes are published online today in Menopause, the journal of The North American Menopause Society (NAMS). The use of complementary and alternative medicine for the management of menopause symptoms has surged in recent years as women have attempted to identify alternatives to hormone therapy (HT). Although HT is the most effective treatment for managing most menopause symptoms, some women have turned to herbal medicine because they are either not candidates for HT or are concerned about the negative publicity surrounding potential side effects. Fennel, an herb containing essential oils, has phytoestrogenic properties. Phytoestrogens are estrogen-like chemicals in plants that have been used to effectively treat a wide array of menopause symptoms. In this small trial of 79 Iranian women aged 45 to 60 years, soft capsules containing 100 mg of fennel were administered twice daily for eight weeks. Improvements were compared between the intervention and placebo groups at four, eight, and 10 weeks, with a significant statistical difference documented. In the end, fennel was concluded to be a safe and effective treatment to reduce menopause symptoms without serious side effects. The study described in the article ""Effect of Foeniculum vulgare Mill. (fennel) on menopausal symptoms in postmenopausal women: a randomized, triple-blind, placebo-controlled trial"" is one of the first clinical studies to examine the benefits of fennel for managing menopause symptoms, even though it had been previously studied and confirmed to manage premenopause symptoms. The study was completed in Tehran, Iran, where the average age of women at menopause is younger than in the United States: 48.2 years versus 51 years, respectively. Some of the most common adverse effects of menopause are hot flashes, vaginal dryness, sleep problems, joint and muscular discomfort, exhaustion, irritability, anxiety, and depression. ""This small pilot study found that, on the basis of a menopause-rating scale, twice-daily consumption of fennel as a phytoestrogen improved menopause symptoms compared with an unusual minimal effect of placebo,"" says Dr. JoAnn Pinkerton, executive director of NAMS. ""A larger, longer, randomized study is still needed to help determine its long-term benefits and side effect profile."" ###","Study confirms benefits of fennel in reducing postmenopause symptoms. CLEVELAND, Ohio (May 17, 2017)--Fennel, an anise-flavored herb used for cooking, has long been known for its health benefits for a variety of issues, including digestion and premenstrual symptoms. A new study confirms that it is also effective in the management of postmenopause symptoms such as hot flashes, sleeplessness, vaginal dryness, and anxiety, without serious side effects. The study outcomes are published online today in Menopause, the journal of The North American Menopause Society (NAMS). The use of complementary and alternative medicine for the management of menopause symptoms has surged in recent years as women have attempted to identify alternatives to hormone therapy (HT). Although HT is the most effective treatment for managing most menopause symptoms, some women have turned to herbal medicine because they are either not candidates for HT or are concerned about the negative publicity surrounding potential side effects. Fennel, an herb containing essential oils, has phytoestrogenic properties. Phytoestrogens are estrogen-like chemicals in plants that have been used to effectively treat a wide array of menopause symptoms. In this small trial of 79 Iranian women aged 45 to 60 years, soft capsules containing 100 mg of fennel were administered twice daily for eight weeks. Improvements were compared between the intervention and placebo groups at four, eight, and 10 weeks, with a significant statistical difference documented. In the end, fennel was concluded to be a safe and effective treatment to reduce menopause symptoms without serious side effects. The study described in the article ""Effect of Foeniculum vulgare Mill. (fennel) on menopausal symptoms in postmenopausal women: a randomized, triple-blind, placebo-controlled trial"" is one of the first clinical studies to examine the benefits of fennel for managing menopause symptoms, even though it had been previously studied and confirmed to manage premenopause symptoms. The study was completed in Tehran, Iran, where the average age of women at menopause is younger than in the United States: 48.2 years versus 51 years, respectively. Some of the most common adverse effects of menopause are hot flashes, vaginal dryness, sleep problems, joint and muscular discomfort, exhaustion, irritability, anxiety, and depression. ""This small pilot study found that, on the basis of a menopause-rating scale, twice-daily consumption of fennel as a phytoestrogen improved menopause symptoms compared with an unusual minimal effect of placebo,"" says Dr. JoAnn Pinkerton, executive director of NAMS. ""A larger, longer, randomized study is still needed to help determine its long-term benefits and side effect profile."" ###"
fakehealth,story_reviews_01206,0,1,1,0.4598382493545715,0.5401617506454285,0.5401617506454285,0.44689626,0.55310374,0.55310374,"Parkinson’s disease is a progressive neurological disease that causes symptoms including muscle tremors, shaking, and stiffness. The cause of the disease is unknown, and the risk of developing it increases with age. ""This is the first study in humans to examine the association between flavonoids and risk of developing Parkinson's disease ,"" says researcher Xiang Gao, MD, PhD, of the Harvard School of Public Health in Boston, in a news release. ""Our findings suggest that flavonoids, specifically a group called anthocyanins, may have neuroprotective effects. If confirmed, flavonoids may be a natural and healthy way to reduce your risk of developing Parkinson's disease ."" A new study shows men who ate the most foods rich in a group of antioxidants known as flavonoids were 35% less likely to develop Parkinson’s disease than those who ate the least. Major dietary sources of flavonoids include berries, apples, tea, red wine, chocolate , and citrus fruits. Feb. 14, 2011 -- Incorporating berries and other fruits in your diet may pay off by reducing the risk of Parkinson’s disease. Berries Blunt Parkinson’s Disease Risk The study, to be presented in April at the annual meeting of the American Academy of Neurology in Honolulu, looked at the relationship between flavonoid intake and Parkinson’s disease in 49,281 men who participated in the Health Professional Follow-up Study and 80,336 women who participated in the Nurses’ Health Study. The participants were followed for 20-22 years and filled out questionnaires about the foods they ate. Researchers calculated total flavonoid intake based on the participants’ consumption of five flavonoid-rich foods included on the questionnaires: tea, berries, apples, red wine, and oranges/orange juice. The results showed that men who ate the most foods rich in flavonoids had a 35% lower risk of Parkinson’s disease compared with those who ate the least. No link between overall flavonoid consumption and Parkinson’s disease risk was found in women. But when researchers looked at specific sub-groups of flavonoids, they found both men and women who ate the most foods rich in anthocyanins, which are found primarily in berries and apples, had a 22% lower risk of Parkinson’s disease compared to those who ate the least. The study doesn’t prove that berries (or flavonoids in any other food) prevent Parkinson’s disease. This was an observational study and therefore can’t establish cause and effect. Nor is it clear why the results differed for men and women. This study will be presented at a medical conference. The findings should be considered preliminary as they have not yet undergone the ""peer review"" process, in which outside experts scrutinize the data prior to publication in a medical journal.","Berries May Ward Off Parkinson’s Disease. Parkinson’s disease is a progressive neurological disease that causes symptoms including muscle tremors, shaking, and stiffness. The cause of the disease is unknown, and the risk of developing it increases with age. ""This is the first study in humans to examine the association between flavonoids and risk of developing Parkinson's disease ,"" says researcher Xiang Gao, MD, PhD, of the Harvard School of Public Health in Boston, in a news release. ""Our findings suggest that flavonoids, specifically a group called anthocyanins, may have neuroprotective effects. If confirmed, flavonoids may be a natural and healthy way to reduce your risk of developing Parkinson's disease ."" A new study shows men who ate the most foods rich in a group of antioxidants known as flavonoids were 35% less likely to develop Parkinson’s disease than those who ate the least. Major dietary sources of flavonoids include berries, apples, tea, red wine, chocolate , and citrus fruits. Feb. 14, 2011 -- Incorporating berries and other fruits in your diet may pay off by reducing the risk of Parkinson’s disease. Berries Blunt Parkinson’s Disease Risk The study, to be presented in April at the annual meeting of the American Academy of Neurology in Honolulu, looked at the relationship between flavonoid intake and Parkinson’s disease in 49,281 men who participated in the Health Professional Follow-up Study and 80,336 women who participated in the Nurses’ Health Study. The participants were followed for 20-22 years and filled out questionnaires about the foods they ate. Researchers calculated total flavonoid intake based on the participants’ consumption of five flavonoid-rich foods included on the questionnaires: tea, berries, apples, red wine, and oranges/orange juice. The results showed that men who ate the most foods rich in flavonoids had a 35% lower risk of Parkinson’s disease compared with those who ate the least. No link between overall flavonoid consumption and Parkinson’s disease risk was found in women. But when researchers looked at specific sub-groups of flavonoids, they found both men and women who ate the most foods rich in anthocyanins, which are found primarily in berries and apples, had a 22% lower risk of Parkinson’s disease compared to those who ate the least. The study doesn’t prove that berries (or flavonoids in any other food) prevent Parkinson’s disease. This was an observational study and therefore can’t establish cause and effect. Nor is it clear why the results differed for men and women. This study will be presented at a medical conference. The findings should be considered preliminary as they have not yet undergone the ""peer review"" process, in which outside experts scrutinize the data prior to publication in a medical journal."
fakehealth,story_reviews_00739,0,1,1,0.496758177373895,0.503241822626105,0.503241822626105,0.2012455,0.7987545,0.7987545,"Andrew Scrivani for The New York Times Eating walnuts may reduce the risk for Type 2 diabetes in women, a large new study concludes. Previous studies have suggested an inverse relationship between tree nut consumption and diabetes. Though the findings are correlational, walnuts are uniquely high in omega-3 and omega-6 fatty acids, which may be of particular value in Type 2 diabetes prevention. The scientists, writing in the April issue of The Journal of Nutrition, used dietary and health data on 138,000 women participating in a large continuing study of women’s health. Beginning in 1999 they collected data on walnut consumption, and followed the women for the next 10 years. They found 5,930 cases of Type 2 diabetes. Women who ate walnuts tended to weigh less, consume more fish and exercise more than those who did not. But researchers controlled for these and many other factors, and found that compared with women who ate no walnuts, those who consumed 8 ounces of walnuts or more a month reduced their risk for Type 2 diabetes by 24 percent. “There’s been a lot of research on nuts in general in relation to cardiovascular health,” said the senior author, Dr. Frank B. Hu, a professor of medicine at Harvard. “This is the first on walnuts and diabetes. Walnuts may have some unique benefits.” The study was supported with grants from the National Institutes of Health and the California Walnut Commission.","Walnuts for Diabetes. Andrew Scrivani for The New York Times Eating walnuts may reduce the risk for Type 2 diabetes in women, a large new study concludes. Previous studies have suggested an inverse relationship between tree nut consumption and diabetes. Though the findings are correlational, walnuts are uniquely high in omega-3 and omega-6 fatty acids, which may be of particular value in Type 2 diabetes prevention. The scientists, writing in the April issue of The Journal of Nutrition, used dietary and health data on 138,000 women participating in a large continuing study of women’s health. Beginning in 1999 they collected data on walnut consumption, and followed the women for the next 10 years. They found 5,930 cases of Type 2 diabetes. Women who ate walnuts tended to weigh less, consume more fish and exercise more than those who did not. But researchers controlled for these and many other factors, and found that compared with women who ate no walnuts, those who consumed 8 ounces of walnuts or more a month reduced their risk for Type 2 diabetes by 24 percent. “There’s been a lot of research on nuts in general in relation to cardiovascular health,” said the senior author, Dr. Frank B. Hu, a professor of medicine at Harvard. “This is the first on walnuts and diabetes. Walnuts may have some unique benefits.” The study was supported with grants from the National Institutes of Health and the California Walnut Commission."
fakehealth,story_reviews_01559,0,1,1,0.469363245587106,0.5306367544128939,0.5306367544128939,0.40711492,0.5928851,0.5928851,"WASHINGTON (Reuters) - A drug approved to treat a range of conditions may also work to prevent lung cancer in people who have given up smoking, U.S. researchers reported on Tuesday. The drug, called iloprost, is approved in inhaled forms to treat pulmonary hypertension, when blood pools near the lungs, a connective tissue disease called scleroderma and a nerve condition called Raynaud’s phenomenon. Dr. Robert Keith of the Denver Veterans Affairs Medical Center and colleagues tested an oral version to see if it might prevent lung cancer in smokers and former smokers. “Oral iloprost showed promise for preventing lung cancer in former, but not current, smokers in a phase II clinical trial,” they wrote in a summary presented to a meeting of the American Thoracic Society in New Orleans. Iloprost is a version of prostacyclin, a drug in the prostaglandin class that prevents lung cancer in mice. Keith, who has been testing several drugs to prevent lung cancer, looked at biopsies taken from the lungs of 125 current and former smokers. They treated half with placebo and half with iloprost, and then performed bronchoscopy examinations to assess precancerous changes in the lungs. Six months later, “former smokers showed significant improvements on all measures, indicating that treatment with iloprost may reduce the risk of developing lung cancer among former smokers,” the researchers said. “Interestingly, current smokers did not show any significant improvements,” they added. “Oral iloprost significantly improves endobronchial dysplasia in former smokers and deserves further study to determine if it can prevent the development of lung cancer.” ITALIAN RESEARCH Swiss drug maker Actelion markets inhaled iloprost under the brand name Ventavis. It is also sold in an intravenous form under the trade name Ilomedin by Schering, acquired by Merck. In April, researchers said a natural supplement derived from food, called myo-inositol, seems to stop the precancerous changes that lead to lung cancer. Cigarette smoke causes 90 percent of all cases of lung cancer, which kills 1.2 million people a year globally. But only about 10 percent of smokers ever develop lung cancer, although they often die of other causes like heart disease, stroke or emphysema. Separately, Italian researchers reported that advanced lung cancer patients given the targeted therapy drug Tarceva as so-called maintenance treatment — after they finished a course of standard chemotherapy — lived a little bit longer. Federico Cappuzzo from Ospedale Civile di Livorno in Italy and colleagues did a phase 3 trial in 889 patients who had already had chemotherapy and whose tumors had not come back. They received either Tarceva, a drug sold by Roche and OSI Pharmaceuticals and known generically as erlotinib, or a placebo until they got worse or died. The patients who got Tarceva lived a little longer without their tumors growing — 12 weeks versus 11 weeks on average and they lived a month longer on average — 12 months versus 11 months. This was seen even among patients who did not have the EGFR genetic mutation that Tarceva targets, they reported in Lancet Oncology. Fewer than half of all lung cancer patients who do well after a first course of chemotherapy get more treatment, but the Italian group said their study shows this is worth doing.","Drug may prevent lung cancer, study finds. WASHINGTON (Reuters) - A drug approved to treat a range of conditions may also work to prevent lung cancer in people who have given up smoking, U.S. researchers reported on Tuesday. The drug, called iloprost, is approved in inhaled forms to treat pulmonary hypertension, when blood pools near the lungs, a connective tissue disease called scleroderma and a nerve condition called Raynaud’s phenomenon. Dr. Robert Keith of the Denver Veterans Affairs Medical Center and colleagues tested an oral version to see if it might prevent lung cancer in smokers and former smokers. “Oral iloprost showed promise for preventing lung cancer in former, but not current, smokers in a phase II clinical trial,” they wrote in a summary presented to a meeting of the American Thoracic Society in New Orleans. Iloprost is a version of prostacyclin, a drug in the prostaglandin class that prevents lung cancer in mice. Keith, who has been testing several drugs to prevent lung cancer, looked at biopsies taken from the lungs of 125 current and former smokers. They treated half with placebo and half with iloprost, and then performed bronchoscopy examinations to assess precancerous changes in the lungs. Six months later, “former smokers showed significant improvements on all measures, indicating that treatment with iloprost may reduce the risk of developing lung cancer among former smokers,” the researchers said. “Interestingly, current smokers did not show any significant improvements,” they added. “Oral iloprost significantly improves endobronchial dysplasia in former smokers and deserves further study to determine if it can prevent the development of lung cancer.” ITALIAN RESEARCH Swiss drug maker Actelion markets inhaled iloprost under the brand name Ventavis. It is also sold in an intravenous form under the trade name Ilomedin by Schering, acquired by Merck. In April, researchers said a natural supplement derived from food, called myo-inositol, seems to stop the precancerous changes that lead to lung cancer. Cigarette smoke causes 90 percent of all cases of lung cancer, which kills 1.2 million people a year globally. But only about 10 percent of smokers ever develop lung cancer, although they often die of other causes like heart disease, stroke or emphysema. Separately, Italian researchers reported that advanced lung cancer patients given the targeted therapy drug Tarceva as so-called maintenance treatment — after they finished a course of standard chemotherapy — lived a little bit longer. Federico Cappuzzo from Ospedale Civile di Livorno in Italy and colleagues did a phase 3 trial in 889 patients who had already had chemotherapy and whose tumors had not come back. They received either Tarceva, a drug sold by Roche and OSI Pharmaceuticals and known generically as erlotinib, or a placebo until they got worse or died. The patients who got Tarceva lived a little longer without their tumors growing — 12 weeks versus 11 weeks on average and they lived a month longer on average — 12 months versus 11 months. This was seen even among patients who did not have the EGFR genetic mutation that Tarceva targets, they reported in Lancet Oncology. Fewer than half of all lung cancer patients who do well after a first course of chemotherapy get more treatment, but the Italian group said their study shows this is worth doing."
fakehealth,story_reviews_00484,1,0,0,0.679598980565584,0.320401019434416,0.679598980565584,0.54802483,0.4519752,0.54802483,"(CNN) Jet lag might be the worst part of long-distance travel, especially when it leaves you feeling tired, cranky and off-kilter for days. But scientists at Stanford University say there may be a way to prevent jet lag without medication or adjusting your sleep schedule. A team of researchers led by neurobiologist Jamie Zeitzer is working on a technique that exposes people to short flashes of light while they sleep to help them adjust more quickly to time zone changes. Current light therapy treatment includes sitting in front of bright lights for hours at a time during the day, which allows you to transition your body clock to a new time zone in small steps prior to taking a trip. Zeitzer's latest study, published Monday in the Journal of Clinical Investigation , could make treatment easier by providing light exposure during sleep, before the trip, without changing or interrupting your routine. Exploiting biology 'in the eye' Researchers believe the flashing light helps reset the circadian system , which regulates rhythms in the human body and establishes normal sleep and wake phases. The circadian system is synchronized to the outside world through exposure to light; it controls sleep timing, hormone release and mood, said Zeitzer, an assistant professor of psychiatry and behavioral sciences. Jet lag occurs when sleeping and waking patterns are not synchronized to circadian rhythms. To adapt to a new time zone, most people try to get as much light exposure as possible corresponding to their destination, either by waking up early before a trip or staying up late when they arrive, Zeitzer said. Or they do nothing and suffer the exhausting consequences; the body eventually adjusts at a slow pace of about one hour a day, taking up to three days to catch up. Through light therapy, the technique Zeitzer is experimenting with, a person's brain can be tricked into adjusting more quickly to disturbances in sleep cycles by increasing how long he or she is exposed to light prior to traveling to a new time zone. The treatment ""exploits biology in the eye"" to speed up the brain's adjustment to time changes, he said. This study builds on previous research published in 2014, which found that light therapy works best at night because the body's circadian rhythms are more sensitive to light at night, even through closed eyelids. In this latest study, Zeitzer and Raymond Najjar, a former postdoctoral scholar at Stanford now at Singapore Eye Research Institute, found that short flashes of light at night are more effective than continuous light exposure and could speed up the process of adjusting to a different time zone before a trip. ""The previous study was proof of principle: Can we elicit these kinds of changes and can we do it without interfering with sleep?"" Zeitzer said. This time around, researchers tried to further optimize the process. Continuous light vs. flashes To determine which would provide the fastest method of adjusting sleep cycles, researchers recruited 39 participants ages 19 to 36. They put them on a routine sleep-wake cycle, going to bed and waking up at the same time every day for about two weeks. They then had the volunteers sleep in the lab, where some were exposed to continuous light for an hour and others were exposed to a sequence of flashes of various frequencies for an hour. They found that exposing people to two millisecond flashes of light, similar to a camera flash, every 10 seconds elicited two hours of change in circadian timing, compared with 36 minutes for those exposed to continuous light. Participants were able to sleep through the flashes of light without waking. ""You get more effectiveness out of flashes of light. It will enable us to have more potent countermeasures to jet lag than continuous light, which is the current prescribed light therapy treatment,"" Zeitzer said. The treatment could benefit not only travelers but also overnight shift workers and people with constantly changing schedules, he said, but that's a long way off. There's still more testing to be done before the technique is available to the public.","Jet lag research finds new potential treatment. (CNN) Jet lag might be the worst part of long-distance travel, especially when it leaves you feeling tired, cranky and off-kilter for days. But scientists at Stanford University say there may be a way to prevent jet lag without medication or adjusting your sleep schedule. A team of researchers led by neurobiologist Jamie Zeitzer is working on a technique that exposes people to short flashes of light while they sleep to help them adjust more quickly to time zone changes. Current light therapy treatment includes sitting in front of bright lights for hours at a time during the day, which allows you to transition your body clock to a new time zone in small steps prior to taking a trip. Zeitzer's latest study, published Monday in the Journal of Clinical Investigation , could make treatment easier by providing light exposure during sleep, before the trip, without changing or interrupting your routine. Exploiting biology 'in the eye' Researchers believe the flashing light helps reset the circadian system , which regulates rhythms in the human body and establishes normal sleep and wake phases. The circadian system is synchronized to the outside world through exposure to light; it controls sleep timing, hormone release and mood, said Zeitzer, an assistant professor of psychiatry and behavioral sciences. Jet lag occurs when sleeping and waking patterns are not synchronized to circadian rhythms. To adapt to a new time zone, most people try to get as much light exposure as possible corresponding to their destination, either by waking up early before a trip or staying up late when they arrive, Zeitzer said. Or they do nothing and suffer the exhausting consequences; the body eventually adjusts at a slow pace of about one hour a day, taking up to three days to catch up. Through light therapy, the technique Zeitzer is experimenting with, a person's brain can be tricked into adjusting more quickly to disturbances in sleep cycles by increasing how long he or she is exposed to light prior to traveling to a new time zone. The treatment ""exploits biology in the eye"" to speed up the brain's adjustment to time changes, he said. This study builds on previous research published in 2014, which found that light therapy works best at night because the body's circadian rhythms are more sensitive to light at night, even through closed eyelids. In this latest study, Zeitzer and Raymond Najjar, a former postdoctoral scholar at Stanford now at Singapore Eye Research Institute, found that short flashes of light at night are more effective than continuous light exposure and could speed up the process of adjusting to a different time zone before a trip. ""The previous study was proof of principle: Can we elicit these kinds of changes and can we do it without interfering with sleep?"" Zeitzer said. This time around, researchers tried to further optimize the process. Continuous light vs. flashes To determine which would provide the fastest method of adjusting sleep cycles, researchers recruited 39 participants ages 19 to 36. They put them on a routine sleep-wake cycle, going to bed and waking up at the same time every day for about two weeks. They then had the volunteers sleep in the lab, where some were exposed to continuous light for an hour and others were exposed to a sequence of flashes of various frequencies for an hour. They found that exposing people to two millisecond flashes of light, similar to a camera flash, every 10 seconds elicited two hours of change in circadian timing, compared with 36 minutes for those exposed to continuous light. Participants were able to sleep through the flashes of light without waking. ""You get more effectiveness out of flashes of light. It will enable us to have more potent countermeasures to jet lag than continuous light, which is the current prescribed light therapy treatment,"" Zeitzer said. The treatment could benefit not only travelers but also overnight shift workers and people with constantly changing schedules, he said, but that's a long way off. There's still more testing to be done before the technique is available to the public."
fakehealth,news_reviews_00414,1,0,0,0.8525709792533467,0.1474290207466533,0.8525709792533467,0.63103336,0.36896667,0.63103336,"Newswise — Chicago — A single breath may be all it takes to identify the return of lung cancer after surgery, according to a study posted online today by The Annals of Thoracic Surgery. Exhaled breath contains thousands of volatile organic compounds (VOCs) that vary in composition and pattern depending on a person’s health status. A subset of four VOCs—called carbonyl compounds because of their carbon base—have been discovered in the exhaled breath of lung cancer patients. Being able to identify this lung cancer “signature” through a simple breath test has emerged as one of the most promising ways to diagnose the disease. Now the test is being used to monitor for disease recurrence. Erin M. Schumer, MD, MPH, Victor van Berkel, MD, PhD, and colleagues from the University of Louisville analyzed breath samples collected before and after surgery from 31 lung cancer patients and compared their carbonyl VOCs levels with samples from 187 healthy patients. The researchers found a significant decrease in overall carbonyl VOC levels following surgery; in fact, three of the four carbonyl VOCs normalized after surgery, matching levels in the control group. “The rapid normalization of almost all of the four compounds after surgery provides strong evidence that they are directly produced by the tumor environment,” said Dr. Schumer. “This study confirms that the technology is accurate.” Lung cancer is the leading cause of cancer death. The American Cancer Society (ACS) estimates that more than 224,000 Americans will be diagnosed with lung cancer this year, and more than 158,000 lung cancer patients will die—that translates to 433 lung cancer deaths per day in the United States. Dr. Schumer said those grim statistics underscore the need for early detection, “We hope that breath analysis will allow us to diagnose patients with primary or recurrent lung cancer long before they suffer from symptoms, when we have more options for treating them, giving them the best chance for cure.” Currently, lung cancer patients are followed after surgery with chest computed tomography (CT) scans, which can be inconvenient, expensive, and expose the patient to radiation. “We hope that the breath analysis can serve as the primary screening tool for cancer recurrence and a CT scan ordered only if the breath test suggests that there has been a change,” said Dr. van Berkel. How the Breath Test WorksThe process of breath analysis is relatively simple. The patient blows a single breath into a specialized balloon. The balloon is then connected to a pump that pulls the breath over a small microchip (smaller than a quarter), trapping the chemicals. The microchip is sent to the lab, where the chemicals are analyzed within hours. Breath collection can be performed in the doctor’s office. The pump is reusable; the balloon, microchip, and lab test together cost around $20, all supporting the increasing acceptance of breath tests as a cost-effective, easy-to-perform, non-invasive, and rapid option for the diagnosis of lung cancer. “The great potential with breath analysis is detecting lung cancer at any point, both as a primary screening tool and to follow patients after disease has been treated,” said Dr. van Berkel. “The technology is pretty robust. Our next step is getting approval from the FDA.” ### Schumer E, Black M, Bousamra M, Trivedi J, Li M, Fu X, van Berkel V. Normalization of Exhaled Carbonyl Compounds Following Lung Cancer Resection. Ann Thoracic Surg 2016; DOI: 10.1016/j.athoracsur.2016.04.068. Note: This work was supported by the Coulter Foundation, V Foundation, National Science Foundation, and Bill and Melinda Gates Foundation. In addition, Drs. Bousamra, van Berkel, and Fu disclose a financial relationship with Breath Diagnostics, Inc. For a copy of The Annals article, contact Jennifer Bagley at 312-202-5865 or jbagley@sts.org. Founded in 1964, The Society of Thoracic Surgeons is a not-for-profit organization representing more than 7,200 cardiothoracic surgeons, researchers, and allied health care professionals worldwide who are dedicated to ensuring the best possible outcomes for surgeries of the heart, lung, and esophagus, as well as other surgical procedures within the chest. The Society’s mission is to enhance the ability of cardiothoracic surgeons to provide the highest quality patient care through education, research, and advocacy. The Annals of Thoracic Surgery is the official journal of STS and the Southern Thoracic Surgical Association. It has a 5-year impact factor of 4.104, the highest of any cardiothoracic surgery journal worldwide.","Lung Cancer Breath ‘Signature’ Presents Promise for Earlier Diagnosis. Newswise — Chicago — A single breath may be all it takes to identify the return of lung cancer after surgery, according to a study posted online today by The Annals of Thoracic Surgery. Exhaled breath contains thousands of volatile organic compounds (VOCs) that vary in composition and pattern depending on a person’s health status. A subset of four VOCs—called carbonyl compounds because of their carbon base—have been discovered in the exhaled breath of lung cancer patients. Being able to identify this lung cancer “signature” through a simple breath test has emerged as one of the most promising ways to diagnose the disease. Now the test is being used to monitor for disease recurrence. Erin M. Schumer, MD, MPH, Victor van Berkel, MD, PhD, and colleagues from the University of Louisville analyzed breath samples collected before and after surgery from 31 lung cancer patients and compared their carbonyl VOCs levels with samples from 187 healthy patients. The researchers found a significant decrease in overall carbonyl VOC levels following surgery; in fact, three of the four carbonyl VOCs normalized after surgery, matching levels in the control group. “The rapid normalization of almost all of the four compounds after surgery provides strong evidence that they are directly produced by the tumor environment,” said Dr. Schumer. “This study confirms that the technology is accurate.” Lung cancer is the leading cause of cancer death. The American Cancer Society (ACS) estimates that more than 224,000 Americans will be diagnosed with lung cancer this year, and more than 158,000 lung cancer patients will die—that translates to 433 lung cancer deaths per day in the United States. Dr. Schumer said those grim statistics underscore the need for early detection, “We hope that breath analysis will allow us to diagnose patients with primary or recurrent lung cancer long before they suffer from symptoms, when we have more options for treating them, giving them the best chance for cure.” Currently, lung cancer patients are followed after surgery with chest computed tomography (CT) scans, which can be inconvenient, expensive, and expose the patient to radiation. “We hope that the breath analysis can serve as the primary screening tool for cancer recurrence and a CT scan ordered only if the breath test suggests that there has been a change,” said Dr. van Berkel. How the Breath Test WorksThe process of breath analysis is relatively simple. The patient blows a single breath into a specialized balloon. The balloon is then connected to a pump that pulls the breath over a small microchip (smaller than a quarter), trapping the chemicals. The microchip is sent to the lab, where the chemicals are analyzed within hours. Breath collection can be performed in the doctor’s office. The pump is reusable; the balloon, microchip, and lab test together cost around $20, all supporting the increasing acceptance of breath tests as a cost-effective, easy-to-perform, non-invasive, and rapid option for the diagnosis of lung cancer. “The great potential with breath analysis is detecting lung cancer at any point, both as a primary screening tool and to follow patients after disease has been treated,” said Dr. van Berkel. “The technology is pretty robust. Our next step is getting approval from the FDA.” ### Schumer E, Black M, Bousamra M, Trivedi J, Li M, Fu X, van Berkel V. Normalization of Exhaled Carbonyl Compounds Following Lung Cancer Resection. Ann Thoracic Surg 2016; DOI: 10.1016/j.athoracsur.2016.04.068. Note: This work was supported by the Coulter Foundation, V Foundation, National Science Foundation, and Bill and Melinda Gates Foundation. In addition, Drs. Bousamra, van Berkel, and Fu disclose a financial relationship with Breath Diagnostics, Inc. For a copy of The Annals article, contact Jennifer Bagley at 312-202-5865 or jbagley@sts.org. Founded in 1964, The Society of Thoracic Surgeons is a not-for-profit organization representing more than 7,200 cardiothoracic surgeons, researchers, and allied health care professionals worldwide who are dedicated to ensuring the best possible outcomes for surgeries of the heart, lung, and esophagus, as well as other surgical procedures within the chest. The Society’s mission is to enhance the ability of cardiothoracic surgeons to provide the highest quality patient care through education, research, and advocacy. The Annals of Thoracic Surgery is the official journal of STS and the Southern Thoracic Surgical Association. It has a 5-year impact factor of 4.104, the highest of any cardiothoracic surgery journal worldwide."
fakehealth,news_reviews_00359,0,1,1,0.4673979868202568,0.5326020131797432,0.5326020131797432,0.42322537,0.57677466,0.57677466,"BOSTON (Sept. 14, 2016) -- Although targeted drugs like Gleevec have revolutionized the treatment of chronic myelogenous leukemia (CML), patients generally must take them for the rest of their lives and may cease benefiting from them over time. In new research that could suggest a road to cure, scientists at Dana-Farber Cancer Institute and Boston Children's Hospital have found that CML stem cells die in response to inhibition of a protein called Ezh2. Drugs that target the protein are currently being tested in clinical trials for other cancers. The findings, reported online today by the journal Cancer Discovery, raise the prospect that Ezh2 blockers, in combination with Gleevec and similar drugs, could eradicate the disease in some patients in relatively rapid fashion or could be an effective therapy for those who become resistant to Gleevec-like agents, the authors state. In a paper published simultaneously by Cancer Discovery, a team of Scottish scientists report similar findings using a different research approach. ""The vast majority of patients with CML do remarkably well on imatinib [Gleevec] and similar drugs: The disease is well controlled and side effects are tolerable,"" says Stuart Orkin, MD, the study's senior author and a pediatric hematologist/oncologist at Dana-Farber/Boston Children's Cancer and Blood Disorders Center. ""In only 10-20 percent of patients, however, are the leukemia cells fully cleared from the body. The other 90 percent retain a reservoir of leukemic stem cells - which initiate the disease - and must stay on the drugs permanently."" CML is a slowly progressing type of blood cancer that develops in the bone marrow. Primarily occurring in adults, it is rare in children. Over time, some patients develop resistance to Gleevec and other drugs that block BCR-ABL, the misbegotten ""fusion"" protein that drives CML growth. Although second- and third-line targeted therapies can often return the disease to remission, some patients don't benefit from these drugs or develop severe side effects. The new study grew out of efforts to discover whether different types of cancer are susceptible to Ezh2 inhibitors. In laboratory experiments, the Dana-Farber/Boston Children's researchers found not only that Ezh2 is overabundant in leukemia stem cells but that it helps them survive and give rise to full-fledged CML cells. Follow-up studies in mice showed that inactivating Ezh2 through gene-editing techniques caused CML stem cells to die, halting the disease at its source. ""The stem cells' dependence on Ezh2 suggests they will be especially vulnerable to drugs that target the protein,"" Orkin remarks. ""Such drugs are already in clinical trials for other diseases, including lymphoma and some solid tumors."" Epizyme, a biopharmaceutical company based in Cambridge, MA, recently opened a pediatric trial of an Ezh2 inhibitor for children with rhabdoid and other tumors. Dana-Farber/Boston Children's is a site in the multi-center Phase 1 trial. Although adding Ezh2-targeting agents to the standard drug regimen for CML has the potential to dramatically shorten the treatment period for many patients, ethical considerations may lead to the agents' first being tested in patients who don't respond to Gleevec and similar drugs, either initially or after drug resistance develops, Orkin remarks. ""Our findings suggest inhibition of Ezh2 should be considered as a way to eradicate CML when used in combination with current targeted therapies. It offers a promising approach to shortening the duration of therapy in order to achieve a cure. If successful, the cost savings of such an approach could also be significant."" ### Joining senior author Orkin, the study's lead author is Huafeng Xie, PhD, of Dana/Farber/Boston Children's. Co-authors are Cong Peng, Jialiang Huang, PhD, Bin E. Li, PhD, Woojin Kim, Elenoe C. Smith, Yuko Fujiwara, PhD, Partha P. Das, Minh Nguyen, of Dana-Farber/Boston Children's; Jun Qi, PhD, of Dana-Farber; James E. Bradner, MD, of Dana-Farber and the Novartis Institute for BioMedical Research; Shaoguang Li, MD, PhD, of University of Massachusetts Medical School; and Giulia Cheloni of UMass Medical School and the University of Florence, Florence, Italy. The study was funded in part by the National Institutes of Health (grant UO1 CA105423) and Hyundai Hope on Wheels. Dana-Farber/Boston Children's Cancer and Blood Disorders Center -- the nation's top pediatric cancer center, according to U.S. News & World Report - brings together two internationally known research and teaching institutions that have provided comprehensive care for pediatric oncology and hematology patients since 1947. The Harvard Medical School affiliates share a clinical staff that delivers inpatient care at Boston Children's Hospital and most outpatient care at Dana-Farber Cancer Institute.","Discovery offers prospect of shorter treatment and cure for chronic myelogenous leukemia. BOSTON (Sept. 14, 2016) -- Although targeted drugs like Gleevec have revolutionized the treatment of chronic myelogenous leukemia (CML), patients generally must take them for the rest of their lives and may cease benefiting from them over time. In new research that could suggest a road to cure, scientists at Dana-Farber Cancer Institute and Boston Children's Hospital have found that CML stem cells die in response to inhibition of a protein called Ezh2. Drugs that target the protein are currently being tested in clinical trials for other cancers. The findings, reported online today by the journal Cancer Discovery, raise the prospect that Ezh2 blockers, in combination with Gleevec and similar drugs, could eradicate the disease in some patients in relatively rapid fashion or could be an effective therapy for those who become resistant to Gleevec-like agents, the authors state. In a paper published simultaneously by Cancer Discovery, a team of Scottish scientists report similar findings using a different research approach. ""The vast majority of patients with CML do remarkably well on imatinib [Gleevec] and similar drugs: The disease is well controlled and side effects are tolerable,"" says Stuart Orkin, MD, the study's senior author and a pediatric hematologist/oncologist at Dana-Farber/Boston Children's Cancer and Blood Disorders Center. ""In only 10-20 percent of patients, however, are the leukemia cells fully cleared from the body. The other 90 percent retain a reservoir of leukemic stem cells - which initiate the disease - and must stay on the drugs permanently."" CML is a slowly progressing type of blood cancer that develops in the bone marrow. Primarily occurring in adults, it is rare in children. Over time, some patients develop resistance to Gleevec and other drugs that block BCR-ABL, the misbegotten ""fusion"" protein that drives CML growth. Although second- and third-line targeted therapies can often return the disease to remission, some patients don't benefit from these drugs or develop severe side effects. The new study grew out of efforts to discover whether different types of cancer are susceptible to Ezh2 inhibitors. In laboratory experiments, the Dana-Farber/Boston Children's researchers found not only that Ezh2 is overabundant in leukemia stem cells but that it helps them survive and give rise to full-fledged CML cells. Follow-up studies in mice showed that inactivating Ezh2 through gene-editing techniques caused CML stem cells to die, halting the disease at its source. ""The stem cells' dependence on Ezh2 suggests they will be especially vulnerable to drugs that target the protein,"" Orkin remarks. ""Such drugs are already in clinical trials for other diseases, including lymphoma and some solid tumors."" Epizyme, a biopharmaceutical company based in Cambridge, MA, recently opened a pediatric trial of an Ezh2 inhibitor for children with rhabdoid and other tumors. Dana-Farber/Boston Children's is a site in the multi-center Phase 1 trial. Although adding Ezh2-targeting agents to the standard drug regimen for CML has the potential to dramatically shorten the treatment period for many patients, ethical considerations may lead to the agents' first being tested in patients who don't respond to Gleevec and similar drugs, either initially or after drug resistance develops, Orkin remarks. ""Our findings suggest inhibition of Ezh2 should be considered as a way to eradicate CML when used in combination with current targeted therapies. It offers a promising approach to shortening the duration of therapy in order to achieve a cure. If successful, the cost savings of such an approach could also be significant."" ### Joining senior author Orkin, the study's lead author is Huafeng Xie, PhD, of Dana/Farber/Boston Children's. Co-authors are Cong Peng, Jialiang Huang, PhD, Bin E. Li, PhD, Woojin Kim, Elenoe C. Smith, Yuko Fujiwara, PhD, Partha P. Das, Minh Nguyen, of Dana-Farber/Boston Children's; Jun Qi, PhD, of Dana-Farber; James E. Bradner, MD, of Dana-Farber and the Novartis Institute for BioMedical Research; Shaoguang Li, MD, PhD, of University of Massachusetts Medical School; and Giulia Cheloni of UMass Medical School and the University of Florence, Florence, Italy. The study was funded in part by the National Institutes of Health (grant UO1 CA105423) and Hyundai Hope on Wheels. Dana-Farber/Boston Children's Cancer and Blood Disorders Center -- the nation's top pediatric cancer center, according to U.S. News & World Report - brings together two internationally known research and teaching institutions that have provided comprehensive care for pediatric oncology and hematology patients since 1947. The Harvard Medical School affiliates share a clinical staff that delivers inpatient care at Boston Children's Hospital and most outpatient care at Dana-Farber Cancer Institute."
fakehealth,story_reviews_00528,0,1,1,0.2088140492900452,0.7911859507099548,0.7911859507099548,0.3358172,0.66418284,0.66418284,"Dear Julia: How well do flu shots actually work? Just about every influential public health figure urges people to get their flu shots each fall as a necessary precaution during influenza season. So over dinner, I asked a couple of respected evidence-based medicine researchers what they thought of the vaccine. I was taken aback by their response. They basically laughed at the idea that the flu shot was particularly effective. This posed a conundrum. It seemed like there were two groups saying very different things. But after reviewing the research, I think I understand what's going on here. It's true that flu vaccines don't work spectacularly well, at least according to the best evidence we have (and most of the evidence on flu vaccines is of poor methodological quality). But the downsides to getting a vaccine are extremely minimal, and flu shots may still be helpful in reducing some illness and saving lives, which is why public health experts say you should get vaccinated anyway. Why the flu vaccine isn't always effective The flu vaccine has been our main strategy for warding off seasonal flu for more than 60 years. Seasonal influenza, which surfaces as a respiratory illness, is caused by influenza A and B viruses. The flu shot is designed to protect people against three or four strains of the A and B viruses that researchers believe will be most common that year, leading to the nasty fevers, headaches, coughs, and runny noses that make many people miserable in the fall and winter. The challenge, however, is that the flu virus is highly unstable, mutating all the time. So this means drug companies can't just make one kind of vaccine that'll last a lifetime. Every year, public health agencies essentially make educated guesses on what strains and mutations will make the rounds. And that's not easy. In February, the World Health Organization offers a prediction — based on surveillance and laboratory and clinical studies — and then each country uses that prediction to approve vaccines in its jurisdiction. (In the US, the Food and Drug Administration makes that final call.) The potential for error here can dramatically alter the effectiveness of the flu shot in a given season. If vaccine makers prepare for one combination of viruses and different ones end up circulating widely, the vaccine won't work that well. This may help explain why the evidence on the effectiveness of flu shots is relatively mixed. The Cochrane Collaboration, an independent nonprofit that reviews the evidence on medical questions, has conducted two major meta-analyses (looking at the results of lots of individual studies) on whether the shot prevents flu in healthy children and adults. In kids, the highest-quality evidence — a randomized controlled trial — suggests the vaccine works well enough: On average, if you give six kids under the age of 6 a flu shot, you can expect to prevent one case of the flu. For children under age 2, the benefits are less clear; the evidence, the researchers found, was scant, and of the research that was available, it seemed the efficacy of the shot was similar to placebo. In adults, however, the vaccine's effects are more modest. ""Depending on the season,"" explained Tom Jefferson, an author on these Cochrane reviews, ""you need to vaccinate anywhere between 33 and 100 people to avoid one set of symptoms."" In a good year, when the WHO guesses correctly and the flu shot matches the strains in circulation, you need to give 33 adults flu shots, on average, to prevent one case of illness. In a year when the WHO guesses badly, you need to vaccinate 100 people to prevent one flu case. Jefferson pointed out that his Cochrane review on adults also found that flu vaccination rates have barely any effect on the number of sick days taken and no major impact on rates of hospitalization. So, yes, the flu vaccine can prevent illness, but it's hard to detect major effects on public health in the data. On the other hand, the evidence suggests that there's no harm in getting a flu shot, either. The meta-analyses found no evidence of serious side effects beyond the odd case of soreness at the injection site. That seems to be the same conclusion that other studies have drawn — the flu vaccine is modestly helpful, and doesn't hurt. In 2012 researchers analyzed 15 meta-analyses on the flu shot and concluded, ""Most influenza vaccines have been shown to confer some protection against naturally acquired infection and no evidence for major harms has emerged."" One key caveat here is that the evidence, overall, is pretty poor quality. Most of these analyses rely overwhelmingly on observational studies, where researchers observe and gather data on people who take the flu shot compared with those who don't. Because these aren't experiments — ideally we'd have randomized controlled trials — they're more prone to bias and therefore less reliable. In the case of the elderly, the situation is particularly troublesome. As this Lancet study points out, because annual flu shots were recommended for the elderly since the 1960s, it has been unethical to conduct high-quality randomized controlled trials where you give only one group the shot in order to compare it with another group that didn't get the vaccine. So, as this Cochrane review notes, it's impossible to draw firm conclusions on the effectiveness of the flu vaccine for those over 65 because the data is so biased and poor. Again, though, this doesn't mean we should throw away the vaccine. Stanford researcher John Ioannidis told me how he makes sense of this issue after reviewing the evidence: ""Overall the flu vaccine is effective, and it does save lives. I cannot put an exact figure to how many, but it may well be millions of lives. Generally it is safe and rather cheap, so even if the effectiveness is less than optimal sometimes, overall it is a good deal."" Why people still bother to get the shot Despite the limited evidence of effectiveness, there are still good reasons why public health experts recommend the shot. For one, in those years when the WHO guesses correctly which strains will circulate, the shot tends to be a lot more helpful than some of these averages suggest. And the vaccine is overwhelmingly safe. There's also little by way of alternatives. Beyond public health measures (making sure you have good hand hygiene and avoiding the office when you're sick), the flu shot is the best medical intervention we have for preventing infection. So there's little downside with at least some potential benefit. I personally continue to get the flu shot for this reason. As Roger Baxter, the co-director of the Kaiser Permanente Vaccine Study Center, told me, ""Flu vaccines are not a panacea, and do not prevent all cases of flu, even in the best years, when there are no manufacturing problems and the match is perfect."" He continued: ""However, the vaccines provide moderate protection, and can prevent huge numbers of cases of this serious illness. Many studies have shown that the vaccines are very safe, so the benefit-to-risk ratio is high and the cost is relatively low."" Welcome to Dear Julia, a column where readers can submit everyday health questions. Which over-the-counter painkillers work best? Is it better to run or walk for exercise? How much harm does frequent flying do to your body? Julia Belluz will sift through the research and consult with experts in the field to figure out how science can help us live happier and healthier lives. Have a question? Use our submission form, or ask @juliaoftoronto on Twitter.","The flu vaccine isn't perfect — but that doesn't mean you should skip the shot. Dear Julia: How well do flu shots actually work? Just about every influential public health figure urges people to get their flu shots each fall as a necessary precaution during influenza season. So over dinner, I asked a couple of respected evidence-based medicine researchers what they thought of the vaccine. I was taken aback by their response. They basically laughed at the idea that the flu shot was particularly effective. This posed a conundrum. It seemed like there were two groups saying very different things. But after reviewing the research, I think I understand what's going on here. It's true that flu vaccines don't work spectacularly well, at least according to the best evidence we have (and most of the evidence on flu vaccines is of poor methodological quality). But the downsides to getting a vaccine are extremely minimal, and flu shots may still be helpful in reducing some illness and saving lives, which is why public health experts say you should get vaccinated anyway. Why the flu vaccine isn't always effective The flu vaccine has been our main strategy for warding off seasonal flu for more than 60 years. Seasonal influenza, which surfaces as a respiratory illness, is caused by influenza A and B viruses. The flu shot is designed to protect people against three or four strains of the A and B viruses that researchers believe will be most common that year, leading to the nasty fevers, headaches, coughs, and runny noses that make many people miserable in the fall and winter. The challenge, however, is that the flu virus is highly unstable, mutating all the time. So this means drug companies can't just make one kind of vaccine that'll last a lifetime. Every year, public health agencies essentially make educated guesses on what strains and mutations will make the rounds. And that's not easy. In February, the World Health Organization offers a prediction — based on surveillance and laboratory and clinical studies — and then each country uses that prediction to approve vaccines in its jurisdiction. (In the US, the Food and Drug Administration makes that final call.) The potential for error here can dramatically alter the effectiveness of the flu shot in a given season. If vaccine makers prepare for one combination of viruses and different ones end up circulating widely, the vaccine won't work that well. This may help explain why the evidence on the effectiveness of flu shots is relatively mixed. The Cochrane Collaboration, an independent nonprofit that reviews the evidence on medical questions, has conducted two major meta-analyses (looking at the results of lots of individual studies) on whether the shot prevents flu in healthy children and adults. In kids, the highest-quality evidence — a randomized controlled trial — suggests the vaccine works well enough: On average, if you give six kids under the age of 6 a flu shot, you can expect to prevent one case of the flu. For children under age 2, the benefits are less clear; the evidence, the researchers found, was scant, and of the research that was available, it seemed the efficacy of the shot was similar to placebo. In adults, however, the vaccine's effects are more modest. ""Depending on the season,"" explained Tom Jefferson, an author on these Cochrane reviews, ""you need to vaccinate anywhere between 33 and 100 people to avoid one set of symptoms."" In a good year, when the WHO guesses correctly and the flu shot matches the strains in circulation, you need to give 33 adults flu shots, on average, to prevent one case of illness. In a year when the WHO guesses badly, you need to vaccinate 100 people to prevent one flu case. Jefferson pointed out that his Cochrane review on adults also found that flu vaccination rates have barely any effect on the number of sick days taken and no major impact on rates of hospitalization. So, yes, the flu vaccine can prevent illness, but it's hard to detect major effects on public health in the data. On the other hand, the evidence suggests that there's no harm in getting a flu shot, either. The meta-analyses found no evidence of serious side effects beyond the odd case of soreness at the injection site. That seems to be the same conclusion that other studies have drawn — the flu vaccine is modestly helpful, and doesn't hurt. In 2012 researchers analyzed 15 meta-analyses on the flu shot and concluded, ""Most influenza vaccines have been shown to confer some protection against naturally acquired infection and no evidence for major harms has emerged."" One key caveat here is that the evidence, overall, is pretty poor quality. Most of these analyses rely overwhelmingly on observational studies, where researchers observe and gather data on people who take the flu shot compared with those who don't. Because these aren't experiments — ideally we'd have randomized controlled trials — they're more prone to bias and therefore less reliable. In the case of the elderly, the situation is particularly troublesome. As this Lancet study points out, because annual flu shots were recommended for the elderly since the 1960s, it has been unethical to conduct high-quality randomized controlled trials where you give only one group the shot in order to compare it with another group that didn't get the vaccine. So, as this Cochrane review notes, it's impossible to draw firm conclusions on the effectiveness of the flu vaccine for those over 65 because the data is so biased and poor. Again, though, this doesn't mean we should throw away the vaccine. Stanford researcher John Ioannidis told me how he makes sense of this issue after reviewing the evidence: ""Overall the flu vaccine is effective, and it does save lives. I cannot put an exact figure to how many, but it may well be millions of lives. Generally it is safe and rather cheap, so even if the effectiveness is less than optimal sometimes, overall it is a good deal."" Why people still bother to get the shot Despite the limited evidence of effectiveness, there are still good reasons why public health experts recommend the shot. For one, in those years when the WHO guesses correctly which strains will circulate, the shot tends to be a lot more helpful than some of these averages suggest. And the vaccine is overwhelmingly safe. There's also little by way of alternatives. Beyond public health measures (making sure you have good hand hygiene and avoiding the office when you're sick), the flu shot is the best medical intervention we have for preventing infection. So there's little downside with at least some potential benefit. I personally continue to get the flu shot for this reason. As Roger Baxter, the co-director of the Kaiser Permanente Vaccine Study Center, told me, ""Flu vaccines are not a panacea, and do not prevent all cases of flu, even in the best years, when there are no manufacturing problems and the match is perfect."" He continued: ""However, the vaccines provide moderate protection, and can prevent huge numbers of cases of this serious illness. Many studies have shown that the vaccines are very safe, so the benefit-to-risk ratio is high and the cost is relatively low."" Welcome to Dear Julia, a column where readers can submit everyday health questions. Which over-the-counter painkillers work best? Is it better to run or walk for exercise? How much harm does frequent flying do to your body? Julia Belluz will sift through the research and consult with experts in the field to figure out how science can help us live happier and healthier lives. Have a question? Use our submission form, or ask @juliaoftoronto on Twitter."
fakehealth,news_reviews_00533,1,0,0,0.5043049487278229,0.495695051272177,0.5043049487278229,0.51110256,0.48889747,0.51110256,"DALLAS, Oct. 20, 2015 -- Botox -- known for reducing facial wrinkles -- may also prevent irregular heart rhythms when injected into fat surrounding the heart after bypass surgery, according to research in the American Heart Association journal Circulation: Arrhythmia and Electrophysiology. Botulinum toxin, commonly known as Botox, is produced by Clostridium botulinum bacteria. When a small amount of Botox is injected into a muscle, it blocks nerve signals that tell muscles to contract. Atrial fibrillation (also called AFib or AF) is a quivering or irregular heartbeat (arrhythmia) that can lead to blood clots, stroke, heart failure and other heart-related complications. ""About a third of all patients undergoing bypass surgery will develop atrial fibrillation, putting them at higher risk for cardiovascular complications,"" said Jonathan S. Steinberg, M.D., senior study author and Adjunct Professor of Medicine at the University of Rochester and Director of the Arrhythmia Institute in the Valley Health System in Ridgewood, New Jersey. ""Atrial fibrillation is also always associated with lengthened hospitalization and that means increased healthcare costs."" In two Russian hospitals, researchers randomly assigned 60 patients to receive Botox or saline injections. The injections were made in the four major fat pads surrounding the heart. To avoid bias, neither patients nor doctors knew whether the injections contained Botox or saline. Researchers found that: In the 30 days following surgery, those who received Botox injections during heart bypass surgery had a 7 percent chance of developing AF, compared to 30 percent chance in patients who received saline. One year after surgery, none of the patients who received Botox had AF, compared to 27 percent of the patients who received saline. No complications from the Botox injections were reported. But complications from the bypass surgery were similar in both groups, including time in intensive care and on a breathing machine, and infection rate. The results must be replicated in larger studies before Botox injections are routinely used to prevent AF after bypass surgery, researchers said. If confirmed in heart bypass patients, Botox injections could also help prevent AF in people undergoing valve repair or replacement. About half of those patients will develop AF after surgery. ""This first-in-man study has opened a whole new line of thinking and research,"" Steinberg said. ""In the near future, botox injections may become the standard of care for heart bypass and valve patients, but we're not quite there yet."" ### Co-authors are Evgeny Pokushalov, M.D.; Boris Kozlov, M.D.; Alexander Romanov, M.D.; Artem Streinikov, M.D.; Sevda Bayramova, M.D.; David Sergeevichev, Ph.D.; Alexander Bogachev-Prokophiev, M.D.; Sergey Zheleznev, M.D.; Vladimir Shipulin, M.D.; Vladimir Lomivorotov, M.D.; Alexander Karaskov, M.D. and Sunny S. Po, M.D. Author disclosures are on the manuscript. The Russian State Research Institute of Circulation Pathology and the Siberian Division of Russian Academy of Medical Sciences funded the study. Additional Resources: Researcher photo, heart graphic, and beating heart animation are located in the right column of this release link: http://newsroom. heart. org/ news/ botox-may-prevent-irregular-heartbeat-after-bypass-surgery?preview= 09d0de2125928b2822dd4750e149cc06 About Your Bypass Surgery Brochure What is Atrial Fibrillation Follow AHA/ASA news on Twitter @HeartNews.","Botox may prevent irregular heartbeat after bypass surgery. DALLAS, Oct. 20, 2015 -- Botox -- known for reducing facial wrinkles -- may also prevent irregular heart rhythms when injected into fat surrounding the heart after bypass surgery, according to research in the American Heart Association journal Circulation: Arrhythmia and Electrophysiology. Botulinum toxin, commonly known as Botox, is produced by Clostridium botulinum bacteria. When a small amount of Botox is injected into a muscle, it blocks nerve signals that tell muscles to contract. Atrial fibrillation (also called AFib or AF) is a quivering or irregular heartbeat (arrhythmia) that can lead to blood clots, stroke, heart failure and other heart-related complications. ""About a third of all patients undergoing bypass surgery will develop atrial fibrillation, putting them at higher risk for cardiovascular complications,"" said Jonathan S. Steinberg, M.D., senior study author and Adjunct Professor of Medicine at the University of Rochester and Director of the Arrhythmia Institute in the Valley Health System in Ridgewood, New Jersey. ""Atrial fibrillation is also always associated with lengthened hospitalization and that means increased healthcare costs."" In two Russian hospitals, researchers randomly assigned 60 patients to receive Botox or saline injections. The injections were made in the four major fat pads surrounding the heart. To avoid bias, neither patients nor doctors knew whether the injections contained Botox or saline. Researchers found that: In the 30 days following surgery, those who received Botox injections during heart bypass surgery had a 7 percent chance of developing AF, compared to 30 percent chance in patients who received saline. One year after surgery, none of the patients who received Botox had AF, compared to 27 percent of the patients who received saline. No complications from the Botox injections were reported. But complications from the bypass surgery were similar in both groups, including time in intensive care and on a breathing machine, and infection rate. The results must be replicated in larger studies before Botox injections are routinely used to prevent AF after bypass surgery, researchers said. If confirmed in heart bypass patients, Botox injections could also help prevent AF in people undergoing valve repair or replacement. About half of those patients will develop AF after surgery. ""This first-in-man study has opened a whole new line of thinking and research,"" Steinberg said. ""In the near future, botox injections may become the standard of care for heart bypass and valve patients, but we're not quite there yet."" ### Co-authors are Evgeny Pokushalov, M.D.; Boris Kozlov, M.D.; Alexander Romanov, M.D.; Artem Streinikov, M.D.; Sevda Bayramova, M.D.; David Sergeevichev, Ph.D.; Alexander Bogachev-Prokophiev, M.D.; Sergey Zheleznev, M.D.; Vladimir Shipulin, M.D.; Vladimir Lomivorotov, M.D.; Alexander Karaskov, M.D. and Sunny S. Po, M.D. Author disclosures are on the manuscript. The Russian State Research Institute of Circulation Pathology and the Siberian Division of Russian Academy of Medical Sciences funded the study. Additional Resources: Researcher photo, heart graphic, and beating heart animation are located in the right column of this release link: http://newsroom. heart. org/ news/ botox-may-prevent-irregular-heartbeat-after-bypass-surgery?preview= 09d0de2125928b2822dd4750e149cc06 About Your Bypass Surgery Brochure What is Atrial Fibrillation Follow AHA/ASA news on Twitter @HeartNews."
fakehealth,story_reviews_00881,1,0,0,0.8117016318528726,0.1882983681471274,0.8117016318528726,0.72044575,0.27955425,0.72044575,"His ""tactile imaging system"" capitalizes on the fact that cancerous lumps tend to feel harder and less movable than harmless abnormalities such as fluid-filled cysts or fibrous nodules. The fist-sized, $1,000 machine — with an elastomer probe, a light, and a camera — acts like ultrasensitive fingertips. It measures the size, elasticity, and mobility of a breast lump, then a computer program converts the data into a score from 1 to 5, with scores under 2 likely to be benign.","Are breast lumps cancerous? A new device may help. His ""tactile imaging system"" capitalizes on the fact that cancerous lumps tend to feel harder and less movable than harmless abnormalities such as fluid-filled cysts or fibrous nodules. The fist-sized, $1,000 machine — with an elastomer probe, a light, and a camera — acts like ultrasensitive fingertips. It measures the size, elasticity, and mobility of a breast lump, then a computer program converts the data into a score from 1 to 5, with scores under 2 likely to be benign."
fakehealth,news_reviews_00199,0,1,1,0.4401370941654463,0.5598629058345537,0.5598629058345537,0.37578684,0.62421316,0.62421316,"Playing football can improve bone development in adolescent boys, new research shows. In a study comparing adolescent footballers to swimmers, cyclists and a control group of boys not involved in regular sport, scientists at the University of Exeter found football led to significantly better bones after one year of training. Adolescence is the key period for bone development, and poor development at this stage is linked to reduced peak bone mass (the amount of bone mass at the end of the skeletal maturation, around age 30), increased fracture risk and osteoporosis later in life. Though swimming and cycling have proven health benefits, the scientists said their study ""raises a question"" about whether they are good for bone development due to the non-weight bearing training - and they say young swimmers and cyclists could benefit from more weight-bearing exercise in training regimes. ""Our research shows that playing football can improve bone development in comparison to swimming and cycling,"" said first author Dimitris Vlachopoulos, of Sport and Health Sciences at the University of Exeter. ""Though we focussed on aspiring professionals who played as much as nine hours a week, playing football for three hours a week might be enough for a substantial effect. ""We already knew exercise was key for bone growth, but here we clarify what type of exercise. ""Although we didn't study other sports, it's reasonable to suppose that weight-bearing, high-impact, high-intensity exercise like tennis, badminton, basketball and handball will have similar effects to football."" The year-long study, of 116 boys aged 12-14, took a variety of measures including bone mineral content (BMC). BMC measurements were taken at the lumbar spine (lower back) and femoral neck (upper leg) - both key sites for both fractures and osteoporosis. The results showed footballers had higher BMC than swimmers and cyclists after one year of sport-specific training. For example, footballers' BMC was 7% higher than that of cyclists at the lumbar spine, and 5% higher at the femoral neck. The research was funded by the EU via a Marie-Sklodowska-Curie fellowship awarded to principal investigator Dr Luis Gracia-Marco, also of the University of Exeter. Dr Gracia-Marco said: ""The sports we studied are the three most popular in the UK, and it's important to know what effects they have in relation to bone health. ""Adolescence is the key time for bone growth. Once a person reaches puberty, the next five years are vitally important in this respect."" The athletes in the study were all playing high-level sport - the footballers in Exeter City FC's youth setup, and the swimmers and cyclists at leading clubs in the South West. The boys in the control group, though generally active, were not involved in regular sport. Despite the many health benefits of cycling and swimming, the study found little difference in bone development between cyclists, swimmers and the control group. ""This raises a question about whether swimming and cycling are good for bone development,"" Dr Gracia Marco said. ""We now need to consider how to counteract the lack of bone growth stimulus caused by cycling and swimming, possibly by encouraging swimmers and cyclists to add weight-bearing exercise in their training."" One innovative aspect of the study was the measurement of bone texture of the lumbar spine using trabecular bone score (TBS) - the first use of this technique in adolescent athletes. The paper, entitled: ""Longitudinal Adaptations of Bone Mass, Geometry and Metabolism in Adolescent Male Athletes. The PRO-BONE Study"", is published in the Journal of Bone and Mineral Research. The research is part of a larger University of Exeter study called PRO-BONE. ### Note to editors: Being a UK university, when we say ""football"" we mean the game otherwise known as soccer.","Football boosts bone development in boys. Playing football can improve bone development in adolescent boys, new research shows. In a study comparing adolescent footballers to swimmers, cyclists and a control group of boys not involved in regular sport, scientists at the University of Exeter found football led to significantly better bones after one year of training. Adolescence is the key period for bone development, and poor development at this stage is linked to reduced peak bone mass (the amount of bone mass at the end of the skeletal maturation, around age 30), increased fracture risk and osteoporosis later in life. Though swimming and cycling have proven health benefits, the scientists said their study ""raises a question"" about whether they are good for bone development due to the non-weight bearing training - and they say young swimmers and cyclists could benefit from more weight-bearing exercise in training regimes. ""Our research shows that playing football can improve bone development in comparison to swimming and cycling,"" said first author Dimitris Vlachopoulos, of Sport and Health Sciences at the University of Exeter. ""Though we focussed on aspiring professionals who played as much as nine hours a week, playing football for three hours a week might be enough for a substantial effect. ""We already knew exercise was key for bone growth, but here we clarify what type of exercise. ""Although we didn't study other sports, it's reasonable to suppose that weight-bearing, high-impact, high-intensity exercise like tennis, badminton, basketball and handball will have similar effects to football."" The year-long study, of 116 boys aged 12-14, took a variety of measures including bone mineral content (BMC). BMC measurements were taken at the lumbar spine (lower back) and femoral neck (upper leg) - both key sites for both fractures and osteoporosis. The results showed footballers had higher BMC than swimmers and cyclists after one year of sport-specific training. For example, footballers' BMC was 7% higher than that of cyclists at the lumbar spine, and 5% higher at the femoral neck. The research was funded by the EU via a Marie-Sklodowska-Curie fellowship awarded to principal investigator Dr Luis Gracia-Marco, also of the University of Exeter. Dr Gracia-Marco said: ""The sports we studied are the three most popular in the UK, and it's important to know what effects they have in relation to bone health. ""Adolescence is the key time for bone growth. Once a person reaches puberty, the next five years are vitally important in this respect."" The athletes in the study were all playing high-level sport - the footballers in Exeter City FC's youth setup, and the swimmers and cyclists at leading clubs in the South West. The boys in the control group, though generally active, were not involved in regular sport. Despite the many health benefits of cycling and swimming, the study found little difference in bone development between cyclists, swimmers and the control group. ""This raises a question about whether swimming and cycling are good for bone development,"" Dr Gracia Marco said. ""We now need to consider how to counteract the lack of bone growth stimulus caused by cycling and swimming, possibly by encouraging swimmers and cyclists to add weight-bearing exercise in their training."" One innovative aspect of the study was the measurement of bone texture of the lumbar spine using trabecular bone score (TBS) - the first use of this technique in adolescent athletes. The paper, entitled: ""Longitudinal Adaptations of Bone Mass, Geometry and Metabolism in Adolescent Male Athletes. The PRO-BONE Study"", is published in the Journal of Bone and Mineral Research. The research is part of a larger University of Exeter study called PRO-BONE. ### Note to editors: Being a UK university, when we say ""football"" we mean the game otherwise known as soccer."
fakehealth,story_reviews_01316,0,1,1,0.2116000979768167,0.7883999020231832,0.7883999020231832,0.44548917,0.55451083,0.55451083,"A complex and expensive pacemaker-defibrillator can significantly improve the chance for survival among the tens of thousands of heart-failure patients with only mild symptoms, according to a major, multiyear clinical study. The research, regarded as likely to change medical practice, showed that the device to ""resynchronize"" the hearts of such patients lowered the death rate by 29% in such patients over 40 months, compared to those who had a standard defibrillator implanted. View Full Image Bloomberg News Medtronic, Boston Scientific and St. Jude Medical make the devices. Above, Medtronic offices in Minneapolis. The study, presented in Chicago at the American Heart Association meeting, was in part sponsored by device maker Medtronic Inc. of Minneapolis. But it would appear to apply to such devices also made by competitors Boston Scientific Corp. and St. Jude Medical Inc. The study's findings ""are indeed breathtaking,"" said prominent cardiologist Arthur J. Moss of the University of Rochester, in an editorial published online Sunday in the New England Journal of Medicine. The New England Journal also is publishing the study, which included 1,798 patients in Canada, Europe and Turkey. While apparently definitive, the study raised questions about who will be willing to pay for such devices. The devices cost up to $35,000, versus the roughly $25,000 cost of a standard defibrillator. Hospital and doctor fees can raise the total cost over $50,000. ""How is this going to get funded, and who's going to pay for it?"" asked Eric J. Topol, cardiologist and chief academic officer at Scripps Health in LaJolla, Calif. However, he noted that the reduced rate of hospitalizations in the study ""may actually present a net reduction in costs from a societal standpoint."" The research could provide a boost for the heart-rhythm device business, whose sales have flattened in recent years, although the increased cost is one factor that might limit such a sales increase. Another consideration Dr. Topol mentioned is an increase in immediate ""adverse events"" noted in the research, such as the dislodgement of the wire, or ""lead,"" connecting to the heart. Overall in this study, mild-to-moderate-symptom patients had a 25% relative reduction in death or heart-failure hospitalization with the pacemaker-defibrillators, compared with a standard defibrillator. (This was also a 7.1 percentage point ""absolute"" reduction in death and hospitalization—33.2% compared with 40.3%.) But it was the 29% reduction in deaths among the mild-symptom patients that many cardiologists focused on. Heart-failure specialists said the improvement appears to stem from a phenomenon called remodeling. This means that the device actually makes the otherwise-enlarged and weakened heart smaller and stronger. William T. Abraham, chief of cardiology at Ohio State University, said that with the lowered death rate, the devices will gain increased adoption despite the cost. ""There will be no way to keep the floodgates closed,"" he said. Dr. Abraham headed Medtronic's first study of such devices a decade ago. It's estimated that 22 million people world-wide have heart failure, a reduced pumping capacity of the heart that can lead to severe shortness of breath and frequent hospitalization. Of these, six million are in the U.S., and the cost of the disease in this country is about $40 billion. One reason for the high cost is that such patients can quickly wind up in the emergency room and hospitalized after a slight change in diet leads to fluid buildup in the lungs. Patients with reduced heart capacity tend to have fluid build up in their bodies. The complex pacemaker-defibrillator causes the heart's chambers to beat in a more coordinated fashion. Like a standard defibrillator, it can also ""defibrillate"" the heart, or administer a sharp shock to stop a lethal heart rhythm. Just over a month ago, Boston Scientific won federal approval to treat mild-symptom heart-failure patients with such devices. Medtronic is seeking such approval, but already sells it for more severe heart failure patients. But the study showed an increase in the number of device- or implantation-related complications within 30 days of implant: 118 among 888 patients with the new device, compared to 61 of 898 in the standard defibrillator group. The study's lead author, Dr. Anthony S.L. Tang of the University of Ottawa and the University of British Columbia, explained this is partly because there are more wires, or ""leads,"" in the body with the more complex device than with a standard defibrillator. Write to Thomas M. Burton at tom.burton@wsj.com and Jennifer Corbett Dooren at jennifer.corbett-dooren@dowjones.com","Pacemaker-Defibrillator Device Improves Heart-Failure Survival Rates. A complex and expensive pacemaker-defibrillator can significantly improve the chance for survival among the tens of thousands of heart-failure patients with only mild symptoms, according to a major, multiyear clinical study. The research, regarded as likely to change medical practice, showed that the device to ""resynchronize"" the hearts of such patients lowered the death rate by 29% in such patients over 40 months, compared to those who had a standard defibrillator implanted. View Full Image Bloomberg News Medtronic, Boston Scientific and St. Jude Medical make the devices. Above, Medtronic offices in Minneapolis. The study, presented in Chicago at the American Heart Association meeting, was in part sponsored by device maker Medtronic Inc. of Minneapolis. But it would appear to apply to such devices also made by competitors Boston Scientific Corp. and St. Jude Medical Inc. The study's findings ""are indeed breathtaking,"" said prominent cardiologist Arthur J. Moss of the University of Rochester, in an editorial published online Sunday in the New England Journal of Medicine. The New England Journal also is publishing the study, which included 1,798 patients in Canada, Europe and Turkey. While apparently definitive, the study raised questions about who will be willing to pay for such devices. The devices cost up to $35,000, versus the roughly $25,000 cost of a standard defibrillator. Hospital and doctor fees can raise the total cost over $50,000. ""How is this going to get funded, and who's going to pay for it?"" asked Eric J. Topol, cardiologist and chief academic officer at Scripps Health in LaJolla, Calif. However, he noted that the reduced rate of hospitalizations in the study ""may actually present a net reduction in costs from a societal standpoint."" The research could provide a boost for the heart-rhythm device business, whose sales have flattened in recent years, although the increased cost is one factor that might limit such a sales increase. Another consideration Dr. Topol mentioned is an increase in immediate ""adverse events"" noted in the research, such as the dislodgement of the wire, or ""lead,"" connecting to the heart. Overall in this study, mild-to-moderate-symptom patients had a 25% relative reduction in death or heart-failure hospitalization with the pacemaker-defibrillators, compared with a standard defibrillator. (This was also a 7.1 percentage point ""absolute"" reduction in death and hospitalization—33.2% compared with 40.3%.) But it was the 29% reduction in deaths among the mild-symptom patients that many cardiologists focused on. Heart-failure specialists said the improvement appears to stem from a phenomenon called remodeling. This means that the device actually makes the otherwise-enlarged and weakened heart smaller and stronger. William T. Abraham, chief of cardiology at Ohio State University, said that with the lowered death rate, the devices will gain increased adoption despite the cost. ""There will be no way to keep the floodgates closed,"" he said. Dr. Abraham headed Medtronic's first study of such devices a decade ago. It's estimated that 22 million people world-wide have heart failure, a reduced pumping capacity of the heart that can lead to severe shortness of breath and frequent hospitalization. Of these, six million are in the U.S., and the cost of the disease in this country is about $40 billion. One reason for the high cost is that such patients can quickly wind up in the emergency room and hospitalized after a slight change in diet leads to fluid buildup in the lungs. Patients with reduced heart capacity tend to have fluid build up in their bodies. The complex pacemaker-defibrillator causes the heart's chambers to beat in a more coordinated fashion. Like a standard defibrillator, it can also ""defibrillate"" the heart, or administer a sharp shock to stop a lethal heart rhythm. Just over a month ago, Boston Scientific won federal approval to treat mild-symptom heart-failure patients with such devices. Medtronic is seeking such approval, but already sells it for more severe heart failure patients. But the study showed an increase in the number of device- or implantation-related complications within 30 days of implant: 118 among 888 patients with the new device, compared to 61 of 898 in the standard defibrillator group. The study's lead author, Dr. Anthony S.L. Tang of the University of Ottawa and the University of British Columbia, explained this is partly because there are more wires, or ""leads,"" in the body with the more complex device than with a standard defibrillator. Write to Thomas M. Burton at tom.burton@wsj.com and Jennifer Corbett Dooren at jennifer.corbett-dooren@dowjones.com"
fakehealth,news_reviews_00321,0,1,1,0.4644258857773121,0.5355741142226879,0.5355741142226879,0.3532858,0.6467142,0.6467142,"A new Norwegian diet intervention study (FATFUNC), performed by researchers at the KG Jebsen center for diabetes research at the University of Bergen, raises questions regarding the validity of a diet hypothesis that has dominated for more than half a century: that dietary fat and particularly saturated fat is unhealthy for most people. The researchers found strikingly similar health effects of diets based on either lowly processed carbohydrates or fats. In the randomized controlled trial, 38 men with abdominal obesity followed a dietary pattern high in either carbohydrates or fat, of which about half was saturated. Fat mass in the abdominal region, liver and heart was measured with accurate analyses, along with a number of key risk factors for cardiovascular disease. ""The very high intake of total and saturated fat did not increase the calculated risk of cardiovascular diseases,"" says professor and cardiologist Ottar Nygård who contributed to the study. ""Participants on the very-high-fat diet also had substantial improvements in several important cardiometabolic risk factors, such as ectopic fat storage, blood pressure, blood lipids (triglycerides), insulin and blood sugar."" High quality food is healthier Both groups had similar intakes of energy, proteins, polyunsaturated fatty acids, the food types were the same and varied mainly in quantity, and intake of added sugar was minimized. ""We here looked at effects of total and saturated fat in the context of a healthy diet rich in fresh, lowly processed and nutritious foods, including high amounts of vegetables and rice instead of flour-based products,"" says PhD candidate Vivian Veum. ""The fat sources were also lowly processed, mainly butter, cream and cold-pressed oils."" Total energy intake was within the normal range. Even the participants who increased their energy intake during the study showed substantial reductions in fat stores and disease risk. ""Our findings indicate that the overriding principle of a healthy diet is not the quantity of fat or carbohydrates, but the quality of the foods we eat,"" says PhD candidate Johnny Laupsa-Borge. Saturated fat increases the ""good"" cholesterol Saturated fat has been thought to promote cardiovascular diseases by raising the ""bad"" LDL cholesterol in the blood. But even with a higher fat intake in the FATFUNC study compared to most comparable studies, the authors found no significant increase in LDL cholesterol. Rather, the ""good"" cholesterol increased only on the very-high-fat diet. ""These results indicate that most healthy people probably tolerate a high intake of saturated fat well, as long as the fat quality is good and total energy intake is not too high. It may even be healthy,"" says Ottar Nygård. ""Future studies should examine which people or patients may need to limit their intake of saturated fat,"" assistant professor Simon Nitter Dankel points out, who led the study together with the director of the laboratory clinics, professor Gunnar Mellgren, at Haukeland university hospital in Bergen, Norway. ""But the alleged health risks of eating good-quality fats have been greatly exaggerated. It may be more important for public health to encourage reductions in processed flour-based products, highly processed fats and foods with added sugar,"" he says. ### Facts: The FATFUNC-study","Saturated fat could be good for you. A new Norwegian diet intervention study (FATFUNC), performed by researchers at the KG Jebsen center for diabetes research at the University of Bergen, raises questions regarding the validity of a diet hypothesis that has dominated for more than half a century: that dietary fat and particularly saturated fat is unhealthy for most people. The researchers found strikingly similar health effects of diets based on either lowly processed carbohydrates or fats. In the randomized controlled trial, 38 men with abdominal obesity followed a dietary pattern high in either carbohydrates or fat, of which about half was saturated. Fat mass in the abdominal region, liver and heart was measured with accurate analyses, along with a number of key risk factors for cardiovascular disease. ""The very high intake of total and saturated fat did not increase the calculated risk of cardiovascular diseases,"" says professor and cardiologist Ottar Nygård who contributed to the study. ""Participants on the very-high-fat diet also had substantial improvements in several important cardiometabolic risk factors, such as ectopic fat storage, blood pressure, blood lipids (triglycerides), insulin and blood sugar."" High quality food is healthier Both groups had similar intakes of energy, proteins, polyunsaturated fatty acids, the food types were the same and varied mainly in quantity, and intake of added sugar was minimized. ""We here looked at effects of total and saturated fat in the context of a healthy diet rich in fresh, lowly processed and nutritious foods, including high amounts of vegetables and rice instead of flour-based products,"" says PhD candidate Vivian Veum. ""The fat sources were also lowly processed, mainly butter, cream and cold-pressed oils."" Total energy intake was within the normal range. Even the participants who increased their energy intake during the study showed substantial reductions in fat stores and disease risk. ""Our findings indicate that the overriding principle of a healthy diet is not the quantity of fat or carbohydrates, but the quality of the foods we eat,"" says PhD candidate Johnny Laupsa-Borge. Saturated fat increases the ""good"" cholesterol Saturated fat has been thought to promote cardiovascular diseases by raising the ""bad"" LDL cholesterol in the blood. But even with a higher fat intake in the FATFUNC study compared to most comparable studies, the authors found no significant increase in LDL cholesterol. Rather, the ""good"" cholesterol increased only on the very-high-fat diet. ""These results indicate that most healthy people probably tolerate a high intake of saturated fat well, as long as the fat quality is good and total energy intake is not too high. It may even be healthy,"" says Ottar Nygård. ""Future studies should examine which people or patients may need to limit their intake of saturated fat,"" assistant professor Simon Nitter Dankel points out, who led the study together with the director of the laboratory clinics, professor Gunnar Mellgren, at Haukeland university hospital in Bergen, Norway. ""But the alleged health risks of eating good-quality fats have been greatly exaggerated. It may be more important for public health to encourage reductions in processed flour-based products, highly processed fats and foods with added sugar,"" he says. ### Facts: The FATFUNC-study"
fakehealth,news_reviews_00001,1,0,0,0.7188471061076365,0.2811528938923636,0.7188471061076365,0.6894828,0.31051713,0.6894828,"Wilmington, DE, December 17, 2018 - The CRISPR-Cas9 gene editing system may be able to restore the effectiveness of first-line chemotherapies used to treat lung cancer by deleting or ""knocking out"" a gene in cancer tumors that helps the tumors develop resistance to the drugs. That was the conclusion of a new study published today in the journal Molecular Therapy Oncolytics by scientists from The Gene Editing Institute of the Helen F. Graham Cancer Center & Research Institute at Christiana Care Health System. The study reports that in both tissue culture and in a mouse, tumor growth stopped and there was a dramatic decrease in the volume of existing tumors when chemotherapy was combined with CRIPSP-Cas9, which was used to disable a tumor gene known as NRF2. Previous studies have shown that the NRF2 gene controls cell functions in lung cancer tumors that helps them thwart the effect of chemotherapies that might otherwise reduce or eliminate them entirely. ""Our goal is to see if CRISPR can be used with chemotherapy to provide a safe, affordable way to give patients who are not responding to treatment at least a fighting chance against this very challenging cancer,"" said Eric Kmiec, Ph.D., the principal author of the study and the director of the Gene Editing Institute. ""We believe that finding ways to use CRISPR to improve existing treatments will lead to some of the first benefits for patients while we tackle the vital ethical issues around the use of CRISPR for edits that can be passed on through DNA. This is an exciting step in the journey of exploring the health benefits of gene editing."" The study was led by Pawel Bialk, research scientist at the Gene Editing Institute, the nation's only CRISPR-focused research initiative situated in a community health care system. Lung cancer is the leading cause of cancer death in the United States. Dr. Kmiec said there are chemotherapies that have helped patients achieve remission or at least live longer and enjoy a better quality of life by significantly slowing the progress of the disease. But he said some patients with non-small-cell lung cancer, the most common form of lung cancer, are resistant to chemotherapy agents used to treat the disease or develop resistance after being exposed to the drugs. Developing CRISPR in a Community Health Center: A Patient-Focused Approach Dr. Kmiec said the lung cancer work reflects an approach adopted by the Gene Editing Institute to move cautiously in developing medical applications of gene editing. Based inside the Helen F. Graham Cancer Center & Research Institute at Christiana Care, his research team gains unique insight into the lives and needs of cancer patients and the health care professionals who care for them, which helps them to maintain a strong focus on doing what's right for patients. Dr. Kmiec noted that while his team is working to move into human trials, the CRISPR application being developed for lung cancer does not involve directly editing a patient's genome --only the genes in the tumor. CRISPR stands for ""clustered regularly interspaced short palindromic repeats."" It was originally a defense mechanism found in bacteria that allows the bacteria to recognize and slice up the DNA of invading viruses. Scientists have learned how to manipulate this mechanism so that it essentially can be programmed to find and remove a specific sequence of DNA code--which acts like software for controlling biological activity in a cell. Cas9 is a reference to an enzyme, sometimes described as a form of ""molecular scissors,"" that is used by CRISPR to cut out a section of DNA code. Research Aimed at Real-World, Affordable Solutions Dr. Kmiec said there are many efforts under way to modify CRISPR so that it can be used to not only remove or ""knock out"" a section DNA, but also to replace or ""knock in"" a new strand of code. But he said there continues to be significant safety concerns around this type of CRISPR application. He said for now, his team is focused on ""using CRISPR in its native form, which is to just cut out a section of DNA,"" and to start with applications that do not directly impact the patient's DNA. He said using CRISPR to do things like improving drug response represents the ""low-hanging fruit"" of CRISPR patient applications. ""We think it's best to start with CRISPR therapies that involve relatively conservative uses of this powerful tool,"" Dr. Kmiec said. ""This approach can also hopefully help contain costs and provide a level of safety and reliability that is reassuring for patients and increases the chance that insurance companies will provide coverage."" Dr. Kmiec said that as a CRISPR research program that treats patients from across the economic spectrum, his scientists are keenly aware of the challenges of making cutting edge medical treatments accessible and beneficial for all patients. ""This work is another significant step on the pathway to FDA approval,"" said Nicholas J. Petrelli, M.D., FACS, Bank of America endowed medical director of the Helen F. Graham Cancer Center & Research Institute. ""The Gene Editing Institute is taking a careful and methodical approach to developing innovative therapies. Dr. Kmiec and his team interact with our oncologists who deal with lung cancer every day on how gene editing could have a realistic impact and improve treatment. This multidisciplinary clinical/scientific team has been working together to develop a compassionate bench-to-bedside approach. Their laboratory benches are literally down the hall from our patients and the oncologist's offices."" ### Downloadable photos Video about the Gene Editing Institute About the Gene Editing Institute The Gene Editing Institute is the only research institute of its kind in the nation based within a community health care system. Led by gene editing pioneer, Eric Kmiec, Ph.D., and based in Christiana Care Health System's Helen F. Graham Cancer Center & Research Institute, the Gene Editing Institute is a worldwide leader in gene editing biomedical research in cancer and other inherited diseases, and the only one working in the same space with oncologists, genetic counselors and patients, bringing translational research from basic science to patient treatment to a new level. You can find the Gene Editing Institute on Twitter and Facebook. About Christiana Care Health System's Helen F. Graham Cancer Center & Research Institute The Helen F. Graham Cancer Center & Research Institute is one of the most advanced cancer centers in the country, part of one of a few hybrid academic-community health systems conducting translational cancer research, and the only center of its kind committed to high-level advancements in research through its Gene Editing Institute. The Graham Cancer Center is part of Christiana Care Health System, one of the country's largest health care providers and a regional center of excellence in cardiology, cancer and women's health services. You can find Christiana Care Health System on Twitter and Facebook.","Scientists report CRISPR restores effectiveness of lung cancer treatment. Wilmington, DE, December 17, 2018 - The CRISPR-Cas9 gene editing system may be able to restore the effectiveness of first-line chemotherapies used to treat lung cancer by deleting or ""knocking out"" a gene in cancer tumors that helps the tumors develop resistance to the drugs. That was the conclusion of a new study published today in the journal Molecular Therapy Oncolytics by scientists from The Gene Editing Institute of the Helen F. Graham Cancer Center & Research Institute at Christiana Care Health System. The study reports that in both tissue culture and in a mouse, tumor growth stopped and there was a dramatic decrease in the volume of existing tumors when chemotherapy was combined with CRIPSP-Cas9, which was used to disable a tumor gene known as NRF2. Previous studies have shown that the NRF2 gene controls cell functions in lung cancer tumors that helps them thwart the effect of chemotherapies that might otherwise reduce or eliminate them entirely. ""Our goal is to see if CRISPR can be used with chemotherapy to provide a safe, affordable way to give patients who are not responding to treatment at least a fighting chance against this very challenging cancer,"" said Eric Kmiec, Ph.D., the principal author of the study and the director of the Gene Editing Institute. ""We believe that finding ways to use CRISPR to improve existing treatments will lead to some of the first benefits for patients while we tackle the vital ethical issues around the use of CRISPR for edits that can be passed on through DNA. This is an exciting step in the journey of exploring the health benefits of gene editing."" The study was led by Pawel Bialk, research scientist at the Gene Editing Institute, the nation's only CRISPR-focused research initiative situated in a community health care system. Lung cancer is the leading cause of cancer death in the United States. Dr. Kmiec said there are chemotherapies that have helped patients achieve remission or at least live longer and enjoy a better quality of life by significantly slowing the progress of the disease. But he said some patients with non-small-cell lung cancer, the most common form of lung cancer, are resistant to chemotherapy agents used to treat the disease or develop resistance after being exposed to the drugs. Developing CRISPR in a Community Health Center: A Patient-Focused Approach Dr. Kmiec said the lung cancer work reflects an approach adopted by the Gene Editing Institute to move cautiously in developing medical applications of gene editing. Based inside the Helen F. Graham Cancer Center & Research Institute at Christiana Care, his research team gains unique insight into the lives and needs of cancer patients and the health care professionals who care for them, which helps them to maintain a strong focus on doing what's right for patients. Dr. Kmiec noted that while his team is working to move into human trials, the CRISPR application being developed for lung cancer does not involve directly editing a patient's genome --only the genes in the tumor. CRISPR stands for ""clustered regularly interspaced short palindromic repeats."" It was originally a defense mechanism found in bacteria that allows the bacteria to recognize and slice up the DNA of invading viruses. Scientists have learned how to manipulate this mechanism so that it essentially can be programmed to find and remove a specific sequence of DNA code--which acts like software for controlling biological activity in a cell. Cas9 is a reference to an enzyme, sometimes described as a form of ""molecular scissors,"" that is used by CRISPR to cut out a section of DNA code. Research Aimed at Real-World, Affordable Solutions Dr. Kmiec said there are many efforts under way to modify CRISPR so that it can be used to not only remove or ""knock out"" a section DNA, but also to replace or ""knock in"" a new strand of code. But he said there continues to be significant safety concerns around this type of CRISPR application. He said for now, his team is focused on ""using CRISPR in its native form, which is to just cut out a section of DNA,"" and to start with applications that do not directly impact the patient's DNA. He said using CRISPR to do things like improving drug response represents the ""low-hanging fruit"" of CRISPR patient applications. ""We think it's best to start with CRISPR therapies that involve relatively conservative uses of this powerful tool,"" Dr. Kmiec said. ""This approach can also hopefully help contain costs and provide a level of safety and reliability that is reassuring for patients and increases the chance that insurance companies will provide coverage."" Dr. Kmiec said that as a CRISPR research program that treats patients from across the economic spectrum, his scientists are keenly aware of the challenges of making cutting edge medical treatments accessible and beneficial for all patients. ""This work is another significant step on the pathway to FDA approval,"" said Nicholas J. Petrelli, M.D., FACS, Bank of America endowed medical director of the Helen F. Graham Cancer Center & Research Institute. ""The Gene Editing Institute is taking a careful and methodical approach to developing innovative therapies. Dr. Kmiec and his team interact with our oncologists who deal with lung cancer every day on how gene editing could have a realistic impact and improve treatment. This multidisciplinary clinical/scientific team has been working together to develop a compassionate bench-to-bedside approach. Their laboratory benches are literally down the hall from our patients and the oncologist's offices."" ### Downloadable photos Video about the Gene Editing Institute About the Gene Editing Institute The Gene Editing Institute is the only research institute of its kind in the nation based within a community health care system. Led by gene editing pioneer, Eric Kmiec, Ph.D., and based in Christiana Care Health System's Helen F. Graham Cancer Center & Research Institute, the Gene Editing Institute is a worldwide leader in gene editing biomedical research in cancer and other inherited diseases, and the only one working in the same space with oncologists, genetic counselors and patients, bringing translational research from basic science to patient treatment to a new level. You can find the Gene Editing Institute on Twitter and Facebook. About Christiana Care Health System's Helen F. Graham Cancer Center & Research Institute The Helen F. Graham Cancer Center & Research Institute is one of the most advanced cancer centers in the country, part of one of a few hybrid academic-community health systems conducting translational cancer research, and the only center of its kind committed to high-level advancements in research through its Gene Editing Institute. The Graham Cancer Center is part of Christiana Care Health System, one of the country's largest health care providers and a regional center of excellence in cardiology, cancer and women's health services. You can find Christiana Care Health System on Twitter and Facebook."
fakehealth,story_reviews_01235,0,1,1,0.3779186533199343,0.6220813466800656,0.6220813466800656,0.42627442,0.5737256,0.5737256,"Tired? Depressed? Forgetting things? Who isn't these days? Those are also symptoms of a deficiency of B12, a key nutrient needed to make red blood cells and DNA and keep the nervous system working right. Vitamin B12 deficiency is officially considered rare, affecting about 1 in 1,000 Americans, according to a 2005 study. But the incidence rises with age, to about 15% of elderly people. The rate is also much higher among people who don't eat meat or dairy products, people with absorption problems, people taking acid-blocking medications and those with Type 2 diabetes who take the drug Metformin. ""B12 deficiency is much more common than the textbooks and journal articles say it is,"" says Alan Pocinki, an internist in Washington D.C., who routinely tests his patients who fall into those categories. He also notes that since the Metformin connection was discovered only recently, some physicians aren't aware of it. ""They assume that if patients complain of numbness and tingling in the feet, it's a diabetes issue and not a B12 issue."" Other symptoms of low B12 include anemia, depression, dementia, confusion, loss of appetite and balance problems. Long-term deficiency can bring severe anemia, nerve damage and neurological changes that may be irreversible. Just three ounces of clams, breaded and fried, have about 570% of the daily allowance. Getty Images Sometimes the symptoms are subtle. Internist Linda Assatourians, one of Dr. Pocinki's partners, says that a surprising number of her young female patients also have low levels of B12. Typically they are healthy and active, but they don't eat much meat and they have minor mood, memory or balance problems. ""When I supplement their B12, they feel better,"" Dr. Assatourians says. ""It's not a controlled study, but I see a lot of them."" ""I was sort of tired, but I thought, 'It's winter and I'm doing too much,' "" says Jessica Riester, 27, editor of publications for a German-American think tank. Her B12 level was slightly over 200 picograms per milliliter (the normal range is considered 200 to 800 pg per ml). After several weeks of B12 injections, then 1,000 milligrams daily in pill form, her B12 is now over 600 pg per ml and she says she feels better. ""My color is better and the shadows under my eyes are gone,"" she says. Indeed, several studies have shown that some symptoms of B12 deficiency, particularly early problems with cognitive function, can be apparent even when patients' blood levels are still in the normal range. How Much Recommended Dietary Allowances for vitamin B12 by age: 0-6 months: 400 nanograms 6-12 months: 500 ng 1-3 years: 900 ng 4-8 years: 1.2 micrograms 9-13 years: 1.8 mcg 14 years and older: 2.4 mcg Pregnant women: 2.6 mcg Nursing mothers: 2.8 mcg Source: National Academy of Sciences, 1998 Still, vitamin B12 isn't a miracle pick-me-up, a performance enhancer, a weight-loss aid or a quick way to sober up after a long night of drinking, as some celebrities and Internet marketers claim. For people who aren't deficient, ""there's no evidence whatsoever that these injections are useful to pep you up,"" says Irwin H. Rosenberg, a professor and former dean of the Friedman School of Nutrition at Tufts University. Taking too much B12 is unlikely to be harmful, he adds; the excess is simply excreted. B12 is one of the newest of the human vitamins, identified in 1948. It originates in bacteria, yeast and microbes in soil. Plants can't store it, so people get their B12 almost exclusively from meat, liver, poultry, fish and dairy products. Adults need just 2.4 micrograms a day, the amount in three ounces of beef, and can generally store it in fat tissue for several years. Dr. Pocinki speculates that some of his very lean patients are B12 deficient because they don't have much fat to store it in. Some people have trouble absorbing B12 in the first place. Stomach acid is needed to release it from food particles. People who have used acid-blocking medications, particularly proton-pump inhibitors, for years may not have enough. And many elderly people naturally stop making stomach acid, so B12 deficiencies are increasingly common as people age. Boosting B12 B12 comes almost exclusively from meat, liver, poultry, fish and dairy products. Some breakfast cereals are also fortified with the vitamin. Selected Food Sources of Vitamin B12 Food Micrograms (mcg) per serving Percent DV* Liver, beef, braised, 1 slice 48 800 Clams, cooked, breaded and fried, 3 ounces 34.2 570 Breakfast cereals, fortified with 100% of the DV for vitamin B12, 1 serving 6 100 Trout, rainbow, wild, cooked, 3 ounces 5.4 90 Salmon, sockeye, cooked, 3 ounces 4.9 80 Trout, rainbow, farmed, cooked, 3 ounces 4.2 50 Beef, top sirloin, broiled, 3 ounces 2.4 40 Cheeseburger, double patty and bun, 1 sandwich 1.9 30 Breakfast cereals, fortified with 25% of the DV for vitamin B12, 1 serving 1.5 25 Yogurt, plain, 1 cup 1.4 25 Haddock, cooked, 3 ounces 1.2 20 Tuna, white, 3 ounces 1 15 Milk, 1 cup 0.9 15 Cheese, Swiss, 1 ounce 0.9 15 Beef taco, 1 taco 0.8 13 Ham, cured, roasted, 3 ounces 0.6 10 Egg, large, 1 whole 0.6 10 Chicken, roasted, ½ breast 0.3 6 That's why the Institute of Medicine recommends that people over age 51 get most of their daily requirement from B12 supplements or cereals fortified with the vitamin that break down more easily in the digestive tract. Further down the digestive tract, B12 must combine with a protein called intrinsic factor to be absorbed into the body. Without intrinsic factor, people absorb much less B12, resulting in a condition called pernicious anemia, in which red blood cells don't develop properly. Left untreated, pernicious anemia can bring on neurological changes, delusions and hallucinations. The discovery that eating large amounts of liver could cure pernicious anemia led to the Nobel Prize for medicine in 1934. Other conditions can also interfere with B12 absorption, including celiac disease and Crohn's disease. ""I thought I was going to die in my sleep because I had so little energy,"" says Ellen Icochea, a senior executive at the Federal Bureau of Investigation who had a very low B12 level along with several major medical problems. Weekly B12 injections made a dramatic difference. ""It was like, 'Wow, here's energy!' "" she says. David H. Johnson, a 54-year old wildlife biologist, takes B12 shots every three days to cope with the challenges of chronic fatigue syndrome. ""Imagine you are on a small roller coaster,"" he says. ""You feel up one day and the next and then you start slumping until you're really flat again."" B12 comes in pill form and a new nasal spray, but injections are the fastest way to correct a severe deficiency, since it does not need to be absorbed in the digestive tract. Many patients learn to inject themselves or have a spouse do it to cut down on doctor visits. ""I have world travelers who take their B12 and needles with them. It's like traveling with insulin,"" says Dr. Pocinki. He says he has seen low-grade depression lift when patients were given B12 supplements. Researchers are still investigating possible links between long-term B12 deficiency and other health problems. It's known, for example, that B12 and the other B vitamins help reduce homocysteine, an amino acid in the bloodstream that may be associated with heart disease. But several large prospective studies have not shown that taking B12 supplements reduces the risk. It's also not clear whether low B12 raises the risk of dementia and Alzheimer's disease, although cognitive impairment brought on by low B12 is sometimes mistaken for Alzheimer's. ""It's really easy to miss, and really easy to fix,"" says Dr. Pocinki. An additional concern: A high level of folic acid can mask symptoms of B12 deficiency, and many people are getting more folic acid than they realize. Since 1996, all enriched flour must contain folic acid to reduce the risk of neural-tube defects, a severe malformation that occurs in developing fetuses. Some studies suggest that having high folic acid can make cognitive damage from low B12 even worse. ""To this day, we are concerned about the trade-off,"" says Dr. Rosenberg, who was on the advisory panel that recommended enriching flour. Write to Melinda Beck at HealthJournal@wsj.com","Sluggish? Confused? Vitamin B12 May Be Low. Tired? Depressed? Forgetting things? Who isn't these days? Those are also symptoms of a deficiency of B12, a key nutrient needed to make red blood cells and DNA and keep the nervous system working right. Vitamin B12 deficiency is officially considered rare, affecting about 1 in 1,000 Americans, according to a 2005 study. But the incidence rises with age, to about 15% of elderly people. The rate is also much higher among people who don't eat meat or dairy products, people with absorption problems, people taking acid-blocking medications and those with Type 2 diabetes who take the drug Metformin. ""B12 deficiency is much more common than the textbooks and journal articles say it is,"" says Alan Pocinki, an internist in Washington D.C., who routinely tests his patients who fall into those categories. He also notes that since the Metformin connection was discovered only recently, some physicians aren't aware of it. ""They assume that if patients complain of numbness and tingling in the feet, it's a diabetes issue and not a B12 issue."" Other symptoms of low B12 include anemia, depression, dementia, confusion, loss of appetite and balance problems. Long-term deficiency can bring severe anemia, nerve damage and neurological changes that may be irreversible. Just three ounces of clams, breaded and fried, have about 570% of the daily allowance. Getty Images Sometimes the symptoms are subtle. Internist Linda Assatourians, one of Dr. Pocinki's partners, says that a surprising number of her young female patients also have low levels of B12. Typically they are healthy and active, but they don't eat much meat and they have minor mood, memory or balance problems. ""When I supplement their B12, they feel better,"" Dr. Assatourians says. ""It's not a controlled study, but I see a lot of them."" ""I was sort of tired, but I thought, 'It's winter and I'm doing too much,' "" says Jessica Riester, 27, editor of publications for a German-American think tank. Her B12 level was slightly over 200 picograms per milliliter (the normal range is considered 200 to 800 pg per ml). After several weeks of B12 injections, then 1,000 milligrams daily in pill form, her B12 is now over 600 pg per ml and she says she feels better. ""My color is better and the shadows under my eyes are gone,"" she says. Indeed, several studies have shown that some symptoms of B12 deficiency, particularly early problems with cognitive function, can be apparent even when patients' blood levels are still in the normal range. How Much Recommended Dietary Allowances for vitamin B12 by age: 0-6 months: 400 nanograms 6-12 months: 500 ng 1-3 years: 900 ng 4-8 years: 1.2 micrograms 9-13 years: 1.8 mcg 14 years and older: 2.4 mcg Pregnant women: 2.6 mcg Nursing mothers: 2.8 mcg Source: National Academy of Sciences, 1998 Still, vitamin B12 isn't a miracle pick-me-up, a performance enhancer, a weight-loss aid or a quick way to sober up after a long night of drinking, as some celebrities and Internet marketers claim. For people who aren't deficient, ""there's no evidence whatsoever that these injections are useful to pep you up,"" says Irwin H. Rosenberg, a professor and former dean of the Friedman School of Nutrition at Tufts University. Taking too much B12 is unlikely to be harmful, he adds; the excess is simply excreted. B12 is one of the newest of the human vitamins, identified in 1948. It originates in bacteria, yeast and microbes in soil. Plants can't store it, so people get their B12 almost exclusively from meat, liver, poultry, fish and dairy products. Adults need just 2.4 micrograms a day, the amount in three ounces of beef, and can generally store it in fat tissue for several years. Dr. Pocinki speculates that some of his very lean patients are B12 deficient because they don't have much fat to store it in. Some people have trouble absorbing B12 in the first place. Stomach acid is needed to release it from food particles. People who have used acid-blocking medications, particularly proton-pump inhibitors, for years may not have enough. And many elderly people naturally stop making stomach acid, so B12 deficiencies are increasingly common as people age. Boosting B12 B12 comes almost exclusively from meat, liver, poultry, fish and dairy products. Some breakfast cereals are also fortified with the vitamin. Selected Food Sources of Vitamin B12 Food Micrograms (mcg) per serving Percent DV* Liver, beef, braised, 1 slice 48 800 Clams, cooked, breaded and fried, 3 ounces 34.2 570 Breakfast cereals, fortified with 100% of the DV for vitamin B12, 1 serving 6 100 Trout, rainbow, wild, cooked, 3 ounces 5.4 90 Salmon, sockeye, cooked, 3 ounces 4.9 80 Trout, rainbow, farmed, cooked, 3 ounces 4.2 50 Beef, top sirloin, broiled, 3 ounces 2.4 40 Cheeseburger, double patty and bun, 1 sandwich 1.9 30 Breakfast cereals, fortified with 25% of the DV for vitamin B12, 1 serving 1.5 25 Yogurt, plain, 1 cup 1.4 25 Haddock, cooked, 3 ounces 1.2 20 Tuna, white, 3 ounces 1 15 Milk, 1 cup 0.9 15 Cheese, Swiss, 1 ounce 0.9 15 Beef taco, 1 taco 0.8 13 Ham, cured, roasted, 3 ounces 0.6 10 Egg, large, 1 whole 0.6 10 Chicken, roasted, ½ breast 0.3 6 That's why the Institute of Medicine recommends that people over age 51 get most of their daily requirement from B12 supplements or cereals fortified with the vitamin that break down more easily in the digestive tract. Further down the digestive tract, B12 must combine with a protein called intrinsic factor to be absorbed into the body. Without intrinsic factor, people absorb much less B12, resulting in a condition called pernicious anemia, in which red blood cells don't develop properly. Left untreated, pernicious anemia can bring on neurological changes, delusions and hallucinations. The discovery that eating large amounts of liver could cure pernicious anemia led to the Nobel Prize for medicine in 1934. Other conditions can also interfere with B12 absorption, including celiac disease and Crohn's disease. ""I thought I was going to die in my sleep because I had so little energy,"" says Ellen Icochea, a senior executive at the Federal Bureau of Investigation who had a very low B12 level along with several major medical problems. Weekly B12 injections made a dramatic difference. ""It was like, 'Wow, here's energy!' "" she says. David H. Johnson, a 54-year old wildlife biologist, takes B12 shots every three days to cope with the challenges of chronic fatigue syndrome. ""Imagine you are on a small roller coaster,"" he says. ""You feel up one day and the next and then you start slumping until you're really flat again."" B12 comes in pill form and a new nasal spray, but injections are the fastest way to correct a severe deficiency, since it does not need to be absorbed in the digestive tract. Many patients learn to inject themselves or have a spouse do it to cut down on doctor visits. ""I have world travelers who take their B12 and needles with them. It's like traveling with insulin,"" says Dr. Pocinki. He says he has seen low-grade depression lift when patients were given B12 supplements. Researchers are still investigating possible links between long-term B12 deficiency and other health problems. It's known, for example, that B12 and the other B vitamins help reduce homocysteine, an amino acid in the bloodstream that may be associated with heart disease. But several large prospective studies have not shown that taking B12 supplements reduces the risk. It's also not clear whether low B12 raises the risk of dementia and Alzheimer's disease, although cognitive impairment brought on by low B12 is sometimes mistaken for Alzheimer's. ""It's really easy to miss, and really easy to fix,"" says Dr. Pocinki. An additional concern: A high level of folic acid can mask symptoms of B12 deficiency, and many people are getting more folic acid than they realize. Since 1996, all enriched flour must contain folic acid to reduce the risk of neural-tube defects, a severe malformation that occurs in developing fetuses. Some studies suggest that having high folic acid can make cognitive damage from low B12 even worse. ""To this day, we are concerned about the trade-off,"" says Dr. Rosenberg, who was on the advisory panel that recommended enriching flour. Write to Melinda Beck at HealthJournal@wsj.com"
fakehealth,story_reviews_01538,0,1,1,0.1901900870619235,0.8098099129380765,0.8098099129380765,0.33597893,0.6640211,0.6640211,"A swollen lymph node on the neck was the only symptom Karen Anderson noticed. The 47-year-old pre-school teacher from Eugene was stunned when her biopsy came back positive for melanoma –the most life-threatening form of skin cancer. Malignant cells had spread throughout her body. Surgeons removed affected lymph nodes but within months tumors appeared in her liver, breast, skull and other lymph nodes. ""My oncologist said this is going to kill you and you need to think about preparing for that,"" Anderson says. Two years ago, she gained access to an experimental immune-enhancing treatment in clinical trials at Providence Cancer Center in Portland. Called ipilimumab, it unleashes an all-out immune system attack on cancer cells. At first, the injections caused only side-effects: widespread itching, fatigue, and diarrhea. Worse, Anderson says, ""I could feel the tumors getting bigger. They felt hot to me."" Then after several months the tumors began to shrink. After one year, the once palpable tumors were no longer detectable in diagnostic scans. While far from a cure, the treatment is the first to improve survival in people with melanoma that has spread, or metastasized, says Dr. Walter Urba, director of cancer research at the Providence Cancer Center. Urba is a co-author of the on ipilimumab published in the New England Journal of Medicine Saturday. Success in a cancer as deadly and difficult to treat as advanced melanoma is raising hopes that the treatment may also prove useful in staving off other tumors, including lung and prostate cancer. Drug companies are racing to develop competing versions of the immune-enhancing therapy, an antibody produced through genetic engineering. ""I would not be here today without it,"" says Anderson, who is undergoing a second round of treatment for resurgent tumors. ""It's given me time with my kids, my husband, my family – and it's been quality time."" Melanoma is a rare skin cancer, but accounts for most of the 66,000 annual deaths from skin cancer worldwide. If caught early, before cancer cells break off and spread, surgery can stop melanoma. But most people diagnosed after melanoma has metastasized die within a year. ""For years and years, we've been looking for an effective therapy,"" Urba says. Ipilimumab, nicknamed Ippy, is one of the first antibody-based therapies that use the body's immune defenses to destroy cancer cells. The antibodies bind to a specific protein studding the surface of T cells, immune system cells that seek and destroy virus-infected and cancerous cells. The surface protein works like a switch, inactivating T cells after a few days to prevent the immune system from running amok and destroying healthy tissue. The antibodies temporarily jam the switch, allowing T cells to continue attacking cancer tissue for weeks or months – for as long as patients continue to receive injections of the engineered antibody. More than 600 melanoma patients took part in the ipilimumab clinical trial at 125 cancer centers in 13 countries. All patients had inoperable cancers with widespread tumors after conventional treatment. Some patients received ipilimumab alone, others it combined with a cancer vaccine called gp100, and a third group received only the cancer vaccine. Ipilimumab appeared to double survival compared with the gp100 vaccine alone. After one year, nearly half of patients given ipilimumab alone or in combination remained alive, compared with one quarter of patients given only the vaccine. After two years, 24 percent of patients treated with ipilimumab were alive, 22 percent of patients treated with the combination, while survival dropped to 14 percent among patients treated with the vaccine alone. ""Some of the people are now out 44 months and still remain free of disease,"" Urba says. Serious side effects also became clear. Nearly two-thirds of patients on ipilimumab experienced side effects caused by over-active immunity, such as severe itching, intestinal irritation and diarrhea. Researchers linked 14 deaths to the study drugs, half caused by immune-system reactions. Still, the study stands as ""a major landmark in cancer immunotherapy,"" says Dr. Bernard Fox, president of the International Society for Biological Therapy of Cancer. He says the results highlight the potential for using the same approach to treat other cancers. Already, early studies in patients with lung cancer and prostate cancer have produced positive, though inconclusive results. ""There is no reason it can't be applied to any of the common tumor types,"" Urba says. ""They all have antigens on their surface that T cells can recognize."" Ongoing trials are testing ipilimumab with other cancer drugs, in different doses and against different cancers. Drug company Bristol-Myers Squibb told investors the drug could gain regulatory approval as early as next year and become available to cancer patients in 2012. Ipilimumab was developed by Medarex, a New Jersey company owned by Bristol-Myers Squibb. Other drug companies are at work on competing versions of the immune-enhancing antibody therapy. For now, federal regulators have authorized to people who have serious or immediately life-threatening, inoperable melanoma that has spread, who have no alternative treatment options, and whose physicians believe the drug is appropriate. Providence Cancer Center is the only site in Oregon offering compassionate use of the drug. The Northwest's other participating centers are the Seattle Cancer Care Alliance and Swedish Cancer Institute in Seattle, Providence Cancer Center in Spokane, and Multicare Health System in Tacoma. --","Portland cancer center among those offering experimental immune therapy ipilimumab. A swollen lymph node on the neck was the only symptom Karen Anderson noticed. The 47-year-old pre-school teacher from Eugene was stunned when her biopsy came back positive for melanoma –the most life-threatening form of skin cancer. Malignant cells had spread throughout her body. Surgeons removed affected lymph nodes but within months tumors appeared in her liver, breast, skull and other lymph nodes. ""My oncologist said this is going to kill you and you need to think about preparing for that,"" Anderson says. Two years ago, she gained access to an experimental immune-enhancing treatment in clinical trials at Providence Cancer Center in Portland. Called ipilimumab, it unleashes an all-out immune system attack on cancer cells. At first, the injections caused only side-effects: widespread itching, fatigue, and diarrhea. Worse, Anderson says, ""I could feel the tumors getting bigger. They felt hot to me."" Then after several months the tumors began to shrink. After one year, the once palpable tumors were no longer detectable in diagnostic scans. While far from a cure, the treatment is the first to improve survival in people with melanoma that has spread, or metastasized, says Dr. Walter Urba, director of cancer research at the Providence Cancer Center. Urba is a co-author of the on ipilimumab published in the New England Journal of Medicine Saturday. Success in a cancer as deadly and difficult to treat as advanced melanoma is raising hopes that the treatment may also prove useful in staving off other tumors, including lung and prostate cancer. Drug companies are racing to develop competing versions of the immune-enhancing therapy, an antibody produced through genetic engineering. ""I would not be here today without it,"" says Anderson, who is undergoing a second round of treatment for resurgent tumors. ""It's given me time with my kids, my husband, my family – and it's been quality time."" Melanoma is a rare skin cancer, but accounts for most of the 66,000 annual deaths from skin cancer worldwide. If caught early, before cancer cells break off and spread, surgery can stop melanoma. But most people diagnosed after melanoma has metastasized die within a year. ""For years and years, we've been looking for an effective therapy,"" Urba says. Ipilimumab, nicknamed Ippy, is one of the first antibody-based therapies that use the body's immune defenses to destroy cancer cells. The antibodies bind to a specific protein studding the surface of T cells, immune system cells that seek and destroy virus-infected and cancerous cells. The surface protein works like a switch, inactivating T cells after a few days to prevent the immune system from running amok and destroying healthy tissue. The antibodies temporarily jam the switch, allowing T cells to continue attacking cancer tissue for weeks or months – for as long as patients continue to receive injections of the engineered antibody. More than 600 melanoma patients took part in the ipilimumab clinical trial at 125 cancer centers in 13 countries. All patients had inoperable cancers with widespread tumors after conventional treatment. Some patients received ipilimumab alone, others it combined with a cancer vaccine called gp100, and a third group received only the cancer vaccine. Ipilimumab appeared to double survival compared with the gp100 vaccine alone. After one year, nearly half of patients given ipilimumab alone or in combination remained alive, compared with one quarter of patients given only the vaccine. After two years, 24 percent of patients treated with ipilimumab were alive, 22 percent of patients treated with the combination, while survival dropped to 14 percent among patients treated with the vaccine alone. ""Some of the people are now out 44 months and still remain free of disease,"" Urba says. Serious side effects also became clear. Nearly two-thirds of patients on ipilimumab experienced side effects caused by over-active immunity, such as severe itching, intestinal irritation and diarrhea. Researchers linked 14 deaths to the study drugs, half caused by immune-system reactions. Still, the study stands as ""a major landmark in cancer immunotherapy,"" says Dr. Bernard Fox, president of the International Society for Biological Therapy of Cancer. He says the results highlight the potential for using the same approach to treat other cancers. Already, early studies in patients with lung cancer and prostate cancer have produced positive, though inconclusive results. ""There is no reason it can't be applied to any of the common tumor types,"" Urba says. ""They all have antigens on their surface that T cells can recognize."" Ongoing trials are testing ipilimumab with other cancer drugs, in different doses and against different cancers. Drug company Bristol-Myers Squibb told investors the drug could gain regulatory approval as early as next year and become available to cancer patients in 2012. Ipilimumab was developed by Medarex, a New Jersey company owned by Bristol-Myers Squibb. Other drug companies are at work on competing versions of the immune-enhancing antibody therapy. For now, federal regulators have authorized to people who have serious or immediately life-threatening, inoperable melanoma that has spread, who have no alternative treatment options, and whose physicians believe the drug is appropriate. Providence Cancer Center is the only site in Oregon offering compassionate use of the drug. The Northwest's other participating centers are the Seattle Cancer Care Alliance and Swedish Cancer Institute in Seattle, Providence Cancer Center in Spokane, and Multicare Health System in Tacoma. --"
