dataset,record_id,label,tfidf_prediction,biobert_prediction,tfidf_prob_0,tfidf_prob_1,tfidf_confidence,biobert_prob_0,biobert_prob_1,biobert_confidence,text,model_text
healthfact,16513,0,0,1,0.8532337755639674,0.1467662244360326,0.8532337755639674,0.08804221,0.9119578,0.9119578,"Obamacare ""cuts seniors’ Medicare.","Obamacare ""cuts seniors’ Medicare."
healthfact,28214,1,1,0,0.3991015821793039,0.6008984178206961,0.6008984178206961,0.8389209,0.16107911,0.8389209,"People can fly with dogs, pot-bellied pigs, turkeys, monkeys, and miniature horses if they claim that their pets are emotional support animals.","People can fly with dogs, pot-bellied pigs, turkeys, monkeys, and miniature horses if they claim that their pets are emotional support animals."
healthfact,9255,1,1,0,0.2407974877980336,0.7592025122019663,0.7592025122019663,0.74111587,0.25888416,0.74111587,FDA Approves Bayer's Kyleena™ (Levonorgestrel-Releasing Intrauterine System) 19.5 mg for Prevention of Pregnancy for up to Five Years,FDA Approves Bayer's Kyleena™ (Levonorgestrel-Releasing Intrauterine System) 19.5 mg for Prevention of Pregnancy for up to Five Years
healthfact,9614,1,1,0,0.2738071391623049,0.7261928608376951,0.7261928608376951,0.61621463,0.38378537,0.61621463,Expert Panel Reaffirms Need for Colon Cancer Screen Beginning at Age 50,Expert Panel Reaffirms Need for Colon Cancer Screen Beginning at Age 50
healthfact,6881,1,1,0,0.3298799354609538,0.6701200645390462,0.6701200645390462,0.9423616,0.05763839,0.9423616,Okposo says he’s healthy after concussion put him in ICU.,Okposo says he’s healthy after concussion put him in ICU.
healthfact,36264,0,0,1,0.8546761479994405,0.1453238520005594,0.8546761479994405,0.4935156,0.5064844,0.5064844,"An image shows reported cases of ""flesh eating bacteria"" in 2019.","An image shows reported cases of ""flesh eating bacteria"" in 2019."
healthfact,35389,1,1,0,0.2302951999892989,0.7697048000107011,0.7697048000107011,0.50909925,0.49090078,0.50909925,Some grocery store receipts contain chemicals linked to infertility and hormone-related cancers.,Some grocery store receipts contain chemicals linked to infertility and hormone-related cancers.
healthfact,13872,1,1,0,0.258910036140863,0.741089963859137,0.741089963859137,0.58209604,0.4179039,0.58209604,"Illegal tobacco sales, price driven too high, has been connected to at least several cases of funding terrorism against us in multi-year investigations over the last decade and a half.","Illegal tobacco sales, price driven too high, has been connected to at least several cases of funding terrorism against us in multi-year investigations over the last decade and a half."
healthfact,37950,1,1,0,0.445894508125417,0.554105491874583,0.554105491874583,0.660838,0.339162,0.660838,"On September 18 2020, Twitter user @JohnCammo tweeted that President Trump's ""October Surprise"" would involve a positive test result.","On September 18 2020, Twitter user @JohnCammo tweeted that President Trump's ""October Surprise"" would involve a positive test result."
healthfact,9395,0,0,1,0.5968186737665186,0.4031813262334814,0.5968186737665186,0.40571856,0.59428144,0.59428144,"Menopause 'hot flash' medicine could cut symptom by three quarters, trial shows","Menopause 'hot flash' medicine could cut symptom by three quarters, trial shows"
healthfact,8970,1,1,0,0.4428638274863907,0.5571361725136093,0.5571361725136093,0.5169513,0.4830487,0.5169513,Blood test may identify gestational diabetes risk in first trimester,Blood test may identify gestational diabetes risk in first trimester
healthfact,14822,0,0,1,0.6576917195755985,0.3423082804244015,0.6576917195755985,0.4370622,0.56293786,0.56293786,"Donald Trump Says 25 percent of U.S. Muslims ""agreed that violence against Americans here in the United States is justified as a part of the global jihad.","Donald Trump Says 25 percent of U.S. Muslims ""agreed that violence against Americans here in the United States is justified as a part of the global jihad."
healthfact,35313,1,1,0,0.4522803846664636,0.5477196153335364,0.5477196153335364,0.6448685,0.35513154,0.6448685,A video shows the fluff of poplar trees burning across a field in Spain.,A video shows the fluff of poplar trees burning across a field in Spain.
healthfact,34010,1,1,0,0.3061497196602439,0.693850280339756,0.693850280339756,0.8978028,0.10219714,0.8978028,The snakehead fish can survive on land.,The snakehead fish can survive on land.
healthfact,9364,1,1,0,0.4883073932493943,0.5116926067506057,0.5116926067506057,0.82511044,0.17488956,0.82511044,This Blood Test Could Help Predict If A Pregnancy Is At Risk For Premature Labor,This Blood Test Could Help Predict If A Pregnancy Is At Risk For Premature Labor
healthfact,27274,1,1,0,0.2993109493910756,0.7006890506089244,0.7006890506089244,0.7252054,0.27479458,0.7252054,Arizona State Senate candidate Bobby Wilson fatally shot his mother in 1963.,Arizona State Senate candidate Bobby Wilson fatally shot his mother in 1963.
healthfact,18217,1,1,0,0.4327187993991009,0.567281200600899,0.567281200600899,0.5055803,0.4944197,0.5055803,"As a student at Occidental College in Los Angeles from 1979 to 1981, ""there were days where folks couldn't go outside. … because of all the pollution in the air.","As a student at Occidental College in Los Angeles from 1979 to 1981, ""there were days where folks couldn't go outside. … because of all the pollution in the air."
healthfact,16302,0,0,1,0.5867833337295452,0.4132166662704548,0.5867833337295452,0.37883273,0.62116724,0.62116724,"In 2013,"" Dan Patrick voted ""against funding to test the backlog of rape kits, allowing rapists to walk free.","In 2013,"" Dan Patrick voted ""against funding to test the backlog of rape kits, allowing rapists to walk free."
healthfact,27050,1,1,0,0.3909728299611206,0.6090271700388794,0.6090271700388794,0.96053153,0.039468527,0.96053153,Blue-green algae (known scientifically as cyanobacteria) are capable of poisoning dogs and other pets.,Blue-green algae (known scientifically as cyanobacteria) are capable of poisoning dogs and other pets.
healthfact,6151,1,1,0,0.4155280287029885,0.5844719712970115,0.5844719712970115,0.7445705,0.25542954,0.7445705,Rhode Island law aims to prevent suicides at public colleges.,Rhode Island law aims to prevent suicides at public colleges.
healthfact,12523,0,0,1,0.5648726643586394,0.4351273356413606,0.5648726643586394,0.42012808,0.5798719,0.5798719,"In the House Republican health care bill, ""we’re expanding women’s access to health services by redirecting Planned Parenthood dollars to community health centers, which vastly outnumber Planned Parenthood clinics.","In the House Republican health care bill, ""we’re expanding women’s access to health services by redirecting Planned Parenthood dollars to community health centers, which vastly outnumber Planned Parenthood clinics."
healthfact,33801,0,0,1,0.8430236422736872,0.1569763577263127,0.8430236422736872,0.40508723,0.59491277,0.59491277,Statistics demonstrate that crime rates in Australia have increased substantially since the government there instituted a gun buy-back program in 1997.,Statistics demonstrate that crime rates in Australia have increased substantially since the government there instituted a gun buy-back program in 1997.
healthfact,25413,0,0,1,0.5928313530972493,0.4071686469027506,0.5928313530972493,0.24047655,0.7595234,0.7595234,We reduced abortion. We increased adoptions by 135 percent.,We reduced abortion. We increased adoptions by 135 percent.
healthfact,24603,0,0,1,0.858800083039017,0.1411999169609829,0.858800083039017,0.46473166,0.53526837,0.53526837,"During the 2005 fight over Social Security, ""there were noisy demonstrations — but they were outside the events,"" and opponents were ""not disruptive — crowds booed lines they didn’t like, but that was about it.","During the 2005 fight over Social Security, ""there were noisy demonstrations — but they were outside the events,"" and opponents were ""not disruptive — crowds booed lines they didn’t like, but that was about it."
healthfact,27849,1,1,0,0.3986328370087737,0.6013671629912263,0.6013671629912263,0.8557507,0.14424933,0.8557507,A woman sought medical help to remove a deer tongue she had used for self-pleasuring purposes.,A woman sought medical help to remove a deer tongue she had used for self-pleasuring purposes.
healthfact,18561,1,1,0,0.2919741698566771,0.7080258301433229,0.7080258301433229,0.68993366,0.31006634,0.68993366,Kirk Watson Says carbon monoxide is still employed to euthanize dogs and cats in 29 Texas animal shelters.,Kirk Watson Says carbon monoxide is still employed to euthanize dogs and cats in 29 Texas animal shelters.
healthfact,27545,1,1,0,0.3729538077799172,0.6270461922200827,0.6270461922200827,0.8640298,0.13597013,0.8640298,A Texas girl required surgery after she swallowed part of a fidget spinner while cleaning it.,A Texas girl required surgery after she swallowed part of a fidget spinner while cleaning it.
healthfact,38620,1,1,0,0.485406622150847,0.5145933778491529,0.5145933778491529,0.8981483,0.101851664,0.8981483,"Opossums stop the spread of Lyme disease because they kill up to 4,000 ticks a week.","Opossums stop the spread of Lyme disease because they kill up to 4,000 ticks a week."
healthfact,37760,1,1,0,0.3008853864130848,0.6991146135869152,0.6991146135869152,0.57919866,0.4208013,0.57919866,"An official Los Angeles Police Department (LAPD) badge page used badge number ""14188"" as its example (later deleted).","An official Los Angeles Police Department (LAPD) badge page used badge number ""14188"" as its example (later deleted)."
healthfact,35186,1,1,0,0.289561870777313,0.710438129222687,0.710438129222687,0.6921868,0.3078132,0.6921868,Cristina Higgins authored a personal account about the spread of COVID-19 in Italy.,Cristina Higgins authored a personal account about the spread of COVID-19 in Italy.
healthfact,14915,1,1,0,0.3667334291211391,0.6332665708788608,0.6332665708788608,0.55031586,0.44968417,0.55031586,"500,000 U.S. troops came home from Iraq and Afghanistan ""with PTSD and traumatic brain injury.","500,000 U.S. troops came home from Iraq and Afghanistan ""with PTSD and traumatic brain injury."
healthfact,15933,1,1,0,0.457985327761248,0.542014672238752,0.542014672238752,0.843975,0.15602499,0.843975,"Miscellany Blue Says a ""lawmaker seeks to defund Planned Parenthood for ‘cutting children into small pieces.’","Miscellany Blue Says a ""lawmaker seeks to defund Planned Parenthood for ‘cutting children into small pieces.’"
healthfact,23067,1,1,0,0.4025278098708849,0.5974721901291151,0.5974721901291151,0.55492514,0.44507486,0.55492514,"Sen. Harry Reid voted ""against declaring English our national language, twice.","Sen. Harry Reid voted ""against declaring English our national language, twice."
healthfact,41006,1,1,0,0.2946865261883429,0.7053134738116571,0.7053134738116571,0.83578795,0.16421203,0.83578795,Apple has reopened all 42 China stores.,Apple has reopened all 42 China stores.
healthfact,11589,0,0,1,0.6656817200829004,0.3343182799170996,0.6656817200829004,0.2516991,0.74830097,0.74830097,Broccoli May Slow or Reverse Some Atherosclerosis,Broccoli May Slow or Reverse Some Atherosclerosis
healthfact,3754,1,1,0,0.2334067509298776,0.7665932490701224,0.7665932490701224,0.8860815,0.11391851,0.8860815,California lawmakers want to repeal HIV criminalization laws.,California lawmakers want to repeal HIV criminalization laws.
healthfact,23307,0,0,1,0.8140202454133187,0.1859797545866812,0.8140202454133187,0.46378514,0.5362149,0.5362149,"Crossroads GPS Says Joe Sestak ""voted to gut Medicare ... reducing benefits for 854,489 seniors"" and jeopardizing ""access to care for millions.","Crossroads GPS Says Joe Sestak ""voted to gut Medicare ... reducing benefits for 854,489 seniors"" and jeopardizing ""access to care for millions."
healthfact,11338,1,1,0,0.4697342450085409,0.5302657549914591,0.5302657549914591,0.7540986,0.2459014,0.7540986,Heart Device Cuts Death Rate,Heart Device Cuts Death Rate
healthfact,9444,1,1,0,0.4753233519454802,0.5246766480545197,0.5246766480545197,0.52273035,0.4772697,0.52273035,First test of anti-epilepsy surgeries in children shows dramatic benefit,First test of anti-epilepsy surgeries in children shows dramatic benefit
healthfact,17496,0,0,1,0.5888278611183235,0.4111721388816764,0.5888278611183235,0.25300848,0.7469915,0.7469915,"San Antonio has seen ""67% growth"" in water customers ""in the last 25 years, 0% more water used.","San Antonio has seen ""67% growth"" in water customers ""in the last 25 years, 0% more water used."
healthfact,9838,1,1,0,0.3141524595891761,0.6858475404108239,0.6858475404108239,0.8589245,0.1410755,0.8589245,Gene test could spare women from unnecessary radiation,Gene test could spare women from unnecessary radiation
healthfact,27128,1,1,0,0.2934769332120959,0.7065230667879041,0.7065230667879041,0.9395341,0.060465917,0.9395341,A form of strep infection is capable of affecting the nasal cavity and face.,A form of strep infection is capable of affecting the nasal cavity and face.
healthfact,37897,1,1,0,0.4844429689771201,0.5155570310228799,0.5155570310228799,0.86927193,0.13072813,0.86927193,"Image of an anti-Semitic sign (""the real plague"") was captured at a COVID-19 anti-lockdown protest in Ohio in April 2020.","Image of an anti-Semitic sign (""the real plague"") was captured at a COVID-19 anti-lockdown protest in Ohio in April 2020."
healthfact,37959,1,1,0,0.2125749171147427,0.7874250828852573,0.7874250828852573,0.7573878,0.24261221,0.7573878,Author J.K. Rowling promoted a website selling transphobic merchandise.,Author J.K. Rowling promoted a website selling transphobic merchandise.
healthfact,35599,0,0,1,0.5469383666072549,0.4530616333927451,0.5469383666072549,0.23062769,0.76937234,0.76937234,"In July 2020, U.S. Education Secretary Betsy DeVos said ""only"" .02% of the country's K-12 school students — totaling 14,740 children and teens — are likely to die from COVID-19 when and if schools fully reopen.","In July 2020, U.S. Education Secretary Betsy DeVos said ""only"" .02% of the country's K-12 school students — totaling 14,740 children and teens — are likely to die from COVID-19 when and if schools fully reopen."
healthfact,29355,0,0,1,0.8331525031305669,0.1668474968694331,0.8331525031305669,0.21813488,0.7818651,0.7818651,Recently-arrived asylum seekers are perpetrating the majority of crime in Sweden.,Recently-arrived asylum seekers are perpetrating the majority of crime in Sweden.
healthfact,9216,1,1,0,0.1631483277317802,0.8368516722682198,0.8368516722682198,0.68397695,0.31602305,0.68397695,Final trial results confirm Ebola vaccine provides high protection against disease,Final trial results confirm Ebola vaccine provides high protection against disease
healthfact,41208,0,0,1,0.6972771905600696,0.3027228094399303,0.6972771905600696,0.11847038,0.8815296,0.8815296,Increasing numbers of vaccines are associated with increasing rates of autism.,Increasing numbers of vaccines are associated with increasing rates of autism.
healthfact,10910,0,0,1,0.5248132577216258,0.4751867422783741,0.5248132577216258,0.40151134,0.5984886,0.5984886,New drug ‘may turn back the clock on heart disease’,New drug ‘may turn back the clock on heart disease’
healthfact,26314,0,0,1,0.5950923915109457,0.4049076084890542,0.5950923915109457,0.3572473,0.6427527,0.6427527,"$3 trillion for federal coronavirus stimulus packages is ""being borrowed basically from China.","$3 trillion for federal coronavirus stimulus packages is ""being borrowed basically from China."
healthfact,24740,0,0,1,0.7743864177639201,0.2256135822360798,0.7743864177639201,0.45829588,0.5417041,0.5417041,"The administration raises revenue for nationalized health care through a series of new taxes, including a light switch tax that would cost every American household $3,128 a year.","The administration raises revenue for nationalized health care through a series of new taxes, including a light switch tax that would cost every American household $3,128 a year."
healthfact,32930,0,0,1,0.51701783883271,0.4829821611672899,0.51701783883271,0.016445678,0.9835543,0.9835543,New York state has legalized heroin.,New York state has legalized heroin.
healthfact,18008,0,0,1,0.6316731576507757,0.3683268423492242,0.6316731576507757,0.44112635,0.55887365,0.55887365,I am every year the No.1 pick of all of the law enforcement agencies within Texas.,I am every year the No.1 pick of all of the law enforcement agencies within Texas.
healthfact,11257,1,1,0,0.2902548868087498,0.7097451131912502,0.7097451131912502,0.9401652,0.059834804,0.9401652,Tiny Eye Telescope Brings Back A World Of Sight,Tiny Eye Telescope Brings Back A World Of Sight
healthfact,35213,1,1,0,0.4728402313552196,0.5271597686447804,0.5271597686447804,0.6735953,0.32640463,0.6735953,Photographs show a homeless shelter with painted social-distancing boxes in a Las Vegas parking lot.,Photographs show a homeless shelter with painted social-distancing boxes in a Las Vegas parking lot.
healthfact,27477,1,1,0,0.4279565490735393,0.5720434509264607,0.5720434509264607,0.8993361,0.10066392,0.8993361,Black and white caterpillars can cause severe allergic reactions in some people who touch them.,Black and white caterpillars can cause severe allergic reactions in some people who touch them.
healthfact,10497,0,0,1,0.7652773722369843,0.2347226277630157,0.7652773722369843,0.39591524,0.6040848,0.6040848,Are You At Risk? 5 Different Types of Prostate Cancer Found,Are You At Risk? 5 Different Types of Prostate Cancer Found
healthfact,21649,0,0,1,0.5156436180277366,0.4843563819722634,0.5156436180277366,0.49848944,0.50151056,0.50151056,"Under last year’s health care reform, ""a bunch of bureaucrats decide whether you get care, such as continuing on dialysis or cancer chemotherapy.","Under last year’s health care reform, ""a bunch of bureaucrats decide whether you get care, such as continuing on dialysis or cancer chemotherapy."
healthfact,15085,0,0,1,0.576445132715101,0.4235548672848989,0.576445132715101,0.0054231407,0.9945768,0.9945768,HIV/AIDS among women is skyrocketing in Austin.,HIV/AIDS among women is skyrocketing in Austin.
healthfact,9830,0,0,1,0.5267052908316587,0.4732947091683412,0.5267052908316587,0.3878459,0.6121542,0.6121542,Music May Help Ease Pain for Anxious People,Music May Help Ease Pain for Anxious People
healthfact,36045,1,1,0,0.384903540919465,0.615096459080535,0.615096459080535,0.6643106,0.3356894,0.6643106,Amazon founder Jeff Bezos was building another mansion with elevators and 25 bathrooms at the same time part-time Whole Foods employees lost health benefits.,Amazon founder Jeff Bezos was building another mansion with elevators and 25 bathrooms at the same time part-time Whole Foods employees lost health benefits.
healthfact,37874,1,1,0,0.1359650547516016,0.8640349452483984,0.8640349452483984,0.57709914,0.4229009,0.57709914,"Elon Musk once tweeted: ""If one day, my words are against science, choose science.","Elon Musk once tweeted: ""If one day, my words are against science, choose science."
healthfact,23466,0,0,1,0.6119934710825992,0.3880065289174008,0.6119934710825992,0.004521181,0.9954788,0.9954788,"Alex Sink wants to ""cut Medicare.","Alex Sink wants to ""cut Medicare."
healthfact,15648,0,0,1,0.6381892343235682,0.3618107656764318,0.6381892343235682,0.4151249,0.5848751,0.5848751,"Eighty-five percent of every dollar donated to the Clinton Foundation ended up either with the Clintons or with their staff to pay for travel, salaries, and benefits. Fifteen cents of every dollar actually went to some charitable beneficiary.","Eighty-five percent of every dollar donated to the Clinton Foundation ended up either with the Clintons or with their staff to pay for travel, salaries, and benefits. Fifteen cents of every dollar actually went to some charitable beneficiary."
healthfact,11025,0,0,1,0.6956880634209074,0.3043119365790926,0.6956880634209074,0.06079269,0.9392073,0.9392073,FDA Panel Backs Novartis Drug For Treating Parkinson’s Dementia,FDA Panel Backs Novartis Drug For Treating Parkinson’s Dementia
healthfact,15940,1,1,0,0.1561986687598753,0.8438013312401247,0.8438013312401247,0.516718,0.4832821,0.516718,Measles is one of the most common causes of child blindness worldwide.,Measles is one of the most common causes of child blindness worldwide.
healthfact,29132,0,0,1,0.7770586727573945,0.2229413272426055,0.7770586727573945,0.48181638,0.51818365,0.51818365,"On Aug. 21, 2019, U.S. President Donald Trump articulated a belief that he is ""the chosen one,"" the ""King of Israel,"" or the ""second coming of God.","On Aug. 21, 2019, U.S. President Donald Trump articulated a belief that he is ""the chosen one,"" the ""King of Israel,"" or the ""second coming of God."
healthfact,12156,1,1,0,0.4027830616937959,0.597216938306204,0.597216938306204,0.56086785,0.43913218,0.56086785,"I think what the authors of the (25th) Amendment principally had in mind was some kind of physical incapacitation or serious mental illness or a breakdown, an inability to function in office.","I think what the authors of the (25th) Amendment principally had in mind was some kind of physical incapacitation or serious mental illness or a breakdown, an inability to function in office."
healthfact,36020,1,1,0,0.2144465715133816,0.7855534284866184,0.7855534284866184,0.8105106,0.18948941,0.8105106,"South Dakota launched a campaign against methamphetamine addiction with the tagline ""Meth. We're On It.","South Dakota launched a campaign against methamphetamine addiction with the tagline ""Meth. We're On It."
healthfact,23278,0,0,1,0.7645462622073715,0.2354537377926284,0.7645462622073715,0.4627775,0.5372225,0.5372225,"The Chilean ""privatization scheme"" that Sharron Angle supports ""has resulted in hidden fees, fewer benefits, and millions of people with no coverage.","The Chilean ""privatization scheme"" that Sharron Angle supports ""has resulted in hidden fees, fewer benefits, and millions of people with no coverage."
healthfact,29933,0,0,1,0.6265036923467884,0.3734963076532117,0.6265036923467884,0.47618645,0.52381355,0.52381355,Consuming tainted lettuce caused more deaths in 2018 than homicides perpetrated by undocumented immigrants.,Consuming tainted lettuce caused more deaths in 2018 than homicides perpetrated by undocumented immigrants.
healthfact,18596,0,0,1,0.528453054836692,0.471546945163308,0.528453054836692,0.36198497,0.6380151,0.6380151,"Every day, ""about 100 people will be arrested for possession of marijuana in Georgia.","Every day, ""about 100 people will be arrested for possession of marijuana in Georgia."
healthfact,24465,0,0,1,0.6216674870454293,0.3783325129545707,0.6216674870454293,0.062216748,0.93778324,0.93778324,"Here in Florida, I’ve slashed government by 10 percent. That's $7 billion.","Here in Florida, I’ve slashed government by 10 percent. That's $7 billion."
healthfact,27134,1,1,0,0.4341559277515635,0.5658440722484365,0.5658440722484365,0.68999875,0.31000125,0.68999875,A photograph shows an eagle catching a drone.,A photograph shows an eagle catching a drone.
fakehealth,story_reviews_00798,0,0,1,0.5605112831619931,0.4394887168380069,0.5605112831619931,0.37447593,0.62552404,0.62552404,"Oct. 29, 2012 -- Early, intensive autism treatment improves children's brain development, a new study shows. The treatment, dubbed Early Start Denver Model or ESDM, offers a child 20 hours a week of one-on-one treatment with a trained therapist. It also calls for many more hours of the treatment, in the form of structured play, with a parent trained in the technique. By age 4, children given the treatment had higher IQ scores, more adaptive behavior, better coordination, and a less severe autism diagnosis than kids given the standard autism treatments offered in their communities. But that's not all, researchers Geraldine Dawson, PhD, and colleagues report. ""We jump-started and improved the responses of children's brains to social information,"" says Dawson, professor of psychiatry at the University of North Carolina and chief science officer at Autism Speaks. Normal child development depends on interactions with parents and other people. Without such interactions, language and social skills do not develop. As measured by an electroencephalogram (EEG), small children's brains show a specific pattern of activity when they look at a picture of a human face. This doesn't happen when they look at pictures of inanimate objects. Just the reverse happens in children with autism. Their brains light up when they look at pictures of objects, but not when they look at faces. This changed dramatically in the children treated with ESDM. ""The [brains of] children who received the ESDM looked virtually identical to typical 4-year-olds,"" Dawson says. ""The children that received the interventions normal in their communities continued to show the reversed pattern.""","Early Autism Treatment Benefits Kids' Brains. Oct. 29, 2012 -- Early, intensive autism treatment improves children's brain development, a new study shows. The treatment, dubbed Early Start Denver Model or ESDM, offers a child 20 hours a week of one-on-one treatment with a trained therapist. It also calls for many more hours of the treatment, in the form of structured play, with a parent trained in the technique. By age 4, children given the treatment had higher IQ scores, more adaptive behavior, better coordination, and a less severe autism diagnosis than kids given the standard autism treatments offered in their communities. But that's not all, researchers Geraldine Dawson, PhD, and colleagues report. ""We jump-started and improved the responses of children's brains to social information,"" says Dawson, professor of psychiatry at the University of North Carolina and chief science officer at Autism Speaks. Normal child development depends on interactions with parents and other people. Without such interactions, language and social skills do not develop. As measured by an electroencephalogram (EEG), small children's brains show a specific pattern of activity when they look at a picture of a human face. This doesn't happen when they look at pictures of inanimate objects. Just the reverse happens in children with autism. Their brains light up when they look at pictures of objects, but not when they look at faces. This changed dramatically in the children treated with ESDM. ""The [brains of] children who received the ESDM looked virtually identical to typical 4-year-olds,"" Dawson says. ""The children that received the interventions normal in their communities continued to show the reversed pattern."""
fakehealth,story_reviews_01466,0,0,1,0.6305892144221356,0.3694107855778644,0.6305892144221356,0.4657315,0.5342685,0.5342685,"NEW YORK (Reuters Health) - Fast food outlets should hand out free cholesterol-lowering statin drugs to their customers to “neutralize” the heart risks of eating fatty foods like burgers and fries, British scientists suggested on Thursday. The quadruple bypass cheese burger is displayed at Heart Attack Grill in Chandler, Arizona June 17, 2009. REUTERS/Joshua Lott But a few experts say you might want to ask your server to hold the statin at this point. In a study published in the American Journal of Cardiology, scientists from the National Heart and Lung Institute at Imperial College London calculated that the reduction in heart disease risk offered by a statin could offset the increase in risk from eating a cheeseburger and a milkshake. “Statins don’t cut out all of the unhealthy effects of a burger and fries. It’s better to avoid fatty food altogether. But we’ve worked out that in terms of your likelihood of having a heart attack, taking a statin can reduce your risk to more or less the same degree as a fast food meal increases it,” said Dr. Darrel Francis, who led the research team. “When people engage in risky behaviors like driving or smoking, they’re encouraged to take measures that minimize their risk, like wearing a seatbelt or choosing cigarettes with filters. Taking a statin is a rational way of lowering some of the risks of eating a fatty meal.” Still, Peter Weissberg, medical director at the British Heart Foundation (BHF) health charity, said Francis’ idea should not be taken too literally. He urged people to focus on maintaining a good diet and taking exercise to keep their hearts healthy. “Statins are a vital medicine for people with — or at high risk of developing — heart disease,” he said. “They are not a magic bullet.” A study in June in the Archives of Internal Medicine suggested, in fact, that statins do not save lives in patients without heart disease, although they may prevent some non-fatal heart attacks. Dr. Franz Messerli, the director of the hypertension program at two New York hospitals, St. Luke’s and Roosevelt, worried about the message handing out statins would send to burger-eaters. “Complimentary statin packets are prone to ... give Quarter Pounder consumers a sense of false security,” he told Reuters Health by email. While statins might combat some of the toll that fatty foods take on cholesterol, there’s a lot they can’t negate: “sodium content is high, fibres are absent, and caloric load gargantuan,” Messerli said of the fast food the authors looked at. Statins are among the most widely used drugs for the treatment and prevention of heart disease and strokes — the world’s top killers. One statin, a generic drug called simvastatin, is already available in low doses over the counter at pharmacies in Britain without a prescription. Other statins such as Pfizer’s Lipitor and AstraZeneca’s Crestor - which are among the biggest-selling drugs in the world — are for prescription only. In the U.S., all statins are only available by prescription. “Although no substitute for systematic lifestyle improvements, including healthy diet, regular exercise, weight loss, and smoking cessation, complimentary statin packets would add, at little cost, one positive choice to a panoply of negative ones,” the scientists write in their paper. Francis’ team — who worked independently and had no funding from the drug or food industries for their research — used data from a previous large study to quantify how a person’s heart attack risk increases with their daily intake of total fat and harmful trans fats. They compared this with the decrease in risk from taking statins, using data from seven previously published trials. “It makes sense to make risk-reducing supplements available just as easily as the unhealthy condiments (such as salt or ketchup) that are provided free of charge,” Francis said in his report of the research. “It would cost less than 5 pence ($0.07) per customer — not much different to a sachet of ketchup.” SOURCE: link.reuters.com/gak74n American Journal of Cardiology, online August 12, 2010.","Burger and a statin to go? Or hold that, please?. NEW YORK (Reuters Health) - Fast food outlets should hand out free cholesterol-lowering statin drugs to their customers to “neutralize” the heart risks of eating fatty foods like burgers and fries, British scientists suggested on Thursday. The quadruple bypass cheese burger is displayed at Heart Attack Grill in Chandler, Arizona June 17, 2009. REUTERS/Joshua Lott But a few experts say you might want to ask your server to hold the statin at this point. In a study published in the American Journal of Cardiology, scientists from the National Heart and Lung Institute at Imperial College London calculated that the reduction in heart disease risk offered by a statin could offset the increase in risk from eating a cheeseburger and a milkshake. “Statins don’t cut out all of the unhealthy effects of a burger and fries. It’s better to avoid fatty food altogether. But we’ve worked out that in terms of your likelihood of having a heart attack, taking a statin can reduce your risk to more or less the same degree as a fast food meal increases it,” said Dr. Darrel Francis, who led the research team. “When people engage in risky behaviors like driving or smoking, they’re encouraged to take measures that minimize their risk, like wearing a seatbelt or choosing cigarettes with filters. Taking a statin is a rational way of lowering some of the risks of eating a fatty meal.” Still, Peter Weissberg, medical director at the British Heart Foundation (BHF) health charity, said Francis’ idea should not be taken too literally. He urged people to focus on maintaining a good diet and taking exercise to keep their hearts healthy. “Statins are a vital medicine for people with — or at high risk of developing — heart disease,” he said. “They are not a magic bullet.” A study in June in the Archives of Internal Medicine suggested, in fact, that statins do not save lives in patients without heart disease, although they may prevent some non-fatal heart attacks. Dr. Franz Messerli, the director of the hypertension program at two New York hospitals, St. Luke’s and Roosevelt, worried about the message handing out statins would send to burger-eaters. “Complimentary statin packets are prone to ... give Quarter Pounder consumers a sense of false security,” he told Reuters Health by email. While statins might combat some of the toll that fatty foods take on cholesterol, there’s a lot they can’t negate: “sodium content is high, fibres are absent, and caloric load gargantuan,” Messerli said of the fast food the authors looked at. Statins are among the most widely used drugs for the treatment and prevention of heart disease and strokes — the world’s top killers. One statin, a generic drug called simvastatin, is already available in low doses over the counter at pharmacies in Britain without a prescription. Other statins such as Pfizer’s Lipitor and AstraZeneca’s Crestor - which are among the biggest-selling drugs in the world — are for prescription only. In the U.S., all statins are only available by prescription. “Although no substitute for systematic lifestyle improvements, including healthy diet, regular exercise, weight loss, and smoking cessation, complimentary statin packets would add, at little cost, one positive choice to a panoply of negative ones,” the scientists write in their paper. Francis’ team — who worked independently and had no funding from the drug or food industries for their research — used data from a previous large study to quantify how a person’s heart attack risk increases with their daily intake of total fat and harmful trans fats. They compared this with the decrease in risk from taking statins, using data from seven previously published trials. “It makes sense to make risk-reducing supplements available just as easily as the unhealthy condiments (such as salt or ketchup) that are provided free of charge,” Francis said in his report of the research. “It would cost less than 5 pence ($0.07) per customer — not much different to a sachet of ketchup.” SOURCE: link.reuters.com/gak74n American Journal of Cardiology, online August 12, 2010."
fakehealth,story_reviews_00273,0,0,1,0.8511973378299594,0.1488026621700406,0.8511973378299594,0.27273765,0.7272623,0.7272623,"Exercising by doing interval training, not weight lifting, could be the secret to staying young, according to a new study published Tuesday in the medical journal ""Cell Metabolism."" High-intensity aerobic interval training--or exercising in bursts of moderate and high-intensity running, cycling, or other aerobic activity--may help to reduce the effects of aging at a cellular level, researchers found. Scientists analyzed three groups of people who were exercising by doing high-intensity aerobic interval training, resistance training, or a combination of the two, over the course of a 12-week period. While scientists found that all three types of exercise improved participants' lean body mass, at a cellular level, they found that the group participating in the high intensity interval training also saw improvements in the exercise capacity of their muscle's mitochondria. As people age, their mitochondria, which are responsible for producing energy for your cells, become less efficient. High intensity interval training essentially ""reversed"" many ""age-related differences"" in aspects of elderly participants' mitochondria, the researchers wrote in the study's summary. Dr. Richard Besser, ABC News' chief health and medical editor, called the study's findings ""very interesting."" ""When they looked at the cellular level, the changes they saw in the older people’s cells with the high-intensity [training] made those cells look more like younger people’s cells in terms of how they handled energy,” Besser said today on ""Good Morning America."" “That was very interesting.” Chris Powell, trainer and transformation specialist on ABC's “Extreme Weight Loss,"" said the term high-intensity interval training can be ""terrifying"" to people, but it should not be. ""High intensity interval training is just aerobic training with short bouts of weight training in between,"" Powell said today on ""GMA."" ""The beauty of it though is that we get to control the throttle of our own workouts."" He continued, ""It doesn’t matter if you’re an elite athlete or you haven’t moved for 10 years...It’s all about completing, not competing."" Besser advised people to consult with their medical doctor before beginning any new exercise regimen, including high-intensity interval training. This training, also known as HIIT, can be done using just your own body weight and with minimal to no equipment, according to Powell. Aerobic training can be accomplished by jump roping, running in place or doing jumping jacks or high knees, the trainer said. Weight training can be done with exercises such as push ups, lunges and back squats. Powell demonstrated a HIIT workout of 20 high knees combined with 10 back lunges. ""It’s that simple,"" he said. ""There’s a million different combinations. You can do it so many different ways.""","High-intensity interval training may have anti-aging benefits, study finds. Exercising by doing interval training, not weight lifting, could be the secret to staying young, according to a new study published Tuesday in the medical journal ""Cell Metabolism."" High-intensity aerobic interval training--or exercising in bursts of moderate and high-intensity running, cycling, or other aerobic activity--may help to reduce the effects of aging at a cellular level, researchers found. Scientists analyzed three groups of people who were exercising by doing high-intensity aerobic interval training, resistance training, or a combination of the two, over the course of a 12-week period. While scientists found that all three types of exercise improved participants' lean body mass, at a cellular level, they found that the group participating in the high intensity interval training also saw improvements in the exercise capacity of their muscle's mitochondria. As people age, their mitochondria, which are responsible for producing energy for your cells, become less efficient. High intensity interval training essentially ""reversed"" many ""age-related differences"" in aspects of elderly participants' mitochondria, the researchers wrote in the study's summary. Dr. Richard Besser, ABC News' chief health and medical editor, called the study's findings ""very interesting."" ""When they looked at the cellular level, the changes they saw in the older people’s cells with the high-intensity [training] made those cells look more like younger people’s cells in terms of how they handled energy,” Besser said today on ""Good Morning America."" “That was very interesting.” Chris Powell, trainer and transformation specialist on ABC's “Extreme Weight Loss,"" said the term high-intensity interval training can be ""terrifying"" to people, but it should not be. ""High intensity interval training is just aerobic training with short bouts of weight training in between,"" Powell said today on ""GMA."" ""The beauty of it though is that we get to control the throttle of our own workouts."" He continued, ""It doesn’t matter if you’re an elite athlete or you haven’t moved for 10 years...It’s all about completing, not competing."" Besser advised people to consult with their medical doctor before beginning any new exercise regimen, including high-intensity interval training. This training, also known as HIIT, can be done using just your own body weight and with minimal to no equipment, according to Powell. Aerobic training can be accomplished by jump roping, running in place or doing jumping jacks or high knees, the trainer said. Weight training can be done with exercises such as push ups, lunges and back squats. Powell demonstrated a HIIT workout of 20 high knees combined with 10 back lunges. ""It’s that simple,"" he said. ""There’s a million different combinations. You can do it so many different ways."""
fakehealth,news_reviews_00299,0,0,1,0.714787701172902,0.285212298827098,0.714787701172902,0.41391447,0.5860855,0.5860855,"'There are women who are alive today because of this drug,' says University of Colorado Cancer center researcher Phase 1 clinical trial data published this week in the journal Clinical Cancer Research show early promise of the investigational anti-cancer agent tucatinib (formerly ONT-380) against HER2+ breast cancer. The 50 women treated had progressed despite a median 5 previous treatment regimens. Twenty-seven percent of these heavily pretreated patients saw clinical benefit from the drug, with at least ""stable disease"" at 24 or more weeks after the start of treatment. These data led to two subsequent Phase Ib studies, resulting in tucatinib earning FDA fast-track status and the expansion of this study once meant only to demonstrate drug safety into the ""pivotal"" trial that will determine approval. ""Usually we expect the results of a phase 1 clinical trial to give us data that we can use to guide the results of future treatments. This is a great case in which, for many of these patients, the results were immediate. There are women who are alive today because of this drug,"" says Virginia Borges, MD, MMSc, director of the Breast Cancer Research Program and Young Women's Breast Cancer Translational Program at the University of Colorado Cancer Center. Borges has been a major driver of the drug's development from its invention at Array Biopharm in Boulder, CO and now through clinical trials of the drug, which is licensed to Cascadian Therapeutics of Seattle, WA. Tucatinib is a small molecule inhibitor of the HER2 growth factor receptor. The drug works by targeting the HER2 ""tyrosine kinase"" - a link in the chain of communication that allows HER2 receptors to signal the growth of the cell. The fact that it is a small molecule means the drug is able to pass through the blood-brain barrier to act against brain metastases of the disease. HER2+ breast cancer is more likely to affect younger women and also more likely than other breast cancers to metastasize specifically to the brain. Working with Borges's Young Women's Breast Cancer Translational Program at CU Cancer Center, young investigator Elena Shagisultanova, MD, PhD, recently earned a $1.4m competitive ASPIRE grant from Pfizer, Inc., to conduct a clinical trial exploring the use of tucatinib against so-called ""triple positive"" breast cancer - those cancers driven by both estrogen and progesterone receptors and the HER2/neu oncogene. ""When both [estrogen and HER2] are positive, they counteract the therapy aimed at one or the other, playing off each other like kids splitting parents,"" Borges says. More specifically, when both avenues are present, the crosstalk leads to tumors being resistant to treatment, as either avenue can allow the cancer to survive therapy. Previous trials concurrently targeting estrogen and HER2 have been, according to Borges, ""lackluster,"" resulting in no changes to the standard of care. The forthcoming trial lead by Shagisultanova will be a multi-center clinical trial with CU Cancer Center as the lead site, testing the combination of three drugs - tucatinib plus the anti-estrogen receptor drug letrozole and the cell cycle inhibitor palbociclib - against breast cancers positive for both HER2 and estrogen receptors. ""Tucatinib could be a substantially practice-changing drug,"" Borges says, meaning that in addition to the drug's current investigations as a third-, fourth-, or more-than-fifth-line treatment, she envisions its use sooner in the arc of breast cancer treatment and with far more patients. ""I think this drug has an extremely high likelihood of being approved for women with HER2+ breast cancer for use after previous treatments,"" Borges says. ""And it's going to be an especially important drug due to its ability to control brain metastases. The opportunity to study it as a front-line drug for recurrent triple positive breast cancer could even someday help us prevent or delay these brain metastases."" Because the drug is taken in pill form and has a very favorable side effect profile, Borges points out that it is relatively patient-friendly, allowing women to avoid treatments in infusion centers and also many of the side-effects associated with chemotherapies. Ongoing updates are expected in journals and meetings later in 2017. ###","Tucatinib (ONT-380) progressing in pivotal trial against HER2+ breast cancer. 'There are women who are alive today because of this drug,' says University of Colorado Cancer center researcher Phase 1 clinical trial data published this week in the journal Clinical Cancer Research show early promise of the investigational anti-cancer agent tucatinib (formerly ONT-380) against HER2+ breast cancer. The 50 women treated had progressed despite a median 5 previous treatment regimens. Twenty-seven percent of these heavily pretreated patients saw clinical benefit from the drug, with at least ""stable disease"" at 24 or more weeks after the start of treatment. These data led to two subsequent Phase Ib studies, resulting in tucatinib earning FDA fast-track status and the expansion of this study once meant only to demonstrate drug safety into the ""pivotal"" trial that will determine approval. ""Usually we expect the results of a phase 1 clinical trial to give us data that we can use to guide the results of future treatments. This is a great case in which, for many of these patients, the results were immediate. There are women who are alive today because of this drug,"" says Virginia Borges, MD, MMSc, director of the Breast Cancer Research Program and Young Women's Breast Cancer Translational Program at the University of Colorado Cancer Center. Borges has been a major driver of the drug's development from its invention at Array Biopharm in Boulder, CO and now through clinical trials of the drug, which is licensed to Cascadian Therapeutics of Seattle, WA. Tucatinib is a small molecule inhibitor of the HER2 growth factor receptor. The drug works by targeting the HER2 ""tyrosine kinase"" - a link in the chain of communication that allows HER2 receptors to signal the growth of the cell. The fact that it is a small molecule means the drug is able to pass through the blood-brain barrier to act against brain metastases of the disease. HER2+ breast cancer is more likely to affect younger women and also more likely than other breast cancers to metastasize specifically to the brain. Working with Borges's Young Women's Breast Cancer Translational Program at CU Cancer Center, young investigator Elena Shagisultanova, MD, PhD, recently earned a $1.4m competitive ASPIRE grant from Pfizer, Inc., to conduct a clinical trial exploring the use of tucatinib against so-called ""triple positive"" breast cancer - those cancers driven by both estrogen and progesterone receptors and the HER2/neu oncogene. ""When both [estrogen and HER2] are positive, they counteract the therapy aimed at one or the other, playing off each other like kids splitting parents,"" Borges says. More specifically, when both avenues are present, the crosstalk leads to tumors being resistant to treatment, as either avenue can allow the cancer to survive therapy. Previous trials concurrently targeting estrogen and HER2 have been, according to Borges, ""lackluster,"" resulting in no changes to the standard of care. The forthcoming trial lead by Shagisultanova will be a multi-center clinical trial with CU Cancer Center as the lead site, testing the combination of three drugs - tucatinib plus the anti-estrogen receptor drug letrozole and the cell cycle inhibitor palbociclib - against breast cancers positive for both HER2 and estrogen receptors. ""Tucatinib could be a substantially practice-changing drug,"" Borges says, meaning that in addition to the drug's current investigations as a third-, fourth-, or more-than-fifth-line treatment, she envisions its use sooner in the arc of breast cancer treatment and with far more patients. ""I think this drug has an extremely high likelihood of being approved for women with HER2+ breast cancer for use after previous treatments,"" Borges says. ""And it's going to be an especially important drug due to its ability to control brain metastases. The opportunity to study it as a front-line drug for recurrent triple positive breast cancer could even someday help us prevent or delay these brain metastases."" Because the drug is taken in pill form and has a very favorable side effect profile, Borges points out that it is relatively patient-friendly, allowing women to avoid treatments in infusion centers and also many of the side-effects associated with chemotherapies. Ongoing updates are expected in journals and meetings later in 2017. ###"
fakehealth,story_reviews_00493,0,0,1,0.8177835293095345,0.1822164706904655,0.8177835293095345,0.46585158,0.5341484,0.5341484,"Autologous haematopoietic stem cell transplant could help treat certain form of multiple sclerosis, say doctors in Sheffield A treatment traditionally used on patients with certain cancers is being tried on a small number of people with multiple sclerosis with “remarkable results”, according to a professor involved in the research. The treatment destroys patients’ faulty immune systems through chemotherapy and then rebuilds them using stem cells previously harvested from their blood. Doctors at Royal Hallamshire hospital in Sheffield stress that the treatment, so far given to about 20 patients over three years, is not suitable for everyone with the disease, which attacks nerves in the brain and spinal column. The hospital is part of an international trial also involving patients in the US, Sweden and Brazil to see whether the treatment can benefit those with relapsing remitting multiple sclerosis, a form that involves flare-ups of symptoms such as loss of vision, fatigue, muscle problems and difficulties with balance that can last from a few days to a few months. These will be followed by periods where symptoms are mild or disappear altogether. Multiple sclerosis experts call for end to 'wait and see' approach to treatment Read more Most people with MS – there are thought to be more than 100,000 in the UK – are diagnosed with this form, and although drugs may help slow progression, there is currently no cure. Consultant hematologist John Snowden said: “The immune system is being reset or rebooted back to a time point before it caused MS ... The treatment has traditionally been used to treat bone and blood cancers.” Basil Sharrack, a consultant neurologist at Sheffield teaching hospitals NHS foundation trust, said: “The new treatment is showing some remarkable results in the small number of patients we have treated so far. “It is important to stress, however, that this treatment is only suitable for patients with relapsing remitting multiple sclerosis disease who have had two or more significant relapses in the past 12 months, failed to respond to standard drug treatment and who have had the illness for at least 10 years.” One patient who has undergone the treatment, known as autologous haematopoietic stem cell transplant (HSCT), told the BBC’s Panorama programme that he had made incredible progress. Steven Storey, who was diagnosed with MS in 2013, said: “I went from running marathons to needing 24-hour acute care. At one point, I couldn’t even hold a spoon and feed myself.” Within a few days of the transplant, he was able to move his toes, and after four months could stand unaided, although he still needs a wheelchair. “It’s been incredible,” Storey said. “I was in a dire place, but now I can swim and cycle and I am determined to walk.” Holly Drewry was 21 when she was diagnosed with MS, and her condition deteriorated after she gave birth to her daughter, Isla. “Within a couple of months I got worse and worse,” she said. “I couldn’t dress or wash myself; I didn’t even have the strength to carry my daughter.” She had needed a wheelchair before her transplant, but after the treatment she walked out of hospital. Drewry, whose MS is described by doctors as “dormant”, said: “It’s been a miracle. I got my life and my independence back and the future is bright again in terms of being a mum and doing everything with Isla.” Two years after the treatment, she has had no relapses and there was no evidence of active disease on her scans. Paul Kirkham, another patient who has undergone the treatment at a cost of about £30,000, said: “It does knock you out. I’d rather have done 10 rounds with Mike Tyson.” Richard Burt of Northwestern University in Chicago, who carried out the first HSCT for MS in 1995 and is coordinating the international trials, told the BBC: “There has been resistance to this in the pharma[ceutical] and academic world. This is not a technology you can patent and we have achieved this without industry backing.” Emma Gray, the head of clinical trials at the MS Society, said: “Ongoing research suggests stem cell treatments such as HSCT could offer hope, and it’s clear that in the cases highlighted by Panorama, they’ve had a life-changing impact. “However, trials have found that while HSCT may be able to stabilise or improve disability in some people with MS, it may not be effective for all types of the condition. “We want people to be aware that HSCT is an aggressive treatment that comes with significant risks. It needs to be carried out at an accredited centre or as part of a clinical trial. “The MS Society has recently funded a study looking into the impact of HSCT on the immune system and we’d like to see larger trials in this area. They would help us learn more about the safety and long term effectiveness of the treatment and who could benefit from it.”","Cancer treatment offers MS patients hope after 'remarkable' trial results. Autologous haematopoietic stem cell transplant could help treat certain form of multiple sclerosis, say doctors in Sheffield A treatment traditionally used on patients with certain cancers is being tried on a small number of people with multiple sclerosis with “remarkable results”, according to a professor involved in the research. The treatment destroys patients’ faulty immune systems through chemotherapy and then rebuilds them using stem cells previously harvested from their blood. Doctors at Royal Hallamshire hospital in Sheffield stress that the treatment, so far given to about 20 patients over three years, is not suitable for everyone with the disease, which attacks nerves in the brain and spinal column. The hospital is part of an international trial also involving patients in the US, Sweden and Brazil to see whether the treatment can benefit those with relapsing remitting multiple sclerosis, a form that involves flare-ups of symptoms such as loss of vision, fatigue, muscle problems and difficulties with balance that can last from a few days to a few months. These will be followed by periods where symptoms are mild or disappear altogether. Multiple sclerosis experts call for end to 'wait and see' approach to treatment Read more Most people with MS – there are thought to be more than 100,000 in the UK – are diagnosed with this form, and although drugs may help slow progression, there is currently no cure. Consultant hematologist John Snowden said: “The immune system is being reset or rebooted back to a time point before it caused MS ... The treatment has traditionally been used to treat bone and blood cancers.” Basil Sharrack, a consultant neurologist at Sheffield teaching hospitals NHS foundation trust, said: “The new treatment is showing some remarkable results in the small number of patients we have treated so far. “It is important to stress, however, that this treatment is only suitable for patients with relapsing remitting multiple sclerosis disease who have had two or more significant relapses in the past 12 months, failed to respond to standard drug treatment and who have had the illness for at least 10 years.” One patient who has undergone the treatment, known as autologous haematopoietic stem cell transplant (HSCT), told the BBC’s Panorama programme that he had made incredible progress. Steven Storey, who was diagnosed with MS in 2013, said: “I went from running marathons to needing 24-hour acute care. At one point, I couldn’t even hold a spoon and feed myself.” Within a few days of the transplant, he was able to move his toes, and after four months could stand unaided, although he still needs a wheelchair. “It’s been incredible,” Storey said. “I was in a dire place, but now I can swim and cycle and I am determined to walk.” Holly Drewry was 21 when she was diagnosed with MS, and her condition deteriorated after she gave birth to her daughter, Isla. “Within a couple of months I got worse and worse,” she said. “I couldn’t dress or wash myself; I didn’t even have the strength to carry my daughter.” She had needed a wheelchair before her transplant, but after the treatment she walked out of hospital. Drewry, whose MS is described by doctors as “dormant”, said: “It’s been a miracle. I got my life and my independence back and the future is bright again in terms of being a mum and doing everything with Isla.” Two years after the treatment, she has had no relapses and there was no evidence of active disease on her scans. Paul Kirkham, another patient who has undergone the treatment at a cost of about £30,000, said: “It does knock you out. I’d rather have done 10 rounds with Mike Tyson.” Richard Burt of Northwestern University in Chicago, who carried out the first HSCT for MS in 1995 and is coordinating the international trials, told the BBC: “There has been resistance to this in the pharma[ceutical] and academic world. This is not a technology you can patent and we have achieved this without industry backing.” Emma Gray, the head of clinical trials at the MS Society, said: “Ongoing research suggests stem cell treatments such as HSCT could offer hope, and it’s clear that in the cases highlighted by Panorama, they’ve had a life-changing impact. “However, trials have found that while HSCT may be able to stabilise or improve disability in some people with MS, it may not be effective for all types of the condition. “We want people to be aware that HSCT is an aggressive treatment that comes with significant risks. It needs to be carried out at an accredited centre or as part of a clinical trial. “The MS Society has recently funded a study looking into the impact of HSCT on the immune system and we’d like to see larger trials in this area. They would help us learn more about the safety and long term effectiveness of the treatment and who could benefit from it.”"
fakehealth,story_reviews_01436,0,0,1,0.5585175346489057,0.4414824653510943,0.5585175346489057,0.39215547,0.60784453,0.60784453,"Aug. 30, 2010 -- Three puffs a day of cannabis, better known as marijuana, helps people with chronic nerve pain due to injury or surgery feel less pain and sleep better, a Canadian team has found. ''It's been known anecdotally,"" says researcher Mark Ware, MD, assistant professor of anesthesia and family medicine at McGill University in Montreal. ""About 10% to 15% of patients attending a chronic pain clinic use cannabis as part of their pain [control] strategy,"" he tells WebMD. But Ware's study is more scientific -- a clinical trial in which his team compared placebo with three different doses of cannabis. The research is published in CMAJ, the Canadian Medical Association Journal. The new study ''adds to the trickle of evidence that cannabis may help some of the patients who are struggling [with pain] at present,"" Henry McQuay, DM, an emeritus fellow at Balliol College, Oxford University, England, writes in a commentary accompanying the study.","Marijuana Relieves Chronic Pain, Research Shows. Aug. 30, 2010 -- Three puffs a day of cannabis, better known as marijuana, helps people with chronic nerve pain due to injury or surgery feel less pain and sleep better, a Canadian team has found. ''It's been known anecdotally,"" says researcher Mark Ware, MD, assistant professor of anesthesia and family medicine at McGill University in Montreal. ""About 10% to 15% of patients attending a chronic pain clinic use cannabis as part of their pain [control] strategy,"" he tells WebMD. But Ware's study is more scientific -- a clinical trial in which his team compared placebo with three different doses of cannabis. The research is published in CMAJ, the Canadian Medical Association Journal. The new study ''adds to the trickle of evidence that cannabis may help some of the patients who are struggling [with pain] at present,"" Henry McQuay, DM, an emeritus fellow at Balliol College, Oxford University, England, writes in a commentary accompanying the study."
fakehealth,story_reviews_00293,0,0,1,0.5618215012522114,0.4381784987477886,0.5618215012522114,0.49296054,0.5070394,0.5070394,"En Español TUESDAY, Jan. 31, 2017 (HealthDay News) -- A breath test to detect stomach and esophageal cancers shows promise, researchers say. The test measures five chemicals in the breath. It was 85 percent accurate in detecting these cancers in more than 300 patients, the new study found. Each year, 1.4 million cases of cancer of the stomach and esophagus (the tube leading from the throat to the stomach) are diagnosed worldwide. Both tend to be diagnosed at a late stage and the five-year survival rate for the two cancers is 15 percent, the researchers said. Findings from the study were presented Monday at the European Cancer Congress (ECC). ""At present the only way to diagnose esophageal cancer or stomach cancer is with endoscopy. This method is expensive, invasive and has some risk of complications,"" study author Dr. Sheraz Markar said in an ECC news release. Markar is from Imperial College London in England. With endoscopy, a flexible tube is threaded down a sedated patient's throat to the stomach to view the digestive tract. ""A breath test could be used as a noninvasive, first-line test to reduce the number of unnecessary endoscopies. In the longer term this could also mean earlier diagnosis and treatment, and better survival,"" Markar said. ""Because cancer cells are different to healthy ones, they produce a different mixture of chemicals. This study suggests that we may be able detect these differences and use a breath test to indicate which patients are likely to have cancer of the esophagus and stomach, and which do not,"" he explained. Markar added that the test needs to be validated in a bigger group before it could be used on patients. The researchers said they are planning a larger trial of the breath test over the next three years. Study results presented at meetings are generally considered preliminary until they've been published in a peer-reviewed journal. More information The U.S. National Cancer Institute has more on stomach cancer.","Can Breath Test Detect Stomach Cancers Earlier?. En Español TUESDAY, Jan. 31, 2017 (HealthDay News) -- A breath test to detect stomach and esophageal cancers shows promise, researchers say. The test measures five chemicals in the breath. It was 85 percent accurate in detecting these cancers in more than 300 patients, the new study found. Each year, 1.4 million cases of cancer of the stomach and esophagus (the tube leading from the throat to the stomach) are diagnosed worldwide. Both tend to be diagnosed at a late stage and the five-year survival rate for the two cancers is 15 percent, the researchers said. Findings from the study were presented Monday at the European Cancer Congress (ECC). ""At present the only way to diagnose esophageal cancer or stomach cancer is with endoscopy. This method is expensive, invasive and has some risk of complications,"" study author Dr. Sheraz Markar said in an ECC news release. Markar is from Imperial College London in England. With endoscopy, a flexible tube is threaded down a sedated patient's throat to the stomach to view the digestive tract. ""A breath test could be used as a noninvasive, first-line test to reduce the number of unnecessary endoscopies. In the longer term this could also mean earlier diagnosis and treatment, and better survival,"" Markar said. ""Because cancer cells are different to healthy ones, they produce a different mixture of chemicals. This study suggests that we may be able detect these differences and use a breath test to indicate which patients are likely to have cancer of the esophagus and stomach, and which do not,"" he explained. Markar added that the test needs to be validated in a bigger group before it could be used on patients. The researchers said they are planning a larger trial of the breath test over the next three years. Study results presented at meetings are generally considered preliminary until they've been published in a peer-reviewed journal. More information The U.S. National Cancer Institute has more on stomach cancer."
fakehealth,story_reviews_01461,0,0,1,0.5996701844217516,0.4003298155782483,0.5996701844217516,0.18434943,0.8156506,0.8156506,"By Steven Reinberg HealthDay Reporter TUESDAY, Aug. 17, 2010 (HealthDay News) -- Less invasive biopsies done with the help of imaging to guide the needle now make up the majority of biopsies being done, a new study finds. In fact, the use of these minimally invasive biopsies increased from 59 percent to 67 percent of all biopsies between 1997 and 2008, a trend which is likely to continue, one expert noted. A biopsy involves the removal of tissue or fluids to test for disease. ""Doing image-guided biopsy allows more definitive diagnosis and shorter hospital stays,"" said Dr. Robert Quencer, chair of radiology at the University of Miami Miller School of Medicine, who was not involved on the study. In addition, image-guided biopsies are more accurate, Quencer said. ""This is a trend throughout the whole country. I doubt there is any variation to this in any major medical center."" The report is published online and in the September print edition of Radiology. For the study, a team led by Dr. Sharon W. Kwan, a radiology resident at the University of California, San Francisco, looked at biopsies done among Medicare patients from 1997 through 2008. During that time, the number of biopsies increased from 1,380 per 100,000 in 1997 to 1,945 per 100,000 in 2008. That's an annual growth of 3 percent in number of biopsies, the researchers noted. Moreover, by 2008, 67 percent of these biopsies were being done through the skin with the help of CT scans, ultrasound and MRI, Kwan's group found. ""We also found that the use of imaging guidance increased over this time period, most likely because the technique enables more efficient and safe targeting of lesions,"" Kwan said in a news release. This increase in less-invasive biopsies went along with a decrease in the number of more-invasive biopsies and through-the-skin biopsies where no imaging was used, the researchers found. The only two areas where needle biopsies were not the majority of biopsies done were biopsies of lymph nodes and soft tissues. For these areas, open biopsies are easier to do and need less imaging guidance, Kwan's team noted. Quencer thinks the use of image-guided biopsies will continue to increase over time, even for lymph nodes and soft tissues. ""In time, I would expect 80 to 90 percent of biopsies will be image-guided biopsies,"" he said. More information For more information on biopsies, visit the U.S. National Library of Medicine.","Less Invasive Biopsies Gain Favor. By Steven Reinberg HealthDay Reporter TUESDAY, Aug. 17, 2010 (HealthDay News) -- Less invasive biopsies done with the help of imaging to guide the needle now make up the majority of biopsies being done, a new study finds. In fact, the use of these minimally invasive biopsies increased from 59 percent to 67 percent of all biopsies between 1997 and 2008, a trend which is likely to continue, one expert noted. A biopsy involves the removal of tissue or fluids to test for disease. ""Doing image-guided biopsy allows more definitive diagnosis and shorter hospital stays,"" said Dr. Robert Quencer, chair of radiology at the University of Miami Miller School of Medicine, who was not involved on the study. In addition, image-guided biopsies are more accurate, Quencer said. ""This is a trend throughout the whole country. I doubt there is any variation to this in any major medical center."" The report is published online and in the September print edition of Radiology. For the study, a team led by Dr. Sharon W. Kwan, a radiology resident at the University of California, San Francisco, looked at biopsies done among Medicare patients from 1997 through 2008. During that time, the number of biopsies increased from 1,380 per 100,000 in 1997 to 1,945 per 100,000 in 2008. That's an annual growth of 3 percent in number of biopsies, the researchers noted. Moreover, by 2008, 67 percent of these biopsies were being done through the skin with the help of CT scans, ultrasound and MRI, Kwan's group found. ""We also found that the use of imaging guidance increased over this time period, most likely because the technique enables more efficient and safe targeting of lesions,"" Kwan said in a news release. This increase in less-invasive biopsies went along with a decrease in the number of more-invasive biopsies and through-the-skin biopsies where no imaging was used, the researchers found. The only two areas where needle biopsies were not the majority of biopsies done were biopsies of lymph nodes and soft tissues. For these areas, open biopsies are easier to do and need less imaging guidance, Kwan's team noted. Quencer thinks the use of image-guided biopsies will continue to increase over time, even for lymph nodes and soft tissues. ""In time, I would expect 80 to 90 percent of biopsies will be image-guided biopsies,"" he said. More information For more information on biopsies, visit the U.S. National Library of Medicine."
fakehealth,story_reviews_00250,0,0,1,0.7325096384481753,0.2674903615518246,0.7325096384481753,0.47960815,0.5203918,0.5203918,"Army veteran Vivian Cooke has long struggled with debilitating depression. She has tried alternative therapies and medication to cope with her symptoms. “It wasn’t effective. Some side effects would be headaches or stomachache,” she told CBS News. Then three years ago, she decided to try something different after hearing about a study testing Botox to treat depression. While Botox is commonly used for cosmetic purposes, doctors say the reasoning behind the treatment for depression may not be what you expect. “We don’t believe it has anything to do with looks,” says researcher Dr. Eric Finzi of Chevy Chase Cosmetic Center. Rather, he says it’s because facial expressions are part of the circuit of the brain related to mood. “Fear, anger and sadness — all go through this muscle,” Finzi told CBS News, pointing out the area between the eyebrows where frown lines appear. “So Botox basically inhibits the muscle and calms it down, so it becomes more difficult to feel those negative emotions.” The makers of Botox recently announced plans for the final phase of testing it as a treatment for depression. Finzi notes previous studies show between 50 to 60 percent of patients may benefit from the treatment. “Our hope is eventually it will form a place as one of the tools to treat depression,” he said. Botox is a prescription drug that blocks nerve signals to muscles in the injection area. Its effects are temporary and typically wear off after three months. Botox is currently FDA approved for cosmetic use to lessen frown lines, and for medical use to treat a number of conditions including chronic migraines, bladder incontinence, excessive underarm perspiration, and certain types of neck pain and eye issues. Costs vary widely, but the American Society for Aesthetic Plastic Surgery said the average price for a Botox treatment in 2016 was $376. Researchers are also studying whether Botox can treat social anxiety and bipolar disorder. As for Cooke, she said she noticed a change in her depression almost immediately. “I found overall my mood was better on a day-to-day basis,” she said. “I had less problems with depression.” Even though the study she took part in is now over, she said she will continue to get Botox injections.","Botox tested to help treat depression and social anxiety. Army veteran Vivian Cooke has long struggled with debilitating depression. She has tried alternative therapies and medication to cope with her symptoms. “It wasn’t effective. Some side effects would be headaches or stomachache,” she told CBS News. Then three years ago, she decided to try something different after hearing about a study testing Botox to treat depression. While Botox is commonly used for cosmetic purposes, doctors say the reasoning behind the treatment for depression may not be what you expect. “We don’t believe it has anything to do with looks,” says researcher Dr. Eric Finzi of Chevy Chase Cosmetic Center. Rather, he says it’s because facial expressions are part of the circuit of the brain related to mood. “Fear, anger and sadness — all go through this muscle,” Finzi told CBS News, pointing out the area between the eyebrows where frown lines appear. “So Botox basically inhibits the muscle and calms it down, so it becomes more difficult to feel those negative emotions.” The makers of Botox recently announced plans for the final phase of testing it as a treatment for depression. Finzi notes previous studies show between 50 to 60 percent of patients may benefit from the treatment. “Our hope is eventually it will form a place as one of the tools to treat depression,” he said. Botox is a prescription drug that blocks nerve signals to muscles in the injection area. Its effects are temporary and typically wear off after three months. Botox is currently FDA approved for cosmetic use to lessen frown lines, and for medical use to treat a number of conditions including chronic migraines, bladder incontinence, excessive underarm perspiration, and certain types of neck pain and eye issues. Costs vary widely, but the American Society for Aesthetic Plastic Surgery said the average price for a Botox treatment in 2016 was $376. Researchers are also studying whether Botox can treat social anxiety and bipolar disorder. As for Cooke, she said she noticed a change in her depression almost immediately. “I found overall my mood was better on a day-to-day basis,” she said. “I had less problems with depression.” Even though the study she took part in is now over, she said she will continue to get Botox injections."
fakehealth,story_reviews_00753,0,0,1,0.6512218291148522,0.3487781708851478,0.6512218291148522,0.3463684,0.65363157,0.65363157,"Three new studies have shown that a new approach to treating strokes is not as useful as was once thought. (istockphoto) Three long-awaited studies have shown that mechanically removing a blood clot from a stroke patient’s brain is no more useful than the older treatment of giving an IV dose of a clot-dissolving drug to the whole body. The results of the clinical trials, presented this week at a meeting in Hawaii, shocked and surprised stroke physicians. Many had already adopted the more aggressive strategy over the past decade. “For the stroke field, this is a really big deal,” Walter Koroshetz, deputy director of the National Institute of Neurological Disorders and Stroke, said of the findings, which were presented over three days at the International Stroke Conference in Hono­lulu. NINDS paid for two of the trials, one of which cost $27 million. One study took eight years to complete because it was so difficult to enroll patients willing to take the chance that they would be randomly assigned to get the older treatment. Practitioners hoped that “endovascular treatment,” in which a catheter is threaded into a blocked artery and the clot pulled out, would do for stroke patients what it has done for heart attack patients. In them, going after clots with angioplasty balloons and stents is clearly more effective than giving clot-dissolving drugs through a vein in the arm. “We did this study with the strong expectation that we would find a positive benefit. We were surprised,” said Joseph P. Broderick of the University of Cincinnati Neuroscience Institute, who headed one of the studies. His view was echoed by Alfonso Ciccone, a neurologist from Milan who led a clinical trial in Italy: “We were surprised. We wanted the superiority of endovascular treatment.” Whether the findings will cause physicians to abandon the practice is uncertain. Insurance companies and Medicare, the health insurer for the elderly, already cover the endovascular procedure. It costs about $23,000 compared with $11,000 for acute stroke treatment using intravenous clot-dissolving drugs, known as thrombolytics. Further, many practitioners think that newer clot-retrieving devices work better than the ones used in the three trials. Because endovascular procedures were shown to be no more dangerous than IV thrombolytics, physicians may continue to perform them and assume the outcomes can only get better. “Will it change practice? That’s a good question,” said Koroshetz. “The payers may look at this and wonder if they should continue paying for these procedures. If it gets to that point, then clearly things will change.” Stroke is the fourth-leading cause of death in the United States. About 800,000 people suffer a stroke each year, and about 130,000 die. Nearly 90 percent of strokes occur when a clot blocks an artery in the brain, starving the region downstream of blood and oxygen. If flow isn’t restored quickly, brain tissue and the functions it controls — movement, speech, cognition — are damaged or can die. Over the past 20 years, studies showed that if a person having a stroke gets a thrombolytic drug within three hours of when the symptoms start (4½ hours for certain patients), the process can be reversed and a lifetime of disability avoided. Later than that, little is gained; the brain cells are too damaged to survive. In fact, giving the drugs too late can make matters worse. Uncontrolled bleeding can occur as the dying tissue breaks down. Early observations suggested that approaching the clot with a catheter and either injecting clot-dissolving drugs into it or snagging it and pulling it out produced better results. In 2004, the FDA began approving use of the catheters in the brain because they had been proved useful elsewhere in the body. The three studies reported this week (which will eventually be published in the New England Journal of Medicine) tested the hypothesis in a rigorous way. In the largest trial, called IMS III, all patients got the IV clot-dissolving drug tPA within three hours of the start of stroke symptoms. Half were then assigned to get an imaging study that looked at the arteries of the brain to see whether a blockage remained. If it did, the doctors went after it with an endovascular procedure. The other half of the patients got standard treatment, which didn’t include the procedure. Forty-one percent of patients recovered completely in the endovascular group and 39 percent recovered completely in the control group, outcomes that were no different statistically. Death within three months was essentially the same too: 19 percent vs. 22 percent. In the Italian study, called SYNTHESIS Expansion, 362 stroke patients were randomly assigned to get either IV tPA or endovascular treatment. At three months, 35 percent of the patients in the tPA group were alive without any disabilities, compared with 30 percent of the endovascular group. That also was not significantly different. The third study, called MR RESCUE, run out of Georgetown University, was more complicated. It randomly assigned 118 patients less than eight hours out from the start of their strokes to receive standard care or have the clot removed with a catheter device. They also got CAT or MRI scans to see whether they had a large or small amount of brain tissue still alive and salvageable. Removing the clot wasn’t better than standard care in either group — those with a lot or a little brain tissue to lose. “I think everybody was a little surprised. But mainly disappointed,” said Chelsea S. Kidwell, the Georgetown neurologist who headed the study. Why endovascular treatment wasn’t better is a mystery that the researchers are struggling to explain. The answer could be in the patients, the device or the timing of the procedure. In IMS III, patients with large strokes benefited from clot removal more than those with small ones, but there weren’t enough patients in the study to make such a fine distinction with certainty. “It’s a hint. But it’s not proof,” Broderick said. In MR RESCUE, only 67 percent of arteries opened up completely after the clot was grabbed. Current devices, which use a mesh stent to hold the clot more firmly, are successful more than 80 percent of the time. “The stroke community is hopeful that with the new generation devices we will show better outcomes,” Kidwell said. In the Italian study, patients getting endovascular treatment were 3.75 hours into their stroke — an hour longer than those getting IV treatment, because of the logistics of assembling the procedure team. “That hour could have made a difference. We know that ‘time is brain,’ ” Ciccone said. The three trials demonstrated how hard it is to test things once they’re in widespread use. History is replete with treatments (such as supplemental oxygen for premature infants) and devices (such as pulmonary artery catheters) used routinely before being shown to be harmful or of little value. It took from 2004 to 2011 for the MR RESCUE team to recruit the 118 patients in the trial. It had permission to run the study in 30 hospitals but found only 22 that were willing to participate. More than 10 other hospitals were invited to join but declined because their neurologists were already convinced the catheter treatment was better — a view that turns out not to be true.","Long-awaited stroke studies show hopeful new treatment no better than older one. Three new studies have shown that a new approach to treating strokes is not as useful as was once thought. (istockphoto) Three long-awaited studies have shown that mechanically removing a blood clot from a stroke patient’s brain is no more useful than the older treatment of giving an IV dose of a clot-dissolving drug to the whole body. The results of the clinical trials, presented this week at a meeting in Hawaii, shocked and surprised stroke physicians. Many had already adopted the more aggressive strategy over the past decade. “For the stroke field, this is a really big deal,” Walter Koroshetz, deputy director of the National Institute of Neurological Disorders and Stroke, said of the findings, which were presented over three days at the International Stroke Conference in Hono­lulu. NINDS paid for two of the trials, one of which cost $27 million. One study took eight years to complete because it was so difficult to enroll patients willing to take the chance that they would be randomly assigned to get the older treatment. Practitioners hoped that “endovascular treatment,” in which a catheter is threaded into a blocked artery and the clot pulled out, would do for stroke patients what it has done for heart attack patients. In them, going after clots with angioplasty balloons and stents is clearly more effective than giving clot-dissolving drugs through a vein in the arm. “We did this study with the strong expectation that we would find a positive benefit. We were surprised,” said Joseph P. Broderick of the University of Cincinnati Neuroscience Institute, who headed one of the studies. His view was echoed by Alfonso Ciccone, a neurologist from Milan who led a clinical trial in Italy: “We were surprised. We wanted the superiority of endovascular treatment.” Whether the findings will cause physicians to abandon the practice is uncertain. Insurance companies and Medicare, the health insurer for the elderly, already cover the endovascular procedure. It costs about $23,000 compared with $11,000 for acute stroke treatment using intravenous clot-dissolving drugs, known as thrombolytics. Further, many practitioners think that newer clot-retrieving devices work better than the ones used in the three trials. Because endovascular procedures were shown to be no more dangerous than IV thrombolytics, physicians may continue to perform them and assume the outcomes can only get better. “Will it change practice? That’s a good question,” said Koroshetz. “The payers may look at this and wonder if they should continue paying for these procedures. If it gets to that point, then clearly things will change.” Stroke is the fourth-leading cause of death in the United States. About 800,000 people suffer a stroke each year, and about 130,000 die. Nearly 90 percent of strokes occur when a clot blocks an artery in the brain, starving the region downstream of blood and oxygen. If flow isn’t restored quickly, brain tissue and the functions it controls — movement, speech, cognition — are damaged or can die. Over the past 20 years, studies showed that if a person having a stroke gets a thrombolytic drug within three hours of when the symptoms start (4½ hours for certain patients), the process can be reversed and a lifetime of disability avoided. Later than that, little is gained; the brain cells are too damaged to survive. In fact, giving the drugs too late can make matters worse. Uncontrolled bleeding can occur as the dying tissue breaks down. Early observations suggested that approaching the clot with a catheter and either injecting clot-dissolving drugs into it or snagging it and pulling it out produced better results. In 2004, the FDA began approving use of the catheters in the brain because they had been proved useful elsewhere in the body. The three studies reported this week (which will eventually be published in the New England Journal of Medicine) tested the hypothesis in a rigorous way. In the largest trial, called IMS III, all patients got the IV clot-dissolving drug tPA within three hours of the start of stroke symptoms. Half were then assigned to get an imaging study that looked at the arteries of the brain to see whether a blockage remained. If it did, the doctors went after it with an endovascular procedure. The other half of the patients got standard treatment, which didn’t include the procedure. Forty-one percent of patients recovered completely in the endovascular group and 39 percent recovered completely in the control group, outcomes that were no different statistically. Death within three months was essentially the same too: 19 percent vs. 22 percent. In the Italian study, called SYNTHESIS Expansion, 362 stroke patients were randomly assigned to get either IV tPA or endovascular treatment. At three months, 35 percent of the patients in the tPA group were alive without any disabilities, compared with 30 percent of the endovascular group. That also was not significantly different. The third study, called MR RESCUE, run out of Georgetown University, was more complicated. It randomly assigned 118 patients less than eight hours out from the start of their strokes to receive standard care or have the clot removed with a catheter device. They also got CAT or MRI scans to see whether they had a large or small amount of brain tissue still alive and salvageable. Removing the clot wasn’t better than standard care in either group — those with a lot or a little brain tissue to lose. “I think everybody was a little surprised. But mainly disappointed,” said Chelsea S. Kidwell, the Georgetown neurologist who headed the study. Why endovascular treatment wasn’t better is a mystery that the researchers are struggling to explain. The answer could be in the patients, the device or the timing of the procedure. In IMS III, patients with large strokes benefited from clot removal more than those with small ones, but there weren’t enough patients in the study to make such a fine distinction with certainty. “It’s a hint. But it’s not proof,” Broderick said. In MR RESCUE, only 67 percent of arteries opened up completely after the clot was grabbed. Current devices, which use a mesh stent to hold the clot more firmly, are successful more than 80 percent of the time. “The stroke community is hopeful that with the new generation devices we will show better outcomes,” Kidwell said. In the Italian study, patients getting endovascular treatment were 3.75 hours into their stroke — an hour longer than those getting IV treatment, because of the logistics of assembling the procedure team. “That hour could have made a difference. We know that ‘time is brain,’ ” Ciccone said. The three trials demonstrated how hard it is to test things once they’re in widespread use. History is replete with treatments (such as supplemental oxygen for premature infants) and devices (such as pulmonary artery catheters) used routinely before being shown to be harmful or of little value. It took from 2004 to 2011 for the MR RESCUE team to recruit the 118 patients in the trial. It had permission to run the study in 30 hospitals but found only 22 that were willing to participate. More than 10 other hospitals were invited to join but declined because their neurologists were already convinced the catheter treatment was better — a view that turns out not to be true."
fakehealth,story_reviews_01595,0,0,1,0.6110880726046896,0.3889119273953104,0.6110880726046896,0.43535313,0.56464684,0.56464684,"En Español By Amanda Gardner HealthDay Reporter WEDNESDAY, April 7, 2010 (HealthDay News) -- Researchers may have found an easy way to detect lung cancer in its early or even pre-cancerous stages, as well as a way to reverse the start of the deadly disease with a readily available, over-the-counter drug. ""It's incredibly, incredibly exciting,"" said Dr. Patrick Nana-Sinkam, a lung cancer expert with the Ohio State University Comprehensive Cancer Center, who was not involved with the new study. ""This definitely has potential."" The minimally invasive procedure involves using a small brush to collect a smattering of cells from the windpipe (a bronchoscopy), explained study co-author Andrea Bild, an assistant professor of pharmacology and toxicology at the University of Utah in Salt Lake City. Maybe one day, screening could be done using an even simpler nasal or sputum test, the researchers said. Currently, there is no good way to detect lung cancer -- the number one cancer killer -- in its early stages when it's most treatable. By the time most lung cancers are diagnosed -- which usually involves an invasive examination of the lungs -- patients already have advanced malignancies. Only 15 percent of patients are still alive at five years, said Nana-Sinkam. Cigarette smoking is responsible for 90 percent of all lung cancer cases in the United States. Still, only 10 to 20 percent of smokers actually develop lung cancer, begging the question: Why do some smokers succumb to the disease and others don't. Now genomics may have provided an answer. Working on the theory that cigarettes harm not only the lungs but a ""field of injury"" extending to other areas of the respiratory tract, the study authors surmised that evidence of existing or soon-to-develop lung cancer might be available further up in the airway. The researchers used so-called microarray genetic analysis to measure gene expression levels in the epithelial cells -- those cells lining the respiratory tract -- that they had captured with the bronchoscopy. ""We were looking at the activity of genes in the cells that we obtained from the windpipe or airways of smokers at risk for lung cancer,"" said study senior author Dr. Avrum Spira, a critical care physician at Boston Medical Center and associate professor of medicine, pathology and bioinformatics at Boston University School of Medicine. It turned out that gene activity in the PI3K pathway was ""off the chart"" in smokers with lung cancer versus those without the disease. ""Obviously that's very exciting,"" Spira said. ""We have identified a marker for an early risk of developing lung cancer."" And when treated with the compound myo-inositol, the gene pathway activity declined along with improvement in the troublesome lesions, the researcher noted. ""This drug inhibits the pathway that's activated in smokers. The drug is a natural compound. You can get it in health-food stores,"" Spira said. ""We're now in the midst of a large study to look at whether or not activity of this pathway can be used to pick those who could benefit from this as a treatment as opposed to just prevention,"" said Spira, who is a co-founder of Allegro Diagnostics Inc., a company that plans to market this biomarker. The researchers also need to explore whether or not the PI3K pathway is active in non-smokers, as well as what other pathways might also trigger lung cancer. The study findings were published in the April 7 issue of the journal Science Translational Medicine. More information The U.S. National Cancer Institute has more on lung cancer.","Simple Test May Spot Early Lung Cancer. En Español By Amanda Gardner HealthDay Reporter WEDNESDAY, April 7, 2010 (HealthDay News) -- Researchers may have found an easy way to detect lung cancer in its early or even pre-cancerous stages, as well as a way to reverse the start of the deadly disease with a readily available, over-the-counter drug. ""It's incredibly, incredibly exciting,"" said Dr. Patrick Nana-Sinkam, a lung cancer expert with the Ohio State University Comprehensive Cancer Center, who was not involved with the new study. ""This definitely has potential."" The minimally invasive procedure involves using a small brush to collect a smattering of cells from the windpipe (a bronchoscopy), explained study co-author Andrea Bild, an assistant professor of pharmacology and toxicology at the University of Utah in Salt Lake City. Maybe one day, screening could be done using an even simpler nasal or sputum test, the researchers said. Currently, there is no good way to detect lung cancer -- the number one cancer killer -- in its early stages when it's most treatable. By the time most lung cancers are diagnosed -- which usually involves an invasive examination of the lungs -- patients already have advanced malignancies. Only 15 percent of patients are still alive at five years, said Nana-Sinkam. Cigarette smoking is responsible for 90 percent of all lung cancer cases in the United States. Still, only 10 to 20 percent of smokers actually develop lung cancer, begging the question: Why do some smokers succumb to the disease and others don't. Now genomics may have provided an answer. Working on the theory that cigarettes harm not only the lungs but a ""field of injury"" extending to other areas of the respiratory tract, the study authors surmised that evidence of existing or soon-to-develop lung cancer might be available further up in the airway. The researchers used so-called microarray genetic analysis to measure gene expression levels in the epithelial cells -- those cells lining the respiratory tract -- that they had captured with the bronchoscopy. ""We were looking at the activity of genes in the cells that we obtained from the windpipe or airways of smokers at risk for lung cancer,"" said study senior author Dr. Avrum Spira, a critical care physician at Boston Medical Center and associate professor of medicine, pathology and bioinformatics at Boston University School of Medicine. It turned out that gene activity in the PI3K pathway was ""off the chart"" in smokers with lung cancer versus those without the disease. ""Obviously that's very exciting,"" Spira said. ""We have identified a marker for an early risk of developing lung cancer."" And when treated with the compound myo-inositol, the gene pathway activity declined along with improvement in the troublesome lesions, the researcher noted. ""This drug inhibits the pathway that's activated in smokers. The drug is a natural compound. You can get it in health-food stores,"" Spira said. ""We're now in the midst of a large study to look at whether or not activity of this pathway can be used to pick those who could benefit from this as a treatment as opposed to just prevention,"" said Spira, who is a co-founder of Allegro Diagnostics Inc., a company that plans to market this biomarker. The researchers also need to explore whether or not the PI3K pathway is active in non-smokers, as well as what other pathways might also trigger lung cancer. The study findings were published in the April 7 issue of the journal Science Translational Medicine. More information The U.S. National Cancer Institute has more on lung cancer."
fakehealth,story_reviews_00737,0,0,1,0.5570560928985768,0.4429439071014232,0.5570560928985768,0.3745134,0.6254866,0.6254866,"NEW YORK (Reuters Health) - Doctors can use a patient’s abdominal CT scans to also check for signs of the bone-weakening disease osteoporosis, according to a new study. The researchers, who published their findings in the Annals of Internal Medicine on Monday, compared patients’ CT scans to their dual-energy X-ray absorptiometry (DXA), which is traditionally used to diagnose osteoporosis. “What we found is that there is pretty good correlation,” said the study’s lead author Dr. Perry Pickhardt, professor of radiology at the University of Wisconsin School of Medicine and Public Health in Madison. The idea, say the researchers, is doctors can use patients’ CT scans that are ordered for another reason - such as looking for tumors - to also check for signs of osteoporosis. That may spare the patients from additional testing and additional costs. In an editorial accompanying the study, however, experts wrote that using CT scans to gauge bone density could lead to some people being incorrectly diagnosed, particularly if people at low risk are tested. In this study, the average age was about 59 years old - six years younger than the age at which the U.S. Preventive Services Task Force, a government-backed panel, recommends all women begin being screened for osteoporosis. The disease affects over 12 million Americans over 50. The panel also suggests younger women at an increased risk for bone fractures should be screened, but there’s no recommendation for men of any age. Despite DXA scans being safe and cost effective, Pickhardt and his colleagues say the test is underused. CT scans, however, are considered overused - with more than 80 million performed in the U.S. during 2011. ‘INCIDENTALOPOROSIS?’ For the new study, the researchers analyzed test results from 1,867 patients, who had both types of scans performed within six months of each other over a 10-year period, to see if their CT scans showed osteoporosis as well as the DXAs. Overall, about 23 percent of the people were diagnosed with osteoporosis, about 45 percent were diagnosed with some bone-weakening and about 32 percent were healthy based on their DXAs. The researchers then found that their ability to accurately diagnose those same patients with osteoporosis from a CT scan depended on what threshold for bone density they used. Dr. Sumit Majumdar, who wrote an editorial accompanying the new study, said a lower threshold for bone density would catch most cases of osteoporosis and limit “incidentaloporosis” - incorrect osteoporosis diagnoses “discovered” while doctors were looking for something else. At the lower threshold, the researchers found 9 percent of those diagnosed with osteoporosis were misdiagnosed. Pickhardt said the screenings would have to target the right groups of people to prevent overdiagnosis. “Obviously it’s something we need to worry about, but if you apply it to a population that’s suitable for diagnosis you wouldn’t run that risk,” he said. CT v. DXA Majumdar, a professor of medicine at the University of Alberta in Canada, said CT scans are better tests, but stomach scans don’t include the hip - like a DXA would. A DXA can cost a couple hundred dollars, while a CT scan can cost about $500. Both involve radiation. Dr. Beatrice Hull, from the Center for Osteoporosis and Bone Health at the Medical University of South Carolina in Charleston, told Reuters Health that she’d want her patients to have a DXA scan even with a diagnosis from a CT scan. “I don’t think at this point this one test is going to prevent further testing. I think it will identify patients who are at a higher risk and need more testing,” said Hull, who wasn’t involved with the new research. SOURCE: bit.ly/Zwi3u5 Annals of Internal Medicine, online April 15, 2013.","Stomach CT scans may help find osteoporosis - study. NEW YORK (Reuters Health) - Doctors can use a patient’s abdominal CT scans to also check for signs of the bone-weakening disease osteoporosis, according to a new study. The researchers, who published their findings in the Annals of Internal Medicine on Monday, compared patients’ CT scans to their dual-energy X-ray absorptiometry (DXA), which is traditionally used to diagnose osteoporosis. “What we found is that there is pretty good correlation,” said the study’s lead author Dr. Perry Pickhardt, professor of radiology at the University of Wisconsin School of Medicine and Public Health in Madison. The idea, say the researchers, is doctors can use patients’ CT scans that are ordered for another reason - such as looking for tumors - to also check for signs of osteoporosis. That may spare the patients from additional testing and additional costs. In an editorial accompanying the study, however, experts wrote that using CT scans to gauge bone density could lead to some people being incorrectly diagnosed, particularly if people at low risk are tested. In this study, the average age was about 59 years old - six years younger than the age at which the U.S. Preventive Services Task Force, a government-backed panel, recommends all women begin being screened for osteoporosis. The disease affects over 12 million Americans over 50. The panel also suggests younger women at an increased risk for bone fractures should be screened, but there’s no recommendation for men of any age. Despite DXA scans being safe and cost effective, Pickhardt and his colleagues say the test is underused. CT scans, however, are considered overused - with more than 80 million performed in the U.S. during 2011. ‘INCIDENTALOPOROSIS?’ For the new study, the researchers analyzed test results from 1,867 patients, who had both types of scans performed within six months of each other over a 10-year period, to see if their CT scans showed osteoporosis as well as the DXAs. Overall, about 23 percent of the people were diagnosed with osteoporosis, about 45 percent were diagnosed with some bone-weakening and about 32 percent were healthy based on their DXAs. The researchers then found that their ability to accurately diagnose those same patients with osteoporosis from a CT scan depended on what threshold for bone density they used. Dr. Sumit Majumdar, who wrote an editorial accompanying the new study, said a lower threshold for bone density would catch most cases of osteoporosis and limit “incidentaloporosis” - incorrect osteoporosis diagnoses “discovered” while doctors were looking for something else. At the lower threshold, the researchers found 9 percent of those diagnosed with osteoporosis were misdiagnosed. Pickhardt said the screenings would have to target the right groups of people to prevent overdiagnosis. “Obviously it’s something we need to worry about, but if you apply it to a population that’s suitable for diagnosis you wouldn’t run that risk,” he said. CT v. DXA Majumdar, a professor of medicine at the University of Alberta in Canada, said CT scans are better tests, but stomach scans don’t include the hip - like a DXA would. A DXA can cost a couple hundred dollars, while a CT scan can cost about $500. Both involve radiation. Dr. Beatrice Hull, from the Center for Osteoporosis and Bone Health at the Medical University of South Carolina in Charleston, told Reuters Health that she’d want her patients to have a DXA scan even with a diagnosis from a CT scan. “I don’t think at this point this one test is going to prevent further testing. I think it will identify patients who are at a higher risk and need more testing,” said Hull, who wasn’t involved with the new research. SOURCE: bit.ly/Zwi3u5 Annals of Internal Medicine, online April 15, 2013."
fakehealth,story_reviews_00726,0,0,1,0.5734516972185739,0.4265483027814261,0.5734516972185739,0.39370802,0.60629195,0.60629195,"Cempra Inc moved a step closer to approval of its lead antibiotic, solithromycin, after an oral version of the potential blockbuster met the main goal in a late-stage trial. The drug is a next-generation version of a class of oft-prescribed antibiotics called macrolides, which are used to fight pathogens that cause community-acquired bacterial pneumonia (CAPB). ADVERTISEMENT ADVERTISEMENT CAPB is the leading cause of death emanating from an infection and is characterized by shortness of breath, cough and fever, with about 5-10 million cases in the United States per year. An oral formulation of solithromycin was as effective as Bayer AG's moxifloxacin in evoking a clinical response at 72 hours after dosing — the study's main goal. Data showed solithromycin actually outperformed moxifloxacin by a slight margin, Cempra said on Sunday. The drug's ""impressive"" safety profile, particularly its low degree of gastrointestinal toxicity, drew praise from Baird's Brian Skorney, who raised his price target on the stock by $11 to $32. Prior-generation macrolides have triggered safety concerns in the past, including Sanofi SA's telithromycin which was associated with liver toxicity, and Pfizer Inc's azithromycin, which has been linked with heart risk. The unparalleled rate at which the oral version of solithromycin is absorbed in the blood, or its oral bioavailability, differentiates it from standard treatments, Chief Executive Prabha Fernandes told Reuters in an interview in November. Jefferies analysts have previously noted a bioavailability of 80 percent for solithromycin versus 28 percent for azithromycin, a sign of superior effectiveness and lower rates of resistance. North Carolina-based Cempra is also evaluating an intravenous formulation of solithromycin for CAPB. The drug is also the first pediatric antibiotic-in-development in nearly three decades, according to Fernandes. In the face of escalating antimicrobial resistance, investors have showered interest on the anti-superbug drugmaker, following Merck & Co's announcement to acquire Cubist Pharmaceuticals Inc, as Big Pharma revives investment in antibiotic research. While Cempra has said it plans to stay independent, the company is not averse to acquiring other molecules after filing to market solithromycin, Fernandes said. ""We can always get a gram-negative drug — that would be nice to add to the portfolio, to be a really full blown anti-infective company, and then we need to find a partner!"" Solithromycin is commercially licensed to Fujifilm Holdings Corp in Japan. The stock closed at $22.89 on the Nasdaq on Friday.","Cempra’s lead oral antibiotic meets main goal in late-stage trial. Cempra Inc moved a step closer to approval of its lead antibiotic, solithromycin, after an oral version of the potential blockbuster met the main goal in a late-stage trial. The drug is a next-generation version of a class of oft-prescribed antibiotics called macrolides, which are used to fight pathogens that cause community-acquired bacterial pneumonia (CAPB). ADVERTISEMENT ADVERTISEMENT CAPB is the leading cause of death emanating from an infection and is characterized by shortness of breath, cough and fever, with about 5-10 million cases in the United States per year. An oral formulation of solithromycin was as effective as Bayer AG's moxifloxacin in evoking a clinical response at 72 hours after dosing — the study's main goal. Data showed solithromycin actually outperformed moxifloxacin by a slight margin, Cempra said on Sunday. The drug's ""impressive"" safety profile, particularly its low degree of gastrointestinal toxicity, drew praise from Baird's Brian Skorney, who raised his price target on the stock by $11 to $32. Prior-generation macrolides have triggered safety concerns in the past, including Sanofi SA's telithromycin which was associated with liver toxicity, and Pfizer Inc's azithromycin, which has been linked with heart risk. The unparalleled rate at which the oral version of solithromycin is absorbed in the blood, or its oral bioavailability, differentiates it from standard treatments, Chief Executive Prabha Fernandes told Reuters in an interview in November. Jefferies analysts have previously noted a bioavailability of 80 percent for solithromycin versus 28 percent for azithromycin, a sign of superior effectiveness and lower rates of resistance. North Carolina-based Cempra is also evaluating an intravenous formulation of solithromycin for CAPB. The drug is also the first pediatric antibiotic-in-development in nearly three decades, according to Fernandes. In the face of escalating antimicrobial resistance, investors have showered interest on the anti-superbug drugmaker, following Merck & Co's announcement to acquire Cubist Pharmaceuticals Inc, as Big Pharma revives investment in antibiotic research. While Cempra has said it plans to stay independent, the company is not averse to acquiring other molecules after filing to market solithromycin, Fernandes said. ""We can always get a gram-negative drug — that would be nice to add to the portfolio, to be a really full blown anti-infective company, and then we need to find a partner!"" Solithromycin is commercially licensed to Fujifilm Holdings Corp in Japan. The stock closed at $22.89 on the Nasdaq on Friday."
fakehealth,story_reviews_00652,1,1,0,0.4036782441173165,0.5963217558826834,0.5963217558826834,0.5934915,0.40650854,0.5934915,"Diseases like Alzheimer’s start years, even decades, before the first symptoms of memory loss shows up. And with rates of those diseases rising, experts say that more primary care physicians—not neurology experts—will have the task of identifying these patients early so they can take advantage of whatever early interventions might be available. “If we had a simple blood test, a cholesterol test for Alzheimer’s disease, that would help,” says Dr. Ronald Petersen, director of the Alzheimer’s Disease Research Center at the Mayo Clinic, “but we don’t.” But Petersen has a potential solution, and according to a new paper released Wednesday in the journal Neurology, his Alzheimer’s test has promise. Petersen and his team wanted to develop a test that any physician can administer to patients, without the need for any new technology or expensive equipment. Petersen believes that the test they came up with could become a useful tool for any physician, even those without special training in the brain. “What we are trying to do is give them some help so they can be as efficient as possible without ignoring these important cognitive issues,” he says. In the first phase of the test, his researchers simply collected information from 1,500 patients’ medical charts—their age, family history of Alzheimer’s, factors such as diabetes or smoking that have been linked to Alzheimer’s, and whether the patient had ever reported problems with memory. In the next phase they studied the results of the patient’s basic mental exam as well as of a psychiatric evaluation, because depression and anxiety have been connected to Alzheimer’s. And another factor that emerged as important in developing the disease—how quickly the participant could walk a short distance. “We were a little surprised,” says Petersen. “But what’s nice about it is that it’s a nice non-cognitive, motor factor so it’s looking at another aspect of brain function.” MORE: This Alzheimer’s Breakthrough Could Be a Game Changer Petersen suggests that every physician should get this information on their patients at age 65; that way, they can have a baseline against which to compare any changes as their patients age. Only if they show such changes — a slower walk, for example, or worsening signs of depression or memory issues — should they move on to the third phase of the test, which is a blood analysis. That would look for known genetic factors linked to Alzheimer’s, including the presence of certain versions of the ApoE gene. Currently, the only way to truly separate out those on the road to Alzheimer’s is to conduct expensive imaging tests of the brain, or to do a spinal tap, an invasive procedure that extracts spinal fluid for signs of the amyloid protein that builds up in the disease. “We have either expensive techniques or invasive techniques and it’s not practical to do them from a public health screening standpoint,” says Petersen. Get The Brief. Sign up to receive the top stories you need to know right now. Choose your country United States of America Afghanistan Albania Algeria American Samoa Andorra Angola Anguilla Antigua and Barbuda Argentina Armenia Aruba Australia Austria Azerbaijan Bahamas Bahrain Bangladesh Barbados Belarus Belgium Belize Benin Bermuda Bhutan Bolivia Bosnia and Herzegovina Botswana Brazil Brunei Darussalam Bulgaria Burkina Faso Burundi Cambodia Cameroon Canada Cape Verde Cayman Islands Central African Republic Chad Chile China Colombia Comoros Congo Congo, Democratic Republic of Cook Islands Costa Rica Cote d'Ivoire Croatia Cuba Cyprus Czech Republic Denmark Djibouti Dominica Dominican Republic Ecuador Egypt El Salvador Equatorial Guinea Eritrea Estonia Ethiopia Faeroe Islands Falkland Islands (Malvinas) Fiji Finland France French Guiana French Polynesia Gabon Gambia Georgia Germany Ghana Gibraltar Greece Greenland Grenada Guadeloupe Guam Guatemala Guinea Guinea-Bissau Guyana Haiti Holy See Honduras Hong Kong Hungary Iceland India Indonesia Iran Iraq Ireland Israel Italy Jamaica Japan Jordan Kazakhstan Kenya Kiribati Korea Kuwait Kyrgyzstan Laos Latvia Lebanon Lesotho Liberia Libyan Arab Jamahiriya Liechtenstein Lithuania Luxembourg Macao Macedonia Madagascar Malawi Malaysia Maldives Mali Malta Marshall Islands Martinique Mauritania Mauritius Mayotte Mexico Micronesia Monaco Mongolia Montserrat Morocco Mozambique Myanmar Namibia Nauru Nepal Netherlands Netherlands Antilles New Caledonia New Zealand Nicaragua Niger Nigeria Niue Norfolk Island Northern Mariana Islands Norway Oman Pakistan Palau Palestinian Territory, Occupied Panama Papua New Guinea Paraguay Peru Philippines Pitcairn Poland Portugal Puerto Rico Qatar Republic of Korea Republic of Moldova Reunion Romania Russian Federation Rwanda Saint Helena Saint Kitts and Nevis Saint Lucia Saint Pierre and Miquelon Saint Vincent and the Grenadines Samoa San Marino Sao Tome and Principe Saudi Arabia Senegal Serbia and Montenegro Seychelles Sierra Leone Singapore Slovakia Slovenia Solomon Islands Somalia South Africa Spain Sri Lanka Sudan Suriname Svalbard and Jan Mayen Islands Swaziland Sweden Switzerland Syrian Arab Republic Taiwan Tajikistan Tanzania, United Republic of Thailand Timor-Leste Togo Tokelau Tonga Trinidad and Tobago Tunisia Turkey Turkmenistan Turks and Caicos Islands Tuvalu Uganda Ukraine United Arab Emirates United Kingdom Virgin Islands (U.S.) Virgin Islands (British) Uruguay Uzbekistan Vanuatu Venezuela Viet Nam Wallis and Futuna Islands Western Sahara Yemen Zambia Zimbabwe Please enter a valid email address. Please select your country. I can confirm I have read and accept the Terms Of Use. Please check to proceed. Sign Up Now You may unsubscribe from email communication at any time. See our Privacy Policy for further details. Thank you! For your security, we've sent a confirmation email to the address you entered. Click the link to confirm your subscription and begin receiving our newsletters. If you don't get the confirmation within 10 minutes, please check your spam folder. MORE: New Test May Predict Alzheimer’s 10 Years Before Diagnosis While his test is a possible solution to that problem, he acknowledges that the results need be repeated before it’s recommended on a wide scale to physicians across the country. But those who scored higher on the test of risk factors had a seven-fold higher chance of developing mild cognitive impairment than those with lower scores. For now, even if doctors identify patients around age 65 who might be at higher risk of developing cognitive impairment, there isn’t much they can do to interrupt the process. But they can direct them toward clinical trials of promising new drugs to address Alzheimer’s dementia, which may slow the cognitive decline considerably. Contact us at editors@time.com.","A Simple 3-Part Test May Predict Alzheimer’s. Diseases like Alzheimer’s start years, even decades, before the first symptoms of memory loss shows up. And with rates of those diseases rising, experts say that more primary care physicians—not neurology experts—will have the task of identifying these patients early so they can take advantage of whatever early interventions might be available. “If we had a simple blood test, a cholesterol test for Alzheimer’s disease, that would help,” says Dr. Ronald Petersen, director of the Alzheimer’s Disease Research Center at the Mayo Clinic, “but we don’t.” But Petersen has a potential solution, and according to a new paper released Wednesday in the journal Neurology, his Alzheimer’s test has promise. Petersen and his team wanted to develop a test that any physician can administer to patients, without the need for any new technology or expensive equipment. Petersen believes that the test they came up with could become a useful tool for any physician, even those without special training in the brain. “What we are trying to do is give them some help so they can be as efficient as possible without ignoring these important cognitive issues,” he says. In the first phase of the test, his researchers simply collected information from 1,500 patients’ medical charts—their age, family history of Alzheimer’s, factors such as diabetes or smoking that have been linked to Alzheimer’s, and whether the patient had ever reported problems with memory. In the next phase they studied the results of the patient’s basic mental exam as well as of a psychiatric evaluation, because depression and anxiety have been connected to Alzheimer’s. And another factor that emerged as important in developing the disease—how quickly the participant could walk a short distance. “We were a little surprised,” says Petersen. “But what’s nice about it is that it’s a nice non-cognitive, motor factor so it’s looking at another aspect of brain function.” MORE: This Alzheimer’s Breakthrough Could Be a Game Changer Petersen suggests that every physician should get this information on their patients at age 65; that way, they can have a baseline against which to compare any changes as their patients age. Only if they show such changes — a slower walk, for example, or worsening signs of depression or memory issues — should they move on to the third phase of the test, which is a blood analysis. That would look for known genetic factors linked to Alzheimer’s, including the presence of certain versions of the ApoE gene. Currently, the only way to truly separate out those on the road to Alzheimer’s is to conduct expensive imaging tests of the brain, or to do a spinal tap, an invasive procedure that extracts spinal fluid for signs of the amyloid protein that builds up in the disease. “We have either expensive techniques or invasive techniques and it’s not practical to do them from a public health screening standpoint,” says Petersen. Get The Brief. Sign up to receive the top stories you need to know right now. Choose your country United States of America Afghanistan Albania Algeria American Samoa Andorra Angola Anguilla Antigua and Barbuda Argentina Armenia Aruba Australia Austria Azerbaijan Bahamas Bahrain Bangladesh Barbados Belarus Belgium Belize Benin Bermuda Bhutan Bolivia Bosnia and Herzegovina Botswana Brazil Brunei Darussalam Bulgaria Burkina Faso Burundi Cambodia Cameroon Canada Cape Verde Cayman Islands Central African Republic Chad Chile China Colombia Comoros Congo Congo, Democratic Republic of Cook Islands Costa Rica Cote d'Ivoire Croatia Cuba Cyprus Czech Republic Denmark Djibouti Dominica Dominican Republic Ecuador Egypt El Salvador Equatorial Guinea Eritrea Estonia Ethiopia Faeroe Islands Falkland Islands (Malvinas) Fiji Finland France French Guiana French Polynesia Gabon Gambia Georgia Germany Ghana Gibraltar Greece Greenland Grenada Guadeloupe Guam Guatemala Guinea Guinea-Bissau Guyana Haiti Holy See Honduras Hong Kong Hungary Iceland India Indonesia Iran Iraq Ireland Israel Italy Jamaica Japan Jordan Kazakhstan Kenya Kiribati Korea Kuwait Kyrgyzstan Laos Latvia Lebanon Lesotho Liberia Libyan Arab Jamahiriya Liechtenstein Lithuania Luxembourg Macao Macedonia Madagascar Malawi Malaysia Maldives Mali Malta Marshall Islands Martinique Mauritania Mauritius Mayotte Mexico Micronesia Monaco Mongolia Montserrat Morocco Mozambique Myanmar Namibia Nauru Nepal Netherlands Netherlands Antilles New Caledonia New Zealand Nicaragua Niger Nigeria Niue Norfolk Island Northern Mariana Islands Norway Oman Pakistan Palau Palestinian Territory, Occupied Panama Papua New Guinea Paraguay Peru Philippines Pitcairn Poland Portugal Puerto Rico Qatar Republic of Korea Republic of Moldova Reunion Romania Russian Federation Rwanda Saint Helena Saint Kitts and Nevis Saint Lucia Saint Pierre and Miquelon Saint Vincent and the Grenadines Samoa San Marino Sao Tome and Principe Saudi Arabia Senegal Serbia and Montenegro Seychelles Sierra Leone Singapore Slovakia Slovenia Solomon Islands Somalia South Africa Spain Sri Lanka Sudan Suriname Svalbard and Jan Mayen Islands Swaziland Sweden Switzerland Syrian Arab Republic Taiwan Tajikistan Tanzania, United Republic of Thailand Timor-Leste Togo Tokelau Tonga Trinidad and Tobago Tunisia Turkey Turkmenistan Turks and Caicos Islands Tuvalu Uganda Ukraine United Arab Emirates United Kingdom Virgin Islands (U.S.) Virgin Islands (British) Uruguay Uzbekistan Vanuatu Venezuela Viet Nam Wallis and Futuna Islands Western Sahara Yemen Zambia Zimbabwe Please enter a valid email address. Please select your country. I can confirm I have read and accept the Terms Of Use. Please check to proceed. Sign Up Now You may unsubscribe from email communication at any time. See our Privacy Policy for further details. Thank you! For your security, we've sent a confirmation email to the address you entered. Click the link to confirm your subscription and begin receiving our newsletters. If you don't get the confirmation within 10 minutes, please check your spam folder. MORE: New Test May Predict Alzheimer’s 10 Years Before Diagnosis While his test is a possible solution to that problem, he acknowledges that the results need be repeated before it’s recommended on a wide scale to physicians across the country. But those who scored higher on the test of risk factors had a seven-fold higher chance of developing mild cognitive impairment than those with lower scores. For now, even if doctors identify patients around age 65 who might be at higher risk of developing cognitive impairment, there isn’t much they can do to interrupt the process. But they can direct them toward clinical trials of promising new drugs to address Alzheimer’s dementia, which may slow the cognitive decline considerably. Contact us at editors@time.com."
fakehealth,story_reviews_00184,0,0,1,0.580879923182142,0.419120076817858,0.580879923182142,0.4762179,0.52378213,0.52378213,"In a long-term study of the latest treatment for peanut allergy, scientists in Australia report that an immune-based therapy helped children allergic to peanuts eat them without reactions for four years. The study, published in the journal Lancet Child & Adolescent Health, follows up on children enrolled in an earlier study of an immunotherapy treatment, which combined probiotics with small doses of peanuts that were designed to gradually train the children’s immune systems to accept the peanut allergen rather than treat it as something foreign. Previous studies have suggested that methods like these could be effective in reducing youngsters’ allergic, sometimes dangerous anaphylactic shock reactions to peanuts. The Australian team added probiotics to further enhance the gut’s ability to accept the peanuts and not trigger an immune reaction. Compared to 4% of children who didn’t get any treatment, 82% of those receiving the combination therapy significantly reduced their allergic reactions to peanuts. MORE: Babies Should Eat Eggs and Peanuts Early to Avoid Food Allergies In the follow-up, which tracked the children for four years after they were treated with the combination therapy, 67% of those who got the combination probiotic and peanut therapy were comfortable eating peanuts, compared to only 4% of those who did not get the treatment. Fewer children in the treated group had an allergic reaction to the peanuts, and they also showed smaller reactions to skin prick tests with peanut allergen. The results are encouraging, allowing the children who were treated to eat peanuts without fear of an allergic reaction. But it may be too early to call this a cure. The researchers believe that adding probiotics to the peanut allergens may be important in improving the children’s tolerance to the food, but Dr. Anna Nowak-Wegrzyn, an associate professor of pediatrics at Icahn School of Medicine at Mt. Sinai Hospital who was not involved in the study, notes that the researchers didn’t compare the effect of the probiotics themselves; they only compared children who received the probiotics along with immune therapy to those who didn’t get any treatment at all. Health Newsletter Get the latest health and science news, plus: burning questions and expert tips. View Sample Sign Up Now It makes sense that the probiotics may enhance the immunotherapy’s effect, since probiotics are beneficial bacteria in the gut, where food allergens are processed. “I think there is certainly a suggestion, but not hard proof, that the probiotics make a difference,” says Nowak-Wegrzyn. “The question for me would be if there is a difference between patients who were treated with [both] immunotherapy [in the form of low doses of peanuts] and probiotics, and those who were treated with just immunotherapy.” That may have to wait for another study. But the new findings provide even more evidence that using peanuts to treat peanut allergy, and to re-train the immune system to be less allergic, can be effective. Contact us at editors@time.com.","A New Therapy May Cure Kids of Peanut Allergy. In a long-term study of the latest treatment for peanut allergy, scientists in Australia report that an immune-based therapy helped children allergic to peanuts eat them without reactions for four years. The study, published in the journal Lancet Child & Adolescent Health, follows up on children enrolled in an earlier study of an immunotherapy treatment, which combined probiotics with small doses of peanuts that were designed to gradually train the children’s immune systems to accept the peanut allergen rather than treat it as something foreign. Previous studies have suggested that methods like these could be effective in reducing youngsters’ allergic, sometimes dangerous anaphylactic shock reactions to peanuts. The Australian team added probiotics to further enhance the gut’s ability to accept the peanuts and not trigger an immune reaction. Compared to 4% of children who didn’t get any treatment, 82% of those receiving the combination therapy significantly reduced their allergic reactions to peanuts. MORE: Babies Should Eat Eggs and Peanuts Early to Avoid Food Allergies In the follow-up, which tracked the children for four years after they were treated with the combination therapy, 67% of those who got the combination probiotic and peanut therapy were comfortable eating peanuts, compared to only 4% of those who did not get the treatment. Fewer children in the treated group had an allergic reaction to the peanuts, and they also showed smaller reactions to skin prick tests with peanut allergen. The results are encouraging, allowing the children who were treated to eat peanuts without fear of an allergic reaction. But it may be too early to call this a cure. The researchers believe that adding probiotics to the peanut allergens may be important in improving the children’s tolerance to the food, but Dr. Anna Nowak-Wegrzyn, an associate professor of pediatrics at Icahn School of Medicine at Mt. Sinai Hospital who was not involved in the study, notes that the researchers didn’t compare the effect of the probiotics themselves; they only compared children who received the probiotics along with immune therapy to those who didn’t get any treatment at all. Health Newsletter Get the latest health and science news, plus: burning questions and expert tips. View Sample Sign Up Now It makes sense that the probiotics may enhance the immunotherapy’s effect, since probiotics are beneficial bacteria in the gut, where food allergens are processed. “I think there is certainly a suggestion, but not hard proof, that the probiotics make a difference,” says Nowak-Wegrzyn. “The question for me would be if there is a difference between patients who were treated with [both] immunotherapy [in the form of low doses of peanuts] and probiotics, and those who were treated with just immunotherapy.” That may have to wait for another study. But the new findings provide even more evidence that using peanuts to treat peanut allergy, and to re-train the immune system to be less allergic, can be effective. Contact us at editors@time.com."
fakehealth,story_reviews_01114,0,0,1,0.5148261818180767,0.4851738181819233,0.5148261818180767,0.37186262,0.6281373,0.6281373,"Medtronic Inc. and Eli Lilly & Co. agreed to collaborate on an early stage research project for a potential Parkinson's-disease treatment that involves delivering medication directly to the brain—a goal that has long eluded drug makers. The pact, announced Tuesday, adds to Medtronic's roster of projects aimed at using implantable drug pumps and catheters to circumvent the blood-brain barrier. The tightly packed network of cells in brain capillaries only lets certain substances through, such as key nutrients, making brain-based disorders difficult to treat with drugs. 1 Million The number of Americans with Parkinson's disease, a progressive, degenerative brain disorder with no cure. Medtronic, the largest stand-alone medical-device maker, already has a handful of other Parkinson's collaborations underway. The company is also working through home-grown efforts and collaborations on potential treatments for other brain diseases, like Alzheimer's and Huntington's. The latest effort with Lilly is still many years from yielding a marketable treatment or even starting human testing. The companies didn't disclose terms of their agreement, but a Medtronic spokesman said it spans early research through product development and potential commercialization. Parkinson's is a progressive, degenerative brain disorder that affects nearly one million Americans and can lead to tremors and other movement problems, according to the Parkinson's Disease Foundation. The disease, which has no cure, is thought to be caused by the death of neurons that produce the important chemical messenger dopamine. Lilly's treatment approach involves a modified form of a protein called glial cell derived neurotrophic factor, or GDNF, which is designed to protect these neurons. Seven years ago, Amgen Inc. stopped studying a potential GDNF Parkinson's treatment delivered with Medtronic equipment because it didn't appear effective. But Lilly hopes its compound, together with Medtronic's modernized delivery system, will ""overcome some prior technical hurdles,"" said Ros Smith, senior research director of regenerative biology at Lilly. The company believes its GDNF variant has potential to have broader distribution in the brain than prior versions. The drug may not enter human clinical trials for up to five years, Dr. Smith said. Medtronic's system involves small catheters that are implanted in the brain and connected to a hockey-puck-size pump, which would likely be implanted in the abdomen. At this point it isn't known whether the treatment would involve short- or long-term infusion, or what specific areas of the brain might be targeted, said Steve Oesterle, senior vice president of medicine and technology at Medtronic. The company already has experience finding and delivering treatment to parts of the brain responsible for Parkinson's through its ""deep-brain stimulation"" business, which makes pacemaker-like implants that deliver electrical stimulation through electrodes. That approach is used to treat Parkinson's symptoms, Dr. Oesterle said. By contrast, drug approaches from Lilly and other companies have potential to restore damaged parts of the brain, he said. The key is getting the drugs on site, rather than having them circulate through the body only to be stymied by the blood-brain barrier. Medtronic also has partnerships with small drug developers Neurologix Inc. and privately held NeuroNova AB of Sweden on potential Parkinson's treatments. —Peter Loftus and Matt Jarzemsky contributed to this article. Write to Jon Kamp at jon.kamp@dowjones.com","Potential Parkinson's Treatment Explored. Medtronic Inc. and Eli Lilly & Co. agreed to collaborate on an early stage research project for a potential Parkinson's-disease treatment that involves delivering medication directly to the brain—a goal that has long eluded drug makers. The pact, announced Tuesday, adds to Medtronic's roster of projects aimed at using implantable drug pumps and catheters to circumvent the blood-brain barrier. The tightly packed network of cells in brain capillaries only lets certain substances through, such as key nutrients, making brain-based disorders difficult to treat with drugs. 1 Million The number of Americans with Parkinson's disease, a progressive, degenerative brain disorder with no cure. Medtronic, the largest stand-alone medical-device maker, already has a handful of other Parkinson's collaborations underway. The company is also working through home-grown efforts and collaborations on potential treatments for other brain diseases, like Alzheimer's and Huntington's. The latest effort with Lilly is still many years from yielding a marketable treatment or even starting human testing. The companies didn't disclose terms of their agreement, but a Medtronic spokesman said it spans early research through product development and potential commercialization. Parkinson's is a progressive, degenerative brain disorder that affects nearly one million Americans and can lead to tremors and other movement problems, according to the Parkinson's Disease Foundation. The disease, which has no cure, is thought to be caused by the death of neurons that produce the important chemical messenger dopamine. Lilly's treatment approach involves a modified form of a protein called glial cell derived neurotrophic factor, or GDNF, which is designed to protect these neurons. Seven years ago, Amgen Inc. stopped studying a potential GDNF Parkinson's treatment delivered with Medtronic equipment because it didn't appear effective. But Lilly hopes its compound, together with Medtronic's modernized delivery system, will ""overcome some prior technical hurdles,"" said Ros Smith, senior research director of regenerative biology at Lilly. The company believes its GDNF variant has potential to have broader distribution in the brain than prior versions. The drug may not enter human clinical trials for up to five years, Dr. Smith said. Medtronic's system involves small catheters that are implanted in the brain and connected to a hockey-puck-size pump, which would likely be implanted in the abdomen. At this point it isn't known whether the treatment would involve short- or long-term infusion, or what specific areas of the brain might be targeted, said Steve Oesterle, senior vice president of medicine and technology at Medtronic. The company already has experience finding and delivering treatment to parts of the brain responsible for Parkinson's through its ""deep-brain stimulation"" business, which makes pacemaker-like implants that deliver electrical stimulation through electrodes. That approach is used to treat Parkinson's symptoms, Dr. Oesterle said. By contrast, drug approaches from Lilly and other companies have potential to restore damaged parts of the brain, he said. The key is getting the drugs on site, rather than having them circulate through the body only to be stymied by the blood-brain barrier. Medtronic also has partnerships with small drug developers Neurologix Inc. and privately held NeuroNova AB of Sweden on potential Parkinson's treatments. —Peter Loftus and Matt Jarzemsky contributed to this article. Write to Jon Kamp at jon.kamp@dowjones.com"
fakehealth,news_reviews_00578,0,0,1,0.5781888570993106,0.4218111429006894,0.5781888570993106,0.4747336,0.52526647,0.52526647,"Armed with new knowledge about how neurodegenerative diseases alter brain structures, increasing numbers of neurologists, psychiatrists and other clinicians are adopting quantitative brain imaging as a tool to measure and help manage cognitive declines in patients. These imaging findings can help spur beneficial lifestyle changes in patients to reduce risk for Alzheimer's disease. The concept that cognitive decline can be identified early and prevented by applying quantitative brain imaging techniques is the focus of ""Hot Topics in Research: Preventive Neuroradiology in Brain Aging and Cognitive Decline,"" a review published online in American Journal of Neuroradiology (AJNR). Author Cyrus Raji, M.D., Ph.D., of UCLA and an international team suggest a framework in which neuroradiologists work as part of a team of clinical neuroscientists (neurologists, psychiatrists, neuropsychologists, etc.) to apply quantitative neuroradiology towards prevention of cognitive decline in populations at high risk for dementia -- namely those with lifestyle, genetic, and other associated risk factors. ""I believe neuroradiology, and especially quantitative MRI technology, will have a huge impact in the future of diagnosis and treatment of Alzheimer's disease, since there is compelling evidence for the baseline size of hippocampus as a key determinant of risk for future cognitive decline, and since many lifestyle factors can cause atrophy or expansion in the volume of this critical brain structure,"" says neurologist Majid Fotuhi, M.D., Ph.D., of Johns Hopkins University. Such work is already happening at UCLA and other institutions that meld these approaches into novel ways to improve patient care. ""We are working closely with neuroradiologists to redefine how we can reduce risk for Alzheimer's with quantitative neuroimaging that helps us pinpoint symptom-relevant volume loss in the brain and subsequent targets for tracking our lifestyle-based interventions,"" says Dr. David Merrill, a geriatric psychiatrist at UCLA Medical Center. ""Recent advances have improved the ability to characterize imaging markers along the trajectory of Alzheimers disease, starting in the pre-clinical phase. These markers, including structural, functional, and molecular imaging are being used in the AD diagnositc criteria [AA/NIA], (1)"" says Howard Aizenstein, M.D., Ph.D., a psychiatrist at University of Pittsburgh. Fotuhi sees imaging findings as a unique motivator for patients to make positive lifestyle changes. ""Patients seem to enjoy reviewing results of their imaging studies, more so than reading the results of their blood tests or other clinical evaluations. For example, they can see with their own eyes whether there are any strokes or atrophy in their brain. This can have a powerful impact on them and on their determination to make changes in their lifestyle in order to improve their brain health,"" he adds. Among the lifestyle and risk factors that can be altered to potentially prevent cognitive declines are obesity, diet, sleep, hypertension, diabetes, depression, supplementation, smoking and physical activity. It is estimated that as many as 3 million cases of Alzheimer's dementia worldwide can be prevented with as little as a 10% reduction in the burden of preventable lifestyle. (2) ### The article is available online at: http://www. ajnr. org/ content/ early/ 2015/ 06/ 04/ ajnr. A4409. full. pdf+html A related blog post is at: http://www. ajnrblog. org/ 2015/ 06/ 04/ hot-topics-in-research-preventive-neuroradiology-in-brain-aging-and-cognitive-decline/ The American Journal of Neuroradiology (AJNR) is published monthly by the American Society of Neuroradiology (ASNR), a professional association of more than 5,000 members who specialize in diagnostic radiology of the central nervous system, brain, head and neck through the use of X-ray, MRI, CT and angiography. The ASNR was founded in 1962 and is headquartered in Oak Brook, Illinois. American Journal of Neuroradiology, 800 Enterprise Dr., Suite 205, Oak Brook, IL 60523 REFERENCES 1 Sperling RA, Aisen PS, Beckett LA, et al. Toward defining the preclinical stages of Alzheimer's disease: Recommendations from the National Institute on Aging-Alzheimer's Association workgroups on diagnostic guidelines for Alzheimer's disease. Alzheimer's & dementia: The Journal of the Alzheimer's Association. 2011;7(3):280-292. doi:10.1016/j.jalz.2011.03.003. 2 Barnes DE, Yaffe K (2011) The projected effect of risk factor reduction on Alzheimer's disease prevalence. Lancet Neurol 10, 819-828.","Preventive neuroradiology: Brain imaging bolsters efforts to lower Alzheimer's risk. Armed with new knowledge about how neurodegenerative diseases alter brain structures, increasing numbers of neurologists, psychiatrists and other clinicians are adopting quantitative brain imaging as a tool to measure and help manage cognitive declines in patients. These imaging findings can help spur beneficial lifestyle changes in patients to reduce risk for Alzheimer's disease. The concept that cognitive decline can be identified early and prevented by applying quantitative brain imaging techniques is the focus of ""Hot Topics in Research: Preventive Neuroradiology in Brain Aging and Cognitive Decline,"" a review published online in American Journal of Neuroradiology (AJNR). Author Cyrus Raji, M.D., Ph.D., of UCLA and an international team suggest a framework in which neuroradiologists work as part of a team of clinical neuroscientists (neurologists, psychiatrists, neuropsychologists, etc.) to apply quantitative neuroradiology towards prevention of cognitive decline in populations at high risk for dementia -- namely those with lifestyle, genetic, and other associated risk factors. ""I believe neuroradiology, and especially quantitative MRI technology, will have a huge impact in the future of diagnosis and treatment of Alzheimer's disease, since there is compelling evidence for the baseline size of hippocampus as a key determinant of risk for future cognitive decline, and since many lifestyle factors can cause atrophy or expansion in the volume of this critical brain structure,"" says neurologist Majid Fotuhi, M.D., Ph.D., of Johns Hopkins University. Such work is already happening at UCLA and other institutions that meld these approaches into novel ways to improve patient care. ""We are working closely with neuroradiologists to redefine how we can reduce risk for Alzheimer's with quantitative neuroimaging that helps us pinpoint symptom-relevant volume loss in the brain and subsequent targets for tracking our lifestyle-based interventions,"" says Dr. David Merrill, a geriatric psychiatrist at UCLA Medical Center. ""Recent advances have improved the ability to characterize imaging markers along the trajectory of Alzheimers disease, starting in the pre-clinical phase. These markers, including structural, functional, and molecular imaging are being used in the AD diagnositc criteria [AA/NIA], (1)"" says Howard Aizenstein, M.D., Ph.D., a psychiatrist at University of Pittsburgh. Fotuhi sees imaging findings as a unique motivator for patients to make positive lifestyle changes. ""Patients seem to enjoy reviewing results of their imaging studies, more so than reading the results of their blood tests or other clinical evaluations. For example, they can see with their own eyes whether there are any strokes or atrophy in their brain. This can have a powerful impact on them and on their determination to make changes in their lifestyle in order to improve their brain health,"" he adds. Among the lifestyle and risk factors that can be altered to potentially prevent cognitive declines are obesity, diet, sleep, hypertension, diabetes, depression, supplementation, smoking and physical activity. It is estimated that as many as 3 million cases of Alzheimer's dementia worldwide can be prevented with as little as a 10% reduction in the burden of preventable lifestyle. (2) ### The article is available online at: http://www. ajnr. org/ content/ early/ 2015/ 06/ 04/ ajnr. A4409. full. pdf+html A related blog post is at: http://www. ajnrblog. org/ 2015/ 06/ 04/ hot-topics-in-research-preventive-neuroradiology-in-brain-aging-and-cognitive-decline/ The American Journal of Neuroradiology (AJNR) is published monthly by the American Society of Neuroradiology (ASNR), a professional association of more than 5,000 members who specialize in diagnostic radiology of the central nervous system, brain, head and neck through the use of X-ray, MRI, CT and angiography. The ASNR was founded in 1962 and is headquartered in Oak Brook, Illinois. American Journal of Neuroradiology, 800 Enterprise Dr., Suite 205, Oak Brook, IL 60523 REFERENCES 1 Sperling RA, Aisen PS, Beckett LA, et al. Toward defining the preclinical stages of Alzheimer's disease: Recommendations from the National Institute on Aging-Alzheimer's Association workgroups on diagnostic guidelines for Alzheimer's disease. Alzheimer's & dementia: The Journal of the Alzheimer's Association. 2011;7(3):280-292. doi:10.1016/j.jalz.2011.03.003. 2 Barnes DE, Yaffe K (2011) The projected effect of risk factor reduction on Alzheimer's disease prevalence. Lancet Neurol 10, 819-828."
fakehealth,story_reviews_00172,0,0,1,0.6439950162642545,0.3560049837357454,0.6439950162642545,0.29078552,0.7092144,0.7092144,"(Reuters Health) - Women who take hormone replacement therapy (HRT) to ease menopause symptoms like hot flashes and night sweats may be no more likely to die prematurely than women who don’t take hormones, a new study suggests. Many women have been reluctant to use hormones for menopause symptoms since 2002, when the federally funded Women’s Health Initiative (WHI) study linked the treatments containing man-made versions of the female hormones estrogen and progestin to an increased risk of breast cancer, heart attacks and strokes. The current study, however, looked at longer-term data from the WHI study and found no increased risk of death from all causes, or from cancer or cardiovascular issues in particular, associated with hormone use. “Women seeking treatment for distressing hot flashes, night sweats or other menopausal symptoms may find the mortality results reassuring,” said lead study author Dr. JoAnn Manson of Brigham and Women’s Hospital and Harvard Medical School in Boston. Women go through menopause when they stop menstruating, typically between ages 45 and 55. As the ovaries curb production of the hormones estrogen and progesterone in the years leading up to menopause and afterward, women can experience symptoms ranging from irregular periods and vaginal dryness to mood swings and insomnia. For the study, researchers looked at data on 27,347 women ages 50 to 79 who joined two WHI trials between 1993 and 1998 and were followed through 2014. One trial tested estrogen alone against a placebo, or dummy pill, while the other trial tested estrogen taken in combination with progestin. Women were 63 years old on average when they joined the trials and had already gone through menopause. They took hormones or a placebo for five to seven years and were followed for a total of 18 years altogether. During the study period, 7,489 women died. Death rates were similar - at about 27 percent - among women who took hormones and women who didn’t, researchers report in JAMA. Younger women in the study appeared to have better survival odds with HRT. Over the initial five to seven years when women were randomly assigned to take hormones or a placebo, death rates were about 30 percent lower among women aged 50 to 59 when they took HRT than when they didn’t. For women who started hormones in their 60s or 70s, however, there wasn’t a meaningful difference in death rates according to whether they got the treatment or a placebo during the initial years of the study. After 18 years, including both the treatment period and a decade or more of follow-up, women’s age when they joined the study no longer appeared to significantly influence death rates. One limitation of the study is that the WHI didn’t look at different dosages of hormone pills, and the findings may be different for other dosages or different types of therapy such as gels or creams or skin patches. Still, the current study should ease concerns raised by earlier results from the WHI trials that an increased risk of breast cancer or heart attacks might translate into higher long-term mortality rates, said Dr. Melissa McNeil, author of an accompanying editorial and a women’s health researcher at the University of Pittsburgh. Taking a combination of estrogen and progestin is associated with an increased risk of breast cancer, but advances in screening and treatment since the WHI started now mean these tumors are unlikely to be fatal, McNeil said by email. With additional years of follow-up, it also appears that the increased heart attack risk associated with HRT in the initial results from the WHI trials is limited to older women, McNeil added. “Hormone therapy has been in and out of favor - first it was good for all menopausal women, then it was dangerous for all women,” McNeil said. “The take-home message now is that for the right patient, hormone therapy is safe and effective.” SOURCE: bit.ly/2jkqUFE and bit.ly/2jo0piX JAMA, online September 12, 2017.","Menopause hormone therapy not linked to premature death. (Reuters Health) - Women who take hormone replacement therapy (HRT) to ease menopause symptoms like hot flashes and night sweats may be no more likely to die prematurely than women who don’t take hormones, a new study suggests. Many women have been reluctant to use hormones for menopause symptoms since 2002, when the federally funded Women’s Health Initiative (WHI) study linked the treatments containing man-made versions of the female hormones estrogen and progestin to an increased risk of breast cancer, heart attacks and strokes. The current study, however, looked at longer-term data from the WHI study and found no increased risk of death from all causes, or from cancer or cardiovascular issues in particular, associated with hormone use. “Women seeking treatment for distressing hot flashes, night sweats or other menopausal symptoms may find the mortality results reassuring,” said lead study author Dr. JoAnn Manson of Brigham and Women’s Hospital and Harvard Medical School in Boston. Women go through menopause when they stop menstruating, typically between ages 45 and 55. As the ovaries curb production of the hormones estrogen and progesterone in the years leading up to menopause and afterward, women can experience symptoms ranging from irregular periods and vaginal dryness to mood swings and insomnia. For the study, researchers looked at data on 27,347 women ages 50 to 79 who joined two WHI trials between 1993 and 1998 and were followed through 2014. One trial tested estrogen alone against a placebo, or dummy pill, while the other trial tested estrogen taken in combination with progestin. Women were 63 years old on average when they joined the trials and had already gone through menopause. They took hormones or a placebo for five to seven years and were followed for a total of 18 years altogether. During the study period, 7,489 women died. Death rates were similar - at about 27 percent - among women who took hormones and women who didn’t, researchers report in JAMA. Younger women in the study appeared to have better survival odds with HRT. Over the initial five to seven years when women were randomly assigned to take hormones or a placebo, death rates were about 30 percent lower among women aged 50 to 59 when they took HRT than when they didn’t. For women who started hormones in their 60s or 70s, however, there wasn’t a meaningful difference in death rates according to whether they got the treatment or a placebo during the initial years of the study. After 18 years, including both the treatment period and a decade or more of follow-up, women’s age when they joined the study no longer appeared to significantly influence death rates. One limitation of the study is that the WHI didn’t look at different dosages of hormone pills, and the findings may be different for other dosages or different types of therapy such as gels or creams or skin patches. Still, the current study should ease concerns raised by earlier results from the WHI trials that an increased risk of breast cancer or heart attacks might translate into higher long-term mortality rates, said Dr. Melissa McNeil, author of an accompanying editorial and a women’s health researcher at the University of Pittsburgh. Taking a combination of estrogen and progestin is associated with an increased risk of breast cancer, but advances in screening and treatment since the WHI started now mean these tumors are unlikely to be fatal, McNeil said by email. With additional years of follow-up, it also appears that the increased heart attack risk associated with HRT in the initial results from the WHI trials is limited to older women, McNeil added. “Hormone therapy has been in and out of favor - first it was good for all menopausal women, then it was dangerous for all women,” McNeil said. “The take-home message now is that for the right patient, hormone therapy is safe and effective.” SOURCE: bit.ly/2jkqUFE and bit.ly/2jo0piX JAMA, online September 12, 2017."
fakehealth,news_reviews_00531,0,0,1,0.7818212352748264,0.2181787647251735,0.7818212352748264,0.395132,0.60486805,0.60486805,"COLUMBIA, Mo. (Oct. 29, 2015) - Rupture of an abdominal aortic aneurysm is one of the most dramatic medical emergencies a person can face. It usually strikes without warning, killing approximately 50 percent of those who experience it before they reach a hospital. Of those who do get to a health facility alive, only about 50 percent survive. When diagnosed through screening, aortic aneurysms are carefully monitored for signs of enlargement, and surgical intervention often is needed to prevent rupture of the vessel. Now, University of Missouri researchers have found that patients who took cholesterol-lowering medications before endovascular surgery experienced fewer complications and better outcomes. ""Although this condition usually occurs in men older than 50 with a family history of the disease, anyone can have an abdominal aortic aneurysm,"" said Todd Vogel, associate professor and chief of the Division of Vascular Surgery at the MU School of Medicine, and lead author of the study. ""Most patients with this disease are older and tend to have other health conditions such as high cholesterol. In an effort to prevent cardiovascular disease they take statin medications. These cholesterol-lowering medications protect blood vessels from plaque formation and stress, and in some cases can even slow the progression of aortic aneurysms. We wanted to understand the impact statin use has on surgical outcomes when repairing this type of aneurysm."" Vogel's research team reviewed nearly 20,000 cases where patients either had open surgery or an endovascular repair - a minimally invasive procedure that uses a catheter to access the aneurysm. The team then identified patients who took cholesterol-lowering medication before surgery. ""Our research showed that patients who took statins before either open or minimally invasive interventions had better outcomes compared to those who did not take statin medications,"" Vogel said. ""The patients who took statins and had endovascular repairs had a 26 percent decrease in mortality up to one year after surgery. Patients who took statins and had traditional open procedures also did better, but the difference was not nearly as significant as with endovascular repair. The bottom line is that patients who used statins were more likely to survive during and after an elective endovascular procedure."" Additionally, the study showed that statin use also reduced post-surgical complications for patients with other health issues such as peripheral artery disease, a condition that causes arterial blockages of blood vessels in the limbs. ""This information could be beneficial to patients who are about to have elective endovascular abdominal aortic aneurysm repair,"" Vogel said. ""However, further research is needed to assess the benefits of using statins before surgical repair of other types of aneurysms."" ### The study, ""The Impact of Preoperative Statin Therapy on Open and Endovascular Abdominal Aortic Aneurysm Repair Outcomes,"" recently was published in Vascular, the official publication of the International Society for Vascular Surgery. About the MU School of Medicine","Taking cholesterol medication before aneurysm repair improves outcomes. COLUMBIA, Mo. (Oct. 29, 2015) - Rupture of an abdominal aortic aneurysm is one of the most dramatic medical emergencies a person can face. It usually strikes without warning, killing approximately 50 percent of those who experience it before they reach a hospital. Of those who do get to a health facility alive, only about 50 percent survive. When diagnosed through screening, aortic aneurysms are carefully monitored for signs of enlargement, and surgical intervention often is needed to prevent rupture of the vessel. Now, University of Missouri researchers have found that patients who took cholesterol-lowering medications before endovascular surgery experienced fewer complications and better outcomes. ""Although this condition usually occurs in men older than 50 with a family history of the disease, anyone can have an abdominal aortic aneurysm,"" said Todd Vogel, associate professor and chief of the Division of Vascular Surgery at the MU School of Medicine, and lead author of the study. ""Most patients with this disease are older and tend to have other health conditions such as high cholesterol. In an effort to prevent cardiovascular disease they take statin medications. These cholesterol-lowering medications protect blood vessels from plaque formation and stress, and in some cases can even slow the progression of aortic aneurysms. We wanted to understand the impact statin use has on surgical outcomes when repairing this type of aneurysm."" Vogel's research team reviewed nearly 20,000 cases where patients either had open surgery or an endovascular repair - a minimally invasive procedure that uses a catheter to access the aneurysm. The team then identified patients who took cholesterol-lowering medication before surgery. ""Our research showed that patients who took statins before either open or minimally invasive interventions had better outcomes compared to those who did not take statin medications,"" Vogel said. ""The patients who took statins and had endovascular repairs had a 26 percent decrease in mortality up to one year after surgery. Patients who took statins and had traditional open procedures also did better, but the difference was not nearly as significant as with endovascular repair. The bottom line is that patients who used statins were more likely to survive during and after an elective endovascular procedure."" Additionally, the study showed that statin use also reduced post-surgical complications for patients with other health issues such as peripheral artery disease, a condition that causes arterial blockages of blood vessels in the limbs. ""This information could be beneficial to patients who are about to have elective endovascular abdominal aortic aneurysm repair,"" Vogel said. ""However, further research is needed to assess the benefits of using statins before surgical repair of other types of aneurysms."" ### The study, ""The Impact of Preoperative Statin Therapy on Open and Endovascular Abdominal Aortic Aneurysm Repair Outcomes,"" recently was published in Vascular, the official publication of the International Society for Vascular Surgery. About the MU School of Medicine"
fakehealth,story_reviews_00281,0,0,1,0.8991460667330675,0.1008539332669325,0.8991460667330675,0.18710332,0.8128967,0.8128967,"Prescribing testosterone for age-related deficiency — which is only vaguely defined — took off in 2000. The trend was driven not by solid scientific evidence, but by the introduction of convenient, rub-on testosterone products, the first being Androgel. Many men are put on testosterone with no tests of their levels or despite tests showing normal levels, a study of Medicare claims found.","Major study finds testosterone therapy is no fountain of youth. Prescribing testosterone for age-related deficiency — which is only vaguely defined — took off in 2000. The trend was driven not by solid scientific evidence, but by the introduction of convenient, rub-on testosterone products, the first being Androgel. Many men are put on testosterone with no tests of their levels or despite tests showing normal levels, a study of Medicare claims found."
fakehealth,story_reviews_00179,1,1,0,0.4773328743745058,0.5226671256254942,0.5226671256254942,0.51851344,0.48148662,0.51851344,"Jonathan Lubecky, a Marine Corps and Army veteran, returned from a deployment to Iraq with severe PTSD. His participation in a study of MDMA, the drug commonly known as ecstasy, proved life-saving. (Travis Dove/For The Washington Post) For Jon Lubecky, the scars on his wrists are a reminder of the years he spent in mental purgatory. He returned from an Army deployment in Iraq a broken man. He heard mortar shells and helicopters where there were none. He couldn’t sleep and drank until he passed out. He got every treatment offered by Veterans Affairs for post-traumatic stress disorder. But they didn’t stop him from trying to kill himself — five times. Finally, he signed up for an experimental therapy and was given a little green capsule. The anguish stopped. Inside that pill was the compound MDMA, better known by dealers and partygoers as ecstasy. That street drug is emerging as the most promising tool in years for the military’s escalating PTSD epidemic. The MDMA program was created by a small group of psychedelic researchers who had toiled for years in the face of ridicule, funding shortages and skepticism. But the results have been so positive that this month the Food and Drug Administration deemed it a “breakthrough therapy” — setting it on a fast track for review and potential approval. A dose of MDMA in the office of South Carolina psychiatrist Michael Mithoefer, who has studied its use as a treatment for PTSD. (Travis Dove/For The Washington Post) The prospect of a government-sanctioned psychedelic drug has generated both excitement and concern. And it has opened the door to scientists studying new uses for other illegal psychedelics like LSD and psilocybin (commonly known as magic mushrooms). “We’re in this odd situation where one of the most promising therapies also happens to be a Schedule 1 substance banned by the [Drug Enforcement Administration],” said retired Brig. Gen. Loree Sutton, who until 2010 was the highest-ranking psychiatrist in the U.S. Army. Because of the stigma attached to psychedelics since the trippy 1960s, many military and government leaders still hesitate to embrace them. Some scientists are also wary of the nonprofit spearheading ecstasy therapy, a group with the stated goal of making the banned drugs part of mainstream culture. But the scope and severity of PTSD makes it all irrelevant, said Sutton, who now works as New York City’s commissioner of veteran services. “If this is something that could really save lives, we need to run and not walk toward it. We need to follow the data.” PTSD has been a problem for the military for decades, but America’s recent wars have pushed it to epidemic-level heights. Experts estimate that between 11 and 20 percent of soldiers who served in Iraq or Afghanistan suffer from PTSD. The affliction is typically triggered after experiencing or witnessing violence, including assault and abuse. It has ravaged lives and broken up marriages. It often leaves its victims in sudden panic and prevents them from dealing with the original trauma. And that last symptom is what makes PTSD particularly hard to overcome with traditional talk therapy. Because patients can’t talk about and process the trauma, experts say, it lingers like a poison in their mind. Rick Doblin founded a nonprofit advocating research into the therapeutic use of psychedelic drugs. (Nirvan Mullick) Only two drugs are approved for treating PTSD: Zoloft and Paxil. Both have proved largely ineffective when it comes to veterans, whose cases are especially difficult to resolve because of their prolonged or repeated exposure to combat. “If you’re a combat veteran with multiple tours of duty, the chance of a good response to these drugs is 1 in 3, maybe lower,” said John Krystal, chairman of psychiatry at Yale University and a director at the VA’s National Center for PTSD. “That’s why there’s so much frustration and interest in finding something that works better.” Ecstasy has long been a favorite at trance parties and raves because of its unique ability to flood users with intense feelings of euphoria. But as a byproduct, it also reduces fear and imbues users with a deep sense of love and acceptance of themselves and others — the perfect conditions for trauma therapy. By giving doses of MDMA at the beginning of three, eight-hour therapy sessions, researchers say they have helped chronic PTSD patients process and move past their traumas. In clinical trials with 107 patients closely monitored by the FDA, 61 percent reported major reductions in symptoms — to the point where they no longer fit the criteria for PTSD. Follow-up studies a year later found 67 percent no longer had PTSD. “If you were to design the perfect drug to treat PTSD, MDMA would be it,” said Rick Doblin, who three decades ago founded the California nonprofit behind the clinical trials. It is no accident that the group — the Multidisciplinary Association for Psychedelic Studies (MAPS) — chose PTSD as its argument for ending the government’s ban on psychedelics. “We wanted to help a population that would automatically win public sympathy,” he said. “No one’s going to argue against the need to help them.” Doblin, now 63, talks openly about his own history with drugs. He began tripping on LSD as a rebellious, long-haired college freshman in the 1970s. He says it helped him see the world and himself in new ways. He wanted to become a therapist and use psychedelics to help others achieve similar insights, but he couldn’t because LSD was already banned. “The flaw of the early psychedelic movement was that they made it countercultural, a revolution,” he said. “Culture is dominant. Culture is always going to win.” For a decade, he worked in construction until he came across MDMA for the first time. When the DEA moved to criminalize it in 1984, Doblin created MAPS and sued the agency. The lawsuit failed, and Doblin realized that psychedelics were perceived as too fringe to win public support. To succeed, he decided, both he and the issue had to go mainstream. Doblin talked his way into the public policy PhD program at Harvard University and learned to navigate the federal bureaucracy. He shaved off his mustache, cut his shaggy hair and learned to dress up. “I used to laugh about how simple it was,” he said. “You put on a suit, and suddenly everyone thinks you’re fine.” The external switch reflected an internal one as well. Instead of fighting government officials, he began plotting to win them over, especially those at the FDA. And the key, he realized, was science. Before the FDA would even talk about clinical trials for MDMA, the agency needed proof it wasn’t dangerous. Previous studies suggesting its neurotoxicity had been limited to rats. So in 1986, Doblin scraped together money to buy monkeys for those same researchers, who found the risks to be much less at human-equivalent doses than previously thought. The next step was investigating MDMA’s effects on people. Doblin again raised money to fly psychedelic users he had befriended to Stanford University and Johns Hopkins University for spinal taps. The studies were approved by review boards at both institutions. Doblin also participated, undergoing two spinal taps. In the two decades that followed, Doblin and MAPS inched toward progress. The nonprofit grew from a one-man band to a staff of 25 with headquarters in Santa Cruz. It tapped into the scene in Silicon Valley — where many tech entrepreneurs have used psychedelics to spark creativity. (Steve Jobs famously praised LSD as “one of the two or three most important things I have done in my life.”) MAPS received a $5.5 million bequest from the founder of a software company. The hipster soap company Dr. Bronner’s pledged $5 million. A professional poker player who attributed his wins to microdosing on LSD gave $25,000. Recently, an anonymous $21,000 bitcoin donation came in. Much of that money funded small-scale clinical trials, which laid the groundwork for the last remaining hurdle: Large-scale “phase 3” trials that will begin next year, involving 200 to 300 patients in 14 locations. If those future trials yield similar results, the FDA could approve the MDMA treatment for PTSD as soon as 2021, according to Doblin. Yet his dream extends beyond that. He envisions a future where psychedelic treatment centers are in every city — places people can visit for enhanced couples therapy, spiritual experiences and personal growth. He believes psychedelics can help address the country’s biggest problems, including homelessness, war and global warming. “These drugs are a tool that can make people more compassionate, tolerant, more connected with other humans and the planet itself,” he said. That kind of talk makes many in the medical community nervous. It’s hard to measure the exact dangers of ecstasy. Because it is not used as widely as marijuana or cocaine, for example, fewer statistics are available on overdoses or injuries. In 2011, a public health monitoring system identified 22,498 emergency department visits nationwide related to ecstasy. MDMA researchers point out that one key difference between MDMA and street ecstasy (along with another variant called “molly”) is the street versions often contain other harmful drugs, experts say. Sometimes the pills don’t even contain MDMA. But even in its purest clinical form, MDMA can pose risks. At high doses, it can cause the body to overheat. It can cause anxiety and increase the stress hormone cortisol. Chronic use can also cause memory impairment. “I think it’s a dangerous substance,” said Andrew Parrott, a psychology professor at Swansea University in Wales who spent years researching the drug’s harmful effects. He worries that FDA approval for the treatment of PTSD could lead many in the public to believe ecstasy is safe for recreational use. Other experts, however, have become increasingly intrigued by its promising results. “Anytime you have an organization that is advocating for drugs that are illegal, it marginalizes them in the research field. MAPS still isn’t seen as mainstream. But it’s possible they have a point here,” said Krystal, the Yale psychiatrist, who has not been involved with the group’s research. “I can’t think of a single medication that doesn’t carry some side effect. The question here is whether the benefits outweigh the risk.” For Lubecky, the drug can’t be approved fast enough. The Marine Corps and Army veteran recalls coming home from Iraq in 2006 to discover his wife had left him, sold his motorcycle and taken his dog. That, coupled with the trauma of what he had seen at war, sent him over the edge. On Christmas Eve, he put the muzzle of his Beretta to his temple and pulled the trigger. The gun malfunctioned, he said, “but that microsecond after the hammer fell is when I finally felt at peace because I knew the pain would finally be over.” One incident in Iraq in particular tormented him — a shot he took while protecting his unit. “It was a situation where the right thing to do was the immoral thing,” he said, declining to describe it in detail. “You’re looking through a scope at another human being, and you do one thing and suddenly they don’t exist anymore.” For years he told no one about it. He would panic even thinking about it. After he was accepted into the MDMA clinical trial in South Carolina, he found himself on a futon with two counselors on either side as the effects of the drug sank in. “I was in such a comfortable place,” recalled Lubecky, 40, who now works in Charleston as a political consultant. “I didn’t even realize I was finally talking about it, admitting it for the first time to anybody.” Since then, he said, he has learned to accept what happened in Iraq. And the guilt he now struggles with is the fact he got chosen over others for the clinical trial. “I was the 26th veteran chosen for a 26-person study,” he said. “I have friends who are suffering every day like I was. But they can’t do it because it’s illegal. This could save their lives.” Read more: Onetime party drug hailed as miracle for treating severe depression Key ingredient in ‘magic mushrooms’ eased cancer patients’ fear of death","Ecstasy could be ‘breakthrough’ therapy for soldiers, others suffering from PTSD. Jonathan Lubecky, a Marine Corps and Army veteran, returned from a deployment to Iraq with severe PTSD. His participation in a study of MDMA, the drug commonly known as ecstasy, proved life-saving. (Travis Dove/For The Washington Post) For Jon Lubecky, the scars on his wrists are a reminder of the years he spent in mental purgatory. He returned from an Army deployment in Iraq a broken man. He heard mortar shells and helicopters where there were none. He couldn’t sleep and drank until he passed out. He got every treatment offered by Veterans Affairs for post-traumatic stress disorder. But they didn’t stop him from trying to kill himself — five times. Finally, he signed up for an experimental therapy and was given a little green capsule. The anguish stopped. Inside that pill was the compound MDMA, better known by dealers and partygoers as ecstasy. That street drug is emerging as the most promising tool in years for the military’s escalating PTSD epidemic. The MDMA program was created by a small group of psychedelic researchers who had toiled for years in the face of ridicule, funding shortages and skepticism. But the results have been so positive that this month the Food and Drug Administration deemed it a “breakthrough therapy” — setting it on a fast track for review and potential approval. A dose of MDMA in the office of South Carolina psychiatrist Michael Mithoefer, who has studied its use as a treatment for PTSD. (Travis Dove/For The Washington Post) The prospect of a government-sanctioned psychedelic drug has generated both excitement and concern. And it has opened the door to scientists studying new uses for other illegal psychedelics like LSD and psilocybin (commonly known as magic mushrooms). “We’re in this odd situation where one of the most promising therapies also happens to be a Schedule 1 substance banned by the [Drug Enforcement Administration],” said retired Brig. Gen. Loree Sutton, who until 2010 was the highest-ranking psychiatrist in the U.S. Army. Because of the stigma attached to psychedelics since the trippy 1960s, many military and government leaders still hesitate to embrace them. Some scientists are also wary of the nonprofit spearheading ecstasy therapy, a group with the stated goal of making the banned drugs part of mainstream culture. But the scope and severity of PTSD makes it all irrelevant, said Sutton, who now works as New York City’s commissioner of veteran services. “If this is something that could really save lives, we need to run and not walk toward it. We need to follow the data.” PTSD has been a problem for the military for decades, but America’s recent wars have pushed it to epidemic-level heights. Experts estimate that between 11 and 20 percent of soldiers who served in Iraq or Afghanistan suffer from PTSD. The affliction is typically triggered after experiencing or witnessing violence, including assault and abuse. It has ravaged lives and broken up marriages. It often leaves its victims in sudden panic and prevents them from dealing with the original trauma. And that last symptom is what makes PTSD particularly hard to overcome with traditional talk therapy. Because patients can’t talk about and process the trauma, experts say, it lingers like a poison in their mind. Rick Doblin founded a nonprofit advocating research into the therapeutic use of psychedelic drugs. (Nirvan Mullick) Only two drugs are approved for treating PTSD: Zoloft and Paxil. Both have proved largely ineffective when it comes to veterans, whose cases are especially difficult to resolve because of their prolonged or repeated exposure to combat. “If you’re a combat veteran with multiple tours of duty, the chance of a good response to these drugs is 1 in 3, maybe lower,” said John Krystal, chairman of psychiatry at Yale University and a director at the VA’s National Center for PTSD. “That’s why there’s so much frustration and interest in finding something that works better.” Ecstasy has long been a favorite at trance parties and raves because of its unique ability to flood users with intense feelings of euphoria. But as a byproduct, it also reduces fear and imbues users with a deep sense of love and acceptance of themselves and others — the perfect conditions for trauma therapy. By giving doses of MDMA at the beginning of three, eight-hour therapy sessions, researchers say they have helped chronic PTSD patients process and move past their traumas. In clinical trials with 107 patients closely monitored by the FDA, 61 percent reported major reductions in symptoms — to the point where they no longer fit the criteria for PTSD. Follow-up studies a year later found 67 percent no longer had PTSD. “If you were to design the perfect drug to treat PTSD, MDMA would be it,” said Rick Doblin, who three decades ago founded the California nonprofit behind the clinical trials. It is no accident that the group — the Multidisciplinary Association for Psychedelic Studies (MAPS) — chose PTSD as its argument for ending the government’s ban on psychedelics. “We wanted to help a population that would automatically win public sympathy,” he said. “No one’s going to argue against the need to help them.” Doblin, now 63, talks openly about his own history with drugs. He began tripping on LSD as a rebellious, long-haired college freshman in the 1970s. He says it helped him see the world and himself in new ways. He wanted to become a therapist and use psychedelics to help others achieve similar insights, but he couldn’t because LSD was already banned. “The flaw of the early psychedelic movement was that they made it countercultural, a revolution,” he said. “Culture is dominant. Culture is always going to win.” For a decade, he worked in construction until he came across MDMA for the first time. When the DEA moved to criminalize it in 1984, Doblin created MAPS and sued the agency. The lawsuit failed, and Doblin realized that psychedelics were perceived as too fringe to win public support. To succeed, he decided, both he and the issue had to go mainstream. Doblin talked his way into the public policy PhD program at Harvard University and learned to navigate the federal bureaucracy. He shaved off his mustache, cut his shaggy hair and learned to dress up. “I used to laugh about how simple it was,” he said. “You put on a suit, and suddenly everyone thinks you’re fine.” The external switch reflected an internal one as well. Instead of fighting government officials, he began plotting to win them over, especially those at the FDA. And the key, he realized, was science. Before the FDA would even talk about clinical trials for MDMA, the agency needed proof it wasn’t dangerous. Previous studies suggesting its neurotoxicity had been limited to rats. So in 1986, Doblin scraped together money to buy monkeys for those same researchers, who found the risks to be much less at human-equivalent doses than previously thought. The next step was investigating MDMA’s effects on people. Doblin again raised money to fly psychedelic users he had befriended to Stanford University and Johns Hopkins University for spinal taps. The studies were approved by review boards at both institutions. Doblin also participated, undergoing two spinal taps. In the two decades that followed, Doblin and MAPS inched toward progress. The nonprofit grew from a one-man band to a staff of 25 with headquarters in Santa Cruz. It tapped into the scene in Silicon Valley — where many tech entrepreneurs have used psychedelics to spark creativity. (Steve Jobs famously praised LSD as “one of the two or three most important things I have done in my life.”) MAPS received a $5.5 million bequest from the founder of a software company. The hipster soap company Dr. Bronner’s pledged $5 million. A professional poker player who attributed his wins to microdosing on LSD gave $25,000. Recently, an anonymous $21,000 bitcoin donation came in. Much of that money funded small-scale clinical trials, which laid the groundwork for the last remaining hurdle: Large-scale “phase 3” trials that will begin next year, involving 200 to 300 patients in 14 locations. If those future trials yield similar results, the FDA could approve the MDMA treatment for PTSD as soon as 2021, according to Doblin. Yet his dream extends beyond that. He envisions a future where psychedelic treatment centers are in every city — places people can visit for enhanced couples therapy, spiritual experiences and personal growth. He believes psychedelics can help address the country’s biggest problems, including homelessness, war and global warming. “These drugs are a tool that can make people more compassionate, tolerant, more connected with other humans and the planet itself,” he said. That kind of talk makes many in the medical community nervous. It’s hard to measure the exact dangers of ecstasy. Because it is not used as widely as marijuana or cocaine, for example, fewer statistics are available on overdoses or injuries. In 2011, a public health monitoring system identified 22,498 emergency department visits nationwide related to ecstasy. MDMA researchers point out that one key difference between MDMA and street ecstasy (along with another variant called “molly”) is the street versions often contain other harmful drugs, experts say. Sometimes the pills don’t even contain MDMA. But even in its purest clinical form, MDMA can pose risks. At high doses, it can cause the body to overheat. It can cause anxiety and increase the stress hormone cortisol. Chronic use can also cause memory impairment. “I think it’s a dangerous substance,” said Andrew Parrott, a psychology professor at Swansea University in Wales who spent years researching the drug’s harmful effects. He worries that FDA approval for the treatment of PTSD could lead many in the public to believe ecstasy is safe for recreational use. Other experts, however, have become increasingly intrigued by its promising results. “Anytime you have an organization that is advocating for drugs that are illegal, it marginalizes them in the research field. MAPS still isn’t seen as mainstream. But it’s possible they have a point here,” said Krystal, the Yale psychiatrist, who has not been involved with the group’s research. “I can’t think of a single medication that doesn’t carry some side effect. The question here is whether the benefits outweigh the risk.” For Lubecky, the drug can’t be approved fast enough. The Marine Corps and Army veteran recalls coming home from Iraq in 2006 to discover his wife had left him, sold his motorcycle and taken his dog. That, coupled with the trauma of what he had seen at war, sent him over the edge. On Christmas Eve, he put the muzzle of his Beretta to his temple and pulled the trigger. The gun malfunctioned, he said, “but that microsecond after the hammer fell is when I finally felt at peace because I knew the pain would finally be over.” One incident in Iraq in particular tormented him — a shot he took while protecting his unit. “It was a situation where the right thing to do was the immoral thing,” he said, declining to describe it in detail. “You’re looking through a scope at another human being, and you do one thing and suddenly they don’t exist anymore.” For years he told no one about it. He would panic even thinking about it. After he was accepted into the MDMA clinical trial in South Carolina, he found himself on a futon with two counselors on either side as the effects of the drug sank in. “I was in such a comfortable place,” recalled Lubecky, 40, who now works in Charleston as a political consultant. “I didn’t even realize I was finally talking about it, admitting it for the first time to anybody.” Since then, he said, he has learned to accept what happened in Iraq. And the guilt he now struggles with is the fact he got chosen over others for the clinical trial. “I was the 26th veteran chosen for a 26-person study,” he said. “I have friends who are suffering every day like I was. But they can’t do it because it’s illegal. This could save their lives.” Read more: Onetime party drug hailed as miracle for treating severe depression Key ingredient in ‘magic mushrooms’ eased cancer patients’ fear of death"
fakehealth,story_reviews_00634,0,0,1,0.5312028507046754,0.4687971492953245,0.5312028507046754,0.1542843,0.84571564,0.84571564,"They did so to offer support, but also to spread awareness, because they say too often life and death for someone having a cardiac arrest comes down to chance. If a bystander performs CPR while medics are on their way, survival rates more than double, doctors say.","At gathering, living proof that CPR can save cardiac-arrest victims. They did so to offer support, but also to spread awareness, because they say too often life and death for someone having a cardiac arrest comes down to chance. If a bystander performs CPR while medics are on their way, survival rates more than double, doctors say."
fakehealth,news_reviews_00260,1,1,0,0.4298018607969247,0.5701981392030753,0.5701981392030753,0.50232923,0.4976707,0.50232923,"Newswise — Faced with the negative quality-of-life effects from surgery and radiation treatments for prostate cancer, low risk patients may instead want to consider active surveillance with their physician, according to a study released Tuesday by the Journal of the American Medical Association (JAMA). The Vanderbilt University Medical Center study led by Daniel Barocas, M.D., MPH, associate professor of Urologic Surgery, compared the side effects and outcomes of contemporary treatments for localized prostate cancer with active surveillance in order to guide men with prostate cancer in choosing the best treatment for them. Surgery is considered by some to be the most definitive treatment, and there is evidence from other studies that it has better long-term cancer outcomes than radiation for higher-risk cancers, but it has more sexual and urinary side effects than radiation. “Patients who were treated with surgery or radiation had side effects, while those who were managed with active surveillance, for the most part, did quite well,” Barocas said. “It is best to avoid treatment if you have a prostate cancer that is safe to observe. This is why most doctors recommend ‘active surveillance’ for low-risk cancers,” he said. Three-year survival from prostate cancer was excellent in the study at over 99 percent for patients regardless of whether they chose surgery, radiation or active surveillance. Barocas did caution that prostate cancer tends to be slow growing and patients would need to be followed for 10 years or more to find differences in mortality. “This study shows that, despite technological advances in the treatment of prostate cancer, both surgery and radiation still have a negative effect on quality of life,” said co-author David Penson, M.D., MPH, Paul V. Hamilton, M.D., and Virginia E. Howd Professor of Urologic Oncology and professor and chair of the Department of Urologic Surgery. “Certainly, if a man has low-risk prostate cancer, he should seriously be considering active surveillance as a reasonable way to go,” he said. Erectile dysfunction and urinary incontinence were more common in men treated with surgery than radiation when studied three years after treatment, although the difference in sexual dysfunction was only apparent in patients with excellent baseline function. “Urinary incontinence was reported as a moderate or big problem in 14 percent of men three years after surgery compared to 5 percent of men who had radiation,” Barocas said. “Men who had radiation reported more problems with bowel function and hormone side effects compared to men who had surgery, but these differences were only seen within the first year following treatment,” he said. The authors also reported that: - Surgery was associated with fewer urinary irritative symptoms, like weak urine stream or urinary frequency, compared to active surveillance. - Radiation patients had similar urinary irritative symptoms to men on active surveillance, which is an improvement from previous studies with older radiation techniques. - None of the treatments had an impact on general quality of life, such as the ability to do activities of daily living, emotional health and energy or vitality. Funding for the study was provided by grants 1R01HS019356 and 1R01HS022640 from the Agency for Healthcare Research and Quality; UL1TR000011 to the Vanderbilt Institute of Clinical and Translational Research from the National Center for Advancing Translational Sciences; and 5T32CA106183 from the National Institute of Health and the National Cancer Institute (Dr Tyson). Research reported in this article was partially funded through a Patient-Centered Outcomes Research Institute (PCORI) award CE12-11-4667.","Active Surveillance Preserves Quality of Life for Prostate Cancer Patients. Newswise — Faced with the negative quality-of-life effects from surgery and radiation treatments for prostate cancer, low risk patients may instead want to consider active surveillance with their physician, according to a study released Tuesday by the Journal of the American Medical Association (JAMA). The Vanderbilt University Medical Center study led by Daniel Barocas, M.D., MPH, associate professor of Urologic Surgery, compared the side effects and outcomes of contemporary treatments for localized prostate cancer with active surveillance in order to guide men with prostate cancer in choosing the best treatment for them. Surgery is considered by some to be the most definitive treatment, and there is evidence from other studies that it has better long-term cancer outcomes than radiation for higher-risk cancers, but it has more sexual and urinary side effects than radiation. “Patients who were treated with surgery or radiation had side effects, while those who were managed with active surveillance, for the most part, did quite well,” Barocas said. “It is best to avoid treatment if you have a prostate cancer that is safe to observe. This is why most doctors recommend ‘active surveillance’ for low-risk cancers,” he said. Three-year survival from prostate cancer was excellent in the study at over 99 percent for patients regardless of whether they chose surgery, radiation or active surveillance. Barocas did caution that prostate cancer tends to be slow growing and patients would need to be followed for 10 years or more to find differences in mortality. “This study shows that, despite technological advances in the treatment of prostate cancer, both surgery and radiation still have a negative effect on quality of life,” said co-author David Penson, M.D., MPH, Paul V. Hamilton, M.D., and Virginia E. Howd Professor of Urologic Oncology and professor and chair of the Department of Urologic Surgery. “Certainly, if a man has low-risk prostate cancer, he should seriously be considering active surveillance as a reasonable way to go,” he said. Erectile dysfunction and urinary incontinence were more common in men treated with surgery than radiation when studied three years after treatment, although the difference in sexual dysfunction was only apparent in patients with excellent baseline function. “Urinary incontinence was reported as a moderate or big problem in 14 percent of men three years after surgery compared to 5 percent of men who had radiation,” Barocas said. “Men who had radiation reported more problems with bowel function and hormone side effects compared to men who had surgery, but these differences were only seen within the first year following treatment,” he said. The authors also reported that: - Surgery was associated with fewer urinary irritative symptoms, like weak urine stream or urinary frequency, compared to active surveillance. - Radiation patients had similar urinary irritative symptoms to men on active surveillance, which is an improvement from previous studies with older radiation techniques. - None of the treatments had an impact on general quality of life, such as the ability to do activities of daily living, emotional health and energy or vitality. Funding for the study was provided by grants 1R01HS019356 and 1R01HS022640 from the Agency for Healthcare Research and Quality; UL1TR000011 to the Vanderbilt Institute of Clinical and Translational Research from the National Center for Advancing Translational Sciences; and 5T32CA106183 from the National Institute of Health and the National Cancer Institute (Dr Tyson). Research reported in this article was partially funded through a Patient-Centered Outcomes Research Institute (PCORI) award CE12-11-4667."
fakehealth,story_reviews_00280,1,1,0,0.3192543626103851,0.6807456373896149,0.6807456373896149,0.6526656,0.34733436,0.6526656,"WASHINGTON -- Bacteria live on everyone’s skin, and new research shows some friendly germs produce natural antibiotics that ward off their disease-causing cousins. Now scientists are mixing the good bugs into lotions in hopes of spreading protection. In one early test, those customized creams guarded five patients with a kind of itchy eczema against risky bacteria that were gathering on their cracked skin, researchers reported Wednesday. “It’s boosting the body’s overall immune defenses,” said Dr. Richard Gallo, dermatology chairman at the University of California, San Diego, who is leading the work. End of the road for antibiotics? We share our bodies with trillions of microbes that live on our skin, in our noses, in the gut. This community — what scientists call the microbiome — plays critical roles in whether we stay healthy or become more vulnerable to various diseases. Learning what makes a healthy microbiome is a huge field of research, and already scientists are altering gut bacteria to fight diarrhea-causing infections. Wednesday’s research sheds new light on the skin’s microbiome — suggesting that one day it may be possible to restore the right balance of good bugs to treat skin disorders, too. “It’s a really important paper,” said Dr. Emma Guttman-Yassky of the Icahn School of Medicine at Mount Sinai Hospital in New York, who wasn’t involved with the new research. “It does open a window for a potential new treatment.” Healthy skin harbors a different mix of bacteria than skin damaged by disorders such as atopic dermatitis, the most common form of eczema. Those patches of dry, red, itchy skin are at increased risk of infections, particularly from a worrisome germ known as Staphylococcus aureus. Gallo’s team took a closer look at how microbes in healthy skin might be keeping that bad staph in check. They discovered certain strains of some protective bacteria secrete two “antimicrobial peptides,” a type of natural antibiotic. In lab tests and on the surface of animal skin, those substances could selectively kill Staph aureus, and even a drug-resistant strain known as MRSA, without killing neighboring bacteria like regular antibiotics do, the team reported in the journal Science Translational Medicine. But those good bugs are rare in the skin of people with atopic dermatitis, Gallo said. “People with this type of eczema, for some reason that’s not quite known yet, have a lot of bacteria on the skin but it’s the wrong type of bacteria. They’re not producing the antimicrobials they need,” he explained. Would replenishing the good bugs help? “They’re normal skin bacteria, so we knew they would be safe,” Gallo noted. FDA fast-tracking ""unbelievable"" eczema drug His team tested five volunteers with atopic dermatitis who had Staph aureus growing on their skin’s surface — what’s called colonization — but didn’t have an infection. Researchers culled some of the rare protective bacteria from the volunteers’ skin, grew a larger supply and mixed a dose into an over-the-counter moisturizer. Volunteers had the doctored lotion slathered onto one arm and regular moisturizer on the other. A day later, much of the staph on the treated arms was killed — and in two cases, it was wiped out — compared to the untreated arms, Gallo said. “We’re encouraged that we see the Staph aureus, which we know makes the disease worse, go away,” he said. The study couldn’t address the bigger question of whether exposure to the right mix of protective bacteria might improve atopic dermatitis itself, cautioned Mount Sinai’s Guttman-Yassky. Next-step clinical trials are underway to start testing the effects of longer-term use.","Scientists mix friendly bacteria into lotions to ward off bad germs. WASHINGTON -- Bacteria live on everyone’s skin, and new research shows some friendly germs produce natural antibiotics that ward off their disease-causing cousins. Now scientists are mixing the good bugs into lotions in hopes of spreading protection. In one early test, those customized creams guarded five patients with a kind of itchy eczema against risky bacteria that were gathering on their cracked skin, researchers reported Wednesday. “It’s boosting the body’s overall immune defenses,” said Dr. Richard Gallo, dermatology chairman at the University of California, San Diego, who is leading the work. End of the road for antibiotics? We share our bodies with trillions of microbes that live on our skin, in our noses, in the gut. This community — what scientists call the microbiome — plays critical roles in whether we stay healthy or become more vulnerable to various diseases. Learning what makes a healthy microbiome is a huge field of research, and already scientists are altering gut bacteria to fight diarrhea-causing infections. Wednesday’s research sheds new light on the skin’s microbiome — suggesting that one day it may be possible to restore the right balance of good bugs to treat skin disorders, too. “It’s a really important paper,” said Dr. Emma Guttman-Yassky of the Icahn School of Medicine at Mount Sinai Hospital in New York, who wasn’t involved with the new research. “It does open a window for a potential new treatment.” Healthy skin harbors a different mix of bacteria than skin damaged by disorders such as atopic dermatitis, the most common form of eczema. Those patches of dry, red, itchy skin are at increased risk of infections, particularly from a worrisome germ known as Staphylococcus aureus. Gallo’s team took a closer look at how microbes in healthy skin might be keeping that bad staph in check. They discovered certain strains of some protective bacteria secrete two “antimicrobial peptides,” a type of natural antibiotic. In lab tests and on the surface of animal skin, those substances could selectively kill Staph aureus, and even a drug-resistant strain known as MRSA, without killing neighboring bacteria like regular antibiotics do, the team reported in the journal Science Translational Medicine. But those good bugs are rare in the skin of people with atopic dermatitis, Gallo said. “People with this type of eczema, for some reason that’s not quite known yet, have a lot of bacteria on the skin but it’s the wrong type of bacteria. They’re not producing the antimicrobials they need,” he explained. Would replenishing the good bugs help? “They’re normal skin bacteria, so we knew they would be safe,” Gallo noted. FDA fast-tracking ""unbelievable"" eczema drug His team tested five volunteers with atopic dermatitis who had Staph aureus growing on their skin’s surface — what’s called colonization — but didn’t have an infection. Researchers culled some of the rare protective bacteria from the volunteers’ skin, grew a larger supply and mixed a dose into an over-the-counter moisturizer. Volunteers had the doctored lotion slathered onto one arm and regular moisturizer on the other. A day later, much of the staph on the treated arms was killed — and in two cases, it was wiped out — compared to the untreated arms, Gallo said. “We’re encouraged that we see the Staph aureus, which we know makes the disease worse, go away,” he said. The study couldn’t address the bigger question of whether exposure to the right mix of protective bacteria might improve atopic dermatitis itself, cautioned Mount Sinai’s Guttman-Yassky. Next-step clinical trials are underway to start testing the effects of longer-term use."
fakehealth,story_reviews_00270,0,0,1,0.7069750081493635,0.2930249918506365,0.7069750081493635,0.43661436,0.5633856,0.5633856,"(Reuters Health) - Improvement or worsening of chest pain symptoms and quality of life after a CT scan of the heart may depend on what the scan finds, a large study suggests. Siemens logo is pictured on a CT scan in the manufacturing plant of Siemens Healthineers in Forchheim near Nuremberg, Germany, October 7, 2016. REUTERS/Michaela Rehle People who have coronary artery disease ruled out by the scan benefit, and so do those with severe blockages diagnosed, while those who have moderate artery disease confirmed may only become more anxious after the scan, researchers found. Computed tomography coronary angiography (CTCA), is a high-resolution X-ray of the heart that can be used to diagnose the reason for angina, or chest pain, symptoms and clarify what other treatments might be needed. “Patients with normal coronary arteries or those with severe coronary artery disease seemed to get the most benefit in quality of life and did best,” senior study author Dr. David E. Newby from University/BHF Center for Cardiovascular Science in Edinburgh, told Reuters Health. “This suggests that being reassured that all is normal is highly valued by patients and CTCA really helps provide this reassurance. Conversely, knowing the cause of your symptoms is due to coronary heart disease and patients undergo treatment for it, is also very helpful,” he said by email. Although getting CTCA is associated with a lower likelihood of having a heart attack later on, its effects on symptoms and quality of life may vary, the researchers note in the journal Heart. Newby and his team assessed how CTCA affected symptoms and quality of life six weeks and six months after the scan for 4,146 patients with suspected angina due to coronary heart disease. When the CTCA results revealed something less than a blockage, so-called nonobstructive disease, as the cause for the patient’s chest pain, patients’ quality of life got worse in the following weeks and months. This reflects the fact that the cause of the symptoms had been unknown before and in addition they now have heart artery disease that needs treatment, Newby said. The findings were similar when it came to changes in symptoms during follow-up. Improvements in symptoms were greatest in patients diagnosed with normal coronary arteries or who had their medications discontinued and least in those with moderate nonobstructive disease or who received new prescriptions. “Although CTCA removes diagnostic uncertainty and halves the rate of subsequent heart attacks, quality of life can be negatively impacted in those who are worried about their health and are found to have nonobstructive coronary artery disease,” Newby said. “Much like screening tests for cancer, being told you have heart disease does not make the patient feel better,” he added. If a doctor is faced with a patient who is already on an aspirin and statin with an unconfirmed and questionable clinical diagnosis of angina due to coronary heart disease, he said, then CTCA would be useful because finding normal heart anatomy means that more invasive testing can be avoided, treatment could be stopped and quality of life improved. “If, however, a patient presents with atypical symptoms and is on no therapy, then the clinician needs to discuss with the patient the implications of potential CTCA findings, including nonobstructive disease that would mandate life-long preventative therapy,” Newby said. “Certainly, this is something we now discuss in more detail with our patients, some of whom have declined CTCA.” “It was striking for me that health status was very much related to receiving a (treatable) diagnosis or excluding such a diagnosis, rather than experiencing angina symptoms per se,” said Dr. Paula M. C. Mommersteeg from the Center of Research on Psychology in Somatic Diseases, Tilburg University, The Netherlands, who has investigated associations between personality traits and coronary artery disease symptoms. “In my opinion, CTCA does have added value in the diagnostic process (improved decision making), it is less invasive than coronary angiography (CAG), and can provide more clarity in the cardiac symptoms experienced by patients,” Mommersteeg concluded. SOURCE: bit.ly/2lEdxAV Heart, online February 28, 2017.","Quality of life after heart CT scan depends on results. (Reuters Health) - Improvement or worsening of chest pain symptoms and quality of life after a CT scan of the heart may depend on what the scan finds, a large study suggests. Siemens logo is pictured on a CT scan in the manufacturing plant of Siemens Healthineers in Forchheim near Nuremberg, Germany, October 7, 2016. REUTERS/Michaela Rehle People who have coronary artery disease ruled out by the scan benefit, and so do those with severe blockages diagnosed, while those who have moderate artery disease confirmed may only become more anxious after the scan, researchers found. Computed tomography coronary angiography (CTCA), is a high-resolution X-ray of the heart that can be used to diagnose the reason for angina, or chest pain, symptoms and clarify what other treatments might be needed. “Patients with normal coronary arteries or those with severe coronary artery disease seemed to get the most benefit in quality of life and did best,” senior study author Dr. David E. Newby from University/BHF Center for Cardiovascular Science in Edinburgh, told Reuters Health. “This suggests that being reassured that all is normal is highly valued by patients and CTCA really helps provide this reassurance. Conversely, knowing the cause of your symptoms is due to coronary heart disease and patients undergo treatment for it, is also very helpful,” he said by email. Although getting CTCA is associated with a lower likelihood of having a heart attack later on, its effects on symptoms and quality of life may vary, the researchers note in the journal Heart. Newby and his team assessed how CTCA affected symptoms and quality of life six weeks and six months after the scan for 4,146 patients with suspected angina due to coronary heart disease. When the CTCA results revealed something less than a blockage, so-called nonobstructive disease, as the cause for the patient’s chest pain, patients’ quality of life got worse in the following weeks and months. This reflects the fact that the cause of the symptoms had been unknown before and in addition they now have heart artery disease that needs treatment, Newby said. The findings were similar when it came to changes in symptoms during follow-up. Improvements in symptoms were greatest in patients diagnosed with normal coronary arteries or who had their medications discontinued and least in those with moderate nonobstructive disease or who received new prescriptions. “Although CTCA removes diagnostic uncertainty and halves the rate of subsequent heart attacks, quality of life can be negatively impacted in those who are worried about their health and are found to have nonobstructive coronary artery disease,” Newby said. “Much like screening tests for cancer, being told you have heart disease does not make the patient feel better,” he added. If a doctor is faced with a patient who is already on an aspirin and statin with an unconfirmed and questionable clinical diagnosis of angina due to coronary heart disease, he said, then CTCA would be useful because finding normal heart anatomy means that more invasive testing can be avoided, treatment could be stopped and quality of life improved. “If, however, a patient presents with atypical symptoms and is on no therapy, then the clinician needs to discuss with the patient the implications of potential CTCA findings, including nonobstructive disease that would mandate life-long preventative therapy,” Newby said. “Certainly, this is something we now discuss in more detail with our patients, some of whom have declined CTCA.” “It was striking for me that health status was very much related to receiving a (treatable) diagnosis or excluding such a diagnosis, rather than experiencing angina symptoms per se,” said Dr. Paula M. C. Mommersteeg from the Center of Research on Psychology in Somatic Diseases, Tilburg University, The Netherlands, who has investigated associations between personality traits and coronary artery disease symptoms. “In my opinion, CTCA does have added value in the diagnostic process (improved decision making), it is less invasive than coronary angiography (CAG), and can provide more clarity in the cardiac symptoms experienced by patients,” Mommersteeg concluded. SOURCE: bit.ly/2lEdxAV Heart, online February 28, 2017."
fakehealth,story_reviews_00481,0,0,1,0.54340918098194,0.45659081901806,0.54340918098194,0.47816876,0.5218312,0.5218312,"Ten-year-old Mallory Oakes loves to read – in fact, she has been doing it since before she was 2 years old. Her mother knew she had a gifted child, but those gifts would not come without challenges. “I think I knew from very early on that she was different, but she was my first child, so I figured anything that I saw, there was a chance that she would grow out of it,” Amy Oakes told FoxNews.com. “She would wake up in the middle of the night with night terrors at a very young age, she stopped napping around 15 months … any type of change in our schedule could set off an epic tantrum.” Oakes didn’t know it then, but her daughter Mallory was one of more than 10 percent of American children living with attention deficit hyperactivity disorder (ADHD) “She was diagnosed in first grade after there were some difficulties in the classroom,” Amy said. “But there were other components to it -- there was oppositional defiant disorder, there were some [autism] spectrum-like behaviors, and difficulty later on socializing with other children.” Oppositional defiant disorder is one of the most common conditions linked to ADHD in children and is characterized by anger, tantrums, opposition to authority and, sometimes, aggressive behavior. For Mallory, the disorder led to a pattern of epic meltdowns which left Amy reeling— and willing to try anything to control them. “Initially, I tried a number of different things -- different kinds of therapies; art therapies. I took her to somebody who supposedly could heal through touch,” she said. “We tried some medication therapies that ended up being really a nightmare for us, and making matters worse.” Medication is often the first line of defense in conventional medicine for kids with ADD and ADHD, with doctors prescribing everything from stimulants to antipsychotics and even antidepressants to help control the symptoms. The spectrum of ADHD and related disorders is broad, and there is no one-size-fits-all treatment. “There were times I remember saying to my husband that her behaviors are holding our family hostage because it could be one meltdown a day, it could be five meltdowns a day,” Amy said. “She couldn't do anything to stop it, and I really began to realize that her brain wouldn't let her, even if she wanted to be good, her brain wasn't allowing her to.” Mallory’s oppositional behavior reached a fever pitch when the family moved from their home in Hoboken, N.J. to the suburb of Glen Rock, N.J. in 2014. “She wasn't able to attend mainstream school anymore and the school that we ended up putting her in was an end-of-the-road school … in my mind, it was not a place where she belonged,” Amy said. Desperate for a solution, Amy started searching for success stories about kids like Mallory who had been helped by different therapies. That’s when she found the Brain Balance Achievement Center in Allendale, N.J. “We went in for the assessment and her behaviors at the assessment were really terrible,” Amy said. “I thought we weren't going to get accepted to the program, and they told us they could help us and we never looked back.” The specialized learning centers, of which there are now 80 throughout the country, were developed by Dr. Robert Melillo, a neurology researcher and author of the book “Disconnected Kids,” to help balance the brains of kids with learning disorders, like Mallory. “What thinking really is is really coordinating different networks in the brain so that we can bring all of those networks together at one time,” Melillo told FoxNews.com. “And if [kids] have poor coordination in their body, they often have poor coordination in their brain -- poor coordination between their networks -- so they can't bring all these networks together to learn in the most optimal way.” The program uses a combination of sensory motor (physical) exercises and academic learning to help stimulate and strengthen the parts of the brain responsible for certain disorders. “If you get a child who has really strong left brain and delayed right brain, those are kids that may be labeled with attentional problems or behavioral problems or social issues,” Melillo said. “The easiest way to get their brain to become coordinated is by making their body coordinated, so a large part of what we're doing is this sensory motor interaction, building their muscle tone, building their strength, building their body spatial awareness.” The program also incorporates what Melillo calls “bionutritional” guidelines to make sure children are getting the proper nutrition for optimal learning. Parents are a big part of the learning experience and are tasked with at-home exercises to do with their kids. Mallory attended the Brain Balance Achievement Center three times a week after school for three months at a time, starting in November 2014. She has since gone on to complete two more cycles of Brain Balance learning and no longer takes medication to manage her condition. “She's playing on the basketball team now, she's involved in theatre -- things that she wasn't able to do because her behaviors prohibited her from doing them,” Amy said. “I really felt very hopeless, before we found Brain Balance, so the fact that I just have hopes for her now is a beautiful thing, and I think she can do anything she wants to do.” For more information, visit BrainBalanceCenters.com.","When medication doesn't work: Innovative program eases ADHD symptoms naturally. Ten-year-old Mallory Oakes loves to read – in fact, she has been doing it since before she was 2 years old. Her mother knew she had a gifted child, but those gifts would not come without challenges. “I think I knew from very early on that she was different, but she was my first child, so I figured anything that I saw, there was a chance that she would grow out of it,” Amy Oakes told FoxNews.com. “She would wake up in the middle of the night with night terrors at a very young age, she stopped napping around 15 months … any type of change in our schedule could set off an epic tantrum.” Oakes didn’t know it then, but her daughter Mallory was one of more than 10 percent of American children living with attention deficit hyperactivity disorder (ADHD) “She was diagnosed in first grade after there were some difficulties in the classroom,” Amy said. “But there were other components to it -- there was oppositional defiant disorder, there were some [autism] spectrum-like behaviors, and difficulty later on socializing with other children.” Oppositional defiant disorder is one of the most common conditions linked to ADHD in children and is characterized by anger, tantrums, opposition to authority and, sometimes, aggressive behavior. For Mallory, the disorder led to a pattern of epic meltdowns which left Amy reeling— and willing to try anything to control them. “Initially, I tried a number of different things -- different kinds of therapies; art therapies. I took her to somebody who supposedly could heal through touch,” she said. “We tried some medication therapies that ended up being really a nightmare for us, and making matters worse.” Medication is often the first line of defense in conventional medicine for kids with ADD and ADHD, with doctors prescribing everything from stimulants to antipsychotics and even antidepressants to help control the symptoms. The spectrum of ADHD and related disorders is broad, and there is no one-size-fits-all treatment. “There were times I remember saying to my husband that her behaviors are holding our family hostage because it could be one meltdown a day, it could be five meltdowns a day,” Amy said. “She couldn't do anything to stop it, and I really began to realize that her brain wouldn't let her, even if she wanted to be good, her brain wasn't allowing her to.” Mallory’s oppositional behavior reached a fever pitch when the family moved from their home in Hoboken, N.J. to the suburb of Glen Rock, N.J. in 2014. “She wasn't able to attend mainstream school anymore and the school that we ended up putting her in was an end-of-the-road school … in my mind, it was not a place where she belonged,” Amy said. Desperate for a solution, Amy started searching for success stories about kids like Mallory who had been helped by different therapies. That’s when she found the Brain Balance Achievement Center in Allendale, N.J. “We went in for the assessment and her behaviors at the assessment were really terrible,” Amy said. “I thought we weren't going to get accepted to the program, and they told us they could help us and we never looked back.” The specialized learning centers, of which there are now 80 throughout the country, were developed by Dr. Robert Melillo, a neurology researcher and author of the book “Disconnected Kids,” to help balance the brains of kids with learning disorders, like Mallory. “What thinking really is is really coordinating different networks in the brain so that we can bring all of those networks together at one time,” Melillo told FoxNews.com. “And if [kids] have poor coordination in their body, they often have poor coordination in their brain -- poor coordination between their networks -- so they can't bring all these networks together to learn in the most optimal way.” The program uses a combination of sensory motor (physical) exercises and academic learning to help stimulate and strengthen the parts of the brain responsible for certain disorders. “If you get a child who has really strong left brain and delayed right brain, those are kids that may be labeled with attentional problems or behavioral problems or social issues,” Melillo said. “The easiest way to get their brain to become coordinated is by making their body coordinated, so a large part of what we're doing is this sensory motor interaction, building their muscle tone, building their strength, building their body spatial awareness.” The program also incorporates what Melillo calls “bionutritional” guidelines to make sure children are getting the proper nutrition for optimal learning. Parents are a big part of the learning experience and are tasked with at-home exercises to do with their kids. Mallory attended the Brain Balance Achievement Center three times a week after school for three months at a time, starting in November 2014. She has since gone on to complete two more cycles of Brain Balance learning and no longer takes medication to manage her condition. “She's playing on the basketball team now, she's involved in theatre -- things that she wasn't able to do because her behaviors prohibited her from doing them,” Amy said. “I really felt very hopeless, before we found Brain Balance, so the fact that I just have hopes for her now is a beautiful thing, and I think she can do anything she wants to do.” For more information, visit BrainBalanceCenters.com."
fakehealth,story_reviews_01236,0,0,1,0.5846862116433875,0.4153137883566125,0.5846862116433875,0.49399343,0.50600654,0.50600654,"“We have found many of the same results,” said Dr. Hamill, professor of kinesiology and the director of the university’s biomechanics laboratory. “I guess the main thing to note is that, as biomechanists, we really do not know how orthotics work.” Orthotists say Dr. Nigg’s sweeping statement does not take into account the benefits their patients perceive. The key measure of success, said Jeffrey P. Wensman, director of clinical and technical services at the Orthotics and Prosthetics Center at the University of Michigan, is that patients feel better. “The vast majority of our patients are happier having them than not,” he said about orthotics that are inserted in shoes. Seamus Kennedy, president and co-owner of Hersco Ortho Labs in New York, said there was an abundance of evidence — hundreds of published papers — that orthotics can treat and prevent “mechanically induced foot problems,” leading to common injuries like knee pain, shinsplints and pain along the bottom of the foot. “Orthotics do work,” Mr. Kennedy said. “But choosing the right one requires a great deal of care.” Yet Scott D. Cummings, president of the American Academy of Orthotists and Prosthetists, says the trade is only now moving toward becoming a science. So far, most of the focus in that direction has been on rigorously assessing orthotics and prosthetics for other conditions, like scoliosis, with less work on shoe orthotics for otherwise healthy athletes. Advertisement Continue reading the main story “Anecdotally, we know what designs work and what designs don’t work” for foot orthotics, said Mr. Cummings, who is an orthotist and prosthetist at Next Step in Manchester, N.H. But when it comes to science and rigorous studies, he added, “comparatively, there isn’t a whole lot of evidence out there.” Dr. Nigg would agree. In his studies, he found there was no way to predict the effect of a given orthotic. Consider, for example, an insert that pushes the foot away from a pronated position, or rotated excessively outward. You might think it would have the same effect on everyone who pronates, but it does not. One person might respond by increasing the stress on the outside of the foot, another on the inside. Another might not respond at all, unconsciously correcting the orthotic’s correction. “That’s the first problem we have,” Dr. Nigg said. “If you do something to a shoe, different people will react differently.” The next problem is that there may be little agreement among orthotics makers about what sort of insert to prescribe. In one study discussed in his new book, “Biomechanics of Sport Shoes,” Dr. Nigg sent a talented distance runner to five certified orthotics makers. Each made a different type of insert to “correct” his pronation. The athlete wore each set of orthotics for three days and then ran 10 kilometers, about 6 miles. He liked two of the orthotics and ran faster with them than with the other three. But the construction of the two he liked was completely different. Newsletter Sign Up Continue reading the main story Please verify you're not a robot by clicking the box. Invalid email address. Please re-enter. You must select a newsletter to subscribe to. Sign Up You will receive emails containing news content , updates and promotions from The New York Times. You may opt-out at any time. You agree to receive occasional updates and special offers for The New York Times's products and services. Thank you for subscribing. An error has occurred. Please try again later. View all New York Times newsletters. Then what, Dr. Nigg asked in series of studies, do orthotics actually do? They turn out to have little effect on kinematics — the actual movement of the skeleton during a run. But they can have large effects on muscles and joints, often making muscles work as much as 50 percent harder for the same movement and increasing stress on joints by a similar amount. As for “corrective” orthotics, he says, they do not correct so much as lead to a reduction in muscle strength. Advertisement Continue reading the main story In one recent review of published papers, Dr. Nigg and his colleagues analyzed studies on orthotics and injury prevention. Nearly all published studies, they report, lacked scientific rigor. For example, they did not include groups that, for comparison, did not receive orthotics. Or they discounted people who dropped out of the study, even though dropouts are often those who are not benefiting from a treatment. Being generous about studies with design flaws that could overstate effects, Dr. Nigg and his colleagues concluded that custom-made orthotics could help prevent and treat plantar fasciitis, a common injury to a tendon at the bottom of the foot, and stress fractures of the tibia, along the shin. They added, though, that the research was inadequate for them to have confidence in those conclusions. Dr. Nigg also did his own study with 240 Canadian soldiers. Half of them got inserts and the others, for comparison, did not. Those who got inserts had a choice of six different types that did different things to foot positioning. Each man chose the insert he found most comfortable and wore it for four months. The men selected five of the six inserts with equal frequency. The findings were somewhat puzzling: While the group that used inserts had about half as many injuries — defined as pain that kept them from exercising for at least half a day — there was no obvious relation between the insert a soldier chose and his biomechanics without it. That’s why Dr. Nigg says for now it is difficult to figure out which orthotic will help an individual. The only indication seems to be that a comfortable orthotic might be better than none at all, at least for the activities of people in the military. So where does this leave people like Jason Stallman, my friend and colleague at The New York Times? Jason has perfectly flat feet — no arch. He got his first pair of orthotics at 12 or 13 and has worn orthotics all the time, for walking and running ever since. About a year ago he decided to try going without them in his everyday life; he still wears them when he runs. Every medical specialist Jason has seen tried to correct his flat feet, but with little agreement on how to do it. Advertisement Continue reading the main story Every new podiatrist or orthopedist, he told me, would invariably look at his orthotics and say: “Oh, these aren’t any good. The lab I use makes much better ones. Your injury is probably linked to these poor-fitting orthotics.” So he tried different orthotic styles, different materials, different orthotics labs with every new doctor. That is a typical story, Dr. Nigg says. In fact, he adds, there is no need to “correct” a flat foot. All Jason needs to do is strengthen his foot and ankle muscles and then try running without orthotics. Dr. Nigg says he always wondered what was wrong with having flat feet. Arches, he explains, are an evolutionary remnant, needed by primates that gripped trees with their feet. “Since we don’t do that anymore, we don’t really need an arch,” he wrote in an e-mail. “Why would we? For landing — no need. For the stance phase — no need. For the takeoff phase — no need. Thus a flat foot is not something that is bad per se.” So why shouldn’t Jason — or anyone, for that matter — just go to a store and buy whatever shoe feels good, without worrying about “correcting” a perceived biomechanical defect? “That is exactly what you should do,” Dr. Nigg replied.","Orthotic Shoe Inserts May Work, but It’s Not Clear Why. “We have found many of the same results,” said Dr. Hamill, professor of kinesiology and the director of the university’s biomechanics laboratory. “I guess the main thing to note is that, as biomechanists, we really do not know how orthotics work.” Orthotists say Dr. Nigg’s sweeping statement does not take into account the benefits their patients perceive. The key measure of success, said Jeffrey P. Wensman, director of clinical and technical services at the Orthotics and Prosthetics Center at the University of Michigan, is that patients feel better. “The vast majority of our patients are happier having them than not,” he said about orthotics that are inserted in shoes. Seamus Kennedy, president and co-owner of Hersco Ortho Labs in New York, said there was an abundance of evidence — hundreds of published papers — that orthotics can treat and prevent “mechanically induced foot problems,” leading to common injuries like knee pain, shinsplints and pain along the bottom of the foot. “Orthotics do work,” Mr. Kennedy said. “But choosing the right one requires a great deal of care.” Yet Scott D. Cummings, president of the American Academy of Orthotists and Prosthetists, says the trade is only now moving toward becoming a science. So far, most of the focus in that direction has been on rigorously assessing orthotics and prosthetics for other conditions, like scoliosis, with less work on shoe orthotics for otherwise healthy athletes. Advertisement Continue reading the main story “Anecdotally, we know what designs work and what designs don’t work” for foot orthotics, said Mr. Cummings, who is an orthotist and prosthetist at Next Step in Manchester, N.H. But when it comes to science and rigorous studies, he added, “comparatively, there isn’t a whole lot of evidence out there.” Dr. Nigg would agree. In his studies, he found there was no way to predict the effect of a given orthotic. Consider, for example, an insert that pushes the foot away from a pronated position, or rotated excessively outward. You might think it would have the same effect on everyone who pronates, but it does not. One person might respond by increasing the stress on the outside of the foot, another on the inside. Another might not respond at all, unconsciously correcting the orthotic’s correction. “That’s the first problem we have,” Dr. Nigg said. “If you do something to a shoe, different people will react differently.” The next problem is that there may be little agreement among orthotics makers about what sort of insert to prescribe. In one study discussed in his new book, “Biomechanics of Sport Shoes,” Dr. Nigg sent a talented distance runner to five certified orthotics makers. Each made a different type of insert to “correct” his pronation. The athlete wore each set of orthotics for three days and then ran 10 kilometers, about 6 miles. He liked two of the orthotics and ran faster with them than with the other three. But the construction of the two he liked was completely different. Newsletter Sign Up Continue reading the main story Please verify you're not a robot by clicking the box. Invalid email address. Please re-enter. You must select a newsletter to subscribe to. Sign Up You will receive emails containing news content , updates and promotions from The New York Times. You may opt-out at any time. You agree to receive occasional updates and special offers for The New York Times's products and services. Thank you for subscribing. An error has occurred. Please try again later. View all New York Times newsletters. Then what, Dr. Nigg asked in series of studies, do orthotics actually do? They turn out to have little effect on kinematics — the actual movement of the skeleton during a run. But they can have large effects on muscles and joints, often making muscles work as much as 50 percent harder for the same movement and increasing stress on joints by a similar amount. As for “corrective” orthotics, he says, they do not correct so much as lead to a reduction in muscle strength. Advertisement Continue reading the main story In one recent review of published papers, Dr. Nigg and his colleagues analyzed studies on orthotics and injury prevention. Nearly all published studies, they report, lacked scientific rigor. For example, they did not include groups that, for comparison, did not receive orthotics. Or they discounted people who dropped out of the study, even though dropouts are often those who are not benefiting from a treatment. Being generous about studies with design flaws that could overstate effects, Dr. Nigg and his colleagues concluded that custom-made orthotics could help prevent and treat plantar fasciitis, a common injury to a tendon at the bottom of the foot, and stress fractures of the tibia, along the shin. They added, though, that the research was inadequate for them to have confidence in those conclusions. Dr. Nigg also did his own study with 240 Canadian soldiers. Half of them got inserts and the others, for comparison, did not. Those who got inserts had a choice of six different types that did different things to foot positioning. Each man chose the insert he found most comfortable and wore it for four months. The men selected five of the six inserts with equal frequency. The findings were somewhat puzzling: While the group that used inserts had about half as many injuries — defined as pain that kept them from exercising for at least half a day — there was no obvious relation between the insert a soldier chose and his biomechanics without it. That’s why Dr. Nigg says for now it is difficult to figure out which orthotic will help an individual. The only indication seems to be that a comfortable orthotic might be better than none at all, at least for the activities of people in the military. So where does this leave people like Jason Stallman, my friend and colleague at The New York Times? Jason has perfectly flat feet — no arch. He got his first pair of orthotics at 12 or 13 and has worn orthotics all the time, for walking and running ever since. About a year ago he decided to try going without them in his everyday life; he still wears them when he runs. Every medical specialist Jason has seen tried to correct his flat feet, but with little agreement on how to do it. Advertisement Continue reading the main story Every new podiatrist or orthopedist, he told me, would invariably look at his orthotics and say: “Oh, these aren’t any good. The lab I use makes much better ones. Your injury is probably linked to these poor-fitting orthotics.” So he tried different orthotic styles, different materials, different orthotics labs with every new doctor. That is a typical story, Dr. Nigg says. In fact, he adds, there is no need to “correct” a flat foot. All Jason needs to do is strengthen his foot and ankle muscles and then try running without orthotics. Dr. Nigg says he always wondered what was wrong with having flat feet. Arches, he explains, are an evolutionary remnant, needed by primates that gripped trees with their feet. “Since we don’t do that anymore, we don’t really need an arch,” he wrote in an e-mail. “Why would we? For landing — no need. For the stance phase — no need. For the takeoff phase — no need. Thus a flat foot is not something that is bad per se.” So why shouldn’t Jason — or anyone, for that matter — just go to a store and buy whatever shoe feels good, without worrying about “correcting” a perceived biomechanical defect? “That is exactly what you should do,” Dr. Nigg replied."
fakehealth,story_reviews_01635,0,0,1,0.518841651744483,0.4811583482555169,0.518841651744483,0.24334061,0.7566594,0.7566594,"Feb. 22, 2010 -- Acupuncture may be an effective way to reduce depression during pregnancy, a new study shows. Many pregnant women who have symptoms of depression worry that taking antidepressants might harm their unborn babies -- so they stop taking their medications, say researchers at the Stanford University School of Medicine. Acupuncture might be a useful alternative, they say, because a study of pregnant women shows that the procedure works in reducing depressive symptoms better than other non-pharmacological techniques. The study included 150 pregnant women diagnosed with major depressive disorder. Some received depression-specific acupuncture treatments, others had needles inserted in acupuncture points not known to relieve depression, and a third group received massage therapy. All of the women received therapy for eight weeks and were interviewed at the four- and eight-week marks by someone who did not know which treatment they were getting. The researchers say 63% of the women who received depression-specific acupuncture reported a significant reduction in symptoms, compared to 44% of women in the other two groups combined. Remission rates were not significantly lower in the depression-specific acupuncture group compared to the other two groups. ""I hope that people will respect the rigorous methodology used in this blinded, randomized, controlled trial and accept the result,"" study researcher Deirdre Lyell, MD, assistant professor of obstetrics and gynecology at Stanford University School of Medicine, says in a news release. Given that so many depressed women are reluctant to take antidepressants during pregnancy, ""it's important to find an alternative,"" study researcher Rachel Manber, PhD, professor of psychiatry and behavioral sciences at Stanford, says in the news release. Lyell says treatment of depression during pregnancy ""is critically important so that a woman can maintain her sense of well-being and take good care of herself, her fetus, and someday, her child."" The researchers say up to 14% of pregnant women may suffer from depression. The study is published in the March issue of Obstetrics & Gynecology.","Acupuncture Eases Depression in Pregnancy. Feb. 22, 2010 -- Acupuncture may be an effective way to reduce depression during pregnancy, a new study shows. Many pregnant women who have symptoms of depression worry that taking antidepressants might harm their unborn babies -- so they stop taking their medications, say researchers at the Stanford University School of Medicine. Acupuncture might be a useful alternative, they say, because a study of pregnant women shows that the procedure works in reducing depressive symptoms better than other non-pharmacological techniques. The study included 150 pregnant women diagnosed with major depressive disorder. Some received depression-specific acupuncture treatments, others had needles inserted in acupuncture points not known to relieve depression, and a third group received massage therapy. All of the women received therapy for eight weeks and were interviewed at the four- and eight-week marks by someone who did not know which treatment they were getting. The researchers say 63% of the women who received depression-specific acupuncture reported a significant reduction in symptoms, compared to 44% of women in the other two groups combined. Remission rates were not significantly lower in the depression-specific acupuncture group compared to the other two groups. ""I hope that people will respect the rigorous methodology used in this blinded, randomized, controlled trial and accept the result,"" study researcher Deirdre Lyell, MD, assistant professor of obstetrics and gynecology at Stanford University School of Medicine, says in a news release. Given that so many depressed women are reluctant to take antidepressants during pregnancy, ""it's important to find an alternative,"" study researcher Rachel Manber, PhD, professor of psychiatry and behavioral sciences at Stanford, says in the news release. Lyell says treatment of depression during pregnancy ""is critically important so that a woman can maintain her sense of well-being and take good care of herself, her fetus, and someday, her child."" The researchers say up to 14% of pregnant women may suffer from depression. The study is published in the March issue of Obstetrics & Gynecology."
fakehealth,story_reviews_00283,1,1,0,0.1856779652093846,0.8143220347906154,0.8143220347906154,0.64267236,0.35732764,0.64267236,"People with psoriasis who haven’t seen improvement with standard treatments now have a new option. The Food and Drug Administration (FDA) has approved the injectable drug Siliq (broadalumab) for the treatment of moderate-to-severe plaque psoriasis in adults. Because of an association with suicidal thoughts and behaviors, Siliq will be sold with a “black box” warning and should be considered only for patients whose psoriasis has not responded—or has stopped responding—to phototherapy or to other systemic medicines taken orally or via injection. Plaque psoriasis is an autoimmune condition that causes cells to build up on the surface of the skin, forming thick red patches and flaky silver-white scales. Current treatment options for psoriasis include topical treatments (like corticosteroids) phototherapy (using an ultraviolet light box or a laser) and systemic drugs—delivered via a pill, an injection or an IV infusion—that work throughout the body. Siliq is unique because it binds to the receptor of a protein called interleukin-17, a known contributor to inflammation. By blocking the receptor from being activated, it keeps the body from receiving signals that can fuel inflammatory responses and psoriasis progression. Two other psoriasis drugs currently on the market work similarly, but instead bind to the protein itself. Health Newsletter Get the latest health and science news, plus: burning questions and expert tips. View Sample Sign Up Now This small difference is significant, says Dr. Richard Fried, a member of the National Psoriasis Foundation medical board, since responses to drug treatments can vary dramatically from person to person. “Having another agent in our armamentarium that works by a different mechanism is a welcome addition and may prove beneficial to many psoriasis suffers,” he says in an email. (Fried says he has no involvement with the drug or the drug company.) In the three clinical trials considered for drug approval, more than 50% of patients who used Siliq achieved total skin clearance—the ultimate goal of psoriasis treatments—within a year. The most common side effects of the drug were joint and muscle pain, headache, fatigue, diarrhea, throat pain, nausea, flu, low white blood cell count, fungal infections and reactions at the injection site. The drug also comes with a more serious warning, as well. In a total of six clinical trials totaling about 6,200 participants, six suicides were reported by people receiving Siliq. People with a history of suicide attempts or depression had an increased risk of suicidal ideation and behavior. Get The Brief. Sign up to receive the top stories you need to know right now. Choose your country United States of America Afghanistan Albania Algeria American Samoa Andorra Angola Anguilla Antigua and Barbuda Argentina Armenia Aruba Australia Austria Azerbaijan Bahamas Bahrain Bangladesh Barbados Belarus Belgium Belize Benin Bermuda Bhutan Bolivia Bosnia and Herzegovina Botswana Brazil Brunei Darussalam Bulgaria Burkina Faso Burundi Cambodia Cameroon Canada Cape Verde Cayman Islands Central African Republic Chad Chile China Colombia Comoros Congo Congo, Democratic Republic of Cook Islands Costa Rica Cote d'Ivoire Croatia Cuba Cyprus Czech Republic Denmark Djibouti Dominica Dominican Republic Ecuador Egypt El Salvador Equatorial Guinea Eritrea Estonia Ethiopia Faeroe Islands Falkland Islands (Malvinas) Fiji Finland France French Guiana French Polynesia Gabon Gambia Georgia Germany Ghana Gibraltar Greece Greenland Grenada Guadeloupe Guam Guatemala Guinea Guinea-Bissau Guyana Haiti Holy See Honduras Hong Kong Hungary Iceland India Indonesia Iran Iraq Ireland Israel Italy Jamaica Japan Jordan Kazakhstan Kenya Kiribati Korea Kuwait Kyrgyzstan Laos Latvia Lebanon Lesotho Liberia Libyan Arab Jamahiriya Liechtenstein Lithuania Luxembourg Macao Macedonia Madagascar Malawi Malaysia Maldives Mali Malta Marshall Islands Martinique Mauritania Mauritius Mayotte Mexico Micronesia Monaco Mongolia Montserrat Morocco Mozambique Myanmar Namibia Nauru Nepal Netherlands Netherlands Antilles New Caledonia New Zealand Nicaragua Niger Nigeria Niue Norfolk Island Northern Mariana Islands Norway Oman Pakistan Palau Palestinian Territory, Occupied Panama Papua New Guinea Paraguay Peru Philippines Pitcairn Poland Portugal Puerto Rico Qatar Republic of Korea Republic of Moldova Reunion Romania Russian Federation Rwanda Saint Helena Saint Kitts and Nevis Saint Lucia Saint Pierre and Miquelon Saint Vincent and the Grenadines Samoa San Marino Sao Tome and Principe Saudi Arabia Senegal Serbia and Montenegro Seychelles Sierra Leone Singapore Slovakia Slovenia Solomon Islands Somalia South Africa Spain Sri Lanka Sudan Suriname Svalbard and Jan Mayen Islands Swaziland Sweden Switzerland Syrian Arab Republic Taiwan Tajikistan Tanzania, United Republic of Thailand Timor-Leste Togo Tokelau Tonga Trinidad and Tobago Tunisia Turkey Turkmenistan Turks and Caicos Islands Tuvalu Uganda Ukraine United Arab Emirates United Kingdom Virgin Islands (U.S.) Virgin Islands (British) Uruguay Uzbekistan Vanuatu Venezuela Viet Nam Wallis and Futuna Islands Western Sahara Yemen Zambia Zimbabwe Please enter a valid email address. Please select your country. I can confirm I have read and accept the Terms Of Use. Please check to proceed. Sign Up Now You may unsubscribe from email communication at any time. See our Privacy Policy for further details. Thank you! For your security, we've sent a confirmation email to the address you entered. Click the link to confirm your subscription and begin receiving our newsletters. If you don't get the confirmation within 10 minutes, please check your spam folder. Because of these events, the labeling for Siliq will include a Boxed Warning, and the drug will only be available through a restricted REMS (Risk Evaluation and Mitigation Strategy) program. In order to prescribe it, doctors must be certified with the program and must counsel patients about this risk. Patients must also agree to seek medical attention should they experience new or worsening mood changes, anxiety or suicidal thoughts. A causal association between Siliq and increased risk of suicidal ideation and behavior has not been established. Fried, a dermatologist and clinical psychologist, points out that psoriasis itself can be associated with mental health problems. “Effective treatment has consistently shown reduction in the incidence and severity of depression and reduced likelihood of suicide,” says Fried. He adds that the data on Siliq suggests that it is not only effective in treating psoriasis, but that many patients experience improvement in anxiety and depression, as well. Siliq, like other psoriasis medications, also affects the immune system. It can raise patients’ risk of infections and shouldn’t be used by people with certain chronic conditions, such as Crohn’s disease or active tuberculosis infections. People should also avoid immunizations with live vaccines while being treated with Siliq. “Patients and their health care providers should discuss the benefits and risks of Siliq before considering treatment,” said Dr. Julie Beitz, director of the Office of Drug Evaluation III in the FDA’s Center for Drug Evaluation and Research, in an agency press release. The drug’s recommended dosage schedule is an injection once a week for the first three weeks, followed by an injection every other week. Valeant Pharmaceuticals, Siliq’s manufacturer, says that pricing information is not available at this time, and expects to begin sales and marketing in the second half of 2017. Contact us at editors@time.com.","How a New Psoriasis Drug Is Different From Others. People with psoriasis who haven’t seen improvement with standard treatments now have a new option. The Food and Drug Administration (FDA) has approved the injectable drug Siliq (broadalumab) for the treatment of moderate-to-severe plaque psoriasis in adults. Because of an association with suicidal thoughts and behaviors, Siliq will be sold with a “black box” warning and should be considered only for patients whose psoriasis has not responded—or has stopped responding—to phototherapy or to other systemic medicines taken orally or via injection. Plaque psoriasis is an autoimmune condition that causes cells to build up on the surface of the skin, forming thick red patches and flaky silver-white scales. Current treatment options for psoriasis include topical treatments (like corticosteroids) phototherapy (using an ultraviolet light box or a laser) and systemic drugs—delivered via a pill, an injection or an IV infusion—that work throughout the body. Siliq is unique because it binds to the receptor of a protein called interleukin-17, a known contributor to inflammation. By blocking the receptor from being activated, it keeps the body from receiving signals that can fuel inflammatory responses and psoriasis progression. Two other psoriasis drugs currently on the market work similarly, but instead bind to the protein itself. Health Newsletter Get the latest health and science news, plus: burning questions and expert tips. View Sample Sign Up Now This small difference is significant, says Dr. Richard Fried, a member of the National Psoriasis Foundation medical board, since responses to drug treatments can vary dramatically from person to person. “Having another agent in our armamentarium that works by a different mechanism is a welcome addition and may prove beneficial to many psoriasis suffers,” he says in an email. (Fried says he has no involvement with the drug or the drug company.) In the three clinical trials considered for drug approval, more than 50% of patients who used Siliq achieved total skin clearance—the ultimate goal of psoriasis treatments—within a year. The most common side effects of the drug were joint and muscle pain, headache, fatigue, diarrhea, throat pain, nausea, flu, low white blood cell count, fungal infections and reactions at the injection site. The drug also comes with a more serious warning, as well. In a total of six clinical trials totaling about 6,200 participants, six suicides were reported by people receiving Siliq. People with a history of suicide attempts or depression had an increased risk of suicidal ideation and behavior. Get The Brief. Sign up to receive the top stories you need to know right now. Choose your country United States of America Afghanistan Albania Algeria American Samoa Andorra Angola Anguilla Antigua and Barbuda Argentina Armenia Aruba Australia Austria Azerbaijan Bahamas Bahrain Bangladesh Barbados Belarus Belgium Belize Benin Bermuda Bhutan Bolivia Bosnia and Herzegovina Botswana Brazil Brunei Darussalam Bulgaria Burkina Faso Burundi Cambodia Cameroon Canada Cape Verde Cayman Islands Central African Republic Chad Chile China Colombia Comoros Congo Congo, Democratic Republic of Cook Islands Costa Rica Cote d'Ivoire Croatia Cuba Cyprus Czech Republic Denmark Djibouti Dominica Dominican Republic Ecuador Egypt El Salvador Equatorial Guinea Eritrea Estonia Ethiopia Faeroe Islands Falkland Islands (Malvinas) Fiji Finland France French Guiana French Polynesia Gabon Gambia Georgia Germany Ghana Gibraltar Greece Greenland Grenada Guadeloupe Guam Guatemala Guinea Guinea-Bissau Guyana Haiti Holy See Honduras Hong Kong Hungary Iceland India Indonesia Iran Iraq Ireland Israel Italy Jamaica Japan Jordan Kazakhstan Kenya Kiribati Korea Kuwait Kyrgyzstan Laos Latvia Lebanon Lesotho Liberia Libyan Arab Jamahiriya Liechtenstein Lithuania Luxembourg Macao Macedonia Madagascar Malawi Malaysia Maldives Mali Malta Marshall Islands Martinique Mauritania Mauritius Mayotte Mexico Micronesia Monaco Mongolia Montserrat Morocco Mozambique Myanmar Namibia Nauru Nepal Netherlands Netherlands Antilles New Caledonia New Zealand Nicaragua Niger Nigeria Niue Norfolk Island Northern Mariana Islands Norway Oman Pakistan Palau Palestinian Territory, Occupied Panama Papua New Guinea Paraguay Peru Philippines Pitcairn Poland Portugal Puerto Rico Qatar Republic of Korea Republic of Moldova Reunion Romania Russian Federation Rwanda Saint Helena Saint Kitts and Nevis Saint Lucia Saint Pierre and Miquelon Saint Vincent and the Grenadines Samoa San Marino Sao Tome and Principe Saudi Arabia Senegal Serbia and Montenegro Seychelles Sierra Leone Singapore Slovakia Slovenia Solomon Islands Somalia South Africa Spain Sri Lanka Sudan Suriname Svalbard and Jan Mayen Islands Swaziland Sweden Switzerland Syrian Arab Republic Taiwan Tajikistan Tanzania, United Republic of Thailand Timor-Leste Togo Tokelau Tonga Trinidad and Tobago Tunisia Turkey Turkmenistan Turks and Caicos Islands Tuvalu Uganda Ukraine United Arab Emirates United Kingdom Virgin Islands (U.S.) Virgin Islands (British) Uruguay Uzbekistan Vanuatu Venezuela Viet Nam Wallis and Futuna Islands Western Sahara Yemen Zambia Zimbabwe Please enter a valid email address. Please select your country. I can confirm I have read and accept the Terms Of Use. Please check to proceed. Sign Up Now You may unsubscribe from email communication at any time. See our Privacy Policy for further details. Thank you! For your security, we've sent a confirmation email to the address you entered. Click the link to confirm your subscription and begin receiving our newsletters. If you don't get the confirmation within 10 minutes, please check your spam folder. Because of these events, the labeling for Siliq will include a Boxed Warning, and the drug will only be available through a restricted REMS (Risk Evaluation and Mitigation Strategy) program. In order to prescribe it, doctors must be certified with the program and must counsel patients about this risk. Patients must also agree to seek medical attention should they experience new or worsening mood changes, anxiety or suicidal thoughts. A causal association between Siliq and increased risk of suicidal ideation and behavior has not been established. Fried, a dermatologist and clinical psychologist, points out that psoriasis itself can be associated with mental health problems. “Effective treatment has consistently shown reduction in the incidence and severity of depression and reduced likelihood of suicide,” says Fried. He adds that the data on Siliq suggests that it is not only effective in treating psoriasis, but that many patients experience improvement in anxiety and depression, as well. Siliq, like other psoriasis medications, also affects the immune system. It can raise patients’ risk of infections and shouldn’t be used by people with certain chronic conditions, such as Crohn’s disease or active tuberculosis infections. People should also avoid immunizations with live vaccines while being treated with Siliq. “Patients and their health care providers should discuss the benefits and risks of Siliq before considering treatment,” said Dr. Julie Beitz, director of the Office of Drug Evaluation III in the FDA’s Center for Drug Evaluation and Research, in an agency press release. The drug’s recommended dosage schedule is an injection once a week for the first three weeks, followed by an injection every other week. Valeant Pharmaceuticals, Siliq’s manufacturer, says that pricing information is not available at this time, and expects to begin sales and marketing in the second half of 2017. Contact us at editors@time.com."
fakehealth,story_reviews_00446,1,1,0,0.3727068391466843,0.6272931608533157,0.6272931608533157,0.51850575,0.48149425,0.51850575,"After surviving firefights and a roadside bomb in Afghanistan, U.S. Army veteran Asa Barrett tried antidepressant drugs and therapy to overcome depression and bouts of anger. Nothing worked. But then, like many other foreigners, he journeyed to Peru’s remote Amazonian jungle to drink ayahuasca, a centuries-old, sacred indigenous brew that some Western scientists think can help to heal psychological traumas. During a recent ayahuasca ritual, the 30-year-old from Oklahoma lay on a mattress with about 20 other travelers on the floor of a round, wooden hut in a remote resort near a tributary of the Amazon River. About 45 minutes after drinking the dark concoction, he began to see vibrant colors. He then vomited into a plastic bucket, a common reaction to ayahuasca. Mr. Barrett acknowledged that it didn’t appear therapeutic. But he also described seeing visions of war-torn Afghanistan emerging as a shaman chanted spiritual songs called icaros. He recalled seeing bullet holes in a wall, a dead Afghan woman and the moment when an improvised explosive device almost killed him. He saw his small military base in Afghanistan’s mountainous border region with Pakistan. He heard a loud voice. And then came a burst of light. “It was as if I was just letting it all go,” Mr. Barrett said later. “I just felt so at ease for the first time in a long time.” In the Amazon, scientists have long studied plants with a range of medicinal properties. Some work as anesthetics; others can treat infections; some are known to stop bleeding. Now scientists are starting to look at ayahuasca, a potent hallucinogen known locally as “the vine of the soul” that outsiders are increasingly flocking to sample. Scientists say that ayahuasca—which is legal in Peru and neighboring countries—activates parts of the brain that make it possible to recall deep-rooted memories, increasing self-awareness and offering a chance to reassess past ordeals. Proponents say that it can provide users with spiritual and personal guidance. Others report that it has allowed them to overcome traumas that conventional therapy and antidepressants haven’t cured. U.S. military veteran Asa Barrett at an ayahuasca center in the Peruvian jungle in January. Some Western scientists think the centuries-old, sacred indigenous brew can help heal psychological traumas. Photo: Ryan Dube/The Wall Street Journal But some scientists—and users—warn that ayahuasca can be dangerous. It can be fatal when mixed with other drugs, such as antidepressants, and should be avoided by those who are bipolar or schizophrenic, since it has been known to trigger psychotic episodes. In 2012, a young man from California died after taking ayahuasca in Peru. And last year a Canadian tourist killed a Briton during a nighttime ritual that local authorities are still investigating. The brew is made by boiling together a jungle vine called Banisteriopsis caapi with the leaves of a shrub that contains dimethyltryptamine, or DMT, a psychedelic that is illegal in the U.S. DMT can cause seizures and, in high doses, comas and respiratory arrests, said Mike Colston, a U.S. Navy captain who heads a Department of Defense agency in charge of studying psychological health and brain injury. The hallucinations caused by ayahuasca can be so traumatic that they can worsen medical conditions such as PTSD, Dr. Colston cautioned. In Peru, the influx of foreigners eager to try the brew has spurred the creation of unregulated new lodges to try ayahuasca, some of which, locals say, are opportunistic and employ fake shamans with little training. The brew itself is unregulated by the Peruvian government. Ayahuasca’s proponents say that it has powerful properties. Jeffrey Hill, a 38-year-old construction superintendent from Chicago, said that ayahuasca eased his depression. Juliet Wilkerson, 41, who lives in Texas, said that it helped to cure her debilitating migraines, which she thinks were tied to childhood abuse. Jaylene Johnston, a 53-year-old from Oklahoma, said she had visions of her deceased first husband that allowed her to overcome the trauma of his death and fully commit to her current spouse. “It transformed the relationships that I have right now,” she said. The California-based Multidisciplinary Association for Psychedelic Studies aims to support an ayahuasca study in Peru this year for people with post-traumatic stress disorder. Later, the group hopes to get approval from the FDA for a study in the U.S. Photo: iStock The stories might seem surreal. But they have prompted growing interest by Western researchers, amid a wider revival of studies into the therapeutic use of psychedelics. The California-based Multidisciplinary Association for Psychedelic Studies, which has funded researchers at Stanford University and the University of Pennsylvania, plans to support an ayahuasca study in Peru this year for people with post-traumatic stress disorder. Later, the group hopes to get approval from the Food and Drug Administration for an ayahuasca study in the U.S. Jessica Nielson, a University of California, San Francisco, neuroscientist who is leading the study, became interested in the potion after trying it herself following a difficult divorce and doubts about her career trajectory. In Peru, she saw how it helped three military veterans. “Just witnessing their transformation inspired me,” she said. But she cautioned that ayahuasca research is in its infancy. “We really need to get more data on this to understand the safety, what are the limits and who is it appropriate for,” she said. Other scientists are hoping to understand the brew’s properties. Charles Grob, a psychiatrist at Harbor-UCLA Medical Center who studied ayahuasca’s use in a Brazilian church, says that it might help to treat addiction. Jordi Riba, a pharmacologist at the Sant Pau Institute of Biomedical Research in Barcelona, says that ayahuasca may help ease depression. Because the experience can be frightening, both men emphasized the importance of consuming the brew in a safe setting A.J. Bullock, a 30-year-old Army sergeant who served in Afghanistan, described nightmarish hallucinations of being chained down and confronted by demons after trying ayahuasca in Peru. It made him feel paranoid, he said, and he considered going home early. By his last ritual, he described a helpful, “radical shift in self-image.” Still, he hesitates to recommend the experience. “I just don’t know if a lot of people would be able to walk away from it not having gone crazy or at least hurting them more than it helped them,” he said. Despite the risks, foreigners are converging on Iquitos, a city of 500,000 in Peru’s northeastern Amazon, paying up to $2,500 a week to drink the elixir. Carmen Rojas, the head of the local tourism office, says that she knows of 22 certified jungle lodges that offer ayahuasca. But local tour operators speak of dozens more, including almost 100 ayahuasca centers along one 60-mile stretch of highway. They estimate that as many as 80,000 people a year come to Iquitos for ayahuasca. One operator, Pulse Tours, says that its clients are mainly Americans and Canadians but also include people from as far away as Australia, China, Russia and Kazakhstan. Some longtime ayahuasca proponents in Iquitos lament the recent influx of tourism dollars, which they feel has corrupted the ritual and put some foreigners at risk from fly-by-night operators in the burgeoning industry. “People have got way too careless about all of this,” said Howard Lawler, 68, a Kentucky native who runs Spirit Quest Shamanic Sanctuary, one of the longest-running ayahuasca centers here. “It is never to be taken for any recreational purpose. It is a very serious medicine.” Write to Ryan Dube at ryan.dube@dowjones.com","Is Peru’s Psychedelic Potion a Cure or a Curse?. After surviving firefights and a roadside bomb in Afghanistan, U.S. Army veteran Asa Barrett tried antidepressant drugs and therapy to overcome depression and bouts of anger. Nothing worked. But then, like many other foreigners, he journeyed to Peru’s remote Amazonian jungle to drink ayahuasca, a centuries-old, sacred indigenous brew that some Western scientists think can help to heal psychological traumas. During a recent ayahuasca ritual, the 30-year-old from Oklahoma lay on a mattress with about 20 other travelers on the floor of a round, wooden hut in a remote resort near a tributary of the Amazon River. About 45 minutes after drinking the dark concoction, he began to see vibrant colors. He then vomited into a plastic bucket, a common reaction to ayahuasca. Mr. Barrett acknowledged that it didn’t appear therapeutic. But he also described seeing visions of war-torn Afghanistan emerging as a shaman chanted spiritual songs called icaros. He recalled seeing bullet holes in a wall, a dead Afghan woman and the moment when an improvised explosive device almost killed him. He saw his small military base in Afghanistan’s mountainous border region with Pakistan. He heard a loud voice. And then came a burst of light. “It was as if I was just letting it all go,” Mr. Barrett said later. “I just felt so at ease for the first time in a long time.” In the Amazon, scientists have long studied plants with a range of medicinal properties. Some work as anesthetics; others can treat infections; some are known to stop bleeding. Now scientists are starting to look at ayahuasca, a potent hallucinogen known locally as “the vine of the soul” that outsiders are increasingly flocking to sample. Scientists say that ayahuasca—which is legal in Peru and neighboring countries—activates parts of the brain that make it possible to recall deep-rooted memories, increasing self-awareness and offering a chance to reassess past ordeals. Proponents say that it can provide users with spiritual and personal guidance. Others report that it has allowed them to overcome traumas that conventional therapy and antidepressants haven’t cured. U.S. military veteran Asa Barrett at an ayahuasca center in the Peruvian jungle in January. Some Western scientists think the centuries-old, sacred indigenous brew can help heal psychological traumas. Photo: Ryan Dube/The Wall Street Journal But some scientists—and users—warn that ayahuasca can be dangerous. It can be fatal when mixed with other drugs, such as antidepressants, and should be avoided by those who are bipolar or schizophrenic, since it has been known to trigger psychotic episodes. In 2012, a young man from California died after taking ayahuasca in Peru. And last year a Canadian tourist killed a Briton during a nighttime ritual that local authorities are still investigating. The brew is made by boiling together a jungle vine called Banisteriopsis caapi with the leaves of a shrub that contains dimethyltryptamine, or DMT, a psychedelic that is illegal in the U.S. DMT can cause seizures and, in high doses, comas and respiratory arrests, said Mike Colston, a U.S. Navy captain who heads a Department of Defense agency in charge of studying psychological health and brain injury. The hallucinations caused by ayahuasca can be so traumatic that they can worsen medical conditions such as PTSD, Dr. Colston cautioned. In Peru, the influx of foreigners eager to try the brew has spurred the creation of unregulated new lodges to try ayahuasca, some of which, locals say, are opportunistic and employ fake shamans with little training. The brew itself is unregulated by the Peruvian government. Ayahuasca’s proponents say that it has powerful properties. Jeffrey Hill, a 38-year-old construction superintendent from Chicago, said that ayahuasca eased his depression. Juliet Wilkerson, 41, who lives in Texas, said that it helped to cure her debilitating migraines, which she thinks were tied to childhood abuse. Jaylene Johnston, a 53-year-old from Oklahoma, said she had visions of her deceased first husband that allowed her to overcome the trauma of his death and fully commit to her current spouse. “It transformed the relationships that I have right now,” she said. The California-based Multidisciplinary Association for Psychedelic Studies aims to support an ayahuasca study in Peru this year for people with post-traumatic stress disorder. Later, the group hopes to get approval from the FDA for a study in the U.S. Photo: iStock The stories might seem surreal. But they have prompted growing interest by Western researchers, amid a wider revival of studies into the therapeutic use of psychedelics. The California-based Multidisciplinary Association for Psychedelic Studies, which has funded researchers at Stanford University and the University of Pennsylvania, plans to support an ayahuasca study in Peru this year for people with post-traumatic stress disorder. Later, the group hopes to get approval from the Food and Drug Administration for an ayahuasca study in the U.S. Jessica Nielson, a University of California, San Francisco, neuroscientist who is leading the study, became interested in the potion after trying it herself following a difficult divorce and doubts about her career trajectory. In Peru, she saw how it helped three military veterans. “Just witnessing their transformation inspired me,” she said. But she cautioned that ayahuasca research is in its infancy. “We really need to get more data on this to understand the safety, what are the limits and who is it appropriate for,” she said. Other scientists are hoping to understand the brew’s properties. Charles Grob, a psychiatrist at Harbor-UCLA Medical Center who studied ayahuasca’s use in a Brazilian church, says that it might help to treat addiction. Jordi Riba, a pharmacologist at the Sant Pau Institute of Biomedical Research in Barcelona, says that ayahuasca may help ease depression. Because the experience can be frightening, both men emphasized the importance of consuming the brew in a safe setting A.J. Bullock, a 30-year-old Army sergeant who served in Afghanistan, described nightmarish hallucinations of being chained down and confronted by demons after trying ayahuasca in Peru. It made him feel paranoid, he said, and he considered going home early. By his last ritual, he described a helpful, “radical shift in self-image.” Still, he hesitates to recommend the experience. “I just don’t know if a lot of people would be able to walk away from it not having gone crazy or at least hurting them more than it helped them,” he said. Despite the risks, foreigners are converging on Iquitos, a city of 500,000 in Peru’s northeastern Amazon, paying up to $2,500 a week to drink the elixir. Carmen Rojas, the head of the local tourism office, says that she knows of 22 certified jungle lodges that offer ayahuasca. But local tour operators speak of dozens more, including almost 100 ayahuasca centers along one 60-mile stretch of highway. They estimate that as many as 80,000 people a year come to Iquitos for ayahuasca. One operator, Pulse Tours, says that its clients are mainly Americans and Canadians but also include people from as far away as Australia, China, Russia and Kazakhstan. Some longtime ayahuasca proponents in Iquitos lament the recent influx of tourism dollars, which they feel has corrupted the ritual and put some foreigners at risk from fly-by-night operators in the burgeoning industry. “People have got way too careless about all of this,” said Howard Lawler, 68, a Kentucky native who runs Spirit Quest Shamanic Sanctuary, one of the longest-running ayahuasca centers here. “It is never to be taken for any recreational purpose. It is a very serious medicine.” Write to Ryan Dube at ryan.dube@dowjones.com"
fakehealth,story_reviews_00845,0,0,1,0.5800740535851423,0.4199259464148577,0.5800740535851423,0.4697744,0.5302257,0.5302257,"Mrs. McDaniel’s story offers a sobering look at the challenges for this kind of quest for a treatment, even for someone like her, who had both the means and the connections to get the intricate geography of her cancer charted. Her husband, Roger McDaniel, was a former chief executive of two companies involved in semiconductor manufacturing, and the family could afford the approximately $49,000 that the search would cost. They had expected to pay much more, but to their astonishment, Mrs. McDaniel’s insurance company covered almost all the drug costs. And the scientists who did the data analysis did not charge. From the start, the family knew the odds were against Mrs. McDaniel, but she thought she had little to lose. “You cannot feel bad if this doesn’t work or I die,” she told her son Timothy, a molecular biologist. “I would have died anyway.” Scarlet Skin and Infections Beth McDaniel’s cancer began with itching all over her body. Then her skin turned scarlet and started becoming infected. In 2005, after she had spent more than a year going from specialist to specialist, a dermatologist figured it out. Mrs. McDaniel, then 62, had Sezary syndrome, a rare T cell lymphoma, in which white blood cells become cancerous and migrate to the skin. All her doctors could tell her was that the disease was incurable, that there was no standard treatment, and that on average patients at her stage die within a few years. “Of course I was shocked,” Mrs. McDaniel said in an interview last September. She wept that day as her husband drove her home. And she asked God to help her cope. Before cancer, she had had a vibrant life, hiking in the mountains, traveling the world, entertaining her wide network of friends. Her disease destroyed all of that. She could not even enjoy her luxuriant garden because sun on her inflamed skin was agony. Advertisement Continue reading the main story Although there is no standard treatment, for five years chemotherapy held her disease at bay. But in the summer of 2010, she got worse, much worse, with hundreds of tumors popping up under her skin. Some grew as large as kiwi fruits and split open. Her son, Dr. McDaniel, decided he would orchestrate the use of the most advanced techniques of gene sequencing and analysis to take on her cancer. Because of his job — he works for Illumina , a company that does DNA sequencing — Dr. McDaniel had read scientific reports and gone to medical conferences where he heard talks on whole genome sequencing. He noticed that the patients all seemed to have rare cancers. “Every time I heard one of those stories, I thought, ‘That’s my mom,’ ” he said. For now, there are not many drugs that can target specific gene mutations in cancer cells. But the hope is that when more is known and more drugs are developed, doctors will treat cancer by blocking several major genes at once. With several escape routes barred, the cancer will not be able to break free of the drugs stopping its growth. Full-Time Help From a Son In theory, it seemed straightforward for Dr. McDaniel to help his mother. The technology for getting and analyzing DNA sequences has advanced greatly, and the cost has plummeted. In fact, Dr. McDaniel said, the price of sequencing has dropped so fast that if the work were done today, it would cost just $26,200 instead of the $46,280 it cost last year. The first obstacle was just getting a sample of Mrs. McDaniel’s cancer cells. One doctor told her the odds of success were so slim that she would be better off spending her money on a vacation. Another seemed interested but did not follow through. A third did two biopsies but was unable to get usable DNA. Finally, Dr. McDaniel and his wife, Gia, decided he would make helping his mother a full-time job. He took a leave of absence from Illumina, and he, Gia and their three young children moved from San Diego to Lexington, Ky. “I have not been a particularly humble person,” Beth McDaniel said. “That humbled me.” Dr. McDaniel’s parents had two homes in the Lexington area. One, on a horse farm, was vacant, and he appropriated a bedroom on the second floor for his office. He treated his work like a regular job, driving to the office each day from another house where he and his family were living. He dressed in his normal work clothes, slacks and a collared shirt. Meanwhile, his mother’s cancer was erupting. Advertisement Continue reading the main story “She was covered in tumors, almost like cobblestones,” said Dr. Fernando R. de Castro, her dermatologist. “They felt like marbles and pebbles all over her skin.” Large ones on her arms and legs had burst open. “We started talking about hospice .” Mrs. McDaniel said she was not a vain person, but with red lumps all over her face, she was embarrassed to go out. She slept on a cooling pad and carried one with her to relieve the constant itching. Every evening around 5:30 when the itching became most unbearable, she would lay her head in her husband’s lap as they watched TV in their great room and he would gently tickle her back for hours on end — trying to ease her discomfort. The disease continued a relentless course until finally, accepting what seemed the inevitable, Mrs. McDaniel gave away her clothes, planned her funeral and wrote notes to a few people she thought she had offended in her life, asking them to forgive her. “She believed, we all believed, she would die before we got the sequencing done,” Dr. McDaniel said. Then, in January 2011, Dr. de Castro got a tissue sample from a tumor and, for comparison with normal cells, her saliva. He had removed a plug of tissue the size of a pencil eraser from one of the hundreds of tumors on Mrs. McDaniel’s skin, frozen it in liquid nitrogen and shipped it overnight to the Mayo Clinic in Scottsdale , Ariz. By April, scientists at Illumina and TGen, a nonprofit research institute, had completed the genetic sequencing of the samples. Photo Next came the hard part — the analysis. With time short, Dr. McDaniel worked on it himself and recruited two small biotechnology companies and TGen to help. Three Billion Symbols in a Cell John Carpten, an oncologist at TGen, and David Craig are accustomed to working with gene sequence data, but it is hard even for them to get used to the scale of such a project. Newsletter Sign Up Continue reading the main story Please verify you're not a robot by clicking the box. Invalid email address. Please re-enter. You must select a newsletter to subscribe to. Sign Up You will receive emails containing news content , updates and promotions from The New York Times. You may opt-out at any time. You agree to receive occasional updates and special offers for The New York Times's products and services. Thank you for subscribing. An error has occurred. Please try again later. View all New York Times newsletters. The hard drive containing Mrs. McDaniel’s genetic data arrived in the mail — it had too much data to send electronically. It took a full day just to pull this terabyte of information off the drive. Dr. Carpten explained that there were three billion symbols, made from four letters — A, T, G and C — in just one cell’s DNA. If those letters were printed on paper, they would fill a medium-sized elementary school’s library. Advertisement Continue reading the main story But there are unavoidable errors in sequencing, so to be sure the data is correct, researchers repeat the sequencing 30 times — 30 libraries’ worth. They do this for the normal cells, too — another 30 libraries’ worth. This kind of data, though, does not come in neat genetic words and sentences. Instead, Dr. Craig said, “It looks like it’s been through a shredder.” “It is like putting together a jigsaw puzzle that has a billion pieces,” Dr. Carpten said. Finally, they compared the sequences of normal cells and cancer cells. They found about 18,000 differences, most with no known significance for the disease. At last, the work was done, and on May 18, Dr. McDaniel flew to TGen. The researchers noticed an intriguing aberration in Mrs. McDaniel’s cancer genes. But they were uncertain what it meant. It looked as if two genes had fused to each other in Mrs. McDaniel’s cancer cells. The result was that the cell growth signals in the cancer cells were reversed, like crossed wires. The research team theorized that every time those cancer cells, T cells of her immune system, got a signal to stop growing, they reacted as though they had gotten a signal to grow. And every time they got a signal to grow, they responded by stopping their growth. If they were right, the way to stop her cancer’s growth could be to signal it to grow. And that was what a new melanoma drug — ipilimumab, its trade name Yervoy — was designed to do. It spurred the growth of normal T cells. But if the researchers were wrong, the drug could kill her. They spent two hours at a whiteboard on Wednesday, May 18, trying to understand what the fusion really meant. Then Dr. McDaniel took the data home and asked a colleague at Illumina to try to fish out a handful of crucial genetic sequences that were buried among 50 million others. On Sunday night, May 22, Dr. McDaniel had them and began trying to decipher them. By 10 p.m., he had it figured out. The TGen scientists’ findings were real. “The brake pedal had been wired to the accelerator,” Dr. McDaniel said. He worked all night, found a paper by scientists who had deliberately fused those very genes and discovered that, yes, the genetically altered T cells had their growth signals reversed. At 5:45 a.m. Dr. McDaniel sent an e-mail to his collaborators. “I was so tired at that point that, believe it or not, I had forgotten about the drug,” he said. Advertisement Continue reading the main story He fell asleep and woke at 11 a.m., rushing back to his computer. The melanoma drug he had forgotten in his exhaustion should hit that target. And that could stop his mother’s cancer from growing. “My jaw was just hanging open,” Dr. McDaniel said. “The implications were so tantalizing that I didn’t dare believe them.” A Remarkable Turnaround Mrs. McDaniel had her first infusion on July 28, and the result seemed remarkable. Her oncologist, Dr. Gohmann, was overwhelmed. Her son, who had been terrified that he and the doctors might have made a terrible mistake, was overjoyed. Mrs. McDaniel, who had not left her house for several months except to see her doctors, began going to movies and restaurants every day. On Sept. 2, she and her husband went to the Heirloom Restaurant, in the middle of horse country, to celebrate their 50th wedding anniversary. She had given away so many of her clothes when she thought she was dying that she puzzled over what to wear. She had a favorite blouse that was loosefitting and comfortable, but Mr. McDaniel recalled, “It was long gone.” She could not drink wine with the medicines she was taking, so she and her husband sipped iced tea in the quiet dining room. “We reminisced, but also talked about the future as we hoped it would be,” Mr. McDaniel said. But the reprieve lasted only weeks. By the end of September, the cancer was back. Dr. McDaniel did not want to give up. Mrs. McDaniel’s tumor was sequenced again, looking for a new mutation, but there was nothing striking. As Dr. McDaniel sifted through the data, he called his parents every day. They began calling him the governor, hoping he would bring his mother another stay of execution. The doctors considered a less appealing target, a mutated gene that T cells use to stop growing. Unpublished studies in mice suggested that a kidney cancer drug might stop the growth of T cells with this mutation. Advertisement Continue reading the main story By then, Mrs. McDaniel’s body was ravaged by the cancer and her treatments. She had entered hospice care, with a hospital bed in her home and a nurse and an assistant to help. “We had this shaky evidence, based on the genome and on unpublished data,” Dr. McDaniel said. But the drug’s side effects were mild, and her family and doctors decided she should try it. “If we do nothing, she will be dead in one to six weeks,” Dr. McDaniel explained. Mrs. McDaniel took the drug on Nov. 26. But she was so ill that she was unable to get out of bed, unable to drink from a straw. Her son Tim took his children to her bedroom one at a time so they could say goodbye. “She wasn’t talking, but her eyes were open, and she acknowledged each one with a weak chuckle,” Dr. McDaniel said. Three days later, she briefly rallied. Her husband held her hand. “She said, ‘I love you,’ ” Mr. McDaniel said. “She then repeated it twice more. I kissed her forehead and told her that I loved her. Those were our last words to each other.” The next morning, Nov. 30, Mr. McDaniel woke early and went to his wife’s room. Her breathing had become erratic. Worried, he stepped out and asked the hospice nurse to call the doctor. “In the seconds that I was absent, she died,” Mr. McDaniel said. The team that tried to save her was heartbroken too, and was left with a long list of what-ifs. “If you really look at it, what did we buy her?” Dr. de Castro asked. Mrs. McDaniel was dying last January. Yet would she have survived as long even without the sequencing or the drugs? Did the team make a difference? “I hope we did,” Dr. de Castro said, “but it’s hard to know.”. Tuesday: What a tumor holds in store.","New Frontiers of Cancer Treatment Bring Breathtaking Swings. Mrs. McDaniel’s story offers a sobering look at the challenges for this kind of quest for a treatment, even for someone like her, who had both the means and the connections to get the intricate geography of her cancer charted. Her husband, Roger McDaniel, was a former chief executive of two companies involved in semiconductor manufacturing, and the family could afford the approximately $49,000 that the search would cost. They had expected to pay much more, but to their astonishment, Mrs. McDaniel’s insurance company covered almost all the drug costs. And the scientists who did the data analysis did not charge. From the start, the family knew the odds were against Mrs. McDaniel, but she thought she had little to lose. “You cannot feel bad if this doesn’t work or I die,” she told her son Timothy, a molecular biologist. “I would have died anyway.” Scarlet Skin and Infections Beth McDaniel’s cancer began with itching all over her body. Then her skin turned scarlet and started becoming infected. In 2005, after she had spent more than a year going from specialist to specialist, a dermatologist figured it out. Mrs. McDaniel, then 62, had Sezary syndrome, a rare T cell lymphoma, in which white blood cells become cancerous and migrate to the skin. All her doctors could tell her was that the disease was incurable, that there was no standard treatment, and that on average patients at her stage die within a few years. “Of course I was shocked,” Mrs. McDaniel said in an interview last September. She wept that day as her husband drove her home. And she asked God to help her cope. Before cancer, she had had a vibrant life, hiking in the mountains, traveling the world, entertaining her wide network of friends. Her disease destroyed all of that. She could not even enjoy her luxuriant garden because sun on her inflamed skin was agony. Advertisement Continue reading the main story Although there is no standard treatment, for five years chemotherapy held her disease at bay. But in the summer of 2010, she got worse, much worse, with hundreds of tumors popping up under her skin. Some grew as large as kiwi fruits and split open. Her son, Dr. McDaniel, decided he would orchestrate the use of the most advanced techniques of gene sequencing and analysis to take on her cancer. Because of his job — he works for Illumina , a company that does DNA sequencing — Dr. McDaniel had read scientific reports and gone to medical conferences where he heard talks on whole genome sequencing. He noticed that the patients all seemed to have rare cancers. “Every time I heard one of those stories, I thought, ‘That’s my mom,’ ” he said. For now, there are not many drugs that can target specific gene mutations in cancer cells. But the hope is that when more is known and more drugs are developed, doctors will treat cancer by blocking several major genes at once. With several escape routes barred, the cancer will not be able to break free of the drugs stopping its growth. Full-Time Help From a Son In theory, it seemed straightforward for Dr. McDaniel to help his mother. The technology for getting and analyzing DNA sequences has advanced greatly, and the cost has plummeted. In fact, Dr. McDaniel said, the price of sequencing has dropped so fast that if the work were done today, it would cost just $26,200 instead of the $46,280 it cost last year. The first obstacle was just getting a sample of Mrs. McDaniel’s cancer cells. One doctor told her the odds of success were so slim that she would be better off spending her money on a vacation. Another seemed interested but did not follow through. A third did two biopsies but was unable to get usable DNA. Finally, Dr. McDaniel and his wife, Gia, decided he would make helping his mother a full-time job. He took a leave of absence from Illumina, and he, Gia and their three young children moved from San Diego to Lexington, Ky. “I have not been a particularly humble person,” Beth McDaniel said. “That humbled me.” Dr. McDaniel’s parents had two homes in the Lexington area. One, on a horse farm, was vacant, and he appropriated a bedroom on the second floor for his office. He treated his work like a regular job, driving to the office each day from another house where he and his family were living. He dressed in his normal work clothes, slacks and a collared shirt. Meanwhile, his mother’s cancer was erupting. Advertisement Continue reading the main story “She was covered in tumors, almost like cobblestones,” said Dr. Fernando R. de Castro, her dermatologist. “They felt like marbles and pebbles all over her skin.” Large ones on her arms and legs had burst open. “We started talking about hospice .” Mrs. McDaniel said she was not a vain person, but with red lumps all over her face, she was embarrassed to go out. She slept on a cooling pad and carried one with her to relieve the constant itching. Every evening around 5:30 when the itching became most unbearable, she would lay her head in her husband’s lap as they watched TV in their great room and he would gently tickle her back for hours on end — trying to ease her discomfort. The disease continued a relentless course until finally, accepting what seemed the inevitable, Mrs. McDaniel gave away her clothes, planned her funeral and wrote notes to a few people she thought she had offended in her life, asking them to forgive her. “She believed, we all believed, she would die before we got the sequencing done,” Dr. McDaniel said. Then, in January 2011, Dr. de Castro got a tissue sample from a tumor and, for comparison with normal cells, her saliva. He had removed a plug of tissue the size of a pencil eraser from one of the hundreds of tumors on Mrs. McDaniel’s skin, frozen it in liquid nitrogen and shipped it overnight to the Mayo Clinic in Scottsdale , Ariz. By April, scientists at Illumina and TGen, a nonprofit research institute, had completed the genetic sequencing of the samples. Photo Next came the hard part — the analysis. With time short, Dr. McDaniel worked on it himself and recruited two small biotechnology companies and TGen to help. Three Billion Symbols in a Cell John Carpten, an oncologist at TGen, and David Craig are accustomed to working with gene sequence data, but it is hard even for them to get used to the scale of such a project. Newsletter Sign Up Continue reading the main story Please verify you're not a robot by clicking the box. Invalid email address. Please re-enter. You must select a newsletter to subscribe to. Sign Up You will receive emails containing news content , updates and promotions from The New York Times. You may opt-out at any time. You agree to receive occasional updates and special offers for The New York Times's products and services. Thank you for subscribing. An error has occurred. Please try again later. View all New York Times newsletters. The hard drive containing Mrs. McDaniel’s genetic data arrived in the mail — it had too much data to send electronically. It took a full day just to pull this terabyte of information off the drive. Dr. Carpten explained that there were three billion symbols, made from four letters — A, T, G and C — in just one cell’s DNA. If those letters were printed on paper, they would fill a medium-sized elementary school’s library. Advertisement Continue reading the main story But there are unavoidable errors in sequencing, so to be sure the data is correct, researchers repeat the sequencing 30 times — 30 libraries’ worth. They do this for the normal cells, too — another 30 libraries’ worth. This kind of data, though, does not come in neat genetic words and sentences. Instead, Dr. Craig said, “It looks like it’s been through a shredder.” “It is like putting together a jigsaw puzzle that has a billion pieces,” Dr. Carpten said. Finally, they compared the sequences of normal cells and cancer cells. They found about 18,000 differences, most with no known significance for the disease. At last, the work was done, and on May 18, Dr. McDaniel flew to TGen. The researchers noticed an intriguing aberration in Mrs. McDaniel’s cancer genes. But they were uncertain what it meant. It looked as if two genes had fused to each other in Mrs. McDaniel’s cancer cells. The result was that the cell growth signals in the cancer cells were reversed, like crossed wires. The research team theorized that every time those cancer cells, T cells of her immune system, got a signal to stop growing, they reacted as though they had gotten a signal to grow. And every time they got a signal to grow, they responded by stopping their growth. If they were right, the way to stop her cancer’s growth could be to signal it to grow. And that was what a new melanoma drug — ipilimumab, its trade name Yervoy — was designed to do. It spurred the growth of normal T cells. But if the researchers were wrong, the drug could kill her. They spent two hours at a whiteboard on Wednesday, May 18, trying to understand what the fusion really meant. Then Dr. McDaniel took the data home and asked a colleague at Illumina to try to fish out a handful of crucial genetic sequences that were buried among 50 million others. On Sunday night, May 22, Dr. McDaniel had them and began trying to decipher them. By 10 p.m., he had it figured out. The TGen scientists’ findings were real. “The brake pedal had been wired to the accelerator,” Dr. McDaniel said. He worked all night, found a paper by scientists who had deliberately fused those very genes and discovered that, yes, the genetically altered T cells had their growth signals reversed. At 5:45 a.m. Dr. McDaniel sent an e-mail to his collaborators. “I was so tired at that point that, believe it or not, I had forgotten about the drug,” he said. Advertisement Continue reading the main story He fell asleep and woke at 11 a.m., rushing back to his computer. The melanoma drug he had forgotten in his exhaustion should hit that target. And that could stop his mother’s cancer from growing. “My jaw was just hanging open,” Dr. McDaniel said. “The implications were so tantalizing that I didn’t dare believe them.” A Remarkable Turnaround Mrs. McDaniel had her first infusion on July 28, and the result seemed remarkable. Her oncologist, Dr. Gohmann, was overwhelmed. Her son, who had been terrified that he and the doctors might have made a terrible mistake, was overjoyed. Mrs. McDaniel, who had not left her house for several months except to see her doctors, began going to movies and restaurants every day. On Sept. 2, she and her husband went to the Heirloom Restaurant, in the middle of horse country, to celebrate their 50th wedding anniversary. She had given away so many of her clothes when she thought she was dying that she puzzled over what to wear. She had a favorite blouse that was loosefitting and comfortable, but Mr. McDaniel recalled, “It was long gone.” She could not drink wine with the medicines she was taking, so she and her husband sipped iced tea in the quiet dining room. “We reminisced, but also talked about the future as we hoped it would be,” Mr. McDaniel said. But the reprieve lasted only weeks. By the end of September, the cancer was back. Dr. McDaniel did not want to give up. Mrs. McDaniel’s tumor was sequenced again, looking for a new mutation, but there was nothing striking. As Dr. McDaniel sifted through the data, he called his parents every day. They began calling him the governor, hoping he would bring his mother another stay of execution. The doctors considered a less appealing target, a mutated gene that T cells use to stop growing. Unpublished studies in mice suggested that a kidney cancer drug might stop the growth of T cells with this mutation. Advertisement Continue reading the main story By then, Mrs. McDaniel’s body was ravaged by the cancer and her treatments. She had entered hospice care, with a hospital bed in her home and a nurse and an assistant to help. “We had this shaky evidence, based on the genome and on unpublished data,” Dr. McDaniel said. But the drug’s side effects were mild, and her family and doctors decided she should try it. “If we do nothing, she will be dead in one to six weeks,” Dr. McDaniel explained. Mrs. McDaniel took the drug on Nov. 26. But she was so ill that she was unable to get out of bed, unable to drink from a straw. Her son Tim took his children to her bedroom one at a time so they could say goodbye. “She wasn’t talking, but her eyes were open, and she acknowledged each one with a weak chuckle,” Dr. McDaniel said. Three days later, she briefly rallied. Her husband held her hand. “She said, ‘I love you,’ ” Mr. McDaniel said. “She then repeated it twice more. I kissed her forehead and told her that I loved her. Those were our last words to each other.” The next morning, Nov. 30, Mr. McDaniel woke early and went to his wife’s room. Her breathing had become erratic. Worried, he stepped out and asked the hospice nurse to call the doctor. “In the seconds that I was absent, she died,” Mr. McDaniel said. The team that tried to save her was heartbroken too, and was left with a long list of what-ifs. “If you really look at it, what did we buy her?” Dr. de Castro asked. Mrs. McDaniel was dying last January. Yet would she have survived as long even without the sequencing or the drugs? Did the team make a difference? “I hope we did,” Dr. de Castro said, “but it’s hard to know.”. Tuesday: What a tumor holds in store."
fakehealth,story_reviews_01361,0,0,1,0.5037386180508726,0.4962613819491274,0.5037386180508726,0.20463607,0.79536396,0.79536396,"En Español By Amanda Gardner HealthDay Reporter SATURDAY, Oct. 15, 2010 (HealthDay News) -- People suffering from a disfiguring loss of bone in the jaw may find help in the form of a long-used osteoporosis drug, two new studies suggest. Besides being linked to chronic, severe gum disease, this type of bone loss has also been connected in rare cases to the use of bisphosphonates, a different class of osteoporosis drugs. But the two papers in the Oct. 16 online issue of the New England Journal of Medicine report success with teriparatide (Forteo) in rebuilding bone. One report describes the case of an 88-year-old woman who had been taking the bisphosphonate alendronate (Fosamax) since suffering a hip fracture 10 years earlier. She had also been taking the corticosteroid prednisone for two decades. Experts have already noticed an uptick in the incidence of this rare but devastating condition in patients using bisphosphonates. According to an editorial accompanying the study, this complication occurs in about 5 percent of cancer patients who are taking a high-dose bisphosphonate (Zometa or Aredia) to control or prevent spread of malignancy to the bone. It is much rarer in people who take a lower-dose bisphosphonate (such as Actonel, Boniva or Fosamax) for osteoporosis. The 88-year-old woman described in the journal report had been experiencing pain in her jaw for a year and was subsequently diagnosed with osteonecrosis, a debilitating ""death"" of bone due to loss of blood flow. After eight weeks of treatment with Forteo, though, the pain went away and the osteonecrosis resolved, reported the authors, from Austin Health in Melbourne, Australia. The editorial pointed out, however, that Forteo should not be used in patients whose cancer has already spread to the bone, as it might prompt even more spread. It's also possible that the corticosteroid therapy she was taking could have contributed to the woman's bone loss, the authors stated. The second paper involved 40 patients with severe gum disease that had affected their jaws, all of whom first underwent surgery on their jaw. They were then randomized to receive either Forteo or a placebo. All participants took calcium and vitamin D as well. ""These were patients with severe periodontal disease but who were otherwise systemically healthy,"" said study senior author Dr. Laurie K. McCauley, chair of the department of periodontic and oral medicine at the University of Michigan in Ann Arbor. After six weeks of therapy, patients in the Forteo arm saw greater healing of their jawbone and this continued throughout one year of follow-up. ""There was a significant improvement in clinical measures of gum and bone,"" McCauley stated. But, she pointed out, Forteo is not yet approved for this indication, so ""we can't recommend it next week."" Right now, a bone graft is probably the most common type of therapy for this type of bone loss, she said. ""I think that it's really an important important proof-of-concept that you can inject locally and get a response,"" said Dr. Rena D'Souza, chair of biomedical sciences at Texas A&M Health Science Center Baylor College of Dentistry in Dallas. ""We could not only use this approach for the treatment of periodontal disease where the disease enters the bone and gum. but also other forms of periodontal disease."" ""Bisphosphonates cut back on blood flow and blood vessels so that cancer doesn't have a chance,"" she said. ""That is why it's used very effectively for cancer but if you happen to injure the bone or take out a tooth you really need the blood vessels. The bone cells don't have the ability to lay down new bone."" More information The American Academy of Periodontology has more on gum disease.","Study Suggests Osteoporosis Drug Might Treat Loss of Bone in Jaw. En Español By Amanda Gardner HealthDay Reporter SATURDAY, Oct. 15, 2010 (HealthDay News) -- People suffering from a disfiguring loss of bone in the jaw may find help in the form of a long-used osteoporosis drug, two new studies suggest. Besides being linked to chronic, severe gum disease, this type of bone loss has also been connected in rare cases to the use of bisphosphonates, a different class of osteoporosis drugs. But the two papers in the Oct. 16 online issue of the New England Journal of Medicine report success with teriparatide (Forteo) in rebuilding bone. One report describes the case of an 88-year-old woman who had been taking the bisphosphonate alendronate (Fosamax) since suffering a hip fracture 10 years earlier. She had also been taking the corticosteroid prednisone for two decades. Experts have already noticed an uptick in the incidence of this rare but devastating condition in patients using bisphosphonates. According to an editorial accompanying the study, this complication occurs in about 5 percent of cancer patients who are taking a high-dose bisphosphonate (Zometa or Aredia) to control or prevent spread of malignancy to the bone. It is much rarer in people who take a lower-dose bisphosphonate (such as Actonel, Boniva or Fosamax) for osteoporosis. The 88-year-old woman described in the journal report had been experiencing pain in her jaw for a year and was subsequently diagnosed with osteonecrosis, a debilitating ""death"" of bone due to loss of blood flow. After eight weeks of treatment with Forteo, though, the pain went away and the osteonecrosis resolved, reported the authors, from Austin Health in Melbourne, Australia. The editorial pointed out, however, that Forteo should not be used in patients whose cancer has already spread to the bone, as it might prompt even more spread. It's also possible that the corticosteroid therapy she was taking could have contributed to the woman's bone loss, the authors stated. The second paper involved 40 patients with severe gum disease that had affected their jaws, all of whom first underwent surgery on their jaw. They were then randomized to receive either Forteo or a placebo. All participants took calcium and vitamin D as well. ""These were patients with severe periodontal disease but who were otherwise systemically healthy,"" said study senior author Dr. Laurie K. McCauley, chair of the department of periodontic and oral medicine at the University of Michigan in Ann Arbor. After six weeks of therapy, patients in the Forteo arm saw greater healing of their jawbone and this continued throughout one year of follow-up. ""There was a significant improvement in clinical measures of gum and bone,"" McCauley stated. But, she pointed out, Forteo is not yet approved for this indication, so ""we can't recommend it next week."" Right now, a bone graft is probably the most common type of therapy for this type of bone loss, she said. ""I think that it's really an important important proof-of-concept that you can inject locally and get a response,"" said Dr. Rena D'Souza, chair of biomedical sciences at Texas A&M Health Science Center Baylor College of Dentistry in Dallas. ""We could not only use this approach for the treatment of periodontal disease where the disease enters the bone and gum. but also other forms of periodontal disease."" ""Bisphosphonates cut back on blood flow and blood vessels so that cancer doesn't have a chance,"" she said. ""That is why it's used very effectively for cancer but if you happen to injure the bone or take out a tooth you really need the blood vessels. The bone cells don't have the ability to lay down new bone."" More information The American Academy of Periodontology has more on gum disease."
fakehealth,news_reviews_00519,0,0,1,0.5292507169849667,0.4707492830150333,0.5292507169849667,0.3074462,0.6925538,0.6925538,"Newswise — LEAWOOD, KS — Osteoarthritis (OA) is one of the leading causes of disability in adults in the United States and knee OA specifically is ranked within the top 10 non-communicable diseases for global disability-adjusted life years. The lifetime risk of suffering symptomatic knee OA is estimated to be 44.7% and approximately 1 in 11 of the US population is diagnosed with symptomatic knee OA by age 60. With this knowledge, the American Medical Society for Sports Medicine (AMSSM) has released a new scientific statement that provides guidance for physicians and healthcare professionals who provide care for those patients with knee osteoarthritis. There is a general consensus that the initial management of knee OA treatment should include weight loss and strengthening exercises. However, certain aspects of treatment for knee OA are controversial. In light of these issues, the AMSSM convened an expert writing group of four sports medicine physicians to review the latest data and provide recommendations for the sports medicine community. “We do not treat groups of people we treat individuals,” said Dr. Thomas Trojian, Lead Author and Past AMSSM Board of Director. “It is important to look at how a person responds to a medication. Does the person improve if given an injection of viscosupplementation more likely than placebo or intra-articular steroid? Using a network meta-analysis we are able to compare the multiple studies done on viscosupplementation and have found that people are more likely to show clinical improvement with viscosupplementation over placebo (saline) and intra-articular steroids. This is different than studies recently published that say the average response differs.” The full report, published ahead of print in the Clinical Journal of Sport Medicince (CJSM) and will appear in the (British Journal of Sports Medicine) BJSM, entitled, AMSSM Scientific Statement Concerning Viscosupplementation Injections for Knee Osteoarthritis Importance for Individual Patient Outcomes, includes the following notable AMSSM recommendations and one suggestion: • AMSSM RECOMMENDS viscosupplementation injections for Kellgren and Lawrence (KL) grade II-III knee osteoarthritis in those patients above the age of 60 based on HIGH quality evidence demonstrating benefit using OMERACT-OARSI Responder Rating but the evidence should be downgraded due to indirectness for those under 60 years of age.• AMSSM SUGGESTS viscosupplementation injections for knee osteoarthritis for those under the age of 60 based on MODERATE quality evidence due to response of treatment in those over 60.• AMSSM RECOMMENDS clinicians and researchers collect OMERACT-OARSI responder data to track individual response to the viscosupplementation. The full paper will be published in print in the January 2016 issues of CJSM and BJSM. Click here to view statement online. Thanks to members Drs. Thomas Trojian (AMSSM Past Board of Director), Susan Joy (AMSSM Foundation Board Member), Andrew Concoff and John Hatzenbuehler along with Whitney Saulsberry, PharmD and Craig Coleman, PharmD for serving on the expert writing group for this paper. The AMSSM hopes that this information can assist healthcare professionals as they provide care for patients with osteoarthritis. About AMSSM: AMSSM is a multi-disciplinary organization of 3,000 sports medicine physicians dedicated to education, research, advocacy and the care of athletes of all ages. The majority of AMSSM members are primary care physicians with fellowship training and added qualification in sports medicine who then combine their practice of sports medicine with their primary specialty. AMSSM includes members who specialize solely in non-surgical sports medicine and serve as team physicians at the youth level, NCAA, NFL, MLB, NBA, WNBA, MLS and NHL, as well as with Olympic teams. By nature of their training and experience, sports medicine physicians are ideally suited to provide comprehensive medical care for athletes, sports teams or active individuals who are simply looking to maintain a healthy lifestyle. www.amssm.org SEE ORIGINAL STUDY","Viscosupplementation Recommended For Appropriate Patients with Knee Osteoarthritis. Newswise — LEAWOOD, KS — Osteoarthritis (OA) is one of the leading causes of disability in adults in the United States and knee OA specifically is ranked within the top 10 non-communicable diseases for global disability-adjusted life years. The lifetime risk of suffering symptomatic knee OA is estimated to be 44.7% and approximately 1 in 11 of the US population is diagnosed with symptomatic knee OA by age 60. With this knowledge, the American Medical Society for Sports Medicine (AMSSM) has released a new scientific statement that provides guidance for physicians and healthcare professionals who provide care for those patients with knee osteoarthritis. There is a general consensus that the initial management of knee OA treatment should include weight loss and strengthening exercises. However, certain aspects of treatment for knee OA are controversial. In light of these issues, the AMSSM convened an expert writing group of four sports medicine physicians to review the latest data and provide recommendations for the sports medicine community. “We do not treat groups of people we treat individuals,” said Dr. Thomas Trojian, Lead Author and Past AMSSM Board of Director. “It is important to look at how a person responds to a medication. Does the person improve if given an injection of viscosupplementation more likely than placebo or intra-articular steroid? Using a network meta-analysis we are able to compare the multiple studies done on viscosupplementation and have found that people are more likely to show clinical improvement with viscosupplementation over placebo (saline) and intra-articular steroids. This is different than studies recently published that say the average response differs.” The full report, published ahead of print in the Clinical Journal of Sport Medicince (CJSM) and will appear in the (British Journal of Sports Medicine) BJSM, entitled, AMSSM Scientific Statement Concerning Viscosupplementation Injections for Knee Osteoarthritis Importance for Individual Patient Outcomes, includes the following notable AMSSM recommendations and one suggestion: • AMSSM RECOMMENDS viscosupplementation injections for Kellgren and Lawrence (KL) grade II-III knee osteoarthritis in those patients above the age of 60 based on HIGH quality evidence demonstrating benefit using OMERACT-OARSI Responder Rating but the evidence should be downgraded due to indirectness for those under 60 years of age.• AMSSM SUGGESTS viscosupplementation injections for knee osteoarthritis for those under the age of 60 based on MODERATE quality evidence due to response of treatment in those over 60.• AMSSM RECOMMENDS clinicians and researchers collect OMERACT-OARSI responder data to track individual response to the viscosupplementation. The full paper will be published in print in the January 2016 issues of CJSM and BJSM. Click here to view statement online. Thanks to members Drs. Thomas Trojian (AMSSM Past Board of Director), Susan Joy (AMSSM Foundation Board Member), Andrew Concoff and John Hatzenbuehler along with Whitney Saulsberry, PharmD and Craig Coleman, PharmD for serving on the expert writing group for this paper. The AMSSM hopes that this information can assist healthcare professionals as they provide care for patients with osteoarthritis. About AMSSM: AMSSM is a multi-disciplinary organization of 3,000 sports medicine physicians dedicated to education, research, advocacy and the care of athletes of all ages. The majority of AMSSM members are primary care physicians with fellowship training and added qualification in sports medicine who then combine their practice of sports medicine with their primary specialty. AMSSM includes members who specialize solely in non-surgical sports medicine and serve as team physicians at the youth level, NCAA, NFL, MLB, NBA, WNBA, MLS and NHL, as well as with Olympic teams. By nature of their training and experience, sports medicine physicians are ideally suited to provide comprehensive medical care for athletes, sports teams or active individuals who are simply looking to maintain a healthy lifestyle. www.amssm.org SEE ORIGINAL STUDY"
fakehealth,news_reviews_00216,0,0,1,0.8332664468563148,0.1667335531436851,0.8332664468563148,0.30503508,0.6949648,0.6949648,"Dieters who go vegetarian not only lose weight more effectively than those on conventional low-calorie diets but also improve their metabolism by reducing muscle fat, a new study published in the Journal of the American College of Nutrition has found. Losing muscle fat improves glucose and lipid metabolism so this finding is particularly important for people with metabolic syndrome and type 2 diabetes, says lead author, Dr. Hana Kahleová, Director of Clinical Research at the Physicians Committee for Responsible Medicine in Washington DC. Seventy-four subjects with type 2 diabetes were randomly assigned to follow either a vegetarian diet or a conventional anti-diabetic diet. The vegetarian diet consisted of vegetables, grains, legumes, fruits and nuts, with animal products limited to a maximum of one portion of low-fat yoghurt per day; the conventional diabetic diet followed the official recommendations of the European Association for the Study of Diabetes (EASD). Both diets were restricted by 500 kilocalories per day compared to an isocaloric intake for each individual. The vegetarian diet was found to be almost twice as effective in reducing body weight, resulting in an average loss of 6.2kg compared to 3.2kg for the conventional diet. Using magnetic resonance imaging, Dr. Kahleová and colleagues then studied adipose (fat-storage) tissue in the subjects' thighs to see how the two different diets had affected subcutaneous, subfascial and intramuscular fat (that is, fat under the skin, on the surface of muscles and inside muscles). They found that both diets caused a similar reduction in subcutaneous fat. However, subfascial fat was only reduced in response to the vegetarian diet, and intramuscular fat was more greatly reduced by the vegetarian diet. This is important as increased subfascial fat in patients with type 2 diabetes has been associated with insulin resistance, so reducing it could have a beneficial effect on glucose metabolism. In addition, reducing intramuscular fat could help improve muscular strength and mobility, particularly in older people with diabetes. Dr. Kahleová said: ""Vegetarian diets proved to be the most effective diets for weight loss. However, we also showed that a vegetarian diet is much more effective at reducing muscle fat, thus improving metabolism. This finding is important for people who are trying to lose weight, including those suffering from metabolic syndrome and/or type 2 diabetes. But it is also relevant to anyone who takes their weight management seriously and wants to stay lean and healthy."" ###","Vegetarian diets almost twice as effective in reducing body weight, study finds. Dieters who go vegetarian not only lose weight more effectively than those on conventional low-calorie diets but also improve their metabolism by reducing muscle fat, a new study published in the Journal of the American College of Nutrition has found. Losing muscle fat improves glucose and lipid metabolism so this finding is particularly important for people with metabolic syndrome and type 2 diabetes, says lead author, Dr. Hana Kahleová, Director of Clinical Research at the Physicians Committee for Responsible Medicine in Washington DC. Seventy-four subjects with type 2 diabetes were randomly assigned to follow either a vegetarian diet or a conventional anti-diabetic diet. The vegetarian diet consisted of vegetables, grains, legumes, fruits and nuts, with animal products limited to a maximum of one portion of low-fat yoghurt per day; the conventional diabetic diet followed the official recommendations of the European Association for the Study of Diabetes (EASD). Both diets were restricted by 500 kilocalories per day compared to an isocaloric intake for each individual. The vegetarian diet was found to be almost twice as effective in reducing body weight, resulting in an average loss of 6.2kg compared to 3.2kg for the conventional diet. Using magnetic resonance imaging, Dr. Kahleová and colleagues then studied adipose (fat-storage) tissue in the subjects' thighs to see how the two different diets had affected subcutaneous, subfascial and intramuscular fat (that is, fat under the skin, on the surface of muscles and inside muscles). They found that both diets caused a similar reduction in subcutaneous fat. However, subfascial fat was only reduced in response to the vegetarian diet, and intramuscular fat was more greatly reduced by the vegetarian diet. This is important as increased subfascial fat in patients with type 2 diabetes has been associated with insulin resistance, so reducing it could have a beneficial effect on glucose metabolism. In addition, reducing intramuscular fat could help improve muscular strength and mobility, particularly in older people with diabetes. Dr. Kahleová said: ""Vegetarian diets proved to be the most effective diets for weight loss. However, we also showed that a vegetarian diet is much more effective at reducing muscle fat, thus improving metabolism. This finding is important for people who are trying to lose weight, including those suffering from metabolic syndrome and/or type 2 diabetes. But it is also relevant to anyone who takes their weight management seriously and wants to stay lean and healthy."" ###"
fakehealth,news_reviews_00483,0,0,1,0.6328228450071638,0.3671771549928362,0.6328228450071638,0.45864207,0.54135793,0.54135793,"Robotic nephrectomy for inferior vena cava tumor thrombus has favorable outcomes and reproducibility when performed by surgeons with adequate robotic experience, according to first multi-institutional report, published in the journal of urology New York, NY, Feb. 7, 2016 - Renal cell carcinoma can sometimes spread to the inferior vena cava (IVC), the body's largest vein, posing a threat to the heart and brain. Robotic nephrectomy for inferior vena cava tumor thrombus has favorable outcomes in selected patients compared with open surgery, which can have a high rate of complications, report surgeons in The Journal of Urology®. Renal vein surgery can often be managed with minimally invasive laparoscopic techniques, but this is not typically advisable for an IVC thrombus (a fibrous clot), which is surgically far more complex with potentially fatal complications that can occur in the course of removing the thrombus and reconstructing the IVC. The first known procedure using robotic surgery of renal tumors with IVC tumor thrombi was performed in 2008. Experts from nine leading U.S. medical centers report here on their combined experience of 32 cases since 2008. Each surgeon performed between one and ten procedures for IVC tumor thrombi which ranged from one to 11 cm in length on preoperative imaging. Patient age ranged from 43 to 80 years. The IVC required cross-clamping in 24 cases. One patient had two renal veins with two caval thrombi and one patient required a synthetic patch. Surgeries lasted from three to seven hours. None of the operations was converted to open surgery and all but two patients were ambulatory on the day of or day after surgery. Twenty-one patients resumed regular diets the day after surgery. Eight patients had node positive disease and seven patients had distant recurrence 15 months later including four of those with node positive disease. ""This is a complex condition and the complication rate with open surgery is 12% to 47%, depending on the thrombus level, with a mortality rate of 5% to 10%,"" explained lead investigator Ronney Abaza, MD, Robotic Surgery Director at OhioHealth Dublin Methodist Hospital. ""Using robotic nephrectomy, our complication rate and lack of mortalities compare reasonably with open series with no grade III to V complications, according to the Clavien system, in any patient, including no deaths."" Dr Abaza added, ""While complications were relatively minor in our series, it is evident that complications are not entirely avoidable. Even with a minimally invasive approach, the surgical management of severe cancers in mostly elderly patients will likely involve complications. However, despite the complex and critical nature of these procedures, our series demonstrates favorable outcomes and reproducibility by surgeons with adequate robotic experience."" ###","Removal of complex renal tumors performed safely by robotic surgery in selected patients. Robotic nephrectomy for inferior vena cava tumor thrombus has favorable outcomes and reproducibility when performed by surgeons with adequate robotic experience, according to first multi-institutional report, published in the journal of urology New York, NY, Feb. 7, 2016 - Renal cell carcinoma can sometimes spread to the inferior vena cava (IVC), the body's largest vein, posing a threat to the heart and brain. Robotic nephrectomy for inferior vena cava tumor thrombus has favorable outcomes in selected patients compared with open surgery, which can have a high rate of complications, report surgeons in The Journal of Urology®. Renal vein surgery can often be managed with minimally invasive laparoscopic techniques, but this is not typically advisable for an IVC thrombus (a fibrous clot), which is surgically far more complex with potentially fatal complications that can occur in the course of removing the thrombus and reconstructing the IVC. The first known procedure using robotic surgery of renal tumors with IVC tumor thrombi was performed in 2008. Experts from nine leading U.S. medical centers report here on their combined experience of 32 cases since 2008. Each surgeon performed between one and ten procedures for IVC tumor thrombi which ranged from one to 11 cm in length on preoperative imaging. Patient age ranged from 43 to 80 years. The IVC required cross-clamping in 24 cases. One patient had two renal veins with two caval thrombi and one patient required a synthetic patch. Surgeries lasted from three to seven hours. None of the operations was converted to open surgery and all but two patients were ambulatory on the day of or day after surgery. Twenty-one patients resumed regular diets the day after surgery. Eight patients had node positive disease and seven patients had distant recurrence 15 months later including four of those with node positive disease. ""This is a complex condition and the complication rate with open surgery is 12% to 47%, depending on the thrombus level, with a mortality rate of 5% to 10%,"" explained lead investigator Ronney Abaza, MD, Robotic Surgery Director at OhioHealth Dublin Methodist Hospital. ""Using robotic nephrectomy, our complication rate and lack of mortalities compare reasonably with open series with no grade III to V complications, according to the Clavien system, in any patient, including no deaths."" Dr Abaza added, ""While complications were relatively minor in our series, it is evident that complications are not entirely avoidable. Even with a minimally invasive approach, the surgical management of severe cancers in mostly elderly patients will likely involve complications. However, despite the complex and critical nature of these procedures, our series demonstrates favorable outcomes and reproducibility by surgeons with adequate robotic experience."" ###"
fakehealth,story_reviews_00037,0,0,1,0.6020313471053214,0.3979686528946787,0.6020313471053214,0.46387607,0.53612393,0.53612393,"“Let’s talk about your test results,” my neurologist said. She looked as if she had good news. Instead, it was shocking. The carotid artery on the left side of my neck, one of the brain’s two main sources of blood and oxygen, was clogged with fatty plaque, the doctor said. The artery was almost completely blocked. There must be a mistake, I thought frantically. I exercise and am healthy and young. Actually, I’m 68, but, you know, a young 68. You are in danger of a major stroke, she said, and need an operation. Immediately. The irony wasn’t lost on me. As a journalist covering the medical field, I have spent years writing about strokes, most of which are caused by clots blocking blood flow to the brain. Now I faced the unnerving question: Am I going to become a weird punch line? As in: Did you see that the guy who writes all those stories about strokes just had a big one? A blocked carotid artery didn’t seem possible for an active person like me. I’ve never smoked. I’ve run, lifted weights or done something aerobic like playing tennis pretty much every day of my life. I watch what I eat. I even wrote an article about how I kept my bad cholesterol in check with diet and exercise, not medication. While I’m addicted to cheese, and my weight has climbed some, I’ve eaten foods like salmon and oatmeal with fervor for more than 20 years. So I figured I was exempt from medical crises. The diagnosis made me reconsider dilemmas that had once seemed academic. For example, should older Americans be screened for blocked carotid arteries? Critical Paths The carotid arteries are passageways through which blood and oxygen move to a person's brain and face. When fatty plaque obstructs an artery, the blood supply can be reduced or cut off, sometimes resulting in a stroke. Internal carotid arteries Internal External supply blood to brain Blockage caused by fatty plaque External carotid arteries Blood flow supply blood to face and neck Common DETAIL Common carotid arteries External Internal Internal carotid arteries supply blood to brain Blockage caused by fatty plaque External carotid arteries Blood flow supply blood to face and neck DETAIL Common carotid arteries Common External Internal Internal carotid arteries supply blood to brain Blockage caused by fatty plaque External carotid arteries Blood flow supply blood to face and neck Common DETAIL Common carotid arteries 1. External carotid arteries supply blood to face and neck 2. Internal carotid arteries supply blood to brain 1 1 2 2 DETAIL Internal External Blockage caused by fatty plaque Blood flow Common carotid artery Clots cause about 700,000 strokes that lead to 130,000 deaths annually in the U.S. and are the primary preventable cause of disability, according to the American Stroke Association. Carotid disease is a main cause of those strokes—nearly 200,000 strokes a year, vascular specialists say. Yet 80% of those patients have no symptoms before the strokes. In 2014, a U.S. task force concluded that people with no symptoms don’t have to be screened for carotid disease, saying that the risks, such as poor surgery, “outweigh the benefits.” But the task force—a panel of private doctors assigned by law to help set U.S. medical policy—focused on screening in the general population, not older patients. The task force said there aren’t enough carotid-caused strokes to warrant screening everyone. Of course, not everyone with carotid blockage will get surgery; thousands of people with the condition can benefit from drug therapy. My experience, along with some evidence from screening of thousands of individuals, raises questions about the task force’s conclusions. The Society for Vascular Surgery recommends screening people over 65 with coronary disease, high blood pressure or a history of smoking. The task force generally supports screening Americans for breast cancer, with 253,000 new cases in women and 41,000 estimated deaths annually, as well as colorectal cancer, with 135,000 new cases and 50,000 deaths a year. Government and private insurance pay to screen for these illnesses, but not for carotid screening of non-symptomatic people, which can cost about $70 a person. After hearing the jarring news about my dangerously blocked carotid, I faced a big decision. My wife Christa and I live near Washington, D.C. Our daughter, Maddie, was supposed to be married in San Francisco in June, a week after the neurologist told me I needed surgery right away. Suddenly the prospect of being at the wedding seemed iffy. Conventional wisdom says that among the 65-and-older set, only those with symptoms should be tested. That often means individuals who have had mini-strokes, which tend to be brief periods in which the patient has something wrong on one side of the body, usually for a few minutes. Symptoms often include slurred speech, temporary vision loss, a one-sided facial droop and arm or leg weakness or numbness. Vascular surgeon George Lavenson Jr. wrote in 2012 in the Journal for Vascular Ultrasound that among 22,146 people screened for carotid disease during four public screening campaigns between 2001 and 2006, about 7.5% were found to have blockage of 60% or more—enough to warrant treatment with medication. “It is hard to understand how many leaders in the medical profession can object to a one- to two-minute accurate screen of seniors that can find the 7.5% with silent carotid artery disease,” Dr. Lavenson said. Those patients can be “evaluated and managed to prevent them from being one of the 700,000 clot-caused strokes we continue to have annually.” Most doctors would have put me in the asymptomatic, or less-risky, category. But five years ago, I went out for a run of about 7 miles along the Potomac River. At the end of the run, my right leg started shaking. That seldom happened again until the past few months, when it started recurring more often, along with shaking in the right arm. My physician, Joel Taubin, recommended a neurologist, Rhanni Herzfeld, of the Neurology Center in Washington. She prescribed tests to discern the cause of the shaking, perhaps a pinched nerve, incipient epilepsy, a neurological disorder or a tumor. The results ruled them all out. Then an MRI of my head showed a few white spots on the left side. Dr. Herzfeld wondered if I might have had some “silent strokes,” sending tiny bits of artery plaque floating to my brain—and now appearing as white spots on the scan. Fatty plaque accumulates in most people’s arteries, and can form clots that break off and can cause strokes. Dr. Herzfeld ordered a carotid ultrasound of the arteries on both sides of my neck. It’s a quick, painless and very accurate scan. Moments later, we were talking in her office. My right carotid artery was perfectly clear, she said. The left was almost completely blocked and I needed immediate surgery to clear it. I asked if we could treat the obstruction with anti-platelet medication, such as Plavix. “No, your blockage is just too extensive,” Dr. Herzfeld said. She recommended that Bruce A. Perler, a professor of vascular surgery at Johns Hopkins Hospital in Baltimore, do the procedure. The effectiveness of carotid-artery surgery in people without symptoms—but major blockage—was established two decades ago by the Asymptomatic Carotid Artery Stenosis trial, funded by the National Institutes of Health. It showed, in hospitals in the U.S. and Canada, that the risk of stroke or death in surgery patients after a median 2.7 years was 5.1%, less than half that of people treated only with drugs. An international study published in 2010 in the Lancet showed similar benefits from surgery. I consulted with other doctors, including one who said, “This isn’t quite an emergency, but it’s urgent.” The operation is serious, with the rates of stroke and death within 30 days after surgery totaling about 2.4% in major studies examined by the task force. The task force noted that this typical measure can be as high as 5% at some low-volume hospitals. People considering this operation should ask their hospital, surgeon or academic medical center about their rates of stroke and death after surgery. Few hospitals and surgeons in the U.S. publish their individual results. Dr. Perler’s rate was well under 1%. He said my risk of stroke was 10% to 15% over five years, probably in the first year. A week before Maddie’s wedding, my wife and I met with Dr. Perler at Johns Hopkins. On the drive to Baltimore, we called Maddie. She sounded frightened and I told her maybe I wouldn’t need surgery—or could put it off. We also told her brothers, Jamie and Will, and her sister, Samantha, what was going on. Dr. Perler’s test confirmed Dr. Herzfeld’s findings: I definitely needed surgery. My artery was almost completely obstructed by “echolucent” plaque—a type that can easily form clots, break off and cause strokes. We discussed timing. Dr. Perler’s next surgery day was June 18. That would leave me four days to recover before the wedding. He warned that I would be “miserable” doing that. But his next surgery day after that wasn’t until June 27. “You can safely wait until next week,” he said, “but I wouldn’t wait two months.” Then he added the words I remember most: “We’ll take good care of you.” My wife and I decided on June 27—and headed to San Francisco for the wedding. It was an untraditional ceremony with no white veil or a parade of bridesmaids. Maddie wore a champagne-colored, beaded dress. I have never seen her so happy—except maybe when she was playing My Little Pony as a 6-year-old. I was simply happy to be there. Tom Burton and his daughter, Maddie, at her wedding to Dan Powers at San Francisco City Hall in June, less than a week before Mr. Burton’s surgery to unblock a carotid artery. Photo: Christina Richards Photography On the morning of June 27, Dr. Perler started operating at 7:30. Within two hours, he had cleared the plaque from my carotid artery. Later, he told me it was so clogged—about 99%—he couldn’t even detect a pulse in it. When I woke up, I was relieved to see that my eyes and fingers all worked. I could think and speak clearly. I was even able to complain to the nurses about how lousy I felt. I spent two days in intensive care, with my blood pressure surging at times. About two weeks after the operation, I felt pretty normal. I’ve resumed running and weight-lifting. I recently played golf for the first time since the surgery and feel great. But mostly I feel lucky to have gotten a test that may have saved my life. Getting Screened A national company, Life Line Screening, will do a carotid screen for $70, or with other tests such as for aortic aneurysms, for $149. Hospitals’ accredited labs will do carotid ultrasound tests typically for $200 to $300, but usually only on a doctor’s order. Insurers, private and government, generally will pay only if the patient has symptoms, including a mini-stroke. The Society for Vascular Surgery’s site, vascular.org, can direct people to specialists who can do testing. Write to Thomas M. Burton at tom.burton@wsj.com","The Scan That Saved My Life. “Let’s talk about your test results,” my neurologist said. She looked as if she had good news. Instead, it was shocking. The carotid artery on the left side of my neck, one of the brain’s two main sources of blood and oxygen, was clogged with fatty plaque, the doctor said. The artery was almost completely blocked. There must be a mistake, I thought frantically. I exercise and am healthy and young. Actually, I’m 68, but, you know, a young 68. You are in danger of a major stroke, she said, and need an operation. Immediately. The irony wasn’t lost on me. As a journalist covering the medical field, I have spent years writing about strokes, most of which are caused by clots blocking blood flow to the brain. Now I faced the unnerving question: Am I going to become a weird punch line? As in: Did you see that the guy who writes all those stories about strokes just had a big one? A blocked carotid artery didn’t seem possible for an active person like me. I’ve never smoked. I’ve run, lifted weights or done something aerobic like playing tennis pretty much every day of my life. I watch what I eat. I even wrote an article about how I kept my bad cholesterol in check with diet and exercise, not medication. While I’m addicted to cheese, and my weight has climbed some, I’ve eaten foods like salmon and oatmeal with fervor for more than 20 years. So I figured I was exempt from medical crises. The diagnosis made me reconsider dilemmas that had once seemed academic. For example, should older Americans be screened for blocked carotid arteries? Critical Paths The carotid arteries are passageways through which blood and oxygen move to a person's brain and face. When fatty plaque obstructs an artery, the blood supply can be reduced or cut off, sometimes resulting in a stroke. Internal carotid arteries Internal External supply blood to brain Blockage caused by fatty plaque External carotid arteries Blood flow supply blood to face and neck Common DETAIL Common carotid arteries External Internal Internal carotid arteries supply blood to brain Blockage caused by fatty plaque External carotid arteries Blood flow supply blood to face and neck DETAIL Common carotid arteries Common External Internal Internal carotid arteries supply blood to brain Blockage caused by fatty plaque External carotid arteries Blood flow supply blood to face and neck Common DETAIL Common carotid arteries 1. External carotid arteries supply blood to face and neck 2. Internal carotid arteries supply blood to brain 1 1 2 2 DETAIL Internal External Blockage caused by fatty plaque Blood flow Common carotid artery Clots cause about 700,000 strokes that lead to 130,000 deaths annually in the U.S. and are the primary preventable cause of disability, according to the American Stroke Association. Carotid disease is a main cause of those strokes—nearly 200,000 strokes a year, vascular specialists say. Yet 80% of those patients have no symptoms before the strokes. In 2014, a U.S. task force concluded that people with no symptoms don’t have to be screened for carotid disease, saying that the risks, such as poor surgery, “outweigh the benefits.” But the task force—a panel of private doctors assigned by law to help set U.S. medical policy—focused on screening in the general population, not older patients. The task force said there aren’t enough carotid-caused strokes to warrant screening everyone. Of course, not everyone with carotid blockage will get surgery; thousands of people with the condition can benefit from drug therapy. My experience, along with some evidence from screening of thousands of individuals, raises questions about the task force’s conclusions. The Society for Vascular Surgery recommends screening people over 65 with coronary disease, high blood pressure or a history of smoking. The task force generally supports screening Americans for breast cancer, with 253,000 new cases in women and 41,000 estimated deaths annually, as well as colorectal cancer, with 135,000 new cases and 50,000 deaths a year. Government and private insurance pay to screen for these illnesses, but not for carotid screening of non-symptomatic people, which can cost about $70 a person. After hearing the jarring news about my dangerously blocked carotid, I faced a big decision. My wife Christa and I live near Washington, D.C. Our daughter, Maddie, was supposed to be married in San Francisco in June, a week after the neurologist told me I needed surgery right away. Suddenly the prospect of being at the wedding seemed iffy. Conventional wisdom says that among the 65-and-older set, only those with symptoms should be tested. That often means individuals who have had mini-strokes, which tend to be brief periods in which the patient has something wrong on one side of the body, usually for a few minutes. Symptoms often include slurred speech, temporary vision loss, a one-sided facial droop and arm or leg weakness or numbness. Vascular surgeon George Lavenson Jr. wrote in 2012 in the Journal for Vascular Ultrasound that among 22,146 people screened for carotid disease during four public screening campaigns between 2001 and 2006, about 7.5% were found to have blockage of 60% or more—enough to warrant treatment with medication. “It is hard to understand how many leaders in the medical profession can object to a one- to two-minute accurate screen of seniors that can find the 7.5% with silent carotid artery disease,” Dr. Lavenson said. Those patients can be “evaluated and managed to prevent them from being one of the 700,000 clot-caused strokes we continue to have annually.” Most doctors would have put me in the asymptomatic, or less-risky, category. But five years ago, I went out for a run of about 7 miles along the Potomac River. At the end of the run, my right leg started shaking. That seldom happened again until the past few months, when it started recurring more often, along with shaking in the right arm. My physician, Joel Taubin, recommended a neurologist, Rhanni Herzfeld, of the Neurology Center in Washington. She prescribed tests to discern the cause of the shaking, perhaps a pinched nerve, incipient epilepsy, a neurological disorder or a tumor. The results ruled them all out. Then an MRI of my head showed a few white spots on the left side. Dr. Herzfeld wondered if I might have had some “silent strokes,” sending tiny bits of artery plaque floating to my brain—and now appearing as white spots on the scan. Fatty plaque accumulates in most people’s arteries, and can form clots that break off and can cause strokes. Dr. Herzfeld ordered a carotid ultrasound of the arteries on both sides of my neck. It’s a quick, painless and very accurate scan. Moments later, we were talking in her office. My right carotid artery was perfectly clear, she said. The left was almost completely blocked and I needed immediate surgery to clear it. I asked if we could treat the obstruction with anti-platelet medication, such as Plavix. “No, your blockage is just too extensive,” Dr. Herzfeld said. She recommended that Bruce A. Perler, a professor of vascular surgery at Johns Hopkins Hospital in Baltimore, do the procedure. The effectiveness of carotid-artery surgery in people without symptoms—but major blockage—was established two decades ago by the Asymptomatic Carotid Artery Stenosis trial, funded by the National Institutes of Health. It showed, in hospitals in the U.S. and Canada, that the risk of stroke or death in surgery patients after a median 2.7 years was 5.1%, less than half that of people treated only with drugs. An international study published in 2010 in the Lancet showed similar benefits from surgery. I consulted with other doctors, including one who said, “This isn’t quite an emergency, but it’s urgent.” The operation is serious, with the rates of stroke and death within 30 days after surgery totaling about 2.4% in major studies examined by the task force. The task force noted that this typical measure can be as high as 5% at some low-volume hospitals. People considering this operation should ask their hospital, surgeon or academic medical center about their rates of stroke and death after surgery. Few hospitals and surgeons in the U.S. publish their individual results. Dr. Perler’s rate was well under 1%. He said my risk of stroke was 10% to 15% over five years, probably in the first year. A week before Maddie’s wedding, my wife and I met with Dr. Perler at Johns Hopkins. On the drive to Baltimore, we called Maddie. She sounded frightened and I told her maybe I wouldn’t need surgery—or could put it off. We also told her brothers, Jamie and Will, and her sister, Samantha, what was going on. Dr. Perler’s test confirmed Dr. Herzfeld’s findings: I definitely needed surgery. My artery was almost completely obstructed by “echolucent” plaque—a type that can easily form clots, break off and cause strokes. We discussed timing. Dr. Perler’s next surgery day was June 18. That would leave me four days to recover before the wedding. He warned that I would be “miserable” doing that. But his next surgery day after that wasn’t until June 27. “You can safely wait until next week,” he said, “but I wouldn’t wait two months.” Then he added the words I remember most: “We’ll take good care of you.” My wife and I decided on June 27—and headed to San Francisco for the wedding. It was an untraditional ceremony with no white veil or a parade of bridesmaids. Maddie wore a champagne-colored, beaded dress. I have never seen her so happy—except maybe when she was playing My Little Pony as a 6-year-old. I was simply happy to be there. Tom Burton and his daughter, Maddie, at her wedding to Dan Powers at San Francisco City Hall in June, less than a week before Mr. Burton’s surgery to unblock a carotid artery. Photo: Christina Richards Photography On the morning of June 27, Dr. Perler started operating at 7:30. Within two hours, he had cleared the plaque from my carotid artery. Later, he told me it was so clogged—about 99%—he couldn’t even detect a pulse in it. When I woke up, I was relieved to see that my eyes and fingers all worked. I could think and speak clearly. I was even able to complain to the nurses about how lousy I felt. I spent two days in intensive care, with my blood pressure surging at times. About two weeks after the operation, I felt pretty normal. I’ve resumed running and weight-lifting. I recently played golf for the first time since the surgery and feel great. But mostly I feel lucky to have gotten a test that may have saved my life. Getting Screened A national company, Life Line Screening, will do a carotid screen for $70, or with other tests such as for aortic aneurysms, for $149. Hospitals’ accredited labs will do carotid ultrasound tests typically for $200 to $300, but usually only on a doctor’s order. Insurers, private and government, generally will pay only if the patient has symptoms, including a mini-stroke. The Society for Vascular Surgery’s site, vascular.org, can direct people to specialists who can do testing. Write to Thomas M. Burton at tom.burton@wsj.com"
fakehealth,story_reviews_01409,0,0,1,0.6156856948857412,0.3843143051142587,0.6156856948857412,0.25129575,0.74870425,0.74870425,"Sept. 17, 2010 -- The FDA has approved Krystexxa (pegloticase) for the treatment of gout. Krystexxa is for adults with long-standing chronic gout who do not improve with or cannot tolerate other treatments. The drug is associated with some serious side effects. Gout occurs when uric acid builds up in the body and forms crystals in the joints or in soft tissue. The crystals cause swelling, redness, pain, and stiffness in the joints. The condition is associated with obesity, high blood pressure, high cholesterol, and diabetes. Gout is more common among men and postmenopausal women, and people with kidney disease. Krystexxa, which is made by Savient Pharmaceuticals Inc. of East Brunswick, N.J., is an enzyme that lowers uric acid levels by metabolizing it into a chemical that does not cause bodily damage and is then passed through the urine. The drug is administered to patients every two weeks as an intravenous infusion. Two six-month clinical trials of 212 total patients showed that the drug lowered uric acid levels and reduced deposits of uric acid crystals in joints and soft tissue. Savient expects Krystexxa to be available by prescription later this year.","FDA Approves Krystexxa to Treat Gout. Sept. 17, 2010 -- The FDA has approved Krystexxa (pegloticase) for the treatment of gout. Krystexxa is for adults with long-standing chronic gout who do not improve with or cannot tolerate other treatments. The drug is associated with some serious side effects. Gout occurs when uric acid builds up in the body and forms crystals in the joints or in soft tissue. The crystals cause swelling, redness, pain, and stiffness in the joints. The condition is associated with obesity, high blood pressure, high cholesterol, and diabetes. Gout is more common among men and postmenopausal women, and people with kidney disease. Krystexxa, which is made by Savient Pharmaceuticals Inc. of East Brunswick, N.J., is an enzyme that lowers uric acid levels by metabolizing it into a chemical that does not cause bodily damage and is then passed through the urine. The drug is administered to patients every two weeks as an intravenous infusion. Two six-month clinical trials of 212 total patients showed that the drug lowered uric acid levels and reduced deposits of uric acid crystals in joints and soft tissue. Savient expects Krystexxa to be available by prescription later this year."
fakehealth,story_reviews_01315,0,0,1,0.5010501641906826,0.4989498358093173,0.5010501641906826,0.2914787,0.7085213,0.7085213,"En Español By Amanda Gardner HealthDay Reporter TUESDAY, Nov. 16, 2010 (HealthDay News) -- By substituting a healthy gene for a defective one, scientists were able to partially restore the heart's ability to pump in 39 heart failure patients, researchers report. ""This is the first time gene therapy has been tested and shown to improve outcomes for patients with advanced heart failure,"" study lead author Dr. Donna Mancini, professor of medicine and the Sudhir Choudhrie professor of cardiology at Columbia University College of Physicians and Surgeons in New York City, said in a university news release. ""The therapy works by replenishing levels of an enzyme necessary for the heart to pump more efficiently by introducing the gene for SERCA2a, which is depressed in these patients. If these results are confirmed in future trials, this approach could be an alternative to heart transplant for patients without any other options,"" she added. Mancini presented the results Monday at the annual meeting of the American Heart Association (AHA) in Chicago. The gene for SERCA2a raises levels of the enzyme back to where the heart can pump more efficiently. The enzyme regulates calcium cycling, which, in turn, is involved in how well the heart contracts, the researchers said. ""Heart failure is a defect in contractility related to calcium cycling,"" explained Dr. Robert Eckel, past president of the AHA and professor of medicine at the University of Colorado Denver. The study authors hope that, if replicated in larger trials, the gene-therapy treatment could actually delay or obviate the need for heart transplants in patients with heart failure. ""There are a lot of treatments for heart failure but at some point patients stop responding and then the prognosis is poor,"" said Dr. Rita Redberg, AHA spokeswoman and professor of medicine at the University of California, San Francisco. After that, the only option is a transplant. For this phase 2 study, 39 patients with advanced heart failure were randomly chosen to receive either the gene therapy (through cardiac catheterization) or a placebo. At both six months and a year later, the patients who had received the new gene saw their risk for death, cardiac transplantation, worsening heart failure and hospitalization decline by half. Results were even more heartening at higher doses, where participants had an 88 percent decrease in risk for death, cardiac transplant, hospitalizations and other outcomes, the study authors said. Redberg cautioned that the study was still preliminary and ""requires more investigation."" And research presented at meetings isn't subjected to the same level of scrutiny as studies published in peer-reviewed journals. The study was funded by the Celladon Corp. of La Jolla, Calif. More information The American Heart Association has more on heart failure.","Gene Therapy Shows Potential Against Heart Failure. En Español By Amanda Gardner HealthDay Reporter TUESDAY, Nov. 16, 2010 (HealthDay News) -- By substituting a healthy gene for a defective one, scientists were able to partially restore the heart's ability to pump in 39 heart failure patients, researchers report. ""This is the first time gene therapy has been tested and shown to improve outcomes for patients with advanced heart failure,"" study lead author Dr. Donna Mancini, professor of medicine and the Sudhir Choudhrie professor of cardiology at Columbia University College of Physicians and Surgeons in New York City, said in a university news release. ""The therapy works by replenishing levels of an enzyme necessary for the heart to pump more efficiently by introducing the gene for SERCA2a, which is depressed in these patients. If these results are confirmed in future trials, this approach could be an alternative to heart transplant for patients without any other options,"" she added. Mancini presented the results Monday at the annual meeting of the American Heart Association (AHA) in Chicago. The gene for SERCA2a raises levels of the enzyme back to where the heart can pump more efficiently. The enzyme regulates calcium cycling, which, in turn, is involved in how well the heart contracts, the researchers said. ""Heart failure is a defect in contractility related to calcium cycling,"" explained Dr. Robert Eckel, past president of the AHA and professor of medicine at the University of Colorado Denver. The study authors hope that, if replicated in larger trials, the gene-therapy treatment could actually delay or obviate the need for heart transplants in patients with heart failure. ""There are a lot of treatments for heart failure but at some point patients stop responding and then the prognosis is poor,"" said Dr. Rita Redberg, AHA spokeswoman and professor of medicine at the University of California, San Francisco. After that, the only option is a transplant. For this phase 2 study, 39 patients with advanced heart failure were randomly chosen to receive either the gene therapy (through cardiac catheterization) or a placebo. At both six months and a year later, the patients who had received the new gene saw their risk for death, cardiac transplantation, worsening heart failure and hospitalization decline by half. Results were even more heartening at higher doses, where participants had an 88 percent decrease in risk for death, cardiac transplant, hospitalizations and other outcomes, the study authors said. Redberg cautioned that the study was still preliminary and ""requires more investigation."" And research presented at meetings isn't subjected to the same level of scrutiny as studies published in peer-reviewed journals. The study was funded by the Celladon Corp. of La Jolla, Calif. More information The American Heart Association has more on heart failure."
fakehealth,story_reviews_00585,0,0,1,0.5773049207250625,0.4226950792749375,0.5773049207250625,0.41126722,0.58873284,0.58873284,"By Dennis Thompson HealthDay Reporter MONDAY, July 6, 2015 (HealthDay News) -- A scan of calcium deposits inside your arteries can help doctors deduce how long you're likely to live, a new study has found. The test, called a coronary calcium scan, uses a regular CT scan to look for calcium deposits in the three major arteries that carry blood away from the heart, said lead author Leslee Shaw, a professor of cardiology at Emory University in Atlanta. People with the largest amounts of calcium in their arteries carry an early death risk that's six times greater than those with no calcium deposits, researchers found in a 15-year study of nearly 10,000 patients. ""If you had no calcium or very small amounts, we were able to track over a very long time that you actually had a very outstanding survival,"" Shaw said. Calcium deposits develop as a response to plaque formation along the artery walls, Shaw said. These plaques, which are caused by blood cholesterol, build up over time and cause arteries to narrow, leading to heart disease as the heart works harder to pump blood through the body. If a plaque bursts, a blood clot can form on its surface, blocking blood flow and causing a heart attack, according to the U.S. National Institutes of Health. If the clot breaks free, it can flow into the brain and cause a stroke. To prevent plaques from bursting, the body tries to harden them by depositing calcium salts over and around them, Shaw said. Doctors learned in the 1990s that these calcified plaques show up on CT scans, and can be used to determine whether a person is suffering from hardening of the arteries, Shaw said. Up to now, however, there's been little evidence showing that a calcium scan can provide a solid assessment of a person's long-term health risk, the study authors said in background information. Most studies involving these scans have a follow-up of five years or less. In this new study, doctors referred 9,715 healthy patients in the Nashville area between 1996 and 1999 to a cardiology outreach screening program provided by the military's Tricare Healthcare System. The patients underwent a calcium scan, and also provided a detailed history of their heart risk factors. Researchers then tracked the participants for roughly 15 years, taking special note of the 936 patients who died. Analysis revealed that the risk of premature death steadily increased with the amount of calcium deposits found in a person's major arteries. Patients with small levels of arterial calcium had a 68 percent increased overall risk of death, compared to those with no calcium deposits at all. But people with the largest calcium deposits in their arteries had a death risk six times greater than those with no calcium. ""This is not a new test, but these results emphasize the importance of looking at this marker in addition to the traditional risk factors,"" said Dr. William Zoghbi, past president of the American College of Cardiology and head of cardiovascular imaging for Houston Methodist Hospital. Calcium scans are currently used to help doctors determine the best treatment for patients who have no heart symptoms but do have high cholesterol or a family history of heart problems, Zoghbi said. This study confirms their usefulness in that regard, he said. ""Calcium scoring really is the earliest marker in the development of hardening of the arteries in people who have no symptoms,"" he said. ""The best use is in patients who have no symptoms, but the value of the test is not well known."" The results of a calcium scan can be reassuring for people with few or no calcium deposits, and can provide people with high calcium levels with added impetus to take better care of themselves, Shaw said. ""It can be a very potent motivator,"" she said. People with many calcium deposits can improve their long-term prospects by eating right, exercising, and taking medication to treat heart risk factors such as high blood pressure, elevated blood cholesterol and type 2 diabetes, Shaw said. Shaw thinks calcium scans ultimately could become part of a person's regular physical exam, as common as blood cholesterol tests. They generally cost less than $100, she said. ""I think it's headed that way,"" she said. ""We're kind of on the edge of this becoming more accepted."" The findings appear in the July 7 issue of Annals of Internal Medicine. More information For more on coronary calcium scans, visit the U.S. National Institutes of Health.","Calcium Scan Can Predict Premature Death Risk, Study Says. By Dennis Thompson HealthDay Reporter MONDAY, July 6, 2015 (HealthDay News) -- A scan of calcium deposits inside your arteries can help doctors deduce how long you're likely to live, a new study has found. The test, called a coronary calcium scan, uses a regular CT scan to look for calcium deposits in the three major arteries that carry blood away from the heart, said lead author Leslee Shaw, a professor of cardiology at Emory University in Atlanta. People with the largest amounts of calcium in their arteries carry an early death risk that's six times greater than those with no calcium deposits, researchers found in a 15-year study of nearly 10,000 patients. ""If you had no calcium or very small amounts, we were able to track over a very long time that you actually had a very outstanding survival,"" Shaw said. Calcium deposits develop as a response to plaque formation along the artery walls, Shaw said. These plaques, which are caused by blood cholesterol, build up over time and cause arteries to narrow, leading to heart disease as the heart works harder to pump blood through the body. If a plaque bursts, a blood clot can form on its surface, blocking blood flow and causing a heart attack, according to the U.S. National Institutes of Health. If the clot breaks free, it can flow into the brain and cause a stroke. To prevent plaques from bursting, the body tries to harden them by depositing calcium salts over and around them, Shaw said. Doctors learned in the 1990s that these calcified plaques show up on CT scans, and can be used to determine whether a person is suffering from hardening of the arteries, Shaw said. Up to now, however, there's been little evidence showing that a calcium scan can provide a solid assessment of a person's long-term health risk, the study authors said in background information. Most studies involving these scans have a follow-up of five years or less. In this new study, doctors referred 9,715 healthy patients in the Nashville area between 1996 and 1999 to a cardiology outreach screening program provided by the military's Tricare Healthcare System. The patients underwent a calcium scan, and also provided a detailed history of their heart risk factors. Researchers then tracked the participants for roughly 15 years, taking special note of the 936 patients who died. Analysis revealed that the risk of premature death steadily increased with the amount of calcium deposits found in a person's major arteries. Patients with small levels of arterial calcium had a 68 percent increased overall risk of death, compared to those with no calcium deposits at all. But people with the largest calcium deposits in their arteries had a death risk six times greater than those with no calcium. ""This is not a new test, but these results emphasize the importance of looking at this marker in addition to the traditional risk factors,"" said Dr. William Zoghbi, past president of the American College of Cardiology and head of cardiovascular imaging for Houston Methodist Hospital. Calcium scans are currently used to help doctors determine the best treatment for patients who have no heart symptoms but do have high cholesterol or a family history of heart problems, Zoghbi said. This study confirms their usefulness in that regard, he said. ""Calcium scoring really is the earliest marker in the development of hardening of the arteries in people who have no symptoms,"" he said. ""The best use is in patients who have no symptoms, but the value of the test is not well known."" The results of a calcium scan can be reassuring for people with few or no calcium deposits, and can provide people with high calcium levels with added impetus to take better care of themselves, Shaw said. ""It can be a very potent motivator,"" she said. People with many calcium deposits can improve their long-term prospects by eating right, exercising, and taking medication to treat heart risk factors such as high blood pressure, elevated blood cholesterol and type 2 diabetes, Shaw said. Shaw thinks calcium scans ultimately could become part of a person's regular physical exam, as common as blood cholesterol tests. They generally cost less than $100, she said. ""I think it's headed that way,"" she said. ""We're kind of on the edge of this becoming more accepted."" The findings appear in the July 7 issue of Annals of Internal Medicine. More information For more on coronary calcium scans, visit the U.S. National Institutes of Health."
fakehealth,story_reviews_01111,0,0,1,0.5836297075520425,0.4163702924479576,0.5836297075520425,0.25973877,0.74026126,0.74026126,"Fewer Colorado women are seeking mammograms after a disputed national guideline in 2009 cut back screening recommendations, according to a University of Colorado Hospital study. In the nine months following a highly publicized national guideline discouraging annual mammograms for women ages 40 to 49, the number of patients in that group seeking mammograms at University Hospital dropped 15 percent to 1,122. The findings — along with an Ohio study to be released today showing mammograms lead to earlier cancer detection for that age group — might bolster those who opposed the guideline change. A parallel CU study tracked doctor and nurse patterns since the guidelines and found many now follow the disputed recommendations. “If the trend continues, we may miss the opportunity to diagnose breast cancer in its early stages, and early detection is crucial,” said Dr. Lara Hardesty, co-author of the University Hospital study and a breast-cancer specialist who disagrees with the 2009 guideline change. The U.S. Preventive Services Task Force is an independent panel supported by federal health agencies, charged with reviewing evidence and preparing national guidelines on screening in areas from cancer to hearing loss. The 2009 breast-cancer recommendation said evidence did not support routine mammograms for women ages 40 to 49 unless they had a genetic mutation that makes cancer more likely or other risk factors. The national panel said the risks of biopsies from false positive mammograms and anxiety caused by unnecessary screening outweighed the small number of deaths that could be prevented. Some detected tumors do not become dangerous, and some treatments have harmful side effects. Regular screenings prevented one death per 1,904 women screened from age 40 to 49. The panel also said women ages 50 to 74 needed mammograms only every two years instead of every year. Many doctors responded that early detection is key and that no tool is better for earliest detection than the mammogram. The question at hand, Hardesty said, is: “If it’s your cancer, and your life, it’s huge, but where are we willing to spend that money?” Researchers immediately started recording changes caused by the revised guidelines. Hardesty’s patient study started with the fact that 1,327 women in the 40-49 age group sought mammograms at University Hospital in a nine-month period before the guidelines; afterward, the numbers dropped by 205. The recession and loss of work-based insurance might explain some decline, Hardesty said, but women in the 50-74 age group had a slight increase. Health care cost-reform efforts depend in part on increased funding for evidence-based treatment reviews, which evaluate the effectiveness of everything from antibiotics to spinal procedures to prostate screening. But guidelines lead to fears that insurers or governments won’t pay for certain tests and procedures — words such as “rationing” stirred the 2009-10 federal reform debate. “We want to have the best science out there. We want to have evidence-based practices, but I think this has caused more damage than good,” said Michele Ostrander, executive director of the Denver branch of Susan G. Komen for the Cure. The revised guidelines “didn’t say, ‘Don’t get a mammogram,’ but that’s what the public heard,” according to the new research, Ostrander said. Colorado advocates said they had not seen evidence that payers were trying to cut out mammograms after the study. The state legislature passed a law last year requiring Colorado insurers to pay for mammograms every year past age 40. The cancer-treatment community will watch closely for more studies, said Dr. Colleen Murphy, director of the breast-cancer program at Porter Adventist Hospital. “I haven’t met too many providers who think these guidelines are a good idea,” Murphy said. “Hopefully there will be more research that supports that side of things.”","Fewer Colorado women getting mammograms since 2009 guideline change. Fewer Colorado women are seeking mammograms after a disputed national guideline in 2009 cut back screening recommendations, according to a University of Colorado Hospital study. In the nine months following a highly publicized national guideline discouraging annual mammograms for women ages 40 to 49, the number of patients in that group seeking mammograms at University Hospital dropped 15 percent to 1,122. The findings — along with an Ohio study to be released today showing mammograms lead to earlier cancer detection for that age group — might bolster those who opposed the guideline change. A parallel CU study tracked doctor and nurse patterns since the guidelines and found many now follow the disputed recommendations. “If the trend continues, we may miss the opportunity to diagnose breast cancer in its early stages, and early detection is crucial,” said Dr. Lara Hardesty, co-author of the University Hospital study and a breast-cancer specialist who disagrees with the 2009 guideline change. The U.S. Preventive Services Task Force is an independent panel supported by federal health agencies, charged with reviewing evidence and preparing national guidelines on screening in areas from cancer to hearing loss. The 2009 breast-cancer recommendation said evidence did not support routine mammograms for women ages 40 to 49 unless they had a genetic mutation that makes cancer more likely or other risk factors. The national panel said the risks of biopsies from false positive mammograms and anxiety caused by unnecessary screening outweighed the small number of deaths that could be prevented. Some detected tumors do not become dangerous, and some treatments have harmful side effects. Regular screenings prevented one death per 1,904 women screened from age 40 to 49. The panel also said women ages 50 to 74 needed mammograms only every two years instead of every year. Many doctors responded that early detection is key and that no tool is better for earliest detection than the mammogram. The question at hand, Hardesty said, is: “If it’s your cancer, and your life, it’s huge, but where are we willing to spend that money?” Researchers immediately started recording changes caused by the revised guidelines. Hardesty’s patient study started with the fact that 1,327 women in the 40-49 age group sought mammograms at University Hospital in a nine-month period before the guidelines; afterward, the numbers dropped by 205. The recession and loss of work-based insurance might explain some decline, Hardesty said, but women in the 50-74 age group had a slight increase. Health care cost-reform efforts depend in part on increased funding for evidence-based treatment reviews, which evaluate the effectiveness of everything from antibiotics to spinal procedures to prostate screening. But guidelines lead to fears that insurers or governments won’t pay for certain tests and procedures — words such as “rationing” stirred the 2009-10 federal reform debate. “We want to have the best science out there. We want to have evidence-based practices, but I think this has caused more damage than good,” said Michele Ostrander, executive director of the Denver branch of Susan G. Komen for the Cure. The revised guidelines “didn’t say, ‘Don’t get a mammogram,’ but that’s what the public heard,” according to the new research, Ostrander said. Colorado advocates said they had not seen evidence that payers were trying to cut out mammograms after the study. The state legislature passed a law last year requiring Colorado insurers to pay for mammograms every year past age 40. The cancer-treatment community will watch closely for more studies, said Dr. Colleen Murphy, director of the breast-cancer program at Porter Adventist Hospital. “I haven’t met too many providers who think these guidelines are a good idea,” Murphy said. “Hopefully there will be more research that supports that side of things.”"
fakehealth,story_reviews_00268,0,0,1,0.5745000547643137,0.4254999452356863,0.5745000547643137,0.420715,0.57928497,0.57928497,Why did this happen? Please make sure your browser supports JavaScript and cookies and that you are not blocking them from loading. For more information you can review our Terms of Service and Cookie Policy.,Are you a robot?. Why did this happen? Please make sure your browser supports JavaScript and cookies and that you are not blocking them from loading. For more information you can review our Terms of Service and Cookie Policy.
fakehealth,news_reviews_00267,1,1,0,0.4946177252657119,0.5053822747342881,0.5053822747342881,0.7203247,0.27967533,0.7203247,"ROCHESTER, Minn. — A new type of blood test may help physicians identify which patients with and without evidence of coronary blockages are at risk for heart attacks and strokes. Even individuals with normal levels of low-density lipoprotein (LDL), known as the so-called “bad” cholesterol, but still at risk, seem to be identified, according to Mayo Clinic research being presented at the American College of Cardiology’s 66th Annual Scientific Session. The test, released commercially by Mayo Medical Laboratories in August 2016, measures blood concentrations of plasma ceramides, a class of lipids that are highly linked to cardiovascular disease processes. The study found that individuals with the highest levels of blood ceramides were found to have a 3- to 4-times greater risk of having a cardiovascular event compared with those with the lowest ceramide score, regardless of their LDL cholesterol level or the presence of a blockage in the heart’s arteries. “Our research suggests that evaluating ceramide levels in patients who are not at immediate risk for coronary artery disease events may help cardiologists decide who could benefit from proactive and preventive treatment, such as statins, or lifestyle changes to prevent a serious cardiac event down the road,” says Jeff Meeusen, Ph.D., a clinical chemist, co-director of Cardiovascular Laboratory Medicine at Mayo Clinic and the study’s lead author. According to Dr. Meeusen, ceramides are different than cholesterol, which gathers and causes a clog in the arteries. Ceramides are more active, attracting inflammatory cells and promoting clotting. In the study, 499 Mayo Clinic patients who were referred for coronary angiography to check for possible artery blockages were included and followed prospectively for approximately eighteen years. Patients were similar in age and with regard to blood pressure, smoking status and high-density lipoprotein (HDL), the “good” cholesterol; excluded were those who had diabetes or a previous heart attack, stroke or procedure to open narrowed coronary arteries. Researchers measured four different types of ceramides in the blood at baseline and combined the values into a 12-point scale. Patients were grouped into four risk categories according to their ceramide levels: low (0–2), intermediate (3–6), moderate (7–9) and high (10–12). Over the eighteen years, researchers recorded occurrences of heart attack, stroke, revascularization and death. Overall, 5.1 percent of patients had a major cardiovascular event each year. But the risk of having an event became higher as ceramide level increased; for each 1-point increase in the ceramide risk score, the risk rose by 9 percent. The rate of events was double among people with the highest ceramide score compared with those with the lowest (8.1 vs. 4.1 percent, respectively). In patients without coronary artery disease following angiography, the rate of cardiovascular events was only 3.1 percent, lower than the average overall. But when researchers examined cardiovascular disease in this population by ceramide scores, people with the highest levels of ceramides were four times more likely to have an event compared with those with the lowest (7.8 vs. 2.2 percent, respectively). A similar trend was seen among people with low LDL levels (<100 mg/dL), typically considered a good LDL target. In this group, the rate of heart attack, stroke and revascularization and death was 3.7 percent among those with a low ceramide score, but 16.4 percent in people with the highest ceramide levels. “There is a need to identify patients at increased risk for cardiovascular events so that we can test strategies to prevent those events. This test seems to provide such information,” says Allan S. Jaffe, M.D., senior author of the study, cardiologist at Mayo Clinic and chair of the Division of Clinical Core Laboratory Services. The trial was funded by Mayo Clinic. The new test is available to health care providers worldwide through Mayo Medical Laboratories, which offers laboratory testing and pathology services to more than 4,000 health care organizations in more than 70 countries. Mayo Medical Laboratories collaborated with some of the original researchers who established the role of ceramides in cardiovascular disease and Zora Biosciences Oy, a diagnostics discovery company based in Finland, to develop and refine the test. The present study is also the first to test its clinical utility in a U.S. population. Co-authors are: Leslie Donato, Ph.D.; Sandra Bryant; Grant Spears; Peter Berger, M.D.; and Linnea Baudhuin, Ph.D., all of Mayo Clinic. ### About Mayo Clinic Mayo Clinic is a nonprofit organization committed to clinical practice, education and research, providing expert, whole-person care to everyone who needs healing. For more information, visit http://www.mayoclinic.org/about-mayo-clinic or https://newsnetwork.mayoclinic.org/. MEDIA CONTACT Traci Klein, Mayo Clinic Public Affairs, 507-284-5005, newsbureau@mayo.edu","New blood test may predict cardiovascular events in patients with or without coronary artery disease. ROCHESTER, Minn. — A new type of blood test may help physicians identify which patients with and without evidence of coronary blockages are at risk for heart attacks and strokes. Even individuals with normal levels of low-density lipoprotein (LDL), known as the so-called “bad” cholesterol, but still at risk, seem to be identified, according to Mayo Clinic research being presented at the American College of Cardiology’s 66th Annual Scientific Session. The test, released commercially by Mayo Medical Laboratories in August 2016, measures blood concentrations of plasma ceramides, a class of lipids that are highly linked to cardiovascular disease processes. The study found that individuals with the highest levels of blood ceramides were found to have a 3- to 4-times greater risk of having a cardiovascular event compared with those with the lowest ceramide score, regardless of their LDL cholesterol level or the presence of a blockage in the heart’s arteries. “Our research suggests that evaluating ceramide levels in patients who are not at immediate risk for coronary artery disease events may help cardiologists decide who could benefit from proactive and preventive treatment, such as statins, or lifestyle changes to prevent a serious cardiac event down the road,” says Jeff Meeusen, Ph.D., a clinical chemist, co-director of Cardiovascular Laboratory Medicine at Mayo Clinic and the study’s lead author. According to Dr. Meeusen, ceramides are different than cholesterol, which gathers and causes a clog in the arteries. Ceramides are more active, attracting inflammatory cells and promoting clotting. In the study, 499 Mayo Clinic patients who were referred for coronary angiography to check for possible artery blockages were included and followed prospectively for approximately eighteen years. Patients were similar in age and with regard to blood pressure, smoking status and high-density lipoprotein (HDL), the “good” cholesterol; excluded were those who had diabetes or a previous heart attack, stroke or procedure to open narrowed coronary arteries. Researchers measured four different types of ceramides in the blood at baseline and combined the values into a 12-point scale. Patients were grouped into four risk categories according to their ceramide levels: low (0–2), intermediate (3–6), moderate (7–9) and high (10–12). Over the eighteen years, researchers recorded occurrences of heart attack, stroke, revascularization and death. Overall, 5.1 percent of patients had a major cardiovascular event each year. But the risk of having an event became higher as ceramide level increased; for each 1-point increase in the ceramide risk score, the risk rose by 9 percent. The rate of events was double among people with the highest ceramide score compared with those with the lowest (8.1 vs. 4.1 percent, respectively). In patients without coronary artery disease following angiography, the rate of cardiovascular events was only 3.1 percent, lower than the average overall. But when researchers examined cardiovascular disease in this population by ceramide scores, people with the highest levels of ceramides were four times more likely to have an event compared with those with the lowest (7.8 vs. 2.2 percent, respectively). A similar trend was seen among people with low LDL levels (<100 mg/dL), typically considered a good LDL target. In this group, the rate of heart attack, stroke and revascularization and death was 3.7 percent among those with a low ceramide score, but 16.4 percent in people with the highest ceramide levels. “There is a need to identify patients at increased risk for cardiovascular events so that we can test strategies to prevent those events. This test seems to provide such information,” says Allan S. Jaffe, M.D., senior author of the study, cardiologist at Mayo Clinic and chair of the Division of Clinical Core Laboratory Services. The trial was funded by Mayo Clinic. The new test is available to health care providers worldwide through Mayo Medical Laboratories, which offers laboratory testing and pathology services to more than 4,000 health care organizations in more than 70 countries. Mayo Medical Laboratories collaborated with some of the original researchers who established the role of ceramides in cardiovascular disease and Zora Biosciences Oy, a diagnostics discovery company based in Finland, to develop and refine the test. The present study is also the first to test its clinical utility in a U.S. population. Co-authors are: Leslie Donato, Ph.D.; Sandra Bryant; Grant Spears; Peter Berger, M.D.; and Linnea Baudhuin, Ph.D., all of Mayo Clinic. ### About Mayo Clinic Mayo Clinic is a nonprofit organization committed to clinical practice, education and research, providing expert, whole-person care to everyone who needs healing. For more information, visit http://www.mayoclinic.org/about-mayo-clinic or https://newsnetwork.mayoclinic.org/. MEDIA CONTACT Traci Klein, Mayo Clinic Public Affairs, 507-284-5005, newsbureau@mayo.edu"
fakehealth,story_reviews_01043,0,0,1,0.7465673036404813,0.2534326963595187,0.7465673036404813,0.42025328,0.5797467,0.5797467,"www.chicagotribune.com/health/ct-x-0720-liquid-facelift-20110720,0,1517610.story By Ed Finkel, Special to the Tribune July 20, 2011 Advertisement Demand for minimally invasive cosmetic procedures showed a three-digit increase over the last decade, with Botox leading the way for those seeking to look younger or better. As of last month, would-be patients can consider a new product that uses their own collagen cells, which are multiplied in a lab to create an injectable substance that smoothes out facial features. Injections typically cost a fraction of surgery and require much less recuperation time. ""It's taking hold. People are doing (injections) a lot more frequently,"" said John Bull, a plastic surgeon in Naperville. ""People that are looking for a modest improvement with less down time and no scars typically want to have this done. The best candidates are people with early signs of aging and volume loss."" Laurette Agee, 51, who is general manager of a McDonald's in Aurora, was a patient of Bull's. More than four years after losing her husband of 26 years, Agee was ready to come out of her shell but noticed the aging process taking hold. She did not warm to the idea of plastic surgery, so starting in February she began receiving different types of injections in her cheeks, lips and along the sides of her nostrils. ""I catch men looking at me now in a different perspective. It makes me feel very good,"" Agee said. ""At my son's wrestling meets, other moms were like, 'Did you have something done, Laurette? You look so good.' I have no shame in saying, 'I did this, and this, and this.'"" In the last decade, minimally invasive procedures have skyrocketed in popularity, from 5.5 million performed in 2000 to 11.6 million in 2010 — a 110 percent increase, according to the American Society of Plastic Surgeons. The best-known and most commonly used, Botox, jumped 584 percent. Cosmetic surgical procedures were done 18 percent less often in 2010 than in 2000, with considerably larger drops in facelifts (65 percent), forehead lifts (57 percent), eyelid surgery (36 percent), chin augmentation (55 percent) and nose reshaping (35 percent), the society reports. The new product, called laViv and approved by the Federal Drug Administration in late June, is what Chicago plastic surgeon Julius Few describes as ""another tool in our chest."" It will take awhile to reach market and will be more expensive than other injectables, at least initially, Few said. ""It's not going to be one of these things where people are going to put down their other options like Botox overnight,"" he said. ""As this continues to develop and is modified and enhanced as an application, hopefully it will approach a cost point similar to some of the other options and have a broader application. ... My experience, given past history, is that the concept of using a patient's own material and then enriching it is expensive."" Thomas Mustoe, a plastic surgeon and professor of surgery at Northwestern Memorial Hospital, also expects laViv to be costly and expressed skepticism that it will necessarily work better than other nonsurgical options. He said the FDA approval indicates that the procedure is safe and can work, but patients should not necessarily conclude more. ""This is certainly significant that you have approval,"" Mustoe said. ""It is going to be simple to inject. But what is unknown is whether it is going to turn out to be better than other fillers. We're still sorting out what is possible with a needle and an injection."" Part of the reason for the popularity of injectables is the cost. Bull said they typically are no more than half the cost of surgery, which can run from $5,000 to $20,000, depending upon the areas of the face affected and technique used. Few said some minimally invasive procedures can cost $3,000 or more. Botox is ""a third or less of that,"" he said, but needs to be redone every three to six months, while other products can last ""on the order of years."" Plastic surgeons have been combining regimens to ""get a result that is better than either (product) alone,"" he said. Susan P., 57, a Chicago resident and executive assistant who asked that her last name not be used, has been seeing Few for about four years. He has injected Botox and Restylane around her eyes, the sides of her nose and her forehead, and she estimates she spends about $3,500 per year. ""There's no giveaway that I'm doing anything, which is really appreciated,"" she said. ""The longer you do this, the less often you have to go. There's a cumulative effect."" Agee estimates she spent a little less than $2,500 for a combination of Radiesse for her cheeks, Botox around her eyes and Juvederm for the sides of her nostrils. Though initially apprehensive about possible side effects, she said, she's more than willing to repeat it. ""The process was a lot easier than what I anticipated,"" she said. She had worried: ""My God, what happens if I look like a freak? I work in public nine hours a day. I have like 50 employees under me. I'm going to look like Frankenstein."" Mustoe said the key to avoiding such results is proper pacing of treatments and not overdoing it. ""Some patients look overly plumped up. There are limits to what you can do,"" he said. ""You only have to look at the folks in Hollywood to see that a series of (too many) small procedures can have a very strange effect.""","Quick shot replacing nip, tuck. www.chicagotribune.com/health/ct-x-0720-liquid-facelift-20110720,0,1517610.story By Ed Finkel, Special to the Tribune July 20, 2011 Advertisement Demand for minimally invasive cosmetic procedures showed a three-digit increase over the last decade, with Botox leading the way for those seeking to look younger or better. As of last month, would-be patients can consider a new product that uses their own collagen cells, which are multiplied in a lab to create an injectable substance that smoothes out facial features. Injections typically cost a fraction of surgery and require much less recuperation time. ""It's taking hold. People are doing (injections) a lot more frequently,"" said John Bull, a plastic surgeon in Naperville. ""People that are looking for a modest improvement with less down time and no scars typically want to have this done. The best candidates are people with early signs of aging and volume loss."" Laurette Agee, 51, who is general manager of a McDonald's in Aurora, was a patient of Bull's. More than four years after losing her husband of 26 years, Agee was ready to come out of her shell but noticed the aging process taking hold. She did not warm to the idea of plastic surgery, so starting in February she began receiving different types of injections in her cheeks, lips and along the sides of her nostrils. ""I catch men looking at me now in a different perspective. It makes me feel very good,"" Agee said. ""At my son's wrestling meets, other moms were like, 'Did you have something done, Laurette? You look so good.' I have no shame in saying, 'I did this, and this, and this.'"" In the last decade, minimally invasive procedures have skyrocketed in popularity, from 5.5 million performed in 2000 to 11.6 million in 2010 — a 110 percent increase, according to the American Society of Plastic Surgeons. The best-known and most commonly used, Botox, jumped 584 percent. Cosmetic surgical procedures were done 18 percent less often in 2010 than in 2000, with considerably larger drops in facelifts (65 percent), forehead lifts (57 percent), eyelid surgery (36 percent), chin augmentation (55 percent) and nose reshaping (35 percent), the society reports. The new product, called laViv and approved by the Federal Drug Administration in late June, is what Chicago plastic surgeon Julius Few describes as ""another tool in our chest."" It will take awhile to reach market and will be more expensive than other injectables, at least initially, Few said. ""It's not going to be one of these things where people are going to put down their other options like Botox overnight,"" he said. ""As this continues to develop and is modified and enhanced as an application, hopefully it will approach a cost point similar to some of the other options and have a broader application. ... My experience, given past history, is that the concept of using a patient's own material and then enriching it is expensive."" Thomas Mustoe, a plastic surgeon and professor of surgery at Northwestern Memorial Hospital, also expects laViv to be costly and expressed skepticism that it will necessarily work better than other nonsurgical options. He said the FDA approval indicates that the procedure is safe and can work, but patients should not necessarily conclude more. ""This is certainly significant that you have approval,"" Mustoe said. ""It is going to be simple to inject. But what is unknown is whether it is going to turn out to be better than other fillers. We're still sorting out what is possible with a needle and an injection."" Part of the reason for the popularity of injectables is the cost. Bull said they typically are no more than half the cost of surgery, which can run from $5,000 to $20,000, depending upon the areas of the face affected and technique used. Few said some minimally invasive procedures can cost $3,000 or more. Botox is ""a third or less of that,"" he said, but needs to be redone every three to six months, while other products can last ""on the order of years."" Plastic surgeons have been combining regimens to ""get a result that is better than either (product) alone,"" he said. Susan P., 57, a Chicago resident and executive assistant who asked that her last name not be used, has been seeing Few for about four years. He has injected Botox and Restylane around her eyes, the sides of her nose and her forehead, and she estimates she spends about $3,500 per year. ""There's no giveaway that I'm doing anything, which is really appreciated,"" she said. ""The longer you do this, the less often you have to go. There's a cumulative effect."" Agee estimates she spent a little less than $2,500 for a combination of Radiesse for her cheeks, Botox around her eyes and Juvederm for the sides of her nostrils. Though initially apprehensive about possible side effects, she said, she's more than willing to repeat it. ""The process was a lot easier than what I anticipated,"" she said. She had worried: ""My God, what happens if I look like a freak? I work in public nine hours a day. I have like 50 employees under me. I'm going to look like Frankenstein."" Mustoe said the key to avoiding such results is proper pacing of treatments and not overdoing it. ""Some patients look overly plumped up. There are limits to what you can do,"" he said. ""You only have to look at the folks in Hollywood to see that a series of (too many) small procedures can have a very strange effect."""
fakehealth,story_reviews_01178,0,0,1,0.5297835230717025,0.4702164769282974,0.5297835230717025,0.35921085,0.64078915,0.64078915,"A study finds that use of virtual colonoscopy, a non-invasive way of scanning the colon for potentially cancerous growths, is on the rise. That’s a bit of a surprise, given that not all medical experts agree on whether the virtual screen is as reliable as a traditional colonoscopy, in which doctors insert a scope with a small camera into the colon. Plus, Medicare does not currently reimburse patients for routine screening with virtual colonoscopy, but does cover evaluations with colonoscopy. Add to that the aggressive public awareness campaign for colonoscopy screening led by celebrities like Katie Couric, who allowed TV cameras in as she got her first test, and it’s clear why more people are familiar with the scope than with its virtual cousin. But in spite of those challenges, Megan McHugh at the Health Research and Educational Trust in Chicago and her team report that about 17% of hospitals in the U.S. now offer the screening test, up from 13% in 2005. As its name implies, virtual colonoscopy is way to survey the colon without actually using a scope. Patients lie in a CT scanner, which takes a series of pictures from a variety of different angles, and a computer compiles the snapshots in two different ways. The images can be viewed as two dimensional CT scans, which display any possible abnormalities protruding from the lining of the colon. Or, the images can be combined to generate a 3D view of the colon, allowing the doctors to “fly through” the organ looking for any suspicious growths or protrusions. The prep for both the virtual and actual colonoscopy is the same — the dreaded “colon cleanse” that many patients find is the worst part of the procedure. The night before the test, they start drinking clear liquids and take agents to loosen their stools and empty their colon so any remaining debris isn’t mistaken for a tumor during the screen. While the virtual colonoscopy does not require the sedation and insertion of a scope that colonoscopy does, it involves exposure to a small amount of radiation. But according to Dr. Marc Gollub, director of CT and gastrointestinal radiology at Memorial Sloan-Kettering Cancer Center, “the radiation is much lower than a regular CT scan and has not been proven to be of any risk. It’s similar to [the exposure from cosmic radiation] you might get on a long airplane flight.” While a growing body of data suggest that virtual colonoscopy is as sensitive as colonoscopy in picking up potential tumors, not all cancer experts agree that it’s a good alternative to the gold-standard scope. While the American Cancer Society, the American College of Physicians and other gastroenterology experts recommend virtual screening every five years, the U.S. Preventive Services Task Force, a congressionally mandated but non-federal, independent group of medical experts, concluded the evidence wasn’t strong enough to justify Medicare coverage of the service. So which one is right for you? Virtual colonoscopy is a good option for those who can’t be sedated for colonoscopy, or who simply can’t tolerate the scope. In McHugh’s survey, hospitals reported that these patients make up the bulk of their use. And given the relatively low cost of investing in the software and other equipment required to run a virtual scan, more hospitals may be adding the option to their patient services. The virtual scan does involve radiation exposure, and if doctors find an abnormality that needs to be removed, you’ll have to undergo a colonoscopy anyway (to avoid another colon cleanse, consider scheduling a colonoscopy on the same day in case tumors need to be removed). But Gollub notes that only about 8% of healthy adults getting regularly screened actually have tumors. Given the fact that more hospitals are offering virtual colonoscopy, it’s worth discussing with your doctor. In the end, it’s a matter of personal preference — it’s less important how you get screened, just that you do get screened.","Virtual Colonoscopy Gains in Popularity. Is It Right for You?. A study finds that use of virtual colonoscopy, a non-invasive way of scanning the colon for potentially cancerous growths, is on the rise. That’s a bit of a surprise, given that not all medical experts agree on whether the virtual screen is as reliable as a traditional colonoscopy, in which doctors insert a scope with a small camera into the colon. Plus, Medicare does not currently reimburse patients for routine screening with virtual colonoscopy, but does cover evaluations with colonoscopy. Add to that the aggressive public awareness campaign for colonoscopy screening led by celebrities like Katie Couric, who allowed TV cameras in as she got her first test, and it’s clear why more people are familiar with the scope than with its virtual cousin. But in spite of those challenges, Megan McHugh at the Health Research and Educational Trust in Chicago and her team report that about 17% of hospitals in the U.S. now offer the screening test, up from 13% in 2005. As its name implies, virtual colonoscopy is way to survey the colon without actually using a scope. Patients lie in a CT scanner, which takes a series of pictures from a variety of different angles, and a computer compiles the snapshots in two different ways. The images can be viewed as two dimensional CT scans, which display any possible abnormalities protruding from the lining of the colon. Or, the images can be combined to generate a 3D view of the colon, allowing the doctors to “fly through” the organ looking for any suspicious growths or protrusions. The prep for both the virtual and actual colonoscopy is the same — the dreaded “colon cleanse” that many patients find is the worst part of the procedure. The night before the test, they start drinking clear liquids and take agents to loosen their stools and empty their colon so any remaining debris isn’t mistaken for a tumor during the screen. While the virtual colonoscopy does not require the sedation and insertion of a scope that colonoscopy does, it involves exposure to a small amount of radiation. But according to Dr. Marc Gollub, director of CT and gastrointestinal radiology at Memorial Sloan-Kettering Cancer Center, “the radiation is much lower than a regular CT scan and has not been proven to be of any risk. It’s similar to [the exposure from cosmic radiation] you might get on a long airplane flight.” While a growing body of data suggest that virtual colonoscopy is as sensitive as colonoscopy in picking up potential tumors, not all cancer experts agree that it’s a good alternative to the gold-standard scope. While the American Cancer Society, the American College of Physicians and other gastroenterology experts recommend virtual screening every five years, the U.S. Preventive Services Task Force, a congressionally mandated but non-federal, independent group of medical experts, concluded the evidence wasn’t strong enough to justify Medicare coverage of the service. So which one is right for you? Virtual colonoscopy is a good option for those who can’t be sedated for colonoscopy, or who simply can’t tolerate the scope. In McHugh’s survey, hospitals reported that these patients make up the bulk of their use. And given the relatively low cost of investing in the software and other equipment required to run a virtual scan, more hospitals may be adding the option to their patient services. The virtual scan does involve radiation exposure, and if doctors find an abnormality that needs to be removed, you’ll have to undergo a colonoscopy anyway (to avoid another colon cleanse, consider scheduling a colonoscopy on the same day in case tumors need to be removed). But Gollub notes that only about 8% of healthy adults getting regularly screened actually have tumors. Given the fact that more hospitals are offering virtual colonoscopy, it’s worth discussing with your doctor. In the end, it’s a matter of personal preference — it’s less important how you get screened, just that you do get screened."
fakehealth,story_reviews_01182,0,0,1,0.5553354394232204,0.4446645605767796,0.5553354394232204,0.20777948,0.79222053,0.79222053,"En Español MONDAY, Feb. 28, 2011 (HealthDay News) -- Cancer patients undergoing chemotherapy may be able to avoid the accompanying muscle loss and malnutrition by taking fish oil supplements that contain omega-3 fatty acids, new research suggests. The finding is based on a small study involving just 40 lung cancer patients. Nevertheless, it raises hope that a simple, noninvasive intervention might go a long way towards countering the fatigue, poorer prognosis and impaired quality of life that can result from chemo-induced muscle mass loss. ""Fish oil may prevent loss of weight and muscle by interfering with some of the pathways that are altered in advanced cancer,"" study author Dr. Vera Mazurak, of the University of Alberta in Edmonton, Canada, said in a news release. ""This holds great promise, because currently there is no effective treatment for cancer-related malnutrition."" Mazurak and her colleagues report their observations in the Feb. 28 online edition of Cancer. To explore the therapeutic potential of fish oil supplements, the authors offered 16 cancer patients undergoing an initial 10-week chemotherapy regimen a daily dose of 2.2 grams of a particular omega-3 fatty acid called eicosapentaenoic (EPA). While these patients took fish oil supplements throughout their chemotherapy treatment, a second group of 24 patients underwent the same regimen minus the fish oil. The results: continual muscle and fat measurements revealed that the group that took no fish oil supplementation lost an average of just over 5 pounds; the supplement group lost no weight. What's more, blood analyses revealed that those in the fish oil group who had the biggest bump in bloodstream EPA concentrations also had the greatest muscle mass gains. Specifically, nearly 70 percent of those in the fish oil group either kept their pre-chemo muscle mass or gained muscle. By comparison, less than 30 percent in the non-supplement group kept their original muscle mass. Total fat tissue measurements were unaffected by fish oil supplementation, the team noted, and no side effects were observed. The authors concluded that fish oil supplementation appears to be a safe and effective way to prevent malnutrition among cancer patients, and may ultimately prove to be of benefit for other groups of people, such as elderly patients who also face a significant ongoing risk for muscle loss. Lona Sandon, a registered dietitian and assistant professor of clinical nutrition at the University of Texas Southwestern Dallas, reacted with cautious optimism to the findings. ""Malnutrition is a big concern with cancer patients undergoing chemotherapy and radiation,"" she noted. ""Because first of all they do have wasting from the cancer itself, which is very metabolically active and eats up your energy stores. And then with chemotherapy, there is some inflammation that's detrimental to the heart and muscle, as it can cause muscle breakdown. And preservation of lean muscle tissue, we know, leads to better outcomes."" ""So certainly this does seem to be promising,"" Sandon said. ""And other similar studies have looked at omega-3 and muscle preservation and have also suggested that fish oil can act to prevent inflammation caused by both disease and hardcore medications, like chemotherapy agents."" ""But I would caution that the amount of pure concentrated fish oil supplement the people in this study were given is a lot,"" she added. ""Much much more than any recommended dietary allowance, along the lines of two to three servings of fish per week."" But, she said, ""I would say this is certainly worthy of continuing research and exploration. But meanwhile, people should definitely not go out and start consuming huge amounts of fish oil."" More information For more on chemotherapy, visit the American Cancer Society.","Fish Oil Seems to Help Cancer Patients Preserve Muscle. En Español MONDAY, Feb. 28, 2011 (HealthDay News) -- Cancer patients undergoing chemotherapy may be able to avoid the accompanying muscle loss and malnutrition by taking fish oil supplements that contain omega-3 fatty acids, new research suggests. The finding is based on a small study involving just 40 lung cancer patients. Nevertheless, it raises hope that a simple, noninvasive intervention might go a long way towards countering the fatigue, poorer prognosis and impaired quality of life that can result from chemo-induced muscle mass loss. ""Fish oil may prevent loss of weight and muscle by interfering with some of the pathways that are altered in advanced cancer,"" study author Dr. Vera Mazurak, of the University of Alberta in Edmonton, Canada, said in a news release. ""This holds great promise, because currently there is no effective treatment for cancer-related malnutrition."" Mazurak and her colleagues report their observations in the Feb. 28 online edition of Cancer. To explore the therapeutic potential of fish oil supplements, the authors offered 16 cancer patients undergoing an initial 10-week chemotherapy regimen a daily dose of 2.2 grams of a particular omega-3 fatty acid called eicosapentaenoic (EPA). While these patients took fish oil supplements throughout their chemotherapy treatment, a second group of 24 patients underwent the same regimen minus the fish oil. The results: continual muscle and fat measurements revealed that the group that took no fish oil supplementation lost an average of just over 5 pounds; the supplement group lost no weight. What's more, blood analyses revealed that those in the fish oil group who had the biggest bump in bloodstream EPA concentrations also had the greatest muscle mass gains. Specifically, nearly 70 percent of those in the fish oil group either kept their pre-chemo muscle mass or gained muscle. By comparison, less than 30 percent in the non-supplement group kept their original muscle mass. Total fat tissue measurements were unaffected by fish oil supplementation, the team noted, and no side effects were observed. The authors concluded that fish oil supplementation appears to be a safe and effective way to prevent malnutrition among cancer patients, and may ultimately prove to be of benefit for other groups of people, such as elderly patients who also face a significant ongoing risk for muscle loss. Lona Sandon, a registered dietitian and assistant professor of clinical nutrition at the University of Texas Southwestern Dallas, reacted with cautious optimism to the findings. ""Malnutrition is a big concern with cancer patients undergoing chemotherapy and radiation,"" she noted. ""Because first of all they do have wasting from the cancer itself, which is very metabolically active and eats up your energy stores. And then with chemotherapy, there is some inflammation that's detrimental to the heart and muscle, as it can cause muscle breakdown. And preservation of lean muscle tissue, we know, leads to better outcomes."" ""So certainly this does seem to be promising,"" Sandon said. ""And other similar studies have looked at omega-3 and muscle preservation and have also suggested that fish oil can act to prevent inflammation caused by both disease and hardcore medications, like chemotherapy agents."" ""But I would caution that the amount of pure concentrated fish oil supplement the people in this study were given is a lot,"" she added. ""Much much more than any recommended dietary allowance, along the lines of two to three servings of fish per week."" But, she said, ""I would say this is certainly worthy of continuing research and exploration. But meanwhile, people should definitely not go out and start consuming huge amounts of fish oil."" More information For more on chemotherapy, visit the American Cancer Society."
fakehealth,story_reviews_00758,0,0,1,0.6643563633205591,0.3356436366794408,0.6643563633205591,0.32511598,0.67488396,0.67488396,"(Reuters) - Vanda Pharmaceuticals Inc said its experimental drug for a rare sleep disorder proved effective in a second late-stage trial, and the company now plans to apply for a U.S. approval for the drug in mid-2013. The study, named Reset, was a 20-patient trial designed to test the maintenance effect of a 20 mg dose of the drug, tasimelteon. Vanda on December 18 said the drug performed better than a placebo in the first of the four planned late-stage trials on the drug. The company’s shares rose as much as 37 percent on that day. While the first two are efficacy studies, the remaining two are intended to establish the safety profile of the drug. The second trial showed that patients treated by the drug maintained their clinical benefits while placebo-treated patients showed significant deterioration in measures of night-time sleep, daytime naps and timing of sleep. The drug is being tested for ‘non-24-hour disorder’ that has no approved treatment. The condition, in which a person’s body clock does not automatically set to the 24-hour day, affects a majority of blind people. “These results also highlight the importance of chronic therapy in treating Non-24,” CEO Mihael Polymeropoulos said in a statement on Wednesday. Tasimelteon received orphan drug status — which offers several years of marketing exclusivity for drugs developed for rare conditions — from the FDA in 2010 and from the European Commission in 2011. An orphan drug, if approved, can usually fetch a premium pricing in the market. Shares of Vanda, which has a market of about $116 million, closed at $4.12 on Tuesday on the Nasdaq. They have gained nearly 8 percent since December 18.","Vanda sleep drug effective in second late-stage trial. (Reuters) - Vanda Pharmaceuticals Inc said its experimental drug for a rare sleep disorder proved effective in a second late-stage trial, and the company now plans to apply for a U.S. approval for the drug in mid-2013. The study, named Reset, was a 20-patient trial designed to test the maintenance effect of a 20 mg dose of the drug, tasimelteon. Vanda on December 18 said the drug performed better than a placebo in the first of the four planned late-stage trials on the drug. The company’s shares rose as much as 37 percent on that day. While the first two are efficacy studies, the remaining two are intended to establish the safety profile of the drug. The second trial showed that patients treated by the drug maintained their clinical benefits while placebo-treated patients showed significant deterioration in measures of night-time sleep, daytime naps and timing of sleep. The drug is being tested for ‘non-24-hour disorder’ that has no approved treatment. The condition, in which a person’s body clock does not automatically set to the 24-hour day, affects a majority of blind people. “These results also highlight the importance of chronic therapy in treating Non-24,” CEO Mihael Polymeropoulos said in a statement on Wednesday. Tasimelteon received orphan drug status — which offers several years of marketing exclusivity for drugs developed for rare conditions — from the FDA in 2010 and from the European Commission in 2011. An orphan drug, if approved, can usually fetch a premium pricing in the market. Shares of Vanda, which has a market of about $116 million, closed at $4.12 on Tuesday on the Nasdaq. They have gained nearly 8 percent since December 18."
fakehealth,news_reviews_00135,0,0,1,0.7843984831710681,0.2156015168289319,0.7843984831710681,0.4775922,0.52240777,0.52240777,"Newswise — EAST LANSING, Mich. — A chemical found in marijuana, known as tetrahydrocannabinol, or THC, has been found to potentially slow the process in which mental decline can occur in up to 50 percent of HIV patients, says a new Michigan State University study. “It’s believed that cognitive function decreases in many of those with HIV partly due to chronic inflammation that occurs in the brain,” said Norbert Kaminski, lead author of the study, now published in the journal AIDS. “This happens because the immune system is constantly being stimulated to fight off disease.” Kaminski and his co-author, Mike Rizzo, a graduate student in toxicology, discovered that the compounds in marijuana were able to act as anti-inflammatory agents, reducing the number of inflammatory white blood cells, called monocytes, and decreasing the proteins they release in the body. “This decrease of cells could slow down, or maybe even stop, the inflammatory process, potentially helping patients maintain their cognitive function longer,” Rizzo said. The two researchers took blood samples from 40 HIV patients who reported whether or not they used marijuana. Then, they isolated the white blood cells from each donor and studied inflammatory cell levels and the effect marijuana had on the cells. “The patients who didn’t smoke marijuana had a very high level of inflammatory cells compared to those who did use,” Kaminski said. “In fact, those who used marijuana had levels pretty close to a healthy person not infected with HIV.” Kaminski, director of MSU’s Institute for Integrative Toxicology, has studied the effects of marijuana on the immune system since 1990. His lab was the first to identify the proteins that can bind marijuana compounds on the surface of immune cells. Up until then, it was unclear how these compounds, also known as cannabinoids, affected the immune system. HIV, which stands for human immunodeficiency virus, infects and can destroy or change the functions of immune cells that defend the body. With antiretroviral therapy – a standard form of treatment that includes a cocktail of drugs to ward off the virus – these cells have a better chance of staying intact. Yet, even with this therapy, certain white blood cells can still be overly stimulated and eventually become inflammatory. “We’ll continue investigating these cells and how they interact and cause inflammation specifically in the brain,” Rizzo said. “What we learn from this could also have implications to other brain-related diseases like Alzheimer’s and Parkinson’s since the same inflammatory cells have been found to be involved.” Knowing more about this interaction could ultimately lead to new therapeutic agents that could help HIV patients specifically maintain their mental function. “It might not be people smoking marijuana,” Kaminski said. “It might be people taking a pill that has some of the key compounds found in the marijuana plant that could help.” ### Michigan State University has been working to advance the common good in uncommon ways for more than 150 years. One of the top research universities in the world, MSU focuses its vast resources on creating solutions to some of the world’s most pressing challenges, while providing life-changing opportunities to a diverse and inclusive academic community through more than 200 programs of study in 17 degree-granting colleges.","Marijuana May Help HIV Patients Keep Mental Stamina Longer. Newswise — EAST LANSING, Mich. — A chemical found in marijuana, known as tetrahydrocannabinol, or THC, has been found to potentially slow the process in which mental decline can occur in up to 50 percent of HIV patients, says a new Michigan State University study. “It’s believed that cognitive function decreases in many of those with HIV partly due to chronic inflammation that occurs in the brain,” said Norbert Kaminski, lead author of the study, now published in the journal AIDS. “This happens because the immune system is constantly being stimulated to fight off disease.” Kaminski and his co-author, Mike Rizzo, a graduate student in toxicology, discovered that the compounds in marijuana were able to act as anti-inflammatory agents, reducing the number of inflammatory white blood cells, called monocytes, and decreasing the proteins they release in the body. “This decrease of cells could slow down, or maybe even stop, the inflammatory process, potentially helping patients maintain their cognitive function longer,” Rizzo said. The two researchers took blood samples from 40 HIV patients who reported whether or not they used marijuana. Then, they isolated the white blood cells from each donor and studied inflammatory cell levels and the effect marijuana had on the cells. “The patients who didn’t smoke marijuana had a very high level of inflammatory cells compared to those who did use,” Kaminski said. “In fact, those who used marijuana had levels pretty close to a healthy person not infected with HIV.” Kaminski, director of MSU’s Institute for Integrative Toxicology, has studied the effects of marijuana on the immune system since 1990. His lab was the first to identify the proteins that can bind marijuana compounds on the surface of immune cells. Up until then, it was unclear how these compounds, also known as cannabinoids, affected the immune system. HIV, which stands for human immunodeficiency virus, infects and can destroy or change the functions of immune cells that defend the body. With antiretroviral therapy – a standard form of treatment that includes a cocktail of drugs to ward off the virus – these cells have a better chance of staying intact. Yet, even with this therapy, certain white blood cells can still be overly stimulated and eventually become inflammatory. “We’ll continue investigating these cells and how they interact and cause inflammation specifically in the brain,” Rizzo said. “What we learn from this could also have implications to other brain-related diseases like Alzheimer’s and Parkinson’s since the same inflammatory cells have been found to be involved.” Knowing more about this interaction could ultimately lead to new therapeutic agents that could help HIV patients specifically maintain their mental function. “It might not be people smoking marijuana,” Kaminski said. “It might be people taking a pill that has some of the key compounds found in the marijuana plant that could help.” ### Michigan State University has been working to advance the common good in uncommon ways for more than 150 years. One of the top research universities in the world, MSU focuses its vast resources on creating solutions to some of the world’s most pressing challenges, while providing life-changing opportunities to a diverse and inclusive academic community through more than 200 programs of study in 17 degree-granting colleges."
fakehealth,story_reviews_01551,0,0,1,0.6134259976179233,0.3865740023820767,0.6134259976179233,0.37139505,0.628605,0.628605,"En Español TUESDAY, May 25, 2010 (HealthDay News) --Giving certain breast cancer patients estrogen-lowering drugs before surgery enhances their chances of being able to choose a breast-conserving lumpectomy instead of a full mastectomy, new research suggests. The observation was based on a national study launched at 118 hospitals across the United States. It focused on postmenopausal women who had been diagnosed with estrogen receptor-positive (ER+) breast cancer that was either at stage II or stage III -- that is, tumors that were around an inch or greater in size and might have spread to the lymph nodes under the arm. The most common form of breast cancer, ER+ accounts for about three-quarters of all breast cancer cases in the United States, the authors noted. The 352 women who participated were monitored for tumor growth before and after being placed on a 16-week regimen of aromatase inhibitors -- estrogen-lowering agents -- before any surgery. Estrogen stimulates the growth of ER+ tumors. The women were classified into three groups as the study began: ""marginal"", meaning that the women were eligible for a lumpectomy to conserve the breast, but that it would be disfiguring or require several operations; ""mastectomy-only"", meaning a lumpectomy was not considered possible; and ""inoperable"", meaning that doctors believed that even a mastectomy would not completely remove the cancer. After the four months of estrogen-lowering therapy, the research team found that 82 percent of those women in the marginal group were, in fact, able to undergo successful breast-conservation surgery. More than half of those women who had been categorized as mastectomy-only patients were also able to go the lumpectomy route and experience a good outcome. And 75 percent of those thought to be inoperable altogether were able to have breast-conservation surgery. The investigation was funded by the American College of Surgeons Oncology Group and led by Dr. Julie A. Margenthaler, an assistant professor of surgery and a breast surgeon at the Siteman Cancer Center at Washington University in St. Louis. ""Aromatase inhibitor therapy shrank the tumors in many of these women and improved surgical outcomes,"" study chair Dr. Matthey J. Ellis, a breast cancer specialist at Washington University and Barnes-Jewish Hospital, said in a news release. ""These results will encourage a change in practice across the country so that more women can benefit from the currently underutilized approach of administering estrogen-lowering agents before surgery."" The findings are scheduled to be presented June 7 at the American Society of Clinical Oncology annual meeting, in Chicago. More information For more on surgical options for breast cancer, visit the U.S. National Cancer Institute.","Breast Cancer Study Offers New Hope. En Español TUESDAY, May 25, 2010 (HealthDay News) --Giving certain breast cancer patients estrogen-lowering drugs before surgery enhances their chances of being able to choose a breast-conserving lumpectomy instead of a full mastectomy, new research suggests. The observation was based on a national study launched at 118 hospitals across the United States. It focused on postmenopausal women who had been diagnosed with estrogen receptor-positive (ER+) breast cancer that was either at stage II or stage III -- that is, tumors that were around an inch or greater in size and might have spread to the lymph nodes under the arm. The most common form of breast cancer, ER+ accounts for about three-quarters of all breast cancer cases in the United States, the authors noted. The 352 women who participated were monitored for tumor growth before and after being placed on a 16-week regimen of aromatase inhibitors -- estrogen-lowering agents -- before any surgery. Estrogen stimulates the growth of ER+ tumors. The women were classified into three groups as the study began: ""marginal"", meaning that the women were eligible for a lumpectomy to conserve the breast, but that it would be disfiguring or require several operations; ""mastectomy-only"", meaning a lumpectomy was not considered possible; and ""inoperable"", meaning that doctors believed that even a mastectomy would not completely remove the cancer. After the four months of estrogen-lowering therapy, the research team found that 82 percent of those women in the marginal group were, in fact, able to undergo successful breast-conservation surgery. More than half of those women who had been categorized as mastectomy-only patients were also able to go the lumpectomy route and experience a good outcome. And 75 percent of those thought to be inoperable altogether were able to have breast-conservation surgery. The investigation was funded by the American College of Surgeons Oncology Group and led by Dr. Julie A. Margenthaler, an assistant professor of surgery and a breast surgeon at the Siteman Cancer Center at Washington University in St. Louis. ""Aromatase inhibitor therapy shrank the tumors in many of these women and improved surgical outcomes,"" study chair Dr. Matthey J. Ellis, a breast cancer specialist at Washington University and Barnes-Jewish Hospital, said in a news release. ""These results will encourage a change in practice across the country so that more women can benefit from the currently underutilized approach of administering estrogen-lowering agents before surgery."" The findings are scheduled to be presented June 7 at the American Society of Clinical Oncology annual meeting, in Chicago. More information For more on surgical options for breast cancer, visit the U.S. National Cancer Institute."
fakehealth,story_reviews_01590,1,1,0,0.4090658173342354,0.5909341826657646,0.5909341826657646,0.5716777,0.42832232,0.5716777,"Part of an ongoing series looking at the reality behind health claims. The claim: Lipodissolve, a series of drug injections, can dissolve and permanently remove small pockets of fat from various parts of the body. The process is also known as injection lipolysis, lipozap, lipotherapy, and mesotherapy. Reality: Though it's easier than eating right and exercising, the products used to perform the procedure are not approved by the U.S. Food and Drug Administration for fat removal and the agency has issued a consumer warning about false and misleading claims, said Dr. Janet Woodcock director of FDA’s Center for Drug Evaluation and Research. Moreover, the FDA says it's ""not aware"" of clinical studies showing lipodissolve is effective or safe. Unexpected side effects include permanent scarring, skin deformation, and deep, painful knots under the skin in areas where the lipodissolve treatments were injected according to the FDA. The drugs most regularly used in the lipodissolve injection regimen are phosphatidylcholine (PC) and deoxycholate (DC). Other ingredients may also be used, including drugs or components of other products such as vitamins, minerals, and herbal extracts. Earlier this week, the FDA announced it had sent warning lettersto six medical spas in the United States—and a cyber letter to a company in Brazil—for making false or misleading statements on their Web sites about drugs used in the procedure. For example, some of the companies have made claims that lipodissolve is superior to liposuction or that it can be used to treat certain medical conditions, such as male breast enlargement, benign fatty growths known as lipomas, excess fat deposits and surgical deformities. The following U.S. companies received warning letters: Monarch Med Spa, King of Prussia, Pa. Spa 35, Boise, Idaho Medical Cosmetic Enhancements, Chevy Chase, Md. Innovative Directions in Health, Edina, Minn. PURE Med Spa, Boca Raton, Fla. All About You Med Spa, Madison, Ind. The Brazilian firm getting a warning letter marketed lipodissolve products on two no-longer functioning Web sites: zipmed.net and mesoone.com. To report a side effect, go to the FDA's MedWatch Adverse Event Reporting Program","Julie's Health Club: Health claim: Weight loss shot dissolves fat. Part of an ongoing series looking at the reality behind health claims. The claim: Lipodissolve, a series of drug injections, can dissolve and permanently remove small pockets of fat from various parts of the body. The process is also known as injection lipolysis, lipozap, lipotherapy, and mesotherapy. Reality: Though it's easier than eating right and exercising, the products used to perform the procedure are not approved by the U.S. Food and Drug Administration for fat removal and the agency has issued a consumer warning about false and misleading claims, said Dr. Janet Woodcock director of FDA’s Center for Drug Evaluation and Research. Moreover, the FDA says it's ""not aware"" of clinical studies showing lipodissolve is effective or safe. Unexpected side effects include permanent scarring, skin deformation, and deep, painful knots under the skin in areas where the lipodissolve treatments were injected according to the FDA. The drugs most regularly used in the lipodissolve injection regimen are phosphatidylcholine (PC) and deoxycholate (DC). Other ingredients may also be used, including drugs or components of other products such as vitamins, minerals, and herbal extracts. Earlier this week, the FDA announced it had sent warning lettersto six medical spas in the United States—and a cyber letter to a company in Brazil—for making false or misleading statements on their Web sites about drugs used in the procedure. For example, some of the companies have made claims that lipodissolve is superior to liposuction or that it can be used to treat certain medical conditions, such as male breast enlargement, benign fatty growths known as lipomas, excess fat deposits and surgical deformities. The following U.S. companies received warning letters: Monarch Med Spa, King of Prussia, Pa. Spa 35, Boise, Idaho Medical Cosmetic Enhancements, Chevy Chase, Md. Innovative Directions in Health, Edina, Minn. PURE Med Spa, Boca Raton, Fla. All About You Med Spa, Madison, Ind. The Brazilian firm getting a warning letter marketed lipodissolve products on two no-longer functioning Web sites: zipmed.net and mesoone.com. To report a side effect, go to the FDA's MedWatch Adverse Event Reporting Program"
fakehealth,news_reviews_00461,0,0,1,0.6246102286635018,0.3753897713364982,0.6246102286635018,0.45824435,0.5417557,0.5417557,"People who have had Type 2 diabetes for up to 10 years can reverse their condition Keeping weight down means Type 2 diabetes stays reversed A new study from Newcastle University has shown that people who reverse their diabetes and then keep their weight down remain free of diabetes. In addition, the team found that even patients who have had Type 2 diabetes for up to 10 years can reverse their condition. The study, published today in Diabetes Care, is the latest research from world-renowned Professor Roy Taylor, Professor of Medicine and Metabolism at Newcastle University, who also works within Newcastle Hospitals. The research is part of a growing body of evidence showing that people with Type 2 diabetes who successfully lose weight can reverse their condition because fat is removed from their pancreas, returning insulin production to normal. Reversing diabetes A previous study led by Professor Taylor, published in 2011, showed that diabetes could be reversed by a very low calorie diet. This caused international interest, but the study was very short as it was only eight weeks and the question remained whether the diabetes would stay away. In this new study, 30 volunteers with Type 2 diabetes embarked on the same diet of 600 to 700 calories a day. Participants lost on average 14 kilograms - just over 2 stone. Over the next 6 months they did not regain any weight. The group included many people with longer duration diabetes, defined as more than 8 years and ranging up to 23 years. Overall, 12 patients who had had diabetes for less than 10 years reversed their condition. 6 months later they remained diabetes free. In fact, after 6 months a thirteenth patient had reversed their diabetes. Though the volunteers lost weight they remained overweight or obese but they had lost enough weight to remove the fat out of the pancreas and allow normal insulin production. Professor Roy Taylor said: ""What we have shown is that it is possible to reverse your diabetes, even if you have had the condition for a long time, up to around 10 years. If you have had the diagnosis for longer than that, then don't give up hope - major improvement in blood sugar control is possible. ""The study also answered the question that people often ask me - if I lose the weight and keep the weight off, will I stay free of diabetes? The simple answer is yes! ""Interestingly, even though all our volunteers remained obese or overweight, the fat did not drift back to clog up the pancreas. ""This supports our theory of a Personal Fat Threshold. If a person gains more weight than they personally can tolerate, then diabetes is triggered, but if they then lose that amount of weight then they go back to normal. ""Individuals vary in how much weight they can carry without it seeming to affect their metabolism - don't forget that 70% of severely obese people do not have diabetes. ""The bottom line is that if a person really wants to get rid of their Type 2 diabetes, they can lose weight, keep it off and return to normal. ""This is good news for people who are very motivated to get rid of their diabetes. But it is too early to regard this as suitable for everyone. That is a separate question and a major study is underway to answer this."" The study Participants in this study had Type 2 diabetes for between six months and 23 years. The team showed that Type 2 diabetes could be reversed even in people who had the condition for 10 years. The team were able to identify in advance participants who would not respond to adequate weight loss by reversing their diabetes as at the start they had almost absent insulin production from the pancreas. The study was funded by a National Institute for Health Research Biomedical Research Centre (NIHR BRC) grant. A larger trial involving 280 patients is already underway. This will examine how successfully people can reverse their diabetes through weight loss simply under the care of their family doctor and nurse. It is being funded by Diabetes UK. The research was possible through Newcastle Academic Health Partners, a collaboration involving Newcastle Upon Tyne Hospitals NHS Foundation Trust, Northumberland, Tyne and Wear NHS Foundation Trust and Newcastle University. This partnership harnesses world-class expertise to ensure patients benefit sooner from new treatments, diagnostics and prevention strategies. The diet 3 diet shakes per day and 240 grams of non-starchy vegetables taking in between 600 and 700kcal a day for 8 weeks volunteers then gradually returned to eating normal food over the next two weeks with very careful instruction on how much to eat volunteers were seen once a month and supported with an individualized weight maintenance programme over the next 6 months to keep weight steady after the weight loss, they were eating around one third less than before the study CASE STUDY: Allan Tutty, 57, from Sunderland, transformed his health by taking part in the study. He said: ""I was diagnosed with Type 2 diabetes around May 2011 during routine checks by my GP but my family and I were in disbelief because I had no physical symptoms which led me to consider I had the condition. ""While I didn't feel fat, I was fat - on the inside. I've since seen a scan of my liver and you can see the fat around it. ""I took part in the research spending eight weeks on an 800-calorie a day diet which was really tough over Christmas and New Year but I was determined to complete it. The pay-off for me - the possible reversal of my diabetes - was more than worth the effort. ""In the two months, I lost two and a half stones and my pancreas was working within normal limits. With my diabetes in remission, I haven't looked back. ""I eat normal foods though I eat less than I used to, and I enjoy takeaways and chocolate but not on a regular basis so I have maintained my lower weight, it has been a total lifestyle change. In fact, my life has changed completely thanks to this research."" ### REFERENCE: Very low calorie diet and 6 months of weight stability in Type 2 diabetes: Pathophysiologic changes in responders and non-responders. Sarah Steven, Keiren G Hollingsworth, Ahmad Al-Mrabeh, Leah Avery, Benjamin Aribisala, Muriel Caslake, Roy Taylor. Diabetes Care. Doi: 10.2337/dc15-9422 Links: Previous study: http://www. ncl. ac. uk/ press/ news/ 2015/ 10/ type2diabetes/ Very low calorie diet - the diet: http://www. ncl. ac. uk/ magres/ research/ diabetes/ reversal. htm","Reverse your diabetes -- and you can stay diabetes-free long-term. People who have had Type 2 diabetes for up to 10 years can reverse their condition Keeping weight down means Type 2 diabetes stays reversed A new study from Newcastle University has shown that people who reverse their diabetes and then keep their weight down remain free of diabetes. In addition, the team found that even patients who have had Type 2 diabetes for up to 10 years can reverse their condition. The study, published today in Diabetes Care, is the latest research from world-renowned Professor Roy Taylor, Professor of Medicine and Metabolism at Newcastle University, who also works within Newcastle Hospitals. The research is part of a growing body of evidence showing that people with Type 2 diabetes who successfully lose weight can reverse their condition because fat is removed from their pancreas, returning insulin production to normal. Reversing diabetes A previous study led by Professor Taylor, published in 2011, showed that diabetes could be reversed by a very low calorie diet. This caused international interest, but the study was very short as it was only eight weeks and the question remained whether the diabetes would stay away. In this new study, 30 volunteers with Type 2 diabetes embarked on the same diet of 600 to 700 calories a day. Participants lost on average 14 kilograms - just over 2 stone. Over the next 6 months they did not regain any weight. The group included many people with longer duration diabetes, defined as more than 8 years and ranging up to 23 years. Overall, 12 patients who had had diabetes for less than 10 years reversed their condition. 6 months later they remained diabetes free. In fact, after 6 months a thirteenth patient had reversed their diabetes. Though the volunteers lost weight they remained overweight or obese but they had lost enough weight to remove the fat out of the pancreas and allow normal insulin production. Professor Roy Taylor said: ""What we have shown is that it is possible to reverse your diabetes, even if you have had the condition for a long time, up to around 10 years. If you have had the diagnosis for longer than that, then don't give up hope - major improvement in blood sugar control is possible. ""The study also answered the question that people often ask me - if I lose the weight and keep the weight off, will I stay free of diabetes? The simple answer is yes! ""Interestingly, even though all our volunteers remained obese or overweight, the fat did not drift back to clog up the pancreas. ""This supports our theory of a Personal Fat Threshold. If a person gains more weight than they personally can tolerate, then diabetes is triggered, but if they then lose that amount of weight then they go back to normal. ""Individuals vary in how much weight they can carry without it seeming to affect their metabolism - don't forget that 70% of severely obese people do not have diabetes. ""The bottom line is that if a person really wants to get rid of their Type 2 diabetes, they can lose weight, keep it off and return to normal. ""This is good news for people who are very motivated to get rid of their diabetes. But it is too early to regard this as suitable for everyone. That is a separate question and a major study is underway to answer this."" The study Participants in this study had Type 2 diabetes for between six months and 23 years. The team showed that Type 2 diabetes could be reversed even in people who had the condition for 10 years. The team were able to identify in advance participants who would not respond to adequate weight loss by reversing their diabetes as at the start they had almost absent insulin production from the pancreas. The study was funded by a National Institute for Health Research Biomedical Research Centre (NIHR BRC) grant. A larger trial involving 280 patients is already underway. This will examine how successfully people can reverse their diabetes through weight loss simply under the care of their family doctor and nurse. It is being funded by Diabetes UK. The research was possible through Newcastle Academic Health Partners, a collaboration involving Newcastle Upon Tyne Hospitals NHS Foundation Trust, Northumberland, Tyne and Wear NHS Foundation Trust and Newcastle University. This partnership harnesses world-class expertise to ensure patients benefit sooner from new treatments, diagnostics and prevention strategies. The diet 3 diet shakes per day and 240 grams of non-starchy vegetables taking in between 600 and 700kcal a day for 8 weeks volunteers then gradually returned to eating normal food over the next two weeks with very careful instruction on how much to eat volunteers were seen once a month and supported with an individualized weight maintenance programme over the next 6 months to keep weight steady after the weight loss, they were eating around one third less than before the study CASE STUDY: Allan Tutty, 57, from Sunderland, transformed his health by taking part in the study. He said: ""I was diagnosed with Type 2 diabetes around May 2011 during routine checks by my GP but my family and I were in disbelief because I had no physical symptoms which led me to consider I had the condition. ""While I didn't feel fat, I was fat - on the inside. I've since seen a scan of my liver and you can see the fat around it. ""I took part in the research spending eight weeks on an 800-calorie a day diet which was really tough over Christmas and New Year but I was determined to complete it. The pay-off for me - the possible reversal of my diabetes - was more than worth the effort. ""In the two months, I lost two and a half stones and my pancreas was working within normal limits. With my diabetes in remission, I haven't looked back. ""I eat normal foods though I eat less than I used to, and I enjoy takeaways and chocolate but not on a regular basis so I have maintained my lower weight, it has been a total lifestyle change. In fact, my life has changed completely thanks to this research."" ### REFERENCE: Very low calorie diet and 6 months of weight stability in Type 2 diabetes: Pathophysiologic changes in responders and non-responders. Sarah Steven, Keiren G Hollingsworth, Ahmad Al-Mrabeh, Leah Avery, Benjamin Aribisala, Muriel Caslake, Roy Taylor. Diabetes Care. Doi: 10.2337/dc15-9422 Links: Previous study: http://www. ncl. ac. uk/ press/ news/ 2015/ 10/ type2diabetes/ Very low calorie diet - the diet: http://www. ncl. ac. uk/ magres/ research/ diabetes/ reversal. htm"
