dataset,record_id,label,tfidf_prediction,biobert_prediction,pubmed_prediction,biobert_prob_1,pubmed_prob_1,text
healthfact,10667,0,1,1,1,0.5894024,0.669533,Artificial Pancreas Continues to Show Promise
healthfact,8959,0,1,1,1,0.92980224,0.9937756,"Too many people missing out on health benefits of golf, says expert panel"
healthfact,16366,1,0,0,0,0.44993696,0.0032211384,"Charlie Crist Says Rick Scott signed ""laws requiring mandatory ultrasounds and restricting access to abortion even in cases of rape or incest."
healthfact,9673,0,1,1,1,0.9262106,0.9994106,'Female Viagra' gets mixed reviews
healthfact,16846,1,0,0,0,0.16795741,0.057315767,"After Massachusetts passed a mandatory health insurance law ""their mortality rate went down...it saved lives."
healthfact,10748,1,0,0,0,0.06254192,0.0019348144,"Humira Provides Effective, Non-Steroid Alternative for Eye Inflammation"
healthfact,33799,0,1,1,1,0.83694977,0.99801886,More women are victims of domestic violence on Super Bowl Sunday than on any other day of the year.
healthfact,12493,1,0,0,0,0.10897958,0.0006904829,"An ""abortion procedure is actually safer than a vasectomy."
healthfact,27280,1,0,0,0,0.4013951,0.46936417,"A Russian asbestos company placed a seal with the face of President Donald Trump on their product with the note ""Approved by Donald Trump, 45th President of the United States."
healthfact,35398,1,0,0,0,0.34611228,0.0021464108,A video shows two people waving guns at protesters in front of their home.
healthfact,13565,1,0,0,0,0.48219362,0.0022594281,"Mike Pence Says Hillary Clinton ""wants to increase Syrian refugees to this country by 550 percent."
healthfact,28228,1,0,0,0,0.17758502,0.0015684665,"Dr. Leon Eisenberg, the ‘father’ of ADHD, said just before his death that ADHD ‘is a prime example of a fictitious disease.’"
healthfact,18469,0,1,1,1,0.8574471,0.99441755,Abortionists have reduced our black population by more than 25 percent since 1973.
healthfact,10201,0,1,1,1,0.9853088,0.99869543,Partial rather than full knee replacements better for many – report
healthfact,9486,1,0,0,0,0.2861487,0.0010472923,There's a promising new HIV vaccine candidate in the pipeline
healthfact,17205,1,0,0,0,0.16008389,0.0007089268,Today’s marijuana is 300 percent to 800 percent more potent than the pot of yesteryear.
healthfact,9039,0,1,1,1,0.6432308,0.9995757,"Choose Omega-3s from fish over flax for cancer prevention, study finds"
healthfact,8996,0,1,1,1,0.76471007,0.9996214,"Promise of faster, more accessible schizophrenia diagnosis, Rutgers study shows"
healthfact,9316,0,1,1,1,0.87299544,0.86204904,"Five-minute neck scan can spot dementia 10 years earlier, say scientists"
healthfact,10740,0,1,1,1,0.9469461,0.99304867,Weighing effectiveness versus risk in obesity drugs
healthfact,10025,0,1,1,1,0.9875453,0.99976975,Aspirin Linked to Lower Pancreatic Cancer Risk
healthfact,9396,1,0,0,0,0.41609794,0.00068879285,How barbershops could help lower blood pressure
healthfact,27797,1,0,0,0,0.400669,0.0007127673,The family of Anne Frank sought (and was denied) refugee status in the United States.
healthfact,31938,0,1,1,1,0.90193295,0.99982184,"Newport developed marijuana cigarettes which will be available for purchase ""next year."
healthfact,10822,0,1,1,1,0.51304096,0.9990682,"Mammograms Save Lives for Women in Their 40s, Study Says"
healthfact,10979,0,1,1,1,0.6649378,0.9989446,"Drugs may make stents deadly, study says"
healthfact,26446,1,0,0,0,0.070796154,0.00079592486,Stay-at-home orders “actually are the law of these states.”
healthfact,28177,1,0,0,0,0.24059743,0.0010753492,Wells Fargo and Chase are invested in the Dakota Access Pipeline.
healthfact,9142,1,0,0,0,0.09626728,0.00066339504,Cannabis Derivative Cannabidiol Reduces Seizures in Severe Epilepsy Disorder
healthfact,10069,0,1,1,1,0.9666209,0.9975241,Compound May Fight Hard-to-Treat Lung Cancer
healthfact,29250,0,1,1,1,0.7468219,0.7643217,"Health officials have seen a surge in the number of people using ""bug spray"" to get high."
healthfact,18440,0,1,1,1,0.81796014,0.99274385,"Oregon Health Authority Says that in 2007, ""Oregon ranked 25th -- or 7th from the bottom -- in percentage of children with untreated decay compared to 32 other states with similar data."
healthfact,27427,1,0,0,0,0.33732894,0.24744947,United States health care facilities face an intravenous bag shortage because of the devastation wreaked by Hurricane Maria in September 2017.
healthfact,21275,1,0,0,0,0.20431884,0.1258469,"Wisconsin bill ""grants drug companies and medical device manufacturers immunity from injuries and deaths caused by their products."
healthfact,9793,0,1,1,1,0.8635758,0.9812324,"I’ll Take a Sperm Test, to Go: First at-Home Male-Infertility Test Debuts"
healthfact,9458,1,0,0,0,0.052936573,0.03097737,Researchers identify CTE biomarker that may lead to diagnosis while alive
healthfact,38040,1,0,0,0,0.3387729,0.0012500529,"The Village of Deerfield, Illinois, has approved an ordinance banning the possession of assault weapons and high-capacity magazines."
healthfact,10488,0,1,1,1,0.9159457,0.7992068,Genes offer predictions on leukemia
healthfact,27434,1,0,0,0,0.38197806,0.0015511609,"A video shows a sick, possibly starving polar bear on Baffin Island in the Canadian Arctic."
healthfact,21762,1,0,0,0,0.08085361,0.0007463717,There's no scientific conclusion that (being gay) is genetic.
healthfact,18510,0,1,1,1,0.72851044,0.68373334,"In 2010 alone, 1,270 infants were reported to have died following attempted abortions and notably that is only one year."
healthfact,23881,1,0,0,0,0.15542759,0.0016139538,Bill McCollum holds the same position on (embryonic stem cell research) as Barack Obama.
healthfact,12586,0,1,1,1,0.6091041,0.9910964,"After prohibition ended, police deaths didn't reach 200 a year again until the year Nixon declared war on drugs."
healthfact,21930,1,0,0,0,0.16044474,0.0016249323,"An amendment inserted by lawmakers into the state budget ""exempts scientific researchers from all state animal cruelty laws."
healthfact,35051,1,0,0,0,0.3221416,0.0016161966,"Images shared in March 2020 showed a convoy of military trucks transporting bodies away from an over-subscribed crematorium in Bergamo, Italy."
healthfact,37891,1,0,0,0,0.18188436,0.048564754,"Image of a COVID-19 anti-lockdown protester's sign calling to re-open ""Pennslvania"" and referencing ""we the peaple"" is not doctored or altered in any way."
healthfact,27974,1,0,0,0,0.1403889,0.008002059,An anti-seat belt law advocate was killed in automobile accident.
healthfact,10335,1,0,0,0,0.16632405,0.0010876522,"Mending broken sleep: Sleep apnea, the dangerous cessation of breathing during sleep, is being diagnosed more and more. A simple machine can bring refreshing relief"
healthfact,9344,1,0,0,0,0.076000065,0.00059936644,Hyperbaric oxygen: The mysterious therapy that saved a cancer survivor from radiation side effects
healthfact,36124,1,0,0,0,0.104900315,0.00060219166,Rolex sales records are so well-kept that they were used to solve an open homicide.
healthfact,38078,1,0,0,0,0.18602541,0.0012836735,"Pope Francis bestowed the Pontifical Medal upon Lilianne Ploumen, a Dutch pro-abortion activist."
healthfact,9470,1,0,0,0,0.45351133,0.0017799998,"Ecstasy could be ‘breakthrough’ therapy for soldiers, others suffering from PTSD"
healthfact,28108,1,0,0,0,0.27942872,0.001158665,Rihanna's Instagram message to followers to throw away the Snapchat app caused the company's share value to fall by hundreds of millions of dollars in one day.
healthfact,10640,0,1,1,1,0.79582226,0.9901641,Drug may delay high blood pressure in some
healthfact,27167,1,0,0,0,0.19085827,0.002874445,"A list of chemicals, written as if they were ingredients on a food label, accurately depicts the chemical composition of a banana."
healthfact,8951,0,1,1,1,0.6312567,0.99934703,'Universal' blood test for earlier diagnosis of cancer moves closer to market
healthfact,28225,1,0,0,0,0.23710026,0.0024055566,"Donald Trump violated Palm Beach ordinances by putting up an outsized U.S. flag and pole, then donating the money he was fined to veterans' organizations."
healthfact,11307,0,1,1,1,0.6593444,0.7274709,Knee Braces Ease Osteoarthritis Pain
healthfact,9895,0,1,1,1,0.99077624,0.9998784,"For Cold Virus, Zinc May Edge Out Even Chicken Soup"
healthfact,25824,1,0,0,0,0.12295303,0.0008603913,There’s a “direct correlation” between North Carolina’s mask requirement and COVID-19 stabilization.
healthfact,26589,1,0,0,0,0.15042745,0.0007228154,Facebook post Says truck drivers are being turned away from fast-food restaurants during the COVID-19 pandemic.
healthfact,27347,1,0,0,0,0.3908519,0.013037291,Roseanne Barr posed as Hitler for an issue of satirical Jewish magazine 'Heeb.'
healthfact,36251,1,0,0,0,0.31734937,0.0017951834,"Mississippi chicken plant Koch Foods, which was raided by ICE in August 2019, was the subject of a previous lawsuit brought by workers and was subsequently ordered to pay a settlement."
healthfact,12792,0,1,1,1,0.985415,0.99954104,"300,000 pounds of rat meat sold as chicken wings across America."
healthfact,12063,0,1,1,1,0.99870706,0.99991524,Missouri Votes to Let Employers Fire People Who Use Birth Control.
healthfact,22338,1,0,0,0,0.36732808,0.0015326731,"There has never been a death caused by a [commercial nuclear] reactor in the United States, even when Three Mile Island failed in the 1970s."
healthfact,10248,1,0,0,0,0.04386949,0.0005793236,Trendy fizzy drink is mushrooming
healthfact,27124,1,0,0,0,0.046127677,0.0008866695,An image of a plant with phallic-looking structures is a genuine botanical specimen.
healthfact,26465,1,0,0,0,0.3901962,0.0058723353,"Republicans “have shown themselves willing to cut millions off their health insurance and eliminate preexisting condition protections for millions more, even in the middle of this public health crisis."
healthfact,9409,1,0,0,0,0.17035872,0.0005772725,Gone With A Shot? Hopeful New Signs Of Relief For Migraine Sufferers
healthfact,10173,1,0,0,0,0.050477833,0.0006563165,An implant that hits a nerve
healthfact,24341,0,1,1,1,0.8828416,0.9998851,"Chile ranks third internationally in economic freedom, while the U.S. ranks 17th."
healthfact,42037,0,1,1,1,0.940232,0.9977145,Henry Winkler Dead at 77 – A Huge Trump Supporter and Lifelong Gun Lover.
healthfact,24605,0,1,1,1,0.5879085,0.974621,"The health care reform plan would set limits similar to the ""socialized"" system in Britain, where people are allowed to die if their treatment would cost more than $22,000."
healthfact,10499,1,0,0,0,0.046828598,0.0007139712,Extracting the facts about pomegranate pills
healthfact,26210,1,0,0,0,0.039600033,0.00056234235,Facebook post Says researchers found a “fabric that kills coronaviruses”
healthfact,13529,0,1,1,1,0.9505113,0.9996068,"California’s Prop 55 ""prevents $4 billion in new cuts to our schools."
healthfact,27241,1,0,0,0,0.16281877,0.03156208,A 26-year-old man named Alex Smith of Minneapolis died because he had aged out of his mother's health insurance and couldn't afford insulin.
healthfact,37869,1,0,0,0,0.101271056,0.0006146289,COVID-19 doctors are reporting inexplicable blood-clotting and hematological complications in otherwise young and healthy patients.
healthfact,19970,0,1,1,1,0.8670022,0.6284062,"Citizens Property Insurance has ""over $500 billion worth of risk, with less than $10 billion worth of surplus."
healthfact,15592,0,1,1,1,0.80937064,0.9985648,The proportion of Rhode Islanders entering substance abuse treatment primarily due to marijuana use has reached its highest point in 20 years.
healthfact,22809,0,1,1,1,0.8363209,0.77722675,Texas Veterans Commission Says one out of three U.S. homeless men is a veteran.
healthfact,10665,1,0,0,0,0.22719237,0.0007345284,"Timely use of Novartis' Entresto could prevent or postpone over 28,000 US deaths per year among HFrEF patients, according to an expert analysis in JAMA Cardiology"
healthfact,27696,1,0,0,0,0.103731975,0.039318,Pokémon Go developer Niantic is working on a Harry Potter version of the hugely popular augmented-reality game.
healthfact,11231,1,0,0,0,0.11715399,0.0009153717,Another Potential Benefit of Cutting Calories: Better Memory
healthfact,35340,0,1,1,1,0.5129733,0.87740034,"When U.S. President Donald Trump was asked what he'd say to people who lost family members to COVID-19, he replied, ""I would say this didn't hurt anyone as much as it hurt me."
healthfact,24790,1,0,0,0,0.3990467,0.0016448549,"The stimulus bill contains ""$20 million for the removal of small to medium-sized fish passage barriers"" and ""$25 million to rehabilitate off-roading trails for ATVs."
healthfact,35211,1,0,0,0,0.4676313,0.23827724,U.S. President Donald Trump golfed several times and held a number of rallies after learning about the threat of the coronavirus.
healthfact,35456,1,0,0,0,0.44396916,0.31288552,"Walter ""Blackie"" Wetzel, a former leader of the Blackfeet Nation, designed the Indian head logo for the Washington D.C. ""Redskins"" NFL team."
curated_health_claims,curated_0019,1,0,0,0,0.21802294,0.0012086459,"Vaccines are designed to prevent disease, not to cure an active infection."
fakehealth,news_reviews_00290,1,0,0,0,0.32409897,0.06867087,"Amsterdam, The Netherlands: A test that measures the levels of five chemicals in the breath has shown promising results for the detection of cancers of the oesophagus and stomach in a large patient trial presented at the European Cancer Congress 2017 [1]. Together, stomach and oesophageal cancer account for around 1.4 million new cancer diagnoses each year worldwide [2]. Both tend to be diagnosed late, because the symptoms are ambiguous, meaning the five-year survival rate for these two types of cancer is only 15%. The new research, involving more than 300 patients, showed that the test could diagnose cancer with an overall accuracy of 85%. Dr Sheraz Markar, an NIHR Clinical Trials Fellow from Imperial College London, under the supervision of Professor George Hanna, told the Congress: ""At present the only way to diagnose oesophageal cancer or stomach cancer is with endoscopy. This method is expensive, invasive and has some risk of complications. ""A breath test could be used as a non-invasive, first-line test to reduce the number of unnecessary endoscopies. In the longer term this could also mean earlier diagnosis and treatment, and better survival."" The trial was based on the results of previous research that suggested differences in the levels of specific chemicals (butyric, pentanoic and hexanoic acids, butanal, and decanal) between patients with stomach or oesophageal cancer and patients with upper gastrointestinal symptoms without cancer. The new research aimed to test whether this 'chemical signature' that seemed to typify cancer could be the basis of a diagnostic test. In the new study, the research team collected breath samples from 335 people at St Mary's Hospital, Imperial College Healthcare NHS Trust; University College London Hospital; and the Royal Marsden Hospital, London. Of these, 163 had been diagnosed with stomach or oesophageal cancer and 172 showed no evidence of cancer when they had an endoscopy. All the samples were analysed with a technique called selected ion flow-tube mass spectrometry, which is able to accurately measure small amounts of different chemicals in mixtures of gases such as breath. Researchers measured the levels of the five chemicals in each sample to see which ones matched to the 'chemical signature' that indicated cancer. The results showed that the test was 85% accurate overall, with a sensitivity of 80% and a specificity of 81%. This means that not only was the breath test good at picking up those who had cancer (sensitivity), it was also good at correctly identifying who did not have cancer (specificity). Dr Markar said: ""Because cancer cells are different to healthy ones, they produce a different mixture of chemicals. This study suggests that we may be able detect these differences and use a breath test to indicate which patients are likely to have cancer of the oesophagus and stomach, and which do not. However, these findings must be validated in a larger sample of patients before the test could be used in the clinic."" Over the next three years, the researchers will continue with a larger trial, using the test with patients who are being given an endoscopy for gastrointestinal symptoms but not yet diagnosed with cancer. This will assess the ability of the test to pick up cases within a group that is likely to contain only a small percentage of cancers. The team is also working on breath tests for other types of cancer, such as colorectal and pancreatic, which could be used as first-line tests in general practice surgeries. ###"
fakehealth,story_reviews_00998,0,1,1,1,0.83412963,0.99941754,"By Denise Mann HealthDay Reporter MONDAY, Oct. 10, 2011 (HealthDay News) -- An experimental Alzheimer's disease drug, gantenerumab, may help lower levels of amyloid plaque in the brains of people with the disease, an early clinical trial indicates. The new study, which appears online Oct. 10 in the Archives of Neurology, is among the first to show the effects of an anti-amyloid drug in humans with Alzheimer's disease, but experts caution that while promising, more research is needed before this drug can be deemed safe or effective. And, in what may turn out to be an equally important caveat, experts also say that it's by no means certain that reducing levels of amyloid plaque would stave off memory loss and the other mental declines associated with the disease because the role of the plaque in Alzheimer's isn't fully understood. Alzheimer's disease is the most common form of dementia. Symptoms including serious memory loss, confusion and mood changes develop gradually and worsen with time. Recently, many strides have been made in diagnosing Alzheimer's disease earlier, but doctors have been stymied by a lack of effective treatments to stop or slow the course of the disease. It's long been known that a protein fragment called beta-amyloid builds up in the spaces between nerve cells in the brains of people with Alzheimer's disease. The new drug, gantenerumab, targets these amyloid proteins by priming the body's immune system to recognize them as invaders. Of 16 people with mild-to-moderate Alzheimer's disease, those who received two to seven infusions of the experimental drug every four weeks showed marked reductions in the amount of plaque in their brains via imaging tests that were conducted several months after their treatments. By contrast, amyloid load increased among people who were randomized to receive the placebo. The new drug was given at either 60 or 200 milligrams (mg) doses. The higher dose yielded greater reductions in amyloid levels, the study showed. People who were given the 60 mg doses saw a nearly 16 percent reduction in the amount of amyloid, and those given the 200 mg doses saw a 36 percent reduction. The new study was conducted and funded by the drug's manufacturer, F. Hoffmann-LaRoche Ltd., in Basel, Switzerland. The big question is whether or not reducing amyloid levels has any effect on the symptoms or progression of Alzheimer's disease, said Dr. Patrick Lyden, chief of neurology at Cedars-Sinai Medical Center in Los Angeles. ""There is a growing concern that amyloid is a guilty bystander, but not the actual culprit in the brains of people with Alzheimer's disease, and taking away the bystander may not help the patient,"" he said. There are approximately one dozen therapies, including vaccines, for Alzheimer's disease that are currently in the pipeline, Lyden noted. ""They are all extremely exciting and promising in animals,"" he said. ""This is the first one to show a preliminary result in people, but we have a huge way to go to make sure it is safe and improves symptoms."" Many in the Alzheimer's research community are awaiting these drugs with bated breath, but ""none are ready for prime time,"" he said. The leading theory of Alzheimer's disease is that an imbalance in the production or clearance of the amyloid plaque in the brain initiates a cascade of events that lead to dementia, explained Dr. Neelum Aggarwal, an associate professor of neurological sciences at Rush Alzheimer's Disease Research Center at Rush University Medical Center in Chicago. ""Accumulation of the plaques cause a variety of cellular responses: inflammation, neuronal death, and thus any potential treatment that can alter these processes would be beneficial,"" she said. The hope is that gantenerumab or other drugs like it will not only prevent amyloid from accumulating in the brain, but also slow down the cognitive impairment that occurs in people with Alzheimer's disease, she added. That said, these experimental drugs carry the potential for serious side effects, including causing the immune system to go haywire. ""The main issue that remains for this type of drug development is managing the immune response,"" Aggarwal said. Other side effects include a potentially fatal fluid build-up in certain areas of the brain. ""This is problematic in that use of these treatments may carry a very high risk for neurologic complications, thus necessitating heightened monitoring, and diminishing its applicability as a treatment for a larger patient population such as the Alzheimer's disease population,"" she said. If any of these drugs make it through the pipeline, it also needs to be determined who will get them, including whether the drugs will be given to prevent Alzheimer's in patients at high-risk of the disease or to treat it once it's started. The need for a drug to delay the onset or slow progression of Alzheimer's disease can't be underestimated, Aggrawal said. In the United States alone, there are 5.4 million people with Alzheimer's disease, and the numbers are expected to increase to 13 million by 2050, when approximately three of every five people over the age of 85 will have Alzheimer's disease, she said. More information For more information about Alzheimer's disease signs, symptoms and treatments, visit the Alzheimer's Association."
fakehealth,news_reviews_00258,0,1,1,1,0.5263059,0.9891254,"More than 35 million Americans are trying to quit smoking. Smoking cigarettes causes 480,000 premature deaths each year due mainly to a two-fold risk of cardiovascular disease and a 20-fold risk of lung cancer. In a commentary published in the current issue of the American Journal of Medicine, researchers from the Charles E. Schmidt College of Medicine at Florida Atlantic University reassure clinicians and their patients that varenicline, whose brand name is Chantix, is a safe and effective way to achieve smoking cessation and that failure to use this drug has caused preventable heart attacks and deaths from cardiovascular disease. In 2006, varenicline was approved as a safe and effective means to quit smoking and achieved permanent quit rates of approximately 25 percent. In 2009, however, varenicline received a black box warning by the FDA based on their adverse event reports of neuropsychiatric symptoms like depression and thoughts of suicide. There were plausible alternative explanations including that nearly half of the subjects had psychiatric histories, 42 percent were taking psychotropic drugs and about 42 percent were suffering from depression. Nonetheless, since then, there has been a 76 percent decline in the number of prescriptions dispensed from a peak of about 2 million in the last quarter of 2007 to about 531,000 in the first quarter of 2014. In their commentary, the FAU researchers emphasize that, until recently, the totality of randomized evidence on varenicline had been restricted to eight small trials, which did not demonstrate a hazard. The researchers caution that the reliable detection of small to moderate risks and benefits of drug therapies requires cogent data from large-scale randomized trials designed a priori to test the hypothesis. Such a large randomized trial was recently completed that included both apparently healthy individuals as well as those with severe mental illness. The trial was conducted for 12 weeks on about 8,000 long-term smokers and included equal subgroups of those without as well as with psychiatric disorders. In subjects without psychiatric disorders, those treated with varenicline had less neuropsychiatric symptoms and in subjects without psychiatric disorders there were no increases in these symptoms. Both groups of participants assigned at random to varenicline achieved significantly higher abstinence rates at 12 weeks than those assigned to placebo, nicotine patch or bupropion. Just a few months ago, the FDA removed the black box warning from varenicline. The commentary was coauthored by Dianna Gaballa, a fourth-year medical student; Joanna Drowos, D.O., M.P.H., an associate professor of integrated medical science and associate chair of the Department of Integrated Medical Science; and Charles H. Hennekens, M.D., Dr.P.H., the first Sir Richard Doll Professor and senior academic advisor to the dean, all in FAU's Charles E. Schmidt College of Medicine. ""The existing totality of evidence suggests an urgent need to increase the use of varenicline in the general population as well as in those with serious mental illness who on average die about 20 years earlier than the general population, in part, because their smoking rates may be as high as 75 percent,"" said Hennekens. Quitting smoking significantly reduces risks of cardiovascular disease beginning within a matter of months and reaching the non-smoker status within a few years, even among older adults. For lung and other cancers, however, reductions do not even begin to emerge for years after quitting and, even after 10 years, quitters achieve death rates only about midway between the continuing smoker and non-smoker. ""For reducing risks of cardiovascular disease it's never too late to quit, but to reduce risks of cancer, it's never too early,"" said Hennekens. The authors speculate that if use of varenicline had not plummeted by 76 percent following the black box warning in 2009, perhaps 17,000 premature deaths from cardiovascular disease may have been avoided each year during the last few years. Public health efforts and effective cessation treatments including behavioral counseling and medication have resulted in a 14 percent decrease in smoking in the U.S. while the rates are markedly increasing in developing countries. ### According to the U.S. Centers for Disease Control and Prevention, heart disease is the leading killer among men and women causing approximately 600,000 deaths each year. Among the numerous honors and recognitions Hennekens has received include the Ochsner Award for reducing premature deaths from cigarettes in 2014. From 1995 to 2005, Science Watch ranked him as the third most widely cited medical researcher in the world and five of the top 20 were his former trainees and/or fellows. In 2012, Science Heroes ranked Hennekens No. 81 in the history of the world for having saved more than 1.1 million lives. In 2016, he was ranked the No. 14 ""Top Scientist in the World"" with an H-index of 173. About the Charles E. Schmidt College of Medicine: FAU's Charles E. Schmidt College of Medicine is one of 145 accredited medical schools in the U.S. The college was launched in 2010, when the Florida Board of Governors made a landmark decision authorizing FAU to award the M.D. degree. After receiving approval from the Florida legislature and the governor, it became the 134th allopathic medical school in North America. With more than 70 full and part-time faculty and more than 1,300 affiliate faculty, the college matriculates 64 medical students each year and has been nationally recognized for its innovative curriculum. To further FAU's commitment to increase much needed medical residency positions in Palm Beach County and to ensure that the region will continue to have an adequate and well-trained physician workforce, the FAU Charles E. Schmidt College of Medicine Consortium for Graduate Medical Education (GME) was formed in fall 2011 with five leading hospitals in Palm Beach County. In June 2014, FAU's College of Medicine welcomed its inaugural class of 36 residents in its first University-sponsored residency in internal medicine. About Florida Atlantic University:"
fakehealth,story_reviews_00610,0,1,1,1,0.6067176,0.9959117,"CHICAGO—Using whole-brain radiation to treat cancer that has spread to the brain is a treatment that for many patients is worse than the disease, a new study suggests. Researchers said the technique, when used after a more precise radiotherapy to kill the cancer, resulted in more memory loss and other cognitive deficits than treating with radiotherapy alone. While the more aggressive treatment was better at preventing recurrence of tumors in the brain, it didn’t extend survival. “The potential benefits of whole brain radiation therapy are far outweighed by the detriments of the therapy itself,” said Paul Brown, professor of radiation oncology at the University of Texas MD Anderson Cancer Center, Houston. The “negative impact” on cognitive function “was more than I would have expected.” Dr. Brown is lead author of the study which was presented Sunday at the annual meeting of the American Society of Clinical Oncology. The study involved 213 patients who had one to three small tumors, or metastases in the brain. It was funded by the National Institutes of Health. Brain metastases is a common problem in cancer affecting an estimated 400,000 to 600,000 patients annually in the U.S. alone, some 200,000 of whom get whole brain radiation during the course of their disease. Lung cancer is the most common malignancy to spread to the brain, followed by breast cancer and melanoma. Whole brain radiation was first used in 1954 and has long been a standard strategy for brain metastases, said Andrew Lassman, chief of neuro-oncology at New York-Presbyterian/Columbia University Medical Center. Though doctors have curbed its use in recent years amid concerns over its deleterious effect on cognitive function, whether the treatment or recurrence of metastases is worse for the patient has remained controversial, he said. Whole brain radiation is typically administered in 10 20-minute treatments given over two weeks while radiosurgery, in which radiation is delivered in a powerful, focused beam with instruments known by such names as the gammaknife, is a longer procedure given in a single day. For the study, patients were randomly assigned to either radiosurgery followed by whole brain radiation or radiosurgery alone. Patients then underwent seven cognitive tests three months after treatment and at several subsequent intervals. Patients treated with both approaches performed significantly worse three months later on tests involving immediate recall of words, delayed recall and measures of verbal communication. Patients given both treatments also scored lower on a quality of life questionnaire, Dr. Brown said. Median overall survival was 7.5 months for those receiving both treatments and 10.7 months for those on radiosurgery alone, a result considered statistically about the same. The study will “push the use of whole-brain radiation therapy more toward the latter portion of the patient’s course, when they have no more good viable options,” Dr. Brown said. The new report is “the most comprehensive study that lets us quantify the risk/benefit” of the treatment, said Brian M. Alexander, a radiation oncologist at Dana-Farber Cancer Institute, Boston. Dr Lassman said the findings conflict with some other studies. He said patients for whom brain metastases rather than their primary cancer pose the biggest threat to survival, for instance, may benefit from whole-brain radiation. Dr. Lassman added that both whole brain radiation and recurrent metastases are “bad for the brain.” He said researchers are studying alternate approaches, including irradiating the brain while shielding the hippocampus, a component of the brain critical to memory, and giving certain drugs used to treat dementia that may protect the brain against the effects of radiation. Write to Ron Winslow at ron.winslow@wsj.com"
fakehealth,story_reviews_00020,1,0,0,0,0.26989082,0.30761525,"En Español By Steven Reinberg HealthDay Reporter TUESDAY, Oct. 16, 2018 (HealthDay News) -- Stimulating a specific set of nerves that are nestled along the spine may deliver relief to those who suffer from chronic back pain and cut the need for opioid painkillers, new research suggests. The therapy, which targets the root ganglion nerves, is more effective than other spine stimulation procedures because it places tiny leads precisely at the area where pain originates, unlike other devices that provide more generalized stimulation, the researchers said. ""In certain patients who have not gotten relief from other treatments, this therapy may give sustained pain relief and may allow them to reduce opioids for at least 18 months and perhaps longer,"" said lead researcher Robert McCarthy. He's a professor of anesthesiology at Rush University Medical Center in Chicago. The dorsal root ganglions are nerve cells, on both sides of each of the spine's vertebra, and are the gateway to pain between nerves in different parts of the body, spinal cord and brain. Stimulating this area interrupts pain signals between the painful area and the brain, the researchers explained. A pacemaker-like device implanted under the skin in the lower back sends small electronic pulses through a wire placed near the specific dorsal root ganglion associated with the pain, McCarthy said. The pulses replace pain with tingling or numbness. The strength of stimulation, programmed by a doctor, is based on the patient's level of pain, he said. The treatment has two advantages over spinal cord stimulation, McCarthy said. In spinal cord stimulation, a wire runs along the spinal cord sending pulses along the entire spine, but the pulses don't target the specific pain source. In addition, dorsal root ganglion stimulation requires significantly lower levels of electric current to quell pain, McCarthy said. The goal of this study, he said, was to judge the effectiveness of the therapy over a long period. McCarthy and his colleagues implanted the device in 67 people suffering with chronic back pain and followed them for three to 18 months. Among the participants, 17 had the device for over a year. Before receiving the device, most patients rated their pain as an 8 on a scale of one to 10, with 10 being the worst. For most patients, the device reduced pain by 33 percent, which was significant, the researchers reported. In addition, patients said they experienced a 27 percent reduction in disability or limitations on daily activities caused by pain. In all, 94 percent of the participants said the treatment was beneficial. The procedure was not without complications. Five patients needed to have the wires implanted again, two patients had them removed because they were infected, and one had the device removed because of a complication. McCarthy said the therapy is not widely available, even though it was approved by the FDA in 2016. At the moment, its use is confined to more advanced medical centers where doctors have been trained in how to implant and regulate the device. Also, the procedure isn't covered by all insurance companies, so out-of-pocket costs to patients can be very high. It is, however, covered by Medicare, he said. For uninsured patients, the cost of having spine stimulation devices can range from $15,000 to $50,000 or more, according to a 2008 report funded by the Washington State Department of Labor and Industries. Spine stimulation is usually approved only after patients have not responded to other treatment, according to Blue Cross Blue Shield. Other insurance companies may have varying policies. McCarthy hopes that more doctors will be trained in the procedure and that it will become more available, especially because it has the potential to allow patients to stop taking opioids to control their pain. One pain specialist not involved with the study saw the benefits of this procedure. ""The results of this study are very significant,"" said Dr. Kiran Patel, director of neurosurgical pain at Lenox Hill Hospital in New York City. It shows long-term data that patients experienced significant pain relief and functional improvements, she said. ""In my pain practice and career, dorsal root ganglion stimulation therapy has been one of the most effective technologies available to combat chronic pain,"" Patel said. ""I encourage chronic pain patients to seek out physicians who are trained and experienced in the application of dorsal root ganglion stimulation therapy to determine if they are a candidate,"" she said. The findings were presented Sunday at the American Society of Anesthesiologists annual meeting, in San Francisco. Research presented at meetings is considered preliminary until published in a peer-reviewed journal. More information Visit the U.S. National Institute of Neurological Disorders and Stroke for more on back pain."
fakehealth,story_reviews_01343,0,1,1,1,0.62980783,0.9984553,"In the late 1940s, the steroid cortisone, an anti-inflammatory drug, was first synthesized and hailed as a landmark. It soon became a safe, reliable means to treat the pain and inflammation associated with sports injuries (as well as other conditions). Cortisone shots became one of the preferred treatments for overuse injuries of tendons, like tennis elbow or an aching Achilles, which had been notoriously resistant to treatment. The shots were quite effective, providing rapid relief of pain. Ballyscanion/Getty Images Then came the earliest clinical trials, including one, published in 1954, that raised incipient doubts about cortisone’s powers. In that early experiment, more than half the patients who received a cortisone shot for tennis elbow or other tendon pain suffered a relapse of the injury within six months. But that cautionary experiment and others didn’t slow the ascent of cortisone (also known as corticosteroids). It had such a magical, immediate effect against pain. Today cortisone shots remain a standard, much-requested treatment for tennis elbow and other tendon problems. But a major new review article, published last Friday in The Lancet, should revive and intensify the doubts about cortisone’s efficacy. The review examined the results of nearly four dozen randomized trials, which enrolled thousands of people with tendon injuries, particularly tennis elbow, but also shoulder and Achilles-tendon pain. The reviewers determined that, for most of those who suffered from tennis elbow, cortisone injections did, as promised, bring fast and significant pain relief, compared with doing nothing or following a regimen of physical therapy. The pain relief could last for weeks. But when the patients were re-examined at 6 and 12 months, the results were substantially different. Over all, people who received cortisone shots had a much lower rate of full recovery than those who did nothing or who underwent physical therapy. They also had a 63 percent higher risk of relapse than people who adopted the time-honored wait-and-see approach. The evidence for cortisone as a treatment for other aching tendons, like sore shoulders and Achilles-tendon pain, was slight and conflicting, the review found. But in terms of tennis elbow, the shots seemed to actually be counterproductive. As Bill Vicenzino, the chairman of sports physiotherapy at the University of Queensland in Australia and senior author of the review, said in an e-mail response to questions, “There is a tendency” among tennis-elbow sufferers “for the majority (70-90 percent) of those following a wait-and-see policy to get better” after six months to a year. But this is not the case for those getting cortisone shots, he wrote; they “tend to lag behind significantly at those time frames.” In other words, in some way, the cortisone shots impede full recovery, and compared with those adopting a wait-and-see policy, those getting the shots “are worse off.” Those people receiving multiple injections may be at particularly high risk for continuing damage. In one study that the researchers reviewed, “an average of four injections resulted in a 57 percent worse outcome when compared to one injection,” Dr. Vicenzino said. Why cortisone shots should slow the healing of tennis elbow is a good question. An even better one, though, is why they help in the first place. For many years it was widely believed that tendon-overuse injuries were caused by inflammation, said Dr. Karim Khan, a professor at the School of Human Kinetics at the University of British Columbia and the co-author of a commentary in The Lancet accompanying the new review article. The injuries were, as a group, given the name tendinitis, since the suffix “-itis” means inflammation. Cortisone is an anti-inflammatory medication. Using it against an inflammation injury was logical. But in the decades since, numerous studies have shown, persuasively, that these overuse injuries do not involve inflammation. When animal or human tissues from these types of injuries are examined, they do not contain the usual biochemical markers of inflammation. Instead, the injury seems to be degenerative. The fibers within the tendons fray. Today the injuries usually are referred to as tendinopathies, or diseased tendons. Why then does a cortisone shot, an anti-inflammatory, work in the short term in noninflammatory injuries, providing undeniable if ephemeral pain relief? The injections seem to have “an effect on the neural receptors” involved in creating the pain in the sore tendon, Dr. Khan said. “They change the pain biology in the short term.” But, he said, cortisone shots do “not heal the structural damage” underlying the pain. Instead, they actually “impede the structural healing.” Still, relief of pain might be a sufficient reason to champion the injections, if the pain “were severe,” Dr. Khan said. “But it’s not.” The pain associated with tendinopathies tends to fall somewhere around a 7 or so on a 10-point scale of pain. “It’s not insignificant, but it’s not kidney stones.” So the question of whether cortisone shots still make sense as a treatment for tendinopathies, especially tennis elbow, depends, Dr. Khan said, on how you choose “to balance short-term pain relief versus the likelihood” of longer-term negative outcomes. In other words, is reducing soreness now worth an increased risk of delayed healing and possible relapse within the year? Some people, including physicians, may decide that the answer remains yes. There will always be a longing for a magical pill, the quick fix, especially when the other widely accepted and studied alternatives for treating sore tendons are to do nothing or, more onerous to some people, to rigorously exercise the sore joint during physical therapy. But if he were to dispense advice based on his findings and that of his colleagues’ systematic review, Dr. Vicenzino said, he would suggest that athletes with tennis elbow (and possibly other tendinopathies) think not just once or twice about the wisdom of cortisone shots but “three or four times.”"
fakehealth,story_reviews_01267,0,1,1,1,0.86400855,0.9966792,"Enlarge By RANDY MAYOR, AP Stroke belt residents were 32% more likely to eat two or more servings of fried fish each week than those in the rest of the country. TWO SERVINGS OF FISH TWO SERVINGS OF FISH The American Heart Association recommends at least two servings of fish each week for heart health. Types rich in omega-3 fatty acids are best. These are essential fatty acids that humans get through foods, including fish, nuts and some oils such as canola and flaxseed. Scientists say the fatty acids are linked to heart health and brain function and may reduce inflammation. Research has shown omega-3 fatty acids decrease the risk of arrhythmias (abnormal heartbeats), which can lead to sudden death, and triglyceride levels. WHICH FISH SHOULD YOU CHOOSE? Most omega-3 rich: • Salmon • Mackerel • Herring • Lake trout • Sardines • Albacore tuna Less omega-3 rich: • Cod • Haddock • Catfish • Sole Source: Fadi Nahab, M.D., Emory University Hospital The steep rate of death from stroke in a swath of Southern states often referred to as America's ""stroke belt"" may be linked to a higher consumption of fried fish in that region, new research suggests. A study published in today's Neurology shows people living in the stroke belt — which comprises North Carolina, South Carolina, Georgia, Alabama, Mississippi, Tennessee, Arkansas and Louisiana — eat more fried fish and less non-fried fish than people living in the rest of the country, and African-Americans eat more fried fish than Caucasians. ""Differences in dietary fish consumption, specifically in cooking methods, may be contributing to higher rates of stroke in the stroke belt and also among African Americans,"" says study author Fadi Nahab, medical director for the Stroke Program at Emory University Hospital in Atlanta. The research, part of a large government-funded study, Reasons for Geographic and Racial Differences in Stroke (REGARDS), involved 21,675 participants from across the country; the average age was 65. Of the participants, 21% were from the ""stroke buckle,"" the coastal plain region of North Carolina, South Carolina and Georgia where stroke mortality rates are even higher than they are in the rest of the stroke belt. Another 34% were from the rest of the stroke belt and 44% were from the other states. Participants were interviewed by phone and then given an in-home physical exam. The questionnaire asked how often they ate oysters, shellfish, tuna, fried fish and non-fried fish. The American Heart Association recommends people eat fish high in omega-3 fatty acids—essential fatty acids humans get through their diet—at least twice a week, baked or grilled but not fried. Fewer than one in four overall ate two or more servings of non-fried fish a week. Stroke belt residents were 32% more likely to eat two or more servings of fried fish each week than those in the rest of the country. African-Americans were more than 3.5 times more likely to eat two or more servings of fried fish each week than Caucasians, with an overall average of about one serving per week of fried fish compared with about half a serving for Caucasians. When it came to eating non-fried fish meals, stroke belt residents ate an average of 1.45 servings per week, compared with 1.63 servings eaten by people elsewhere. ""This is good stuff. It's a well-done study, but I think one thing to bear in mind is that it's not specifically a study of stroke risk. You're looking at a community and seeing how it's behaving on the whole,"" says Daniel Labovitz, a stroke neurologist at Montefiore Medical Center in the Bronx. ""This study can't tell you causation. It can't tell you there's a direct link between one thing and another, it just tells you they're associated,"" says stroke neurologist Victor Urrutia, an assistant professor at Johns Hopkins University School of Medicine. How might eating fried fish impact stroke? It could be that frying the fish leaches out the omega-3s, says Jeremy Lanford, stroke director at Scott & White Healthcare in Roundrock, Texas. Or the increased fat calorie content from the frying oil may contribute to stroke, says author Nahab. He also notes that fish used for frying, such as cod and haddock, tend to be the types lower in healthy fats. More research is needed to tease out whether cooking methods affect stroke risk, Labovitz says. ""In other words, is fried fish a problem, or is it another red herring?"" he says. The study was supported by the National Institute of Neurological Disorders and Stroke, the National Institutes of Health, and the Department of Health and Human Services. Funding was provided by General Mills for coding of the food frequency questionnaire. Guidelines: You share in the USA TODAY community, so please keep your comments smart and civil. Don't attack other readers personally, and keep your language decent. Use the ""Report Abuse"" button to make a difference. You share in the USA TODAY community, so please keep your comments smart and civil. Don't attack other readers personally, and keep your language decent. Use the ""Report Abuse"" button to make a difference. Read more"
fakehealth,news_reviews_00118,1,0,0,0,0.3934963,0.0067352084,"A scientifically based approach that includes a tooth-decay risk assessment, aggressive preventive measures and conservative restorations can dramatically reduce decay in community dental practices, according to a study by researchers at UC San Francisco. The findings, which support earlier research demonstrating positive results of the assessment and treatment method in a university setting, have the potential to transform dental care for high-risk patients at a lower cost to both patients and dental clinics and practices. Results appear online Jan. 22, 2018, in Advances in Dental Research. ""We put the 2012 UCSF clinical study into the real world and showed it works,"" said lead author Peter Rechmann, DMD, PhD, professor of preventive and restorative dental sciences in the UCSF School of Dentistry. ""The patients at high caries risk who used prescription products went down significantly over time in their risk level. Those in the control group also reduced their risk to a lesser degree, simply by using over-the-counter products that also protect teeth and affect the bacteria."" Dental caries (tooth decay) is caused by bacteria on the tooth surface feeding on carbohydrates, then making acids as waste. These acids destroy the protective tooth enamel and the dentin layer beneath it. If not halted or reversed, this leads to a cavity. CAries Management By Risk Assessment (CAMBRA?) is an evidence-based approach to preventing or treating dental caries at its earliest stages. It was launched in 2003 through the UCSF School of Dentistry by the paper's senior author, John Featherstone, PhD, MSc, former dean of the school and distinguished professor of preventive and restorative dental sciences. A dentist who uses CAMBRA obtains the patient's dental and medical history and conducts a clinical exam to assess caries early enough to reverse or halt progression and to determine caries risk factors. These factors include, among other things, acid-producing bacteria, frequent eating and drinking of fermentable carbohydrates (""snacking""), and abnormally low saliva flow and function. From this assessment, the dentist utilizes behavioral approaches and chemical treatments to optimize protective factors. The treatment plan typically incorporates remineralization through the use of fluoride and/or antibacterial therapies such as chlorhexidine and xylitol, minimally invasive restorative procedures to conserve tooth structure, and regular patient follow up. The authors published their initial validation of CAMBRA for ages 6 through adult in 2006, followed by several additional years of data published in 2011, 2012, 2015 and 2016. Since then, more than half of the U.S. schools and colleges of dentistry have adopted CAMBRA in one form or another as part of their standard curriculum. The authors said now that this has been shown to be effective in a non-academic clinical setting, there also is potential for insurance companies to reimburse CAMBRA and other preventive therapies for adults, thereby lowering patient costs while increasing profits for dental practices. Treatment Effective Even Without Prescription Products In the Advances in Dental Research study, Rechmann and his colleagues recruited 20 dentists - 17 in private practice, three in community clinics - to participate in a two-year CAMBRA trial of 460 patients ages 12-65 years old, with 239 in a CAMBRA group and 221 in a control group. In the CAMBRA group, high-risk patients received prescription fluoride toothpaste, chlorhexidine antibacterial rinse, xylitol mints and fluoride varnish. The control group received regular fluoride toothpaste, an assumed inactive mouth rinse, sorbitol candies and a non-fluoride varnish. Follow-up visits occurred at six, 12, 18 and 24 months, in which new caries lesions or changes in caries risk level were recorded. Overall, the researchers found that a significantly greater percentage of high-risk participants were classified at lower risk after receiving CAMBRA preventive therapies. Dental decay was low in both groups. Among 242 patients (137 intervention, 105 control) initially identified as high risk for caries, only a quarter of the patients remained at high risk in the CAMBRA group at 24 months, while just over half (54 percent) of the control group did. Of the 192 low-risk participants (93 intervention, 99 control), most participants remained low risk, indicating that the assessment correctly identifies who is at risk for caries. The researchers said the risk reduction among the control group may have been caused by the fluoride toothpaste enhancing tooth repair, as well as the mouth rinse enhancing saliva flow and having bactericidal effects. While not as significant as the CAMBRA group in this study, the risk level of these patients dropped more dramatically over time than for those in the 2012 UCSF CAMBRA study. ""It was surprising to see the benefits gained by the control group,"" Rechmann said. ""More research is needed to see if the products and treatment administered to this group function in the way we speculate, and if so, they might be made easily available to dental patients. Doing so can change the whole picture of caries control."" Among the study limitations, the researchers noted a high study attrition (65 percent), which partly may have contributed to observed declines in risk level at each subsequent recall visit. ### Co-authors on the paper were Benjamin Chafee, DDS, MPH, PhD, assistant professor of preventive and restorative dental sciences and director of the Global Oral Health program, and Beate Rechmann, research associate, both from the UCSF School of Dentistry. Funding was provided by the National Institutes of Health National Center for Advancing Translational Sciences, PacifiCare/United Healthcare, DentaQuest and California Dental Association. Proctor & Gamble, 3M Espe and Epic provided products for study participants at reduced or no cost. UC San Francisco (UCSF) is a leading university dedicated to promoting health worldwide through advanced biomedical research, graduate-level education in the life sciences and health professions, and excellence in patient care. It includes top-ranked graduate schools of dentistry, medicine, nursing and pharmacy; a graduate division with nationally renowned programs in basic, biomedical, translational and population sciences; and a preeminent biomedical research enterprise. It also includes UCSF Health, which comprises three top-ranked hospitals, UCSF Medical Center and UCSF Benioff Children's Hospitals in San Francisco and Oakland, and other partner and affiliated hospitals and healthcare providers throughout the Bay Area. Please visit http://www. ucsf. edu/ news . Follow UCSF ucsf.edu | Facebook.com/ucsf | Twitter.com/ucsf | YouTube.com/ucsf"
fakehealth,story_reviews_00522,0,1,1,1,0.56455934,0.99109733,"Fat was the food villain these past few decades but sugar is quickly muscling in to take its place. As rates of sugar-related disorders such as diabetes, obesity and heart disease climb, many experts believe that when Americans rid themselves of fat, they simply replaced it with sugar in all its forms. But proving that the rise of the chronic diseases was actually linked to higher sugar consumption is a challenge. Dr. Robert Lustig, from the department of pediatrics at the University of California, San Francisco, who has made a name for himself publishing books and research addressing the question of sugar’s effects on the body, wanted clearer answers. Now, in a paper published Tuesday, he and his colleagues believe they have come up with the definitive evidence that sugar, as Lustig says, “is toxic.” In most lab studies, the doses of sugar that scientists test are quite high; they want to see what the effect is quickly and, depending on the research, they may not have time to wait to study the more gradual effects that might emerge. And in studies where people reduce the amount of sugar they eat, for instance, those people end up eating fewer calories overall, so it’s difficult to know whether any changes are due to the removal of sugar or to the drop in calories. Lustig and his colleagues think they’ve produced the “hard and fast data that sugar is toxic irrespective of its calories and irrespective of weight.” MORE: FDA Wants Nutrition Labels to Include More Detail on Added Sugars Lustig’s confidence comes from the unique study, described in Obesity, of 43 Hispanic or African-American children aged eight to 18 years old. He collected detailed food questionnaires from each of the adolescents to get an idea of the average amount of calories they ate per day, then designed a special menu for each of them for nine days that matched the total numbers of calories they would normally eat. The only difference in the nine-day diet was that most of the sugar the children ate was replaced by starch — the overall number of calories remained the same. The children weighed themselves daily, and if they were losing weight, they were told to eat more of the provided food in order to keep their weight the same throughout the study. “Everything got better,” says Lustig. Some of the children went from being insulin resistant, a precursor state to developing diabetes, in which the body’s insulin levels can no longer keep up with the pace of breaking down sugar that’s coming in from the diet, to insulin sensitive. MORE: Artificial Sweeteners Aren’t the Answer to Obesity: Here’s Why “We took chicken teriyaki out, and put turkey hot dogs in. We took sweetened yogurt out, and put baked potato chips in. We took pastries out and put bagels in,” says Lustig. “So there was no change in [the children’s] weight and no change in calories.” After nine days of having their total dietary sugar reduced to 10% of their daily calories, however, they showed improvements in all of these measures. Overall, their fasting blood sugar levels dropped by 53%, along with the amount of insulin their bodies produced since insulin is normally needed to break down carbohydrates and sugars. Their triglyceride and LDL levels also declined and, most importantly, they showed less fat in their liver. Get The Brief. Sign up to receive the top stories you need to know right now. Choose your country United States of America Afghanistan Albania Algeria American Samoa Andorra Angola Anguilla Antigua and Barbuda Argentina Armenia Aruba Australia Austria Azerbaijan Bahamas Bahrain Bangladesh Barbados Belarus Belgium Belize Benin Bermuda Bhutan Bolivia Bosnia and Herzegovina Botswana Brazil Brunei Darussalam Bulgaria Burkina Faso Burundi Cambodia Cameroon Canada Cape Verde Cayman Islands Central African Republic Chad Chile China Colombia Comoros Congo Congo, Democratic Republic of Cook Islands Costa Rica Cote d'Ivoire Croatia Cuba Cyprus Czech Republic Denmark Djibouti Dominica Dominican Republic Ecuador Egypt El Salvador Equatorial Guinea Eritrea Estonia Ethiopia Faeroe Islands Falkland Islands (Malvinas) Fiji Finland France French Guiana French Polynesia Gabon Gambia Georgia Germany Ghana Gibraltar Greece Greenland Grenada Guadeloupe Guam Guatemala Guinea Guinea-Bissau Guyana Haiti Holy See Honduras Hong Kong Hungary Iceland India Indonesia Iran Iraq Ireland Israel Italy Jamaica Japan Jordan Kazakhstan Kenya Kiribati Korea Kuwait Kyrgyzstan Laos Latvia Lebanon Lesotho Liberia Libyan Arab Jamahiriya Liechtenstein Lithuania Luxembourg Macao Macedonia Madagascar Malawi Malaysia Maldives Mali Malta Marshall Islands Martinique Mauritania Mauritius Mayotte Mexico Micronesia Monaco Mongolia Montserrat Morocco Mozambique Myanmar Namibia Nauru Nepal Netherlands Netherlands Antilles New Caledonia New Zealand Nicaragua Niger Nigeria Niue Norfolk Island Northern Mariana Islands Norway Oman Pakistan Palau Palestinian Territory, Occupied Panama Papua New Guinea Paraguay Peru Philippines Pitcairn Poland Portugal Puerto Rico Qatar Republic of Korea Republic of Moldova Reunion Romania Russian Federation Rwanda Saint Helena Saint Kitts and Nevis Saint Lucia Saint Pierre and Miquelon Saint Vincent and the Grenadines Samoa San Marino Sao Tome and Principe Saudi Arabia Senegal Serbia and Montenegro Seychelles Sierra Leone Singapore Slovakia Slovenia Solomon Islands Somalia South Africa Spain Sri Lanka Sudan Suriname Svalbard and Jan Mayen Islands Swaziland Sweden Switzerland Syrian Arab Republic Taiwan Tajikistan Tanzania, United Republic of Thailand Timor-Leste Togo Tokelau Tonga Trinidad and Tobago Tunisia Turkey Turkmenistan Turks and Caicos Islands Tuvalu Uganda Ukraine United Arab Emirates United Kingdom Virgin Islands (U.S.) Virgin Islands (British) Uruguay Uzbekistan Vanuatu Venezuela Viet Nam Wallis and Futuna Islands Western Sahara Yemen Zambia Zimbabwe Please enter a valid email address. Please select your country. I can confirm I have read and accept the Terms Of Use. Please check to proceed. Sign Up Now You may unsubscribe from email communication at any time. See our Privacy Policy for further details. Thank you! For your security, we've sent a confirmation email to the address you entered. Click the link to confirm your subscription and begin receiving our newsletters. If you don't get the confirmation within 10 minutes, please check your spam folder. MORE: 7 Amazing Things That Happen to Your Body When You Give Up Soda Because some of the children lost weight, to convince themselves that the effects weren’t due to the small amount of weight that some of the children lost, Lustig and his team compared those who lost weight to those who didn’t during the study, and found similar improvements in both groups. “Up until now, there have been a lot of correlation studies linking sugar and metabolic syndrome,” says Lustig. “This is causation.” The diet he provided the children isn’t considered ideal from a health perspective — starches are still a considerable source of calories and can contribute to weight gain. But Lustig relied on the starches to prove a point in a scientific study — that the effect sugar has on the body goes beyond anything connected to its calories and to weight. “I’m not suggesting in any way, shape or form that we gave them healthy food,” he says. “We gave them crappy food, shitty food, processed food — and they still got better. Imagine how much even better they would have gotten if we didn’t substitute and took the sugar out. Then they would have gotten even better yet. That’s the point.” MORE: The Trouble With Sugar Free Kids Not everyone is convinced that the results definitely prove sugar, and not weight loss, is the culprit, however. Susan Roberts, professor of Nutrition, USDA Nutrition Center at Tufts University notes that because some of the children lost weight, it’s still possible that shedding the pounds helped their metabolic measures to improve. She also points out that the children self-reported their initial diet, which can often be inaccurate. “We know that a healthy diet and weight loss cause good metabolic changes, and although this study tries to attribute its effects to low fructose, in fact it is impossible to do that because of the study design.” Some experts are concerned for other reasons. They’re worried that the findings may shift attention away from what they consider to be the more fundamental issue — that overall, we’re eating too much. “Too much calorie intake is still the biggest problem,” says Dr. Mark Corkins, professor of pediatrics at University of Tennessee Health Science Center and member of the American Academy of Pediatrics committee on nutrition. He notes that the study involved children who were obese already and consuming too many calories. “It’s an important study, and the facts coming out of it are very important. It means we need to look at sugars, and at the type of sugars and sugar intake. But I worry that people are going to hang everything on this when we still need to reduce consumption.” Lustig hopes that won’t happen as more data emerges that details how sugar is altering the body in unhealthy ways outside of its caloric contribution. That wasn’t the subject of the current paper, but he promises follow up studies based on this work that will address that. This study does hint however, at what might be happening. While there has been a lot of attention on the presence of belly fat and its connection to metabolic syndrome, the fact that the children saw improvements in the amount of fat in their liver suggests that might be an important way that sugar is contributing to chronic disease. Obese children and those with diabetes often suffer from fatty liver, a condition normally associated with alcohol abuse but increasingly common among non-drinkers who gain excessive amounts of weight. This new view of sugar could change the advice that doctors and government health officials give about eating the sweet stuff. Lustig’s hope is that the information is considered as the U.S. Department of Agriculture finalizes its latest Dietary Guidelines, expected by the end of the year, which delineate recommendations for what, and how much of different types of foods and nutrients Americans should eat. Contact us at editors@time.com."
fakehealth,story_reviews_00047,1,0,0,0,0.41588035,0.2939404,"When actress and author Lena Dunham went public about having endometriosis, a disorder of the uterus, she wanted to make something clear: The pain it causes can be completely debilitating, and women desperately need better treatments. Soon, it seems, women like Dunham who suffer from endometriosis pain will have a new option for relief. An effective treatment was just approved by the Food and Drug Administration, and it’s expected to arrive at pharmacies as soon as August. The pill, called elagolix (brand name Orilissa) from the drugmaker AbbVie, is the first FDA-approved oral treatment in more than a decade for the moderate to severe pain that comes with endometriosis. “This [medication] could really be transformative,” said Hugh Taylor, an OB-GYN doctor at Yale Medical School who led the key trials testing the drug. “I’m very excited to be able to start using it in my patients.” Endometriosis is one of the most common gynecological conditions, affecting one in 10 women of reproductive age. And it can be incredibly painful. The reason is simple: Women with the condition are growing excess tissue in their abdomen that they can’t shed. Every month, a woman’s uterine lining thickens and sheds during her period if she’s not pregnant. With endometriosis, that tissue thickens and bleeds, but it happens outside of the uterus — on the fallopian tubes, even in the nose, the lungs. Because the extra tissue has no way to exit the body (it can’t go through the vagina since it’s not growing in the uterus) it builds up and becomes trapped, leading to pain and, in some cases, infertility. There’s no cure for endometriosis. To manage symptoms, women are usually prescribed birth control or over-the-counter painkillers as a first-line approach, but they don’t always work. In severe cases, a doctor may suggest surgery to remove the extra tissue. (Dunham had eight surgeries, and ended up getting a hysterectomy, which was considered an extreme measure.) Enter elagolix. Endometriosis is an estrogen-driven disease, and the drug works by lowering estrogen levels. Two large double-blind, placebo-control randomized trials, involving 1,200 women, tested whether it can help women control endometriosis pain. The results, published last year in the New England Journal of Medicine, were pretty remarkable. The patients in those trials scored their pain from 0 (no pain) to 3 (severe pain). On average, they had pain levels of 2.2 out of 3 before starting on the drug — and they experienced a 2-point reduction in pain after taking the treatment for three months. “It’s a major advance,” said Dr. Louis DePaolo, head of the fertility and infertility branch at the National Institute of Child Health and Human Development, “and another option women have that’s effective.” Now, the less good news: The drug won’t cure endometriosis — it’ll only tamp down the pain it causes. Researchers have also found it causes bone loss, and they have no idea about the long-term effects of taking the drug because there are no trials lasting for longer than a year. It’ll also cost women $850 per month if they don’t have insurance coverage. But for some, the risks and costs may be worth it. Here’s why. Endometriosis is incredibly common — but it can go undiagnosed for years The three main ways endometriosis manifests are through pelvic pain, infertility, and pelvic masses such as cysts, scar tissue, and fibroids. According to the American Congress of Obstetricians and Gynecologists, some important signs of endometriosis include: Pain before and during periods Pain during sex Infertility Fatigue Painful urination during periods Painful bowel movements during periods But many women don’t know they have endometriosis. It’s sometimes mistaken or dismissed for regular period pain. Definitively diagnosing the disorder requires invasive surgery; doctors need to peer inside the pelvis through a laparoscopy. (Imaging is rarely helpful in getting a clear diagnosis.) This involves making a small incision in the belly and inserting a tube with a tiny camera to see if the pelvic organs show signs of tissue scarring and buildup. So it’s no surprise it takes between three and 11 years after the onset of symptoms to diagnose endometriosis. Doctors aren’t sure why some women get it Adding to the mystery around endometriosis: no one knows exactly what causes endometriosis, but doctors have some theories. Retrograde menstrual flow: During a period, when a woman is shedding her uterine lining, some of that tissue can flow through her fallopian tubes and into her pelvis, which researchers think may cause endometriosis. But doctors have also found that the rate of retrograde menstruation is about the same in women with and without endometriosis, so they think additional factors spur the disorder in some. During a period, when a woman is shedding her uterine lining, some of that tissue can flow through her fallopian tubes and into her pelvis, which researchers think may cause endometriosis. But doctors have also found that the rate of retrograde menstruation is about the same in women with and without endometriosis, so they think additional factors spur the disorder in some. Genes: The disorder runs in families, so doctors believe there’s a genetic component. If a woman’s mom or sister had endometriosis, she’s believed to be at a higher risk. The disorder runs in families, so doctors believe there’s a genetic component. If a woman’s mom or sister had endometriosis, she’s believed to be at a higher risk. Immune system dysfunction: Problems with the immune system can hamper a woman’s ability to clear her menstrual debris, leading to endometriosis. Problems with the immune system can hamper a woman’s ability to clear her menstrual debris, leading to endometriosis. Environmental factors: There’s some evidence to suggest environmental exposures to certain chemicals may contribute to one’s risk of developing endometriosis. The treatments available don’t always help — and some have severe side effects When birth control pills or over-the-counter painkillers fail to help endometriosis pain, women are often left choosing between a monthly injection called Lupron Depot, that can put women into a profoundly menopausal state, or a Danazol, a male hormone that often causes acne and facial hair growth. The new drug elagolix is not risk free, either. In the trials, women who took the drug had greater decreases in bone loss than did those who received placebo, and this wasn’t entirely surprising. Like other endometriosis treatments, the drug works by lowering estrogen levels. When that happens, women experience menopausal side effects. The most common in the trials were hot flushes, headaches, and insomnia. (Elagolix is available in two doses — 150 mg per day, or 200 mg twice daily — and the women on the higher dose experienced the side effects more frequently.) But, DePaolo pointed out, “[Elagolix] doesn’t have the pronounced side effects some of the other compounds have.” That’s because, he said, it doesn’t drive down estrogen levels as severely. So women with endometriosis are still left choosing between terrible pain or menopausal symptoms, including bone loss. “The game changer would be something that really improves the pain permanently,” DePaolo said. “This doesn’t do that — but it is effective while it’s given.” For some women, though, that may be a game changer in and of itself."
fakehealth,story_reviews_01186,0,1,1,1,0.62461984,0.9344105,"The gene responsible for cystic fibrosis was discovered in 1989. Now, 22 years later, a drug that tries to compensate for the genetic defect might be nearing the market. Vertex Pharmaceuticals announced Wednesday morning that the drug, VX-770, improved lung function in people with cystic fibrosis in a late-stage clinical trial. The drug also reduced the frequency of disease exacerbations that required treatment with antibiotics. The caveat is that VX-770 is designed to counter one specific genetic mutation that accounts for about 4 percent of cases of cystic fibrosis. Vertex is working on another drug for the most common mutation, but that one is further behind in development. Still, the news is expected to be greeted favorably by doctors and patients and by Wall Street. “I’ve been doing clinical trials for 30 years in C.F. and these are amazing results,’’ Dr. Bonnie W. Ramsey, a lead investigator in the trial, said in an interview. Dr. Ramsey, a professor of pediatrics at the University of Washington, was briefed on the results by Vertex. The results were announced by a press release and have not been peer reviewed by experts. About 30,000 Americans and 70,000 people worldwide have cystic fibrosis, a disease caused by defects in a gene responsible for the transport of chloride ions across cell membranes. People with the disease tend to have very thick mucus in their lungs, which leads to infections and lung damage. Many do not live past age 40. Two inhaled antibiotics and one drug that loosens mucus are approved to treat cystic fibrosis, but nothing that directly improves chloride ion transport. In the trial, those who received VX-770 gained 10.6 percentage points more on a lung function test after 24 weeks than those getting a placebo, a difference that statistically was highly significant. Patients continued to take either drug or placebo for another 24 weeks and the improvement was sustained. Lung function, the primary endpoint of the trial, was measured by how much a person could exhale in one second, a standard test. Investors had been expecting around a 5 percentage point improvement. In a note to clients Tuesday evening, before the results were known, an analyst at ISI Group, Mark Schoenebaum, said that an improvement of 10 percent would be a “home run’’ that could lead to $600 million in annual sales for the drug. Dr. Ramsey, who has received research grants from Vertex, said that some patients could perceive a 10 percentage point change in lung function. She said other results of the trial were encouraging. These included fewer exacerbations of the disease in those who got the drug, fewer self-reported respiratory symptoms, and a gain in weight, which is good for people with cystic fibrosis, who often have digestive problems. The saltiness of their sweat — a measure used to diagnose the disease — was markedly reduced, suggesting that the drug was having an effect on chloride ion transport. The trial involved 161 people age 12 and older, all with at least one copy of the particular mutation, known as G551D. The main side effects, Vertex said, were headache, upper respiratory tract infections, nasal congestion, rash and dizziness. Vertex said it hoped to apply in the second half of the year for approval of VX-770 in the United States and Europe. The company is awaiting results of a second trial of the drug, this one in younger children. Vertex has not said how much it will charge for VX-770. But since there are only about 1,200 Americans who are candidates for the drug, the price is likely to be tens of thousands of dollars a year. Vertex, based in Cambridge, Mass., was founded in 1989, coincidentally the same year the cystic fibrosis gene was discovered. It has not yet had a big commercial success and had a $2.5 billion net loss in the last five years. The company is hoping that by late May it will win approval to sell a new type of drug for hepatitis C, which analysts expect will be a blockbuster. The long time needed to develop a drug for cystic fibrosis is a lesson for those expecting a quick payout from the sequencing of the human genome, which was completed a decade ago. It is not enough to know the gene behind a disease. It can take years of research to determine how a mutation actually causes a disease and then to design a drug that corrects the problem. Vertex received $75 million in financial support from the Cystic Fibrosis Foundation, one of the first nonprofit disease groups to give money to companies. “These results are highly encouraging,’’ Robert J. Beall, president of the foundation, said in a statement Wednesday. “They provide scientific evidence that support our long-standing belief that targeting the underlying defect of C.F. may have a profound effect on the disease.’’"
fakehealth,story_reviews_00046,1,0,0,0,0.32695705,0.0127976565,"Depression is among the leading causes of disability worldwide, with more than 300 million people suffering from this mental illness, according to the World Health Organization. Despite how common depression is, scientists still have a lot to learn about it. Among what is known is that depression is not a single disease but a variety of feelings and behaviors that may have different underlying causes. “Depressive disorders can present differently in different people. What is known now is that depression affects not just the brain but the whole organism,”said Natalie Rasgon, a professor of psychiatry and behavioral sciences at Stanford University. But a new study of which Rasgon is a senior author finds evidence of a possible biomarker for major depressive disorder, which could lead to better treatments for this sometimes crippling disease. The study by a group of researchers from around the U.S. and in Sweden finds that a specific, naturally-occurring chemical, called acetyl-L-carnitine, or LAC, is lower in the blood of people suffering from depression. The research was published this week in Proceedings of the National Academy of Sciences. “Previous animal studies convincingly showed the role of LAC in models of depression. This study is the first confirmation of the results from animal studies in human subjects with depression,” Rasgon told ABC News. STOCK PHOTO/Getty Images Levels of the chemical were lower among people with more severe depression Researchers measured LAC levels in the blood of 116 participants, and found that those with depression had significantly lower levels of the chemical than healthy individuals. Two groups of people at two different hospitals were examined, with the same results. LAC levels were especially low among people whose depression was more severe, who began suffering from the disease at an earlier age or who had a history of childhood trauma. Levels were lowest among females whose depression did not get better with medications or therapy, known as “treatment-resistant depression,” and who had suffered childhood trauma or neglect. The human body naturally produces LAC from a nutrient called carnitine, but researchers found that carnitine levels were the same in people with and without depression. This suggests that differing levels of LAC can be attributed to depression and not to diet. What do we know about this chemical? LAC performs a number of important tasks, including regulating how the brain and nervous system use energy. It also can interact with DNA to change how certain genes are expressed. In previous studies, LAC has been shown to effectively and rapidly improve symptoms of depression in mice. A review of multiple studies published in the Journal of Psychosomatic Medicine in 2017 showed that acetyl-L-carnitine may be better than a placebo in treating depression and may be as effective as common antidepressants but with fewer side effects. The review authors noted the studies were very small and larger trials are necessary to confirm any benefit. There is a LAC supplement that has been used for dementia, but a 2003 review from Cochrane found it is unlikely to be of benefit for this purpose. Some studies suggest a benefit for a type of nerve pain called neuropathy. But it is important to note this study did not test if LAC can be used for the treatment of depression. “We are at the very beginning of this discovery and can’t recommend people to buy this supplement at the GNC store,” warned Rasgon. STOCK PHOTO/Getty Images How further research might lead to possible treatments LAC has potential to be a biomarker, something measurable in the body that reflects the presence of a disease. As such, it could potentially be used to screen for and diagnose severe or treatment-resistant depression and allow for earlier and more aggressive treatment. Researchers hope future studies could shed light on whether physical activity, dietary habits, and sleep may affect LAC levels. This study also found that people on antidepressant drugs still had lower levels of LAC in their blood, suggesting that taking supplements of the chemical might be helpful or possibly even necessary to fully benefit from a medication. This research, together with prior studies, suggests that correcting a deficiency in LAC could be a step toward more targeted treatments of depression, especially for those who suffered childhood trauma or began having depression at an early age. STOCK PHOTO/Getty Images “We are excited with these results and are working on extending them to further understand the role of LAC in patients receiving treatment for depression,”Rasgon said. “It is one of the pieces of a very large puzzle that constitutes depressive disorders as an illness.” While this study has important implications in understanding depression, Rasgon cautioned that it requires larger studies to confirm the findings. “There are many questions to be answered – who will ultimately benefit from taking this supplement, what is the right dose, what is the appropriate duration of use.” The study was a collaboration between researchers at Stanford, Rockefeller University, Duke University, Weill Cornell Medical College, the Icahn School of Medicine at Mount Sinai, and the Karolinska Institute in Sweden. Michael MacIntyre is a psychiatry resident working with the ABC News Medical Unit."
fakehealth,story_reviews_01307,0,1,1,1,0.6380513,0.844841,"Nov. 22, 2010 -- Eat your veggies and you may live longer, a study suggests. The study shows that eating foods rich in antioxidants, like vegetables and fruits, fights disease and may prolong life. Researchers found that people with the highest levels of the antioxidant alpha-carotene in their blood had a 39% lower risk of death from any cause, including heart disease and cancer, than those who had the lowest levels of the antioxidant during the 14-year study. ""These findings support increasing fruit and vegetable consumption as a means of preventing premature death,"" write researcher Chaoyang Li, MD, PhD, of the CDC and colleagues in the Archives of Internal Medicine. Alpha-carotene is part of a group of antioxidants known as carotenoids, which also includes beta-carotene and lycopene. Vegetables particularly high in alpha-carotene include yellow-orange vegetables, such as carrots, sweet potatoes, pumpkin, and winter squash, and dark green vegetables, such as broccoli, green beans, green peas, spinach, turnip greens, collards, and lettuce. Although previous studies have suggested eating more fruits and vegetables is associated with a lower risk of disease, studies have not shown that taking beta-carotene supplements reduces the risk of dying from heart disease or cancer. Researchers wanted to see if other carotenoids may also play a role in reducing the risk of disease."
fakehealth,story_reviews_00689,0,1,1,1,0.56702137,0.99965584,"(Reuters) - Achillion Pharmaceuticals Inc’s experimental hepatitis C drug, when used with Gilead Sciences Inc’s Sovaldi, eradicated signs of the virus in six weeks, the shortest duration and highest response achieved by any two-drug treatment. Achillion’s shares rose as much as 19 percent to $12.85 on Monday on investor’s hopes that an all-Achillion combination could be as effective as Gilead’s and AbbVie Inc’s current therapies. The estimated $20 billion market for hepatitis C drugs has developed at a lightning pace in recent years, with several companies including Gilead, AbbVie and Merck & Co Inc working on faster, more potent ways to cure the liver-destroying virus, which affects more than 170 million globally. The new-generation hepatitis C regimens use a two- to three-drug combination – a nucleotide analog inhibitor or “nuke” and a NS5A inhibitor in Gilead’s case – to achieves a cure in about eight to 12 weeks, making them faster and more effective than older treatment options. Gilead’s regimen Harvoni, with its own NS5A inhibitor and Sovaldi as the “nuke”, needs to be taken for at least eight weeks. Launched in October, its sales touched $2.11 billion in the quarter ended Dec. 31. AbbVie’s three-drug cocktail Viekira Pak, which won U.S. approval in December, must be taken for at least 12 weeks. Achillion’s ongoing mid-stage study tests its NS5A inhibitor, ACH-3102, with Sovaldi in previously untreated genotype 1 hepatitis C patients over six and eight weeks of therapy. The main goal is to achieve a cure, or sustained virological response, 12 weeks after the completion of therapy. Monday’s data shows Achillion’s NS5A inhibitor, ACH-3102, looks best-in-class, which could make up for its nuke, ACH-3422, being perhaps less effective than Sovaldi, analysts said. The question then becomes whether ACH-3422 plus ACH-3102 - a weaker nuke and a stronger NS5A inhibitor - could be a good enough doublet as Harvoni, William Blair’s Katherine Xu said. Achillion, one of the few companies developing hepatitis C therapies independently, plans to begin a mid-stage study this year to evaluate its proprietary doublet. The all-Achillion regimen could hit the U.S. market by 2020 in a conservative scenario, Deutsche Bank’s Alethia Young estimated. She expects the treatment to cost about $35,000 per patient per year, assuming a 55 percent discount. Harvoni’s list price is $93,400 and Viekira Pak is estimated to cost $83,319."
fakehealth,news_reviews_00403,1,0,0,0,0.46305546,0.059955616,"Post-operative cognitive dysfunction (POCD), a condition mostly observed in older patients following surgery under general anesthesia, is characterized by impaired memory and concentration. The impairment may be temporary or permanent and incapacitating. The problem has become more frequent as the population ages and also as a growing number of older adults undergo surgical procedures made possible by more advanced medical technology. Data from the scientific literature suggest a rise in mortality from POCD in the first year after surgery under general anesthesia. The good news, according to a Brazilian study published by the journal PLoS One, is that two relatively simple measures can help to reduce the incidence of POCD: administering a small dose of the anti-inflammatory drug dexamethasone immediately before an operation and avoiding profound anesthesia during the operation. Opinions on the adequate depth of anesthesia and the risks of very profound anesthesia currently diverge. Excessively superficial anesthesia is known to incur a risk of patient recall of the procedure, which is undesirable. ""Our findings confirm recent evidence that the deeper the anesthesia-induced hypnosis, the higher the incidence of POCD. The literature points to a link with the systemic inflammatory response induced by surgical trauma, damaging the central nervous system. If so, the use of an anti-inflammatory drug may have a protective effect,"" said Maria José Carvalho Carmona, a professor of anesthesiology at the University of São Paulo's Medical School (FM-USP) and principal investigator for the study. The researchers evaluated 140 patients aged between 60 and 87 who underwent surgery under propofol-induced general anesthesia at the Central Institute of Hospital das Clínicas, FM-USP's teaching hospital, in most cases for removal of gallstones. Pre-operative assessment included a battery of tests to measure mental and cognitive status. Patients who failed to achieve a cutoff score were excluded. The remaining subjects were divided randomly into four groups. In the operating room, deep anesthesia typical of major surgical procedures was induced in the first and third groups, and more superficial anesthesia in the second and fourth. Only the third and fourth groups received dexamethasone. The depth of anesthesia was monitored using bispectral index (BIS) technology, which processes electroencephalogram signals to measure drug-induced unconsciousness. The researchers classified a BIS of 35-45 as deep anesthesia and a BIS of 46-55 as superficial anesthesia. In the fourth group (superficial anesthesia with dexamethasone), the incidence of POCD was 15.3% immediately after surgery, but after six months the pre-operative cognitive status was restored in all patients. ""The results reinforce recent evidence of the importance of avoiding deep anesthesia,"" Carmona said. ""With regard to the use of dexamethasone, more research is needed to confirm our finding, preferably in multicenter trials, but there are strong indications that it can be beneficial in many cases."" The earliest trials with patients who developed POCD were performed after the 1950s. Before that, older patients were rarely subjected to major surgery, and significant research in this field has only been conducted for approximately 15-20 years. ""The causes of and risk factors for POCD are still being discussed,"" she said. ""Little is said about rehabilitation or ways of helping patients recover pre-operative cognitive function."" One of the obstacles to reliable diagnosis and rehabilitation is a lack of practical and secure instruments for pre- and post-operative cognitive assessment. ""The tests available today are either too time consuming or quick but unreliable,"" Carmona said. ""This makes it hard to follow up on patients."" ###"
fakehealth,story_reviews_00550,0,1,1,1,0.5438894,0.62973475,"CHICAGO (Reuters) - Pathway Genomics, a company known for pushing the boundaries of direct-to-consumer genetic testing, on Thursday will launch a cancer screening test designed to detect bits of cancer DNA in the blood of otherwise healthy people. The test represents a first in the rapidly developing field of “liquid biopsies,” which use gene sequencing technology to screen blood samples for trace amounts of DNA associated with different cancers. Several cancer diagnostic companies have been working on the tests, a field that has recently been joined by makers of DNA blood screening tests for fetal abnormalities after the tests detected early cancers in expectant mothers. Cowen & Co estimates that use of DNA blood tests for cancer screening will exceed $10 billion a year by the end of the decade. But the move by Pathway, a privately owned maker of genetic tests ranging from cancer risk and heart health to drug response, underscores a growing debate over how much genetic information should be made available to healthy people if it is not yet clear how it can improve their health. The company has already run into trouble on a similar issue. In 2010, Walgreens pulled Pathway’s genetic testing kits from its pharmacies after U.S. health regulators warned patients might take action without understanding the results. Several oncology experts said liquid biopsy tests like Pathway’s, while exciting, still require large clinical studies proving they help people beat cancer through early detection. Doctors will also need a clear assessment of their accuracy. “For any given test, the rate of false positives causing unnecessary alarm and false negatives that provide false security should be known,” said Dr. Keith Stewart, an oncologist who heads Mayo Clinic’s Center for Individualized Medicine. Pathway’s screening test looks at 96 genetic markers associated with major cancer types such as breast, ovarian, lung, colon and melanoma. The company is focusing on mutations that are relatively well-understood, and for which there are specific treatments, said Chief Executive Jim Plante. The cost to consumers begins at $299 to periodically check for DNA in their blood that could act as an early warning sign of cancer. The tests must be ordered by a doctor, based on a patient’s risk profile. A positive test will require additional checks to find where the cancer is growing. Pathway also launched a blood test for patients already diagnosed with cancer to help determine whether a treatment is working, or whether the disease is likely to return. SCREENING VS MONITORING Scientists have long known that cancers shed bits of genetic material into the blood. Privately held Guardant Health and Personal Genome Diagnostics Inc already offer blood tests for cancer patients. Roche-backed Foundation Medicine Inc, Genomic Health Inc, Illumina Inc and Sequenom Inc say they have similar tests in the works. But cancer experts say there are major differences between using such tests to screen for cancer and monitoring patients who are already known to have it. For example, some early cancers may not secrete DNA fragments into the bloodstream and require other types of detection. A colonoscopy can find and remove polyps before they pose a threat as colon cancer. “If we are relying on a test that can only detect cancer after it has formed, we miss a huge opportunity to intervene,” said Dr. Scott Kopetz of the University of Texas MD Anderson Cancer Center. Patients might be attracted to a less-invasive test for colon cancer, but if it is less effective, it might result in more cases of colon cancer, not fewer. Another concern is that the tests may pick up on markers that are never destined to be cancer, something already known to occur in blood tests for prostate cancer, Kopetz said. Pathway says its test is more than 99 percent accurate in detecting mutations in blood samples that contain at least nine copies of a tested mutation. “We do expect to detect cancer DNA when the tumors are small - much sooner than stage three or four,” Plante said. Dr. Bert Vogelstein, a cancer geneticist at Johns Hopkins University in Baltimore, said Pathway’s figure represents the test’s technical ability to detect DNA in the blood. Doctors, however, need an indication of how many patients will get a false positive result, something that can only be determined in a very large clinical trial, said Vogelstein. He is advising two companies developing liquid biopsy tests for cancer screening: Sysmex and Personal Genome Diagnostics. Plante said the company has started two clinical trials involving patients but has yet to publish any results on how the tests perform in people."
fakehealth,story_reviews_00158,0,1,1,1,0.6110076,0.99842024,"En Español THURSDAY, Oct. 12, 2017 (HealthDay News) -- Breast cancer is the second leading cause of cancer death among women in the United States, and routine screenings remain the most reliable way to detect the disease early, a breast cancer expert says. ""Breast cancer can be treated more successfully if detected in its early phases, while it is small and has not yet spread,"" said Dr. Kathryn Evers, director of mammography at Fox Chase Cancer Center in Philadelphia. ""With today's state-of-the-art treatment options and less extensive surgery, patients are experiencing better outcomes."" Older age is a leading risk factor for breast cancer. Most women are diagnosed after the age of 50. Having certain mutations in the BRCA1 and BRCA2 genes also predispose women to the disease. And there are some lifestyle-related risk factors that can be controlled, such as hormone therapy after menopause, obesity, alcohol intake and physical inactivity, Evers said. ""Having one risk factor or even several doesn't mean a woman will definitely develop breast cancer,"" she said in a Fox Chase news release. ""Women need to become educated about the risk factors, especially those they can control, and then adjust their lifestyle accordingly."" Not all women with breast cancer experience the same warning signs of the disease. Symptoms of breast cancer may include: A lump in the breast or armpit. Swelling or thickening in part of the breast. Dimpling or irritation of the skin on the breast. Pain in the breast that doesn't go away. Redness or flaky skin on the breast or nipple. Unusual nipple discharge. A change in the size or shape of the breast. In some cases, women never develop any of these symptoms, Evers noted. ""All women should know how their breasts look and feel so they can recognize any changes in them. This is an important part of breast health,"" she said. ""But just being familiar with your breasts should never take the place of regular screenings and mammograms. These tests can help find breast cancer in its early stages, even before symptoms appear."" There are three tests often used to look for breast cancer, Evers said. Mammogram: An X-ray of the breast used to examine breast changes. Its effectiveness depends on the size of a breast tumor and the density of breast tissue. Three-dimensional (3D) mammography involves X-ray machines that take pictures of thin slices of the breast from different angles, to build a 3D image. An X-ray of the breast used to examine breast changes. Its effectiveness depends on the size of a breast tumor and the density of breast tissue. Three-dimensional (3D) mammography involves X-ray machines that take pictures of thin slices of the breast from different angles, to build a 3D image. Breast ultrasound: This test is often used along with mammography to screen high-risk women and those with dense breast tissue. This test is often used along with mammography to screen high-risk women and those with dense breast tissue. Breast MRI: This test may be used to screen high-risk women and more closely examine a suspicious area detected during a mammogram or an ultrasound. ""I advise women to speak with their physician to determine what is right for them,"" Evers said. More information The American Cancer Society has more about breast cancer."
fakehealth,news_reviews_00179,0,1,1,1,0.54652864,0.99423283,"WASHINGTON -- A large proportion of the world's estimated 9.3 million breast cancer survivors experience menopausal symptoms or clinical manifestations of estrogen deficiency. A comprehensive review published in the Endocrine Society's Journal of Clinical Endocrinology & Metabolism focuses on current and future approaches to management of menopausal symptoms after breast cancer. Menopause is a normal part of a woman's aging process but pre-menopausal women treated with chemotherapy can also develop premature menopause, and consequently, severe menopausal symptoms including sleep disorders, vulvovaginal atrophy (VVA), vasomotor symptoms (VMS), mood changes, depressive symptoms, cardiovascular disease, osteopenia, and osteoporosis. Hormone therapy may help relieve a woman's menopausal symptoms but is not recommended for women who have had breast cancer. ""Following breast cancer, women should generally not be treated with menopausal hormone therapy but should instead focus on lifestyle modifications such as smoking cessation, weight loss, and regular physical activity,"" said the study's first author, Richard J. Santen, M.D., of the University of Virginia Health System in Charlottesville, Va. ""Pharmacologic agents are also available to treat women with severe symptoms. The most important thing to remember is that therapy must be individualized based on each woman's needs and goals."" Santen and colleagues reviewed controlled clinical trials, observational studies, evidence-based guidelines, and expert opinion from professional societies to address the gap in treatment recommendations for management of menopausal symptoms after breast cancer. The review's recommendations include: Smoking cessation, weight loss (if indicated), limiting or avoiding alcohol, maintaining adequate levels of vitamin D and calcium, eating a healthy diet, and regular physical activity are suggested for all women with prior breast cancer Non-pharmacologic therapies for VMS such as cognitive behavioral therapy, hypnosis, and acupuncture may be helpful as are vaginal lubricants and moisturizers Several emerging approaches such as selective estrogen receptor modulators (SERMs), Tissue selective estrogen complex (TSECs), estetrol, and neurokinin B inhibitors show promise as useful agents to expand options for symptom relief with less breast cancer risk but have not yet been tested to confirm safety in women with prior breast cancer ### Other authors of the study include: Cynthia A. Stuenkel of the University of California, San Diego in La Jolla, Calif.; Susan R. Davis of the School of Public Health and Preventative Medicine, Monash University in Australia; JoAnn V. Pinkerton of the University of Virginia in Charlottesville, Va.; Ann Gompel of Paris Descartes University in France; and Mary Ann Lumsden of the University of Glasgow School of Medicine, Dentistry, and Nursing in Scotland. The study, ""Managing Menopausal Symptoms and Associated Clinical Issues in Breast Cancer Survivors"" is published online at https:/ / academic. oup. com/ jcem/ article/ 4058051/ Managing-menopausal-symptoms-and-associated , ahead of print. Endocrinologists are at the core of solving the most pressing health problems of our time, from diabetes and obesity to infertility, bone health, and hormone-related cancers. The Endocrine Society is the world's oldest and largest organization of scientists devoted to hormone research and physicians who care for people with hormone-related conditions."
fakehealth,news_reviews_00365,1,0,0,0,0.490993,0.4620605,"Newswise — DURHAM, N.C. -- Patients suffering from noninfectious uveitis, a group of diseases that causes eye inflammation, can get effective treatment from a corticosteroid alternative that has previously been approved for treatment of arthritis and Crohn’s disease, according to a study led by a Duke Health researcher. The Food & Drug Administration recently approved the additional use of adalimumab (sold as Humira) for patients with noninfectious uveitis. Corticosteroids have traditionally been the only FDA-approved treatment for these diseases, although some doctors had prescribed adalimumab off-label. The FDA’s approval is limited to treatment of the three types of noninfectious uveitis that pose the greatest threat of vision loss. Glenn Jaffe, M.D., a professor in the Department of Ophthalmology at Duke University School of Medicine, said adalimumab works to treat uveitis by targeting a protein that is thought to promote inflammation. Jaffe led one of two clinical studies that formed the basis of the FDA’s approval and was senior author of the study appearing Sept. 8 in the New England Journal of Medicine (NEJM). “Patients may have many unwanted side effects when taking steroids long-term, as many uveitis patients do,” Jaffe said. “The goal of these studies was to determine whether there was an alternative that could replace or minimize the use of steroids. The studies also looked at whether an alternative would be better tolerated or more effective, yet still safe.” The study consisted of 217 adults who had active, non-infectious intermediate or posterior uveitis, or panuveitis. Participants were randomly assigned to a group that received either adalimumab or a placebo at the start of the trial and every two weeks thereafter. All participants also initially received standard doses of the corticosteroid prednisone, and continued to receive it in diminishing doses over the course of 15 weeks. Jaffe and colleagues then analyzed patients’ time to treatment failure, or how soon they saw a recurrence or worsening of one or more of four signs of inflammation: new areas of inflammation in the back of the eye, reduced visual clarity, more inflammatory cells in the front of the eye, or more cloudiness of the gel that fills the eye. Jaffe said the study focused on time to treatment failure because delaying or preventing inflammation is the key to successful treatment. “It is the active inflammation, caused by the body’s immune system reacting against itself, that can potentially permanently decrease the patient’s vision and cause unwanted symptoms, such as eye pain and floaters in the field of vision,” he said. “The hope is that by delaying or eliminating recurrences, the symptoms will be minimized or eliminated.” The researchers found that median time to treatment failure was 24 weeks in the adalimumab group and 13 weeks in the placebo group. Patients in the adalimumab group were also significantly less likely to experience treatment failure during the duration of the study (80 weeks) and they were at lower risk of treatment failure due to each of the four signs. Jaffe said the study’s results are significant not only because they indicate adalimumab delays treatment failure, but also because the investigation considered several signs as causes for treatment failure. “Using these multiple, possible endpoints was something unique to this study,” Jaffe said. “Since each of these signs can be associated with different types of uveitis, the study’s results broaden the applicability of treatment for patients.” The study authors note, however, that patients in the adalimumab group reported serious adverse effects, such as respiratory tract infections and allergic reactions, more frequently than those in the placebo group. In addition to Jaffe, co-authors include Andrew D. Dick, Antoine P. Brézin, Quan Dong Nguyen, Jennifer E. Thorne, Philippe Kestelyn, Talin Barisani-Asenbauer, Pablo Franco, Arnd Heiligenhaus, David Scales, David S. Chu, Anne Camez, Nisha V. Kwatra, Alexandra P. Song, Martina Kron, Samir Tari, and Eric B. Suhler. AbbVie, the pharmaceutical company that manufactures and markets adalimumab as Humira, sponsored the study. Dr. Jaffe served as a consultant for AbbVie, and other study authors also report financial relationships with the company. Further author disclosures are available in the study’s manuscript."
fakehealth,story_reviews_00790,0,1,1,1,0.5377894,0.91186416,"Most doctors say meditation can't hurt you, but now there's reassuring evidence that it may help you as well when it comes to warding off disease. nicolas hansen / Getty Images Most doctors say meditation can’t hurt you, but now there’s reassuring evidence that it may help you as well when it comes to warding off disease. Previous studies have linked better health outcomes among heart patients who practiced meditation compared to those who did not, but none of those trials could definitively credit the brain-focusing program with the better health results. In the latest trial to address those limitations, however, meditation does appear to have an effect on reducing heart attack, stroke and even early death from heart disease, at least among African-Americans. MORE: Losing Focus? Studies Say Meditation May Help “The main finding [of our research] is that, added on top of usual medical care, intervention with a mind-body technique — transcendental meditation — can have a major effect on cardiovascular events,” says Robert Schneider, lead author on the study published in Circulation: Cardiovascular Quality and Outcomes and a professor at the Maharishi University of Management, an institution in Iowa that was founded by the creator of transcendental meditation. He and his colleagues followed 201 African American men and women, who are at higher risk of heart disease than whites, but who also had addition reason to worry about heart attacks and strokes since they were also diagnosed with coronary heart disease. The participants were randomly assigned to participate in either a health education class about heart-friendly diet and exercise, or to attend a transcendental meditation program. Transcendental meditation involves shutting out the outside world and focusing thoughts inward, or resting while remaining alert. All of the participants continued to receive their normal medical care as well, including appropriate medication. MORE: Medical Meditation: Say Om Before Surgery After roughly five years of follow-up, the researchers found a 48% reduction in the overall risk of heart attack, stroke, and death from any cause among members of the meditation group compared to those from the health education group. The meditating group enjoyed an average drop of 4.9 mm Hg in systolic blood pressure compared to the control group and also reported less stress and less anger. “It’s like discovering a whole new class of medications,” Schneider says of the power of meditation in improving the patients’ health. But while the magnitude of those results is remarkable, the study involved a relatively small number of participants, and did not reveal how meditation may be lowering heart disease risk. On the surface, it’s intuitively obvious that stress management can affect heart health for the better; anxiety and stress cause blood pressure to shoot up and leave us on edge, triggering spikes in heart-harming stress hormones like cortisol. But many experts are skeptical of the alleged benefits of techniques such as transcendental meditation that claim to reduce stress by a substantial amount. In the past, these benefits have been hard to test scientifically, largely because study participants who volunteered for meditation programs may have been biased to see them succeed. Practitioners have also made strong and essentially unsubstantiated claims about the powers of meditation, leading heart experts and scientists to be especially skeptical. In fact, in 2005, more than 500 brain researchers signed a petition (albeit an unsuccessful one) to protest a scheduled lecture on the neuroscience of meditation by the Buddhist spiritual icon, the Dalai Lama, at a major conference organized by the Society for Neuroscience. MORE: Mind Over Matter: Can Zen Meditation Help You Forget About Pain? The great lengths to which the researchers of the Circulation study went to make their trial scientifically rigorous, however, should reinforce the results in the eyes of some skeptics. The scientists adjusted for the effects of weight, smoking behavior, and diet, all of which can influence heart attack, stroke and early heart death rates. And while the participants in both groups exercised more and cut back on alcohol during the study, they did so at similar rates, making these changes unlikely to be responsible for the differences in health outcomes either. While the findings aren’t likely to resolve questions over whether meditation should become a standard part of heart disease care, the results should give more doctors confidence in discussing the practice with their patients and giving them some scientifically based information that’s an improvement over the advice that “it can’t hurt to try.” VIDEO: Practicing Meditation for Female Pleasure"
fakehealth,story_reviews_00696,1,0,0,0,0.42170578,0.003878455,"Leonard Guarente, one of the best-known antiaging researchers in the region, and the roster of eminent scientists have formed Elysium Health, which on Tuesday will debut its first product, a pill called Basis. They say it will enable the body to produce more of a natural compound that supports a healthy metabolism. A leading biologist at the Massachusetts Institute of Technology, with backing from five scientists who are Nobel prize recipients, is wading into the murky world of dietary supplements with a new antiaging pill that is said to restore muscle tissue, improve brain function, and increase energy levels by improving “metabolic health.” Advertisement Many products in the supplement business are launched with questionable science, but Elysium said studies in mice show a clear connection between increased levels of this compound, called NAD, and improved health in older mice. “There have been a lot of new findings in the past five years identifying some extremely promising compounds that promote wellness and health. [We want to] make them available for people to improve their health before they get sick,” said Guarente, an Elysium Health founder and its chief scientific officer. “We are filling a space by combining natural compounds with scientific validation.” The active ingredients in Basis are nicotinamide riboside, a substance that makes NAD and is found in traces in many foods such as milk, and pterostilbene, an antioxidant found in blueberries. Both substances are available individually as dietary supplements. At a recommended dose of two gel caps daily, a month’s supply of Basis will cost $60 ($50 with a membership) and will be available online only. The company’s chief executive is Eric Marcotulli, previously a partner at the Silicon Valley venture firm Sequoia Capital. Among the scientific heavyweights advising Elysium Health are Martin Karplus, emeritus professor of chemistry at Harvard and a 2013 Nobel Laureate; Tom Sudhof, a Stanford School of Medicine professor who received a Nobel in 2013; Eric Kandel, a biochemist and biophysicist at Columbia University and a 2000 Nobel Laureate; Aaron Ciechanover, distinguished research professor at Technion-Israel Institute of Technology and a 2004 Nobel recipient; and Jack Szostak, a professor of genetics at Harvard Medical School who received a Nobel in 2009. Advertisement Szostak said his role at Elysium Health is to scour scientific literature for new natural compounds that are shown to improve health and bring them to the company’s attention as potential ingredients in new products. “What interests me in this is that it is a different challenge, to apply what we are learning through basic research, not just to curing disease but to keeping people healthy,” said Szostak, who runs a research lab at Massachusetts General Hospital. “If you go to Whole Foods or CVS, you see miles of dietary supplements and vitamins. Most of them have no scientific basis, and you don’t know what you are getting.” Guarente was involved in several other efforts to develop antiaging medicines that did not pan out. He was a founder of Elixir Pharmaceuticals and then became involved with Sirtris Pharmaceuticals, which conducted research into the potential antiaging properties of a chemical found in red wine. With Elysium, Guarente and his colleagues are entering an industry with a mixed reputation. At $25 billion annually and growing, vitamins and supplements are hugely popular among consumers. But the business has often been criticized by mainstream medicine for making ambitious claims about quick cures and miraculous health improvements that are not subjected to rigorous scientific scrutiny. Advertisement If Elysium Health were developing Basis as a drug, it would have to conduct clinical trials with humans to prove that it works, and the Food and Drug Administration would have to sign off on its scientific evidence before it could be sold as medicine. But as a supplement, Basis and similar products only have to be shown to be safe for humans to take, with labels that are not misleading. With Basis, for example, there is no scientific evidence yet that the pill would produce the same beneficial effect in humans as in mice. Indeed, one scientist not involved with Elysium questions the company’s marketing pitch, saying there is too little information to know what Basis can do. “It is not quite clear to me what they want to target with this pill,” said Pere Puigserver, a biology professor at Harvard Medical School. “What does it mean, to improve metabolic health? And what exactly is being repaired in the body? And is the outcome the same for everyone?” Puigserver, who runs a cancer biology lab at Dana-Farber Cancer Institute, noted that addressing health and aging through metabolism involves a complex web of pathways and mechanisms. “We need more information on how this works precisely in people before we can advise them to take anything,” he said. Guarente pledged that Elysium Health would be unlike most other companies in the business: It is conducting studies of its pill in humans and will release the results. Advertisement “As soon as we have analyzed the data, we will publish them on our website,” he said. One of the venture capitalists backing Elysium Health acknowledged that skepticism is among the company’s greater challenges. “This space is traditionally driven by marketing language,” said Kal Vapuri, whose New York firm Trisiras Group is one of Elysium’s initial funders. “But we will be data-driven and will communicate the complexities of science in simple ways.” Stefanie Friedhoff can be reached at stefanie.friedhoff @globe.com. Follow her on twitter @Stefanie2000"
fakehealth,story_reviews_00688,1,0,0,0,0.46043596,0.34237784,"An ancient herbal remedy is getting fresh attention this cold and flu season. Some parents and even pediatricians believe elderberry extract or syrup can help kids stay healthy and lessen the symptoms when they do get sick. The Brennan family in Glen Rock, New Jersey, believes it works.. ""So we give the kids, and we take it ourselves, elderberry every morning right after breakfast,"" Kevin Brennan told CBS News. He whips up a homemade concoction using frozen elderberries, blueberries and honey. Some medical research suggests elderberry may reduce swelling in the mucous membranes to help relieve congestion. The Brennans' pediatrician, Dr. Lawrence Rosen, explains, ""Elderberry contains chemicals which are flavonoids which are anti-inflammatory agents."" Raw elderberry is poisonous. istockphoto One small study found an elderberry extract called Sambucol could shorten the duration of flu symptoms after a person gets sick by about 3 days. That would be similar to prescription antiviral medications like Tamiflu or Relenza, which have been proven effective in much larger studies and approved by the FDA to shorten the duration of the flu. ""There is not enough research about whether [elderberry] works in children and there is also isn't enough information about the proper dose in children,"" Dr. Anna Minta of Johns Hopkins Children's Center told CBS News. Before you start popping elderberries, beware: eating them raw can make you sick. The University of Maryland Medical Center says European elder, also called black elder, is the variety most often used for medicinal purposes. Raw or unripe elderberries, as well as other parts of the plant, contain a toxic compound related to cyanide. If the berries are not cooked thoroughly they can be poisonous. But Kevin Brennan says, for his family, the natural alternative seems to be working. ""The duration and the severity of how they get sick is much less and they get healthy quicker,"" he said."
fakehealth,story_reviews_00408,1,0,0,0,0.45055363,0.17325176,"Like many autistic children, Julian Brown has trouble reading emotions in people's faces, one of the biggest challenges for people with the neurological disorder. Now the 10-year-old San Jose boy is getting help from ""autism glass"" — an experimental device that records and analyzes faces in real time and alerts him to the emotions they're expressing. The facial recognition software was developed at Stanford University and runs on Google Glass, a computerized headset with a front-facing camera and a tiny display just above the right eye. Julian is one of about 100 autistic children participating in a Stanford study to see if ""autism glass"" therapy can improve their ability to interpret facial expressions. ""There's not a machine that can read your mind, but this helps with the emotions, you know, recognizing them,"" Julian said. Julian wears the device each day for three 20-minute sessions when he interacts with family members face-to-face — talking, playing games, eating meals. The program runs on a smartphone, which records the sessions. When the device's camera detects an emotion such as happiness or sadness, Julian sees the word ""happy"" or ""sad"" — or a corresponding ""emoji"" — flash on the glass display. The device also tests his ability to read facial expressions. ""The autism glass program is meant to teach children with autism how to understand what a face is telling them. And we believe that when that happens they will become more socially engaged,"" said Dennis Wall, who directs the Stanford School of Medicine's Wall Lab, which is running the study. Stanford student Catalin Voss and researcher Nick Haber developed the technology to track faces and detect emotions in a wide range of people and settings. ""We had the idea of basically creating a behavioral aide that would recognize the expressions and faces for you and then give you social cues according to those,"" said Voss, who was partly inspired by a cousin who has autism. Google provided about 35 Google Glass devices to Stanford, but otherwise hasn't been involved in the project. The Silicon Valley tech giant stopped producing the headset last year after it failed to gain traction, but the device found new life among medical researchers. Brain Power, a Cambridge, Mass.-based startup, is also developing Google Glass-based applications to help children with autism improve their face-reading abilities and social skills. Autism advocates are excited that researchers are developing technologies to help the estimated one in 68 American children diagnosed with autism spectrum disorder. ""Glass and wearable technology are the future. They're going to play a pivotal role in how we understand, manage and diagnose disorders like autism,"" said Robert Ring, chief science officer at Autism Speaks. Currently, many autistic children learn to read facial expressions by working with therapists who use flashcards with faces expressing different emotions. The Stanford team hopes autism glass can provide a convenient, affordable therapy that families can do at home. ""Kids with autism are not getting enough of the care that they need for as long as they need it, and we need to fix the problem,"" Wall said. If the study shows positive results, the technology could become commercially available within a couple years, Wall said. ""Anything that can help this population is very welcome and very important, but even the best technology will never be enough because we are dealing with a population with often very, very profound needs,"" said Jill Escher, president of Autism Society San Francisco Bay Area. The study is still in its early stages, but Wall said participating children have shown gains in their face-reading abilities and family feedback has been encouraging. ""It has helped our son who's using the Google Glasses connect with the family more,"" said Kristen Brown, Julian's mother. ""I think the glasses are a positive way to encourage a kid to look someone else in the face."" Julian also gives the device positive reviews: ""I really think it would help autistic people a lot."""
fakehealth,story_reviews_00787,1,0,0,0,0.45289245,0.065020934,"Nov. 18, 2012 -- Researchers say they've been able to use nanoparticles to stop multiple sclerosis (MS) in mice that are bred to have the disease. The particles are about 200 times smaller than the thickness of a human hair. They are made from the same material that's used to create dissolving stitches. When researchers attach specific proteins to the particles, they say they're able to teach the body not to attack its own tissues. If the approach succeeds in human studies, it may one day lead to more targeted treatments not only for multiple sclerosis but also for other kinds of autoimmune disorders, including type 1 diabetes and rheumatoid arthritis. “This technology could be very effective,” says Timothy Coetzee, PhD, chief research officer for the National Multiple Sclerosis Society. What remains to be seen is whether the researchers have picked the right proteins that might turn off the disease in humans, he says. “Will these peptides actually induce tolerance in people? We just don’t know. It’s rational, but we won’t know until we get it into people,” says Coetzee, who was not involved in the research. The research is published in the journal Nature Biotechnology. The study was funded by grants from the National Institutes of Health, the Myelin Repair Foundation, the Juvenile Diabetes Foundation, and the Australian government."
fakehealth,news_reviews_00077,1,0,0,0,0.49250537,0.43826178,"Sylentis, Pharmaceutical Company belonging to the PharmaMar Group, has presented results from the clinical studies carried out with tivanisiran for the treatment of dry eye syndrome and that has enabled the start-up of the Phase III ""Helix"" clinical trial. The presentation has taken place within the framework of the annual meeting of the Association for Research in Vision and Ophthalmology (ARVO) that has been held from the 29th of April to the 3rd of May in Honolulu, Hawaii. The purpose if this meeting is to share the latest breakthroughs in research in the area of ophthalmology, to contribute to the progress in basic science and also in cutting-edge clinical research. In this context, Sylentis has participated at this event presenting the pre-clinical and clinical results of various compounds that are being developed for the treatment of ocular disorders. Among these, the abstract ""Tivanisiran a new treatment for Dry Eye Disease, that improved signs and symptoms in clinical trials"" (Posterboard number: 925 - B0103) is highlighted, the compound improving the ocular inflammatory parameters, tear quality and a reduction in ocular pain associated with dry eye disease is also underlined1. The novel mechanism of action of tivanisiran, based on genetic silencing through RNA interference (RNAi), is targeted at the treatment of the signs and symptoms of this pathology, making it a firm candidate for the treatment of dry eye disease. According to Ana Isabel Jiménez, Director of R&D at Sylentis, ""we trust in our technology, innovative in this field, and we hope that tivanisiran will soon become a real alternative for the treatment of millions of people that suffer dry eye disease around the world."" In this respect, Jiménez points out that ""this is a significant step forward in the development of innovative drugs in different therapeutic areas through a novel technology of genetic silencing based on the RNA."" Sylentis is a pioneer in RNAi research, and is one of the few in Europe that applies this technology to the field of ophthalmology. It also continues with its research on new therapies for ophthalmological and inflammatory illnesses. It must be empathized that this pathology affects more than 5 million in Spain, between 10% and 20% of the population, mostly women, and almost 100% of these being elderly , . In this context, the phase III ""Helix"" study is being carried out in more than 30 hospitals in Spain, Germany, Estonia, Portugal, Slovakia and Italy, in 300 patients to evaluate the efficacy of this compound in the treatment of the sign and symptoms of dry eye syndrome. ### About RNA interference: https:/ / www. youtube. com/ watch?v= iXvSitR5184 About tivanisiran (SYL1001) Tivanisiran is a drug based on RNAi that is administered as preservative-free eye drops; it selectively inhibits production of the transient receptor potential cation channel (TRPV1). These receptors are ion channels that mediate the transmission of ocular pain. Tivanisiran is a small synthetic double-stranded RNA oligonucleotide (siRNA) with a novel and highly selective mechanism of action. Non-clinical studies conducted by Sylentis with SYL1001 have demonstrated it has high ability to inhibit this specific target and block the perception of ocular pain in animals3. Tivanisiran is a product under development for the treatment of signs and symptoms related to dry eye syndrome and has the potential to be developed for other pathologies that cause ocular pain (corneal lesions, refractive surgery, etc.) , , . About RNA interference (RNAi) RNA interference (RNAi) is a natural cellular process that regulates the expression of certain genes, providing a role in innate defense and development in animals and plants. This process is used to specifically silence genetic transcripts that encode protein-causing diseases. The therapeutic application of targeted siRNAs is booming given the specificity of gene silencing for a particular protein in a given tissue and the lack of side effects. This new approach to drug discovery is a promising technology that is rapidly moving in the translational research space , . About dry eye syndrome Dry eye syndrome is a multifactorial disease of the tear film and ocular surface that produces symptoms of ocular discomfort, eyesight disorders, and tear film instability with potential damage to the ocular surface. Dry eye syndrome is accompanied by such symptoms as ocular pain, itching, stinging, and irritation of the eye tissues. It is a characteristic disease of developed countries, associated with pollution, air conditioning, the use of contact lenses, refractive surgery and continued use of computers. Moreover, the amount and quality of tears decrease with age. Prevalence is between 10% and 20% among people aged 50 or over, and it is more frequent in womeni,ii. Dry eye can be treated with cyclosporin drops or autologous serum, but there is as yet no specific product for chronic treatment of the ocular pain related to dry eye syndrome; oral analgesics or anaesthetics are used in general. However, the main treatment consists of artificial tears, in the form of drops, gel or creams. Preservative-free eye drops have generally been found to offer the best long-term response. About Sylentis"
fakehealth,story_reviews_00257,0,1,1,1,0.81520754,0.97911626,"(CNN) An aspirin a day may keep the doctor away. It may also reduce your chances of dying from cancer, according to a study on long-term regular aspirin use and different kinds of cancer. Yin Cao, an instructor in the Medicine, Clinical and Translational Epidemiology Unit at Massachusetts General Hospital and Harvard Medical School, presented the information Monday at the American Association for Cancer Research meeting in Washington. Cao looked at data from over 86,000 women who were part of the Nurses' Health Study between 1980 and 2012 and over 43,000 men who were part of the Health Professionals Follow-Up Study from 1986 to 2012. Over that 32-year period, over 8,200 women and nearly 4,600 men died of cancer. The risk of death overall was 7% lower for women and 11% for men who took aspirin regularly, compared with those who did not. The risk of dying from cancer was 7% lower for women and 15% lower for men who took aspirin regularly, compared with those who didn't take a regular dose. The strongest connection was with colorectal cancer: There was a 31% lower risk for women and 30% for men who were among regular aspirin takers, as other studies have showed. But it also lowered women's risk of dying from breast cancer by 11% and men's risk of dying from prostate cancer by 23%. Men's risk of dying from lung cancer was also lower. ""Evidence has been accumulating very rapidly showing aspirin works in reducing cancer and cardiovascular disease mortality,"" Cao said. ""It is good to remember, though, if a person wants to take a low-dose aspirin, especially if a person has had cancer, they will want to have an initial conversation with their doctor first."" Not everyone can take aspirin, particularly if you are at high risk for ulcers and gastrointestinal bleeding. Studies have showed an increased risk of both when taking a daily aspirin, but the benefit does outweigh the risk for most other people. Rulla Tamimi , the epidemiology chair for the American Association for Cancer Research annual meeting, thought the presentation was a beneficial one, particularly since scientists are trying to better understand drugs we may all have in our medicine cabinets. ""There has been a great deal of interest in understanding the possible benefits associated with common drugs,"" Tamimi said in an emailed statement. ""This study found strong evidence that aspirin use may reduce cancer death. The study was well conducted and was able to control for a number of important confounders. Therefore the findings are believed to be very robust, and suggest that aspirin, which is widely available, cheap and has limited toxicity, has the potential to have widespread benefit on cancer mortality for breast, colon, lung and prostate cancer."" Studies have also found that aspirin can help patients who have had (or are at high risk for) a heart attack or stroke, and of course it is a good drug to relieve pain. Even the ancient Egyptians used the natural form of it for pain relief centuries ago. In April 2016, the US Preventive Service Task Force said in a final recommendation statement that taking a regular low-dose aspirin a day may prevent colon cancer and cardiovascular disease for adults between 50 and 69 who have a 10% or greater risk of cardiovascular disease or colorectal cancer. Join the conversation See the latest news and share your comments with CNN Health on Facebook and Twitter. Cao hopes her study will continue to broaden the body of research to include cancer-related deaths overall. Next, her group hopes to study what specific groups may most benefit from this practice, particularly based on those individuals with varying cancer risk."
fakehealth,news_reviews_00010,1,0,0,0,0.26691803,0.007399069,"Newswise — Boston, Mass – Physicians at Massachusetts Eye and Ear have, for the first time, induced a sense of smell in humans by using electrodes in the nose to stimulate nerves in the olfactory bulb, a structure in the brain where smell information from the nose is processed and sent to deeper regions of brain. Reporting online today in International Forum of Allergy & Rhinology, the research team describes their results, which provide a proof of concept for efforts to develop implant technology to return the sense of smell to those who have lost it. “Our work shows that smell restoration technology is an idea worth studying further,” said corresponding author Eric Holbrook, MD, Chief of Rhinology at Mass. Eye and Ear and associate professor of otolaryngology at Harvard Medical School. “The development of cochlear implants, for example, didn’t really accelerate until someone placed an electrode in the cochlea of a patient and found that the patient heard a frequency of some type.” Smell loss, or anosmia, has an estimated prevalence of 5 percent of the general population. While some cases of anosmia may be treated by caring for an underlying cause (often nasal obstruction, in which odors can’t reach the nerves of the olfactory system due to swelling, polyps or sinus disease), other cases involving damage to the sensory nerves of the nose (i.e. head injury, viruses and aging) are much more complex. There are currently no proven therapies for these cases. Our sense of smell not only contributes to our enjoyment of life, but also to our daily safety and well being. We rely on our sense of smell to make us aware of smoke in detecting a fire, natural gas leaks and to avoid eating rotten food. In the elderly, of whom there are estimates that greater than 50 percent of the population over the age of 65 has experienced smell loss, it can be difficult to get proper nutrition, as the sensation of flavor is closely tied to the sense of smell, and as flavor diminishes, appetite decreases in this population. A Cochlear Implant for the Nose Motivated by work conducted by research colleagues at Virginia Commonwealth University’s School of Medicine, Mass. Eye and Ear physicians wanted to address the question of whether electrical stimulation of the olfactory bulb could induce the sense of smell in human subjects. The findings described in the International Forum of Allergy & Rhinology report demonstrate this feasibility. In the report, the researchers describe endoscopic procedures to position electrodes in the sinus cavities of five patients with an intact ability to smell. Three patients described sensations of smell (including reports of onions, antiseptic, sour and fruity aromas) as a result of the stimulation. This breakthrough in human patients opens the door for a “cochlear implant for the nose” to be developed — though the study authors caution that the concept of an olfactory stimulator is more challenging than existing technologies. The most successful neuroprosthesic device in the world, cochlear implants have been on the market for more than three decades to electrically stimulate the auditory nerve to restore hearing in people with profound hearing loss. “There’s currently so little that we can do for these patients, and we hope to eventually be able to reestablish smell in people who don’t have a sense of smell,” Dr. Holbrook said. “Now we know that electrical impulses to the olfactory bulb can provide a sense of smell — and that’s encouraging.” In addition to Dr. Holbrook, authors on the International Forum of Allergy & Rhinology study include co-first author Sidharth V. Puram, MD, PhD, of Washington University School of Medicine, Reiner B. See, MD, and Aaron G. Tripp, of Massachusetts General Hospital, and Dinesh G. Nair, MD, of Brigham and Women’s Hospital. About Massachusetts Eye and Ear Massachusetts Eye and Ear, founded in 1824, is an international center for treatment and research and a teaching hospital of Harvard Medical School. A member of Partners HealthCare, Mass. Eye and Ear specializes in ophthalmology (eye care) and otolaryngology–head and neck surgery (ear, nose and throat care). Mass. Eye and Ear clinicians provide care ranging from the routine to the very complex. Also home to the world’s largest community of hearing and vision researchers, Mass. Eye and Ear has pioneered new treatments for blindness, deafness and diseases of the head and neck. Our scientists are driven by a mission to discover the basic biology underlying these conditions and to develop new treatments and cures. In the 2018-2019 ""Best Hospitals Survey,"" U.S. News & World Report ranked Mass. Eye and Ear #4 in the nation for eye care and #6 for ear, nose and throat care. For more information about life-changing care and research at Mass. Eye and Ear, please visit our blog, Focus, and follow us on Twitter and Facebook. SEE ORIGINAL STUDY"
fakehealth,news_reviews_00369,1,0,0,0,0.30562028,0.48027727,"For centuries pathologists have relied on the microscopic examination of tumors to distinguish between atypical moles and melanoma. By analyzing the level of proteins within mole cells, mass spectrometry can aid in the diagnosis of atypical moles. In this study, mass spectrometry correlated better than the gold standard of histologic examination to determine if an atypical mole was in fact benign or a melanoma. Early diagnosis of melanoma is critical to cure and long term survival. ​​​​California Skin Institute — A recently developed test for assessing suspicious moles for melanoma is more accurate than standard analyses, according to Dr. Rossitza Lazova, a former Yale investigator. The test, which analyzes proteins in cells, could provide more reliable results for clinicians with patients who might be at risk for this deadly cancer. The study was published on August 5th in the Journal of the American Academy of Dermatology. Melanoma is one of the most common forms of cancer and the most serious type of skin cancer. The gold standard for diagnosing melanoma is skin biopsy followed by microscopic examination of sampled tissue. However, in up to 1 in 4 cases, the results are inconclusive. For the study, a former associate professor of Dermatology and Pathology at Yale University, Rossitza Lazova, M.D., collaborated with a national and international team of researchers to determine whether atypical moles could be more accurately diagnosed as either benign or cancerous (melanoma) using imaging mass spectrometry (IMS) — a technology that enables pathologists to focus in on individual proteins within sampled skin cells. In a prior study, the researchers used IMS to identify a molecular signature comprised of five proteins to differentiate between one type of benign mole and melanoma. The research team retrospectively analyzed more than 100 cases of atypical moles. They compared results from IMS diagnosis to results based on standard microscopic examination of biopsies and correlated them with clinical outcomes. The researchers found that in nearly all cases, the IMS analysis was a more accurate predictor, both of benign lesions and melanomas, than standard microscopic examination. “Instead of pathologists being dependent solely upon the physical appearance of the cells, they now have the additional advantage of molecular information regarding the protein makeup [of cells] provided by mass spec imaging,” said Dr. Lazova, who is corresponding author on the study. “This test integrates anatomic pathology and analytical chemistry in a very useful and meaningful way.” The finding suggests that IMS analysis, based on proteomic signatures, may improve both diagnosis and prediction of outcomes for patients with ambiguous moles, the researchers said. Other authors include Erin H. Seeley, Heinz Kutzner, Richard A. Scolyer, Glynis Scott, Lorenzo Cerroni, Isabella Fried, Milena E. Kozovska, Arlene S. Rosenberg, Victor G. Prieto, Bahig M. Shehata, Megan M. Durham, Gina Henry, Jose L. Rodriguez-Peralto, Erica Riveiro-Falkenbach, Jochen T. Schaefer, Richard Danialan, Sylvie Fraitag, Sonja Vollenweider-Roten, Alireza Sepehr, Martin Sangueza, Nouf Hijazi, Yamile Corredoira, Rachel Kowal, Olga M. Harris, Francisco Bravo, Alan S. Boyd, Ralitza Gueorguieva, and Richard M. Caprioli. The study was supported in part by a grant from the National Institutes of Health. Dr. Lazova is currently the Director of Dermatopathology at California Skin Institute in San Jose, California. Source: California Skin Institute, San Jose, California, United States"
fakehealth,story_reviews_01354,0,1,1,1,0.71433365,0.99585044,"Oct. 18, 2010 -- Vitamin B12 may help protect the brain against Alzheimer's disease, according to new evidence that suggests the vitamin and an amino acid called homocysteine may both be involved in the development of Alzheimer’s. High levels of vitamin B12 in the blood are already known to help reduce levels of homocysteine, which has been linked to an increased risk of Alzheimer's disease, memory loss, and stroke. But researchers say the relationship between homocysteine and vitamin B12 levels and Alzheimer's disease risk has been unclear. The seven-year study followed 271 Finnish people ages 65 to 79 who did not have any symptoms of Alzheimer's disease at the start of the study. During the study, published in Neurology, 17 people developed Alzheimer’s disease. Researchers found that each picomolar increase in blood vitamin B12 level was associated with a 2% reduction in the risk of Alzheimer's disease among the elderly. In addition, each micromolar increase in blood homocysteine level raised the risk of Alzheimer's disease by 16%. Blood levels of folate, another nutrient believed to lower homocysteine levels, were not linked to Alzheimer's disease risk. “Our findings show the need for further research on the role of vitamin B12 as a marker for identifying people who are at increased risk of Alzheimer’s disease,” says researcher Babak Hooshmand, MD, MSc, with Karolinska Institutet in Stockholm, Sweden, in a news release. “Low levels of vitamin B12 are surprisingly common in the elderly."" ""The few studies that have investigated the usefulness of vitamin B12 supplements to reduce the risk of memory loss have had mixed results,” says Hooshmand. Common dietary sources of vitamin B12 include fish, poultry, and meat products."
fakehealth,story_reviews_00219,1,0,0,0,0.42331985,0.003856919,"George Burke has a talent for tossing back his daily cocktail — which contains vitamins, minerals, muscle-building compounds, some little-known research drugs and a microdose of LSD — in almost a single gulp. It’s a weird but handy trick for someone who swallows 25 pills a day, most of them purchases off the Internet. Burke credits the regimen with giving him the cognitive edge he needs to thrive in California’s Silicon Valley, where he’s the co-founder of a food service that caters to athletes and fitness devotees. He used to get his edge from Adderall, but after moving from New Jersey to San Francisco, he says, he couldn’t find a doctor who would write him a prescription. Driven to the Internet, he discovered a world of cognition-enhancing drugs known as nootropics — some prescription, some over-the-counter, others available on a worldwide gray market of private sellers — said to improve memory, attention, creativity and motivation. “It’s not like every tech worker in Silicon Valley is taking nootropics to get ahead,” Burke acknowledges. “It’s the few who are getting ahead who are using supplements to do that.” The word “nootropic” was coined in 1972 by a Romanian scientist, Corneliu Giurgea, who combined the Greek words for “mind” and “bending.” Caffeine and nicotine can be considered mild nootropics, while prescription Ritalin, Adderall and Provigil (modafinil, a drug for treating narcolepsy) lie at the far end of the spectrum when prescribed off-label as cognitive enhancers. Even microdosing of LSD is increasingly viewed as a means to greater productivity. But when aficionados talk about nootropics, they usually refer to substances that have supposedly few side effects and low toxicity. Most often they mean piracetam, which Giurgea first synthesized in 1964 and which is approved for therapeutic use in dozens of countries for use in adults and the elderly. Not so in the United States, however, where officially it can be sold only for research purposes. Piracetam is well studied and is credited by its users with boosting their memory, sharpening their focus, heightening their immune system, even bettering their personalities. But it’s only one of many formulations in the racetam drug family. Newer ones include aniracetam, phenylpiracetam and oxiracetam. All are available online, where their efficacy and safety are debated and reviewed on message boards and in podcasts. Using ‘stacks’ A number of companies now market nootropic “stacks,” or formulas, some of which include piracetam, herbal remedies, amino acids and citicoline, a naturally occurring brain chemical that can be taken orally as a supplement, intravenously or as a shot. Because they are sold as nutritional supplements and natural products that refrain from making health claims, they avoid close government scrutiny. When Burke began ordering piracetam online five years ago, it arrived in baggies filled with white powder. “It was as if I was buying coke off the street,” he recalls. These days, he buys his stack from Nootroo, a San Francisco company. But self-experimenters such as Burke often don’t restrict themselves to medication alone. Dedicated brain hackers, as they call themselves, are willing to exploit their own biology to try to sharpen their mind. Their methods include meditation, cold-water plunges, periodic fasting and high-fat, low-carbohydrate ketogenic diets. “Who doesn’t want to maximize their cognitive ability? Who doesn’t want to maximize their muscle mass?” asks Murali Doraiswamy, who has led several trials of cognitive enhancers at Duke University Health System and has been an adviser to pharmaceutical and supplement manufacturers as well as the Food and Drug Administration. He attributes the demand to an increasingly knowledge-based society that values mental quickness and agility above all else. But while some studies have found short-term benefits, Doraiswamy says there is no evidence that what are commonly known as smart drugs — of any type — improve thinking or productivity over the long run. “There’s a sizable demand, but the hype around efficacy far exceeds available evidence,” notes Doraiswamy, adding that, for healthy young people such as Silicon Valley go-getters, “it’s a zero-sum game. That’s because when you up one circuit in the brain, you’re probably impairing another system.” Short-term benefits? Early studies attributed a lot of short-term benefits to nootropics — so much so that in 1983, Russian scientists turned to phenylpiracetam to boost the physical and mental performance of cosmonauts during space flight. A 1999 study found that piracetam had beneficial effects on the hippocampal membranes of patients with Alzheimer’s disease. The hippocampus, an area of the brain that plays a key role in the formation of new memories, typically shows severe shrinkage with Alzheimer’s. The idea that piracetam might reverse that effect was exciting. Although piracetam has a history of “relatively few side effects,” it has fallen far short of its initial promise for treating any of the illnesses associated with cognitive decline, according to Lon Schneider, a professor of psychiatry and behavioral sciences at the Keck School of Medicine at the University of Southern California. “We don’t use it at all and never have.” As for newer nootropic drugs, there are unknown risks. “Piracetam has been studied for decades,” says cognitive neuroscientist Andrew Hill, the founder of a neurofeedback company in Los Angeles called Peak Brain Institute. But “some of [the newer] compounds are things that some random editor found in a scientific article, copied the formula down and sent it to China and had a bulk powder developed three months later that they’re selling. Please don’t take it, people!” For Burke and other brain hackers, the evidence for nootropics is strong enough. Burke, who begins each morning with a Bulletproof coffee — a rich brew of caffeine with dollops of butter and coconut oil — has created a San Francisco meetup group called Peak Performance “to teach all my friends in the tech space about life hacks so they can kick a--better every day.” Last spring, 100 people showed up at a Peak Performance event where psychedelic psychologist James Fadiman said the key to unleashing the cognition-enhancing effects of LSD — which he listed as less anxiety, better focus, improved sleep, greater creativity — was all in the dosage. He recommended a tenth of a “party dose” — enough to give you “the glow” and enhance your cognitive powers without “the trip.” Burke says he definitely got the glow. “The first time I took it, I was working on a business plan. I had to juggle multiple contingencies in my head, and for some reason a tree with branches jumped into my head. I was able to place each contingency on a branch, retract and go back to the trunk, and in this visual way I was able to juggle more information.” The effects of fasting Not all brain hacking involves taking a pill, though. Nootrobox, a San Francisco company that markets a nootropic mix of vitamins, minerals and amino acids, promotes fasting as a way to energize brain and body. “We stumbled upon fasting as a way to optimize cognition and make yourself into a more efficient human being,” says Manuel Lam, an internal medicine physician who advises Nootrobox on clinical issues. He and members of the company’s executive team have implanted glucose monitors in their arms — not because they fear diabetes but because they wish to track the real-time effect of the foods they eat. “Fasting forces your body to deplete its glucose storage and trains it to look inside for fuel,” Lam enthuses. “It’s like being strapped to a solar panel. The sun is always shining on you.” Nootrobox employees are encouraged to fast every Tuesday, then meet for breakfast on Wednesday at a local diner. Founded by two Stanford University computer graduates, the company has initiated an international fasting group on Facebook; at last count, there were 3,500 members. Research on animals has shown that intermittent fasting — limiting caloric intake at least two days a week — can help improve neural connections in the hippocampus and protect against the accumulation of plaque, a protein prevalent in the brains of people with Alzheimer’s disease. Research has also shown that intermittent fasting helped reduce anxiety in mice. Mark Mattson, chief of the Laboratory of Neurosciences at the National Institute on Aging, has overseen a lot of the animal studies on fasting and is impressed with the evidence — so much so that he has personally adopted a regimen of intermittent fasting. “There’s pretty conclusive evidence from animal studies that intermittent fasting is beneficial for brain function and resistance to aging from neurogenerative diseases,” he says. Fasting has been deployed since the ancient Greeks to fast-track learning. As Plato is said to have stated, “I fast for greater physical and mental efficiency.” The philosopher Pythagoras reportedly demanded that his students fast 40 days before attending his lectures. Far easier to take a pill. Looking for an edge Vinh Ngo, a San Francisco family practice doctor who specializes in hormone therapy, has become familiar with piracetam and other nootropics through a changing patient base. His office is located in the heart of the city’s tech boom and he is increasingly sought out by young, male tech workers who tell him they are interested in cognitive enhancement. Ngo has experimented with piracetam himself (“The first time I tried it, I thought, ‘Wow, this is pretty strong for a supplement.’ I had a little bit of reflux, heartburn, but in general it was a cognitive enhancer. . . . I found it helpful”) and the neurotransmitter DMEA (“You have an idea, it helps you finish the thought. It’s for when people have difficulty finishing that last connection in the brain”). But he has also seen patients whose propensity for self-experimentation to improve cognition got out of hand. One chief executive he treated, Ngo said, developed an unhealthy predilection for albuterol, because he felt the asthma inhaler medicine kept him alert and productive long after others had quit working. Unfortunately, the drug ended up severely imbalancing his electrolytes, which can lead to dehydration, headaches, vision and cardiac problems, muscle contractions and, in extreme cases, seizures. “There is that culture here [in Silicon Valley] that relies on being smarter than your own self,” Ngo says. “People want to find an edge over their competitor — that’s how they got their position in the first place. I’m trying to give them a little more wiggle room — but in a safe way.” He says he screens his patients for addiction and cardiovascular problems and creates individual treatment plans based on their health histories and blood tests. There’s no one-size-fits-all approach. “I don’t have a rubber stamp for everyone, and not everyone is a candidate” for cognitive enhancement, says Ngo, who requires that his patients sign waivers acknowledging possible health risks in taking nootropics. If, for example, someone decides to go on medication — be it Adderall, albuterol or piracetam — the patient must understand that there is a risk for high blood pressure and heart problems. “I want to empower them,” Ngo says, but “there’s a fine line between empowering them to make their own health decisions and staying healthy.” Read more Brainhacking: The frontier in mental illness treatment Smart drugs are here. Should college students be allowed to use them? A reality check on nootropics and other efforts to keep aging at bay"
fakehealth,news_reviews_00598,1,0,0,0,0.488922,0.07406472,"January 6, 2015 / It is normal for cognitive function to slightly deteriorate with age. Memory capacity begins to worsen, along with processing speed and the ability to form long-term memories. Finding a way to defer the onset of these issues becomes increasingly important as life expectancy gets longer and global populations age. This study, conducted by researchers from Italy's University of L'Aquila and Mars, Incorporated, reinforces the results of several recent cognitive studies--throwing more light on the important role diet plays in maintaining cognitive health. Dr. Giovambattista Desideri, lead author on the paper, said, ""The results of this study are encouraging--they support the idea that diet, and specifically a diet rich in cocoa flavanols, can play an important role in maintaining cognitive health as we age."" This study was the second installment in a two-part investigation by this team into the effects cocoa flavanols have on the brain. The first study, published in the journal Hypertension in 2012, found cognitive and cardiometabolic benefits of habitual cocoa flavanol consumption in older adults who had been diagnosed with mild cognitive impairment (MCI). Despite these findings, the question of the benefits of cocoa flavanols on cognitive function among individuals without MCI remained uncertain. This second study just published in the AJCN looked to address this question. Enrolling men and women aged 61-85 years with no evidence of cognitive dysfunction, the participants in this controlled, randomized, double-blind study were assigned to one of three flavanol groups, consuming a drink containing either high (993 mg), intermediate (520 mg) or low (48 mg) amounts of cocoa flavanols every day for eight weeks. The nutritionally matched drinks were specially prepared. The high- and intermediate-flavanol cocoa drinks were produced using Mars' patented Cocoapro® process, while the low-flavanol drink was made with a highly processed, alkalized cocoa powder. Other than the inclusion of the test drink, normal diets and regular lifestyle were maintained throughout the study. At the start of the study and again after eight weeks, cognitive function was assessed using a battery of tests that examined memory, retention, recall, as well as executive function. Among those individuals who regularly consumed either the high- or intermediate-flavanol drinks, there were significant improvements in overall cognitive function after only eight weeks. As cognitive function was normal for this aged population, this study shows that even cognitively healthy individuals can quickly benefit from the regular inclusion of cocoa flavanols in their diets. In addition to evaluating cognitive function, the researchers also monitored insulin resistance, blood pressure and other metabolic markers. Excitingly, there was also evidence of improvements in these cardiometabolic outcomes. In the high- and intermediate-flavanol groups, both systolic and diastolic blood pressures were reduced and insulin resistance was significantly improved. In contrast, only a modest improvement in diastolic blood pressure was observed in the low-flavanol group, with no significant improvements in either systolic blood pressure or insulin resistance among the consumers of the low-flavanol drink. It is not yet fully understood how cocoa flavanols bring about improvements in cognitive function, but the study's authors suggest that the improvements in insulin resistance and blood pressure could be revealing. ""Earlier studies suggest a central role for insulin resistance in brain aging,"" said Desideri. ""These results could therefore provide some insight into a possible mechanism of action for the cognitive improvements we have observed."" Over the past decade, there has been significant evidence indicating that consuming cocoa flavanols improves vascular function. Dr. Catherine Kwik-Uribe, human health and nutrition director at Mars, Incorporated, and co-author on this latest study, said, ""Since the brain is a heavily vascularized tissue, we might also be looking at vascular improvements as underlying the observed improvements in cognitive function."" Dr. Kwik-Uribe went on to speak about Mars' flavanol research program that has spanned over two decades: ""The amount of research showing the beneficial effects of cocoa flavanol consumption is growing and Mars is proud to be a partner in important research like this that highlights the positive role cocoa flavanols may play in supporting healthy aging."" Dr. Desideri and his team are already thinking about the next steps: ""It is clear from our latest research and other recent studies that cocoa flavanols have profound effects on the body, and specifically the brain,"" said Desideri. ""Now we'd like to know how they work and how long the effects last. If these further studies confirm the findings that brain health can be improved by consuming dietary flavanols, it may have the potential to affect the daily lives of millions of people world-wide."" Note to Editors: This research trial was carried out with a special cocoa flavanol test product, designed to deliver a standardized amount of flavanols within a nutritionally suitable drink. This test product is currently not commercially available. Flavanol content of commercially available chocolate is variable and, given its macronutrient profile, it is not recommended as a health food. About Cocoa Flavanols Flavanols are a distinct group of naturally occurring compounds that can be found in a variety of foods such as tea and red wine. Cocoa flavanols refers to the group of bioactives found naturally in fresh cocoa beans. Cocoa is an especially rich source of flavanols and the type and mixture of flavanols and procyanidins found in cocoa is unique. Mars studies show cocoa flavanols have a range of proven health benefits, including improved circulation and cardiovascular health. For more information, please visit Mars Center for Cocoa Health Science at http://www. marscocoascience. com . About the Mars Center for Cocoa Health Science For more than 20 years, and based on collaborating with a multidisciplinary group of international experts, Mars, Incorporated has been conducting comprehensive and innovative research with a network of scientific collaborators around the world to advance the understanding of cocoa flavanols and their health benefits for the purpose of improving human health. Building on decades of research in cocoa flavanols, the Mars Center for Cocoa Health Science (MCCHS) was formally established in 2012 as a Center of Excellence to pioneer, capture and share the latest scientific research in the field. MCCHS provides access to more than 20 years of gold standard research, over 140 published peer-reviewed scientific papers, videos, slides and other information that Mars, Incorporated and its collaborators have developed to advance cocoa flavanol understanding. For more information, please visit http://www. marscocoascience. com . Follow us: twitter.com/CocoaHealthSci About Mars, Incorporated In 1911, Frank C. Mars made the first Mars candies in his Tacoma, Washington kitchen and established Mars' first roots as a confectionery company. In the 1920s, Forrest E. Mars, Sr. joined his father in business and together they launched the MILKY WAY® bar. In 1932, Forrest, Sr. moved to the United Kingdom with a dream of building a business based on the objective of creating a ""mutuality of benefits for all stakeholders"" - this objective serves as the foundation of Mars, Incorporated today. Based in McLean, Virginia, Mars has net sales of more than $33 billion, six business segments including Petcare, Chocolate, Wrigley, Food, Drinks, Symbioscience, and more than 75,000 Associates worldwide that are putting its Principles into action to make a difference for people and the planet through its performance. For more information, please visit http://www. mars. com . Follow us: facebook.com/mars, twitter.com/marsglobal, youtube.com/mars, linkedin.com/company/mars Media Contact: Daniella Foster Director, Science Communications and Corporate Affairs Mars Symbioscience 001-301-444-4656 MCCHS@mss.effem.com Reference: Daniela Mastroiacovo, Catherine Kwik-Uribe, Davide Grassi, Stefano Necozione, Angelo Raffaele, Luana Pistacchio, Roberta Righetti, Raffaella Bocale, Maria Carmela Lechiara, Carmine Marini, Claudio Ferri, and Giovambattista Desideri. Cocoa flavanol consumption improves cognitive function, blood pressure control, and metabolic profile in elderly subjects: the Cocoa, Cognition, and Aging (CoCoA) Study--a randomized controlled trial, American Journal of Clinical Nutrition, First published ahead of print December 17, 2014 as doi: 10.3945/ajcn.114.092189. ###"
fakehealth,story_reviews_01224,1,0,0,0,0.4362797,0.011395115,"Doctor Challenges Cause Of MS And Treatment One day 7 years ago, after a long walk with his dog along the Hudson River in Manhattan, Marc Stecker noticed he was limping. Not long after, he was diagnosed with multiple sclerosis. ""Fast forward now, and my entire right side is pretty much paralyzed and my left side is weakening,"" Stecker says. Enlarge this image toggle caption Cleveland Clinic Center for Medical Art & Photography/Cleveland Clinic Center for Medical Art & Photography Cleveland Clinic Center for Medical Art & Photography/Cleveland Clinic Center for Medical Art & Photography Stecker is now confined to a wheelchair, from where he writes a blog about his disease, called Wheelchair Kamikaze. More than a year ago, Stecker started writing about a theory Italian physician Paolo Zamboni proposed in 2008 called chronic cerebrospinal venous insufficiency, or CCSVI. It's been thought that multiple sclerosis is caused by a misguided immune system that attacks the nerves of the brain and spinal cord and can lead to muscle weakness, paralysis and death. However, Zamboni suggests that the disease instead is the result of blocked blood veins — leading to inflammation, which, in turn, causes the immune system to attack nerves in the brain and spinal cord. Zamboni proposed that treating it may be as simple as opening them up. Stecker was hopeful. ""Because my disease is so aggressive, I have been very willing to be equally aggressive in trying to combat it,"" Stecker says. The 'Liberation Procedure' To clear the veins, his doctor tried opening them with a tiny balloon. Zamboni calls it ""the liberation procedure"" but it is actually a common technique known as angioplasty when it's used to open clogged arteries — not veins. A Brief History Of Multiple Sclerosis In 1822, Augustus D'Este, the grandson of England's King George III, began documenting his illness, which would one day be identified as multiple sclerosis. Since D'Este's day, researchers have learned how to better treat the disease, but have not yet found a cure. Here is a timeline of some key events along the way. 1868: Scientists identify multiple sclerosis as a distinct condition. 1878: Myelin, which insulates nerve fibers, is discovered. In MS, the body erodes the myelin, which damages nerve fibers and interrupts brain signals. 1916: Using a microscope James Dawson examines the brains of people who died from MS. He is able to describe in depth the damage done by the disease. 1969: Researchers use a hormone typically made by the pituitary gland to treat the symptoms of MS. 1981: The MRI is first used to help diagnose MS, reducing diagnosis time from seven years to six months after the first symptom. 1993: Doctors begin using a drug called Beta interferon 1-b to reduce disease flare-ups. 2008: Paolo Zamboni proposes the theory Chronic Cerebrospinal Venous Insufficiency. — From the National Multiple Sclerosis Society ""At first, I was very skeptical. But anecdotal reports started coming through of almost miraculous results from it.…So, I decided, you know, hey it was worth a shot,"" Stecker says. But it didn't work. Although the doctor who treated him in New York found a significant blockage, he was unable to correct it, Stecker says. Still, some would say Stecker was lucky. Many desperate patients have spent their life savings flying overseas to have the procedure, only to have it fail a few months later. Others elect to have tiny metal tubes, known as ""stents,"" placed in the veins to hold them open and have suffered serious complications, including life-threatening blood clots. Several patients have even died as a result. Stecker says if he had it to do over again, he would have waited for more research. But he says he was eager to try something that offered him the first real glimmer of hope for a cure. ""CCSVI equals hope and a lot of MS patients just are completely devoid of hope,"" Stecker says. ""People don't want to have MS. They want to go back to who they used to be. You know, along comes this theory that offers an easy-to-understand solution, so it's very, very, very seductive."" Growing Public Controversy It's so seductive, in fact, that Canadians and Americans with MS have been flocking overseas to get the ""liberation procedure."" Something that many researchers find very troubling. Robert Zivadinov of the Buffalo Neuroimaging Analysis Center in New York says that not only is the procedure unsafe and costly to many patients, it is impeding necessary research. Enlarge this image toggle caption Cleveland Clinic Center for Medical Art & Photography Cleveland Clinic Center for Medical Art & Photography ""Even if the treatment is not useful for patients with MS, I don't think that we can abandon the idea of vascular involvement in MS,"" Zivadinov says. ""And I think this merits very detailed understanding of what is going on."" What is going on is still a bit of a mystery. Critics argue that although Zamboni's original research suggests a vascular cause for MS, other studies don't. These discrepancies, and growing public controversy, prompted the National Multiple Sclerosis Society in the U.S. and the Multiple Sclerosis Society of Canada to take Zamboni's claims seriously. They funded a number of independent studies to investigate the relationship between CCSVI and MS. Robert Fox, a neurologist at the Cleveland Clinic, currently oversees one of the studies funded by an MS Society grant. He says part of the confusion comes from variations in how CCSVI is measured. ""That's absolutely one of the potential problems in the previous studies: Are the techs who got negative results, did they just not know how to do the ultrasound in the way that Dr. Zamboni described doing the ultrasound? And that's a very important issue,"" Fox says. Fox says he sent his technicians to a special training to learn how to properly measure the veins because it's not something most technicians ever do. 'Bigger Than Multiple Sclerosis' Meanwhile in Buffalo, Zivadinov says his research on CCSVI already shows a clear picture emerging. ""CCSVI is not the cause of MS but might be a consequence or a contributing factor to progression, and I think that has to be studied,"" Zivadinov says. Studying how the vascular system is involved in neurologic disease is an entirely new concept, Zivadinov says. One that may have an impact beyond any single disease. ""What professor Zamboni discovered in terms of veins is something much bigger than multiple sclerosis,"" Zivadinov says. ""We need to understand the role of the venous system in the pathology of central nervous diseases and aging."" Zamboni himself says that even if it turns out he's wrong, coming to a greater understanding of the disease would be the big reward — both for him and thousands of MS patients."
fakehealth,story_reviews_00722,0,1,1,1,0.60330755,0.9495495,"Bite Back At Bad Cholesterol: Eat An Avocado A Day Enlarge this image toggle caption Tastyart Ltd Rob White/Getty Images Tastyart Ltd Rob White/Getty Images New research finds that eating an avocado per day, as part of an overall diet rich in healthy fats, may help cut the bad kind cholesterol, known as LDL. Researchers at Pennsylvania State University recruited 45 overweight participants who agreed to try three different types of cholesterol-lowering diets. Their study was published Wednesday in the Journal of the American Heart Association. One was a low-fat diet that included lots of fruits, low-fat dairy, poultry, whole grains and small amounts of red meat. The other two diets were moderately high in fat, with about 34 percent of total calories consumed per day coming from fat. The types of foods and meals were similar to the low-fat diet, but included more nuts and oils. One of the moderately high-fat diets included a daily serving of one avocado. In one sample meal plan, lunch was chicken salad with half an avocado, and dinner included turkey tacos with another half an avocado. The diets were similar in terms of macronutrients (like protein and fats) and calories. The only difference between the two was the avocado — the other diet had the same amount of fat from other sources. At the end of the study, the researchers found that the avocado diet led to significant reductions in LDL cholesterol, compared with the other two diets. To put the difference in perspective, the avocado diet decreased LDL cholesterol about 14 milligrams per deciliter of blood. Compare that with a decrease of about 7 mg/dL for the low-fat diet, and about a 8 mg/dl drop from the moderate-fat diet. ""I was surprised to see the added benefit [of the avocado],"" Penny Kris-Etherton, a nutrition scientist at Penn State and the lead author of the study, tells us."" It's something in the avocado"" other than just the fat composition, she says. She says she'd like to do follow-up research to look at the bioactive compounds in avocados, which may explain the added reduction in LDL cholesterol in the study participants. It's also possible that the fiber in avocados plays a role in the cholesterol-lowering effect, she says. But one caveat for anyone who loves guacamole: When it's served up with chips, the calories can add up. A mere half-cup of guacamole has about 200 calories all on its own. Kris-Etherton's study was funded, in part, by the National Center for Research Resources, part of the National Institutes of Health. It was also supported by a grant from the Hass Avocado Board, an industry group that the researchers say had no role in the design of the study or the interpretation of the data. We asked Kris-Etherton if she would have published the results had there been no positive findings for the avocado. ""Oh, absolutely!"" she told us. The agreement was to publish no matter the results. And given the reduction in funds available for research, it's become increasingly common for researchers to carry out these kinds of industry-supported studies."
fakehealth,story_reviews_01124,0,1,1,1,0.6537041,0.99586654,"Alzheimer's Redefined, But Changes Mean Little For Patients Enlarge this image toggle caption Sebastien Bozon/AFP/Getty Images Sebastien Bozon/AFP/Getty Images The definition of Alzheimer's disease just got wider and deeper, but the expansion won't change how the vast majority of people are diagnosed. It also doesn't change the very limited treatment choices. But the new criteria, which were developed by the National Institute on Aging and the Alzheimer's Association, are almost guaranteed to prompt confusion, even in people who are thinking quite clearly. For research, there's a lot of value. For everyday clinical use, very very little. The guidelines say, for instance, that newly developed ""biomarker"" tests, such as assays for proteins in spinal fluid, and some specialized brain scans can be used for early diagnosis of Alzheimer's. But, the guidelines say, the tests are to be used only for research, and not for diagnosing Alzheimer's in the general public. The distinction is nothing to worry about for patients and their families. ""You don't need a biomarker test"" for everyday clinical practice, says David Knopman, a professor of neurology at the Mayo Clinic, who was co-chairman of the group that revised the dementia diagnosis. The existing tests for Alzheimer's are adequate, he says. And those biomarkers? ""It's in the fine print, but it definitely says in multiple places that the biomarkers are for research purposes."" Why? Well, the biomarker tests and PET scans aren't yet accurate enough to reliably diagnose Alzheimer's, and haven't been approved by the Food and Drug Administration. And it's also because there are no treatments that can prevent, slow or stop early signs of Alzheimer's. ""For research, there's a lot of value,"" Knopman says. ""For everyday clinical use, very very little."" About 5 million Americans have Alzheimer's. The hallmark signs are problems with thinking, learning, and memory. The current definition, created in 1984, describes Alzheimer's that way. But over the past few years there's been solid evidence that Alzheimer's starts damaging the brain years before a person starts having noticeable problems thinking. Scientists have been putting a lot of effort into trying to identify what starts the disease process, but have so far come up empty. The new definitions, which were just published online by the journal Alzheimer's & Dementia, acknowledge this dimly understood early phase of Alzheimer's. Now there are two new pre-dementia phases: mild cognitive impairment and ""preclinical Alzheimer's."" In mild cognitive impairment, a person's changes in thinking are noticeable to himself, friends, or family. They would show up on tests of memory and recall, but don't interfere with everyday activities. Alzheimer's is just one possible cause. Because there are no treatments to prevent or stop Alzheimer's, many people may not consider this diagnosis a blessing. The second new phase, preclinical Alzheimer's, is much squishier. There's no list of symptoms that a doctor can whip out to say you've got it. Rather, the goal in creating this category is to see if scientists can define when the disease starts, and track it through biomarker tests, brain imaging, or other yet-to-be-invented tests. If that happens, it might someday lead to ways to prevent Alzheimer's. But for now this category is useful only to researchers. The goal in all this, according to the Alzheimer's Association, is to increase opportunities for earlier diagnosis and treatment. The problem is that there aren't yet any reliable tools for earlier diagnosis and treatment. The new criteria are really a call for more research — and the money to fund it. That would be good for the Alzheimer's Association and the National Institute on Aging, which sponsored the work on the new criteria. And it does leave one wondering if a lot more worry will be generated by the notion of ""preclinical Alzheimer's,"" when science and medicine can't offer anything to ease those fears."
fakehealth,story_reviews_01121,0,1,1,1,0.7697691,0.8165875,"NEW YORK (Reuters Health) - Small doses of aspirin can lower the risk of heart attack in people who never had heart disease, a new look at the medical evidence shows. But the blood-thinning drug doesn’t appear to cut the chances of dying from the disease, at least not enough that researchers can say for certain. And experts warn people to consult their doctor before taking the medication, which increases the risk of bleeding ulcers. “I like to say you have to make the recommendation about aspirin one patient at a time,” Dr. Michael L. LeFevre, who was not linked to the study, told Reuters Health. LeFevre worked on the 2009 aspirin recommendations from the U.S. Preventive Services Task Force (USPSTF), a federally supported expert panel. The task force advises that men age 45 to 79 take aspirin to stave off heart attacks, as long as the benefit outweighs the risk of bleeding. For women age 55 to 79, aspirin is recommended to prevent strokes, with the same caveat. The new work, by Alfred Bartolucci of the University of Alabama at Birmingham and colleagues, was supported by aspirin-maker Bayer AG. The research team pooled the results of the nine trials that have tested the drug in the prevention of heart disease so far, including three that weren’t part of the 2009 USPSTF review. About 100,000 men and women age 45 and up took part in the studies. Some were healthy and some had diabetes, but none had chest pain or other symptoms of an ailing heart. The researchers found a 19-percent reduction in non-fatal heart attacks among participants who took aspirin compared to those who did not. They don’t mention how many people actually suffered such a heart attack, but an earlier analysis of six of the trials showed that out of every 1,000 people, 18 individuals taking aspirin had heart attacks every year, compared to 23 individuals taking placebo pills. On the other hand, that analysis also found aspirin increased the rate of bleeding from 0.7 to 1 per 1,000 people per year, making the authors conclude the drug was of “uncertain net value.” Heart disease is the leading killer worldwide and accounts for more than a third of deaths in the U.S., according to the American Heart Association. Every year, heart attacks alone kill some 400,000 Americans. In the current study, published in the American Journal of Cardiology, the researchers also report small decreases in stroke and death risks with aspirin, although those changes might have been due to chance. “It refines our knowledge of how beneficial aspirin is,” Dr. Graham Nichol, an expert in emergency care at the University of Washington in Seattle, said about the study. “I don’t think this paper is inconsistent with previous work.” Nichols, who was not involved in the study, said aspirin is clearly beneficial for people who’ve already had heart disease, and that it also seems to help those at high risk. “There is not universal agreement on what is high risk,” he told Reuters Health. “In my mind, if you have diabetes or multiple risk factors for heart disease — such as smoking or obesity — it is reasonable to take aspirin.” In addition, working to eliminate those risk factors by other means will not only slash the risk of heart disease, but also a host of other health problems. LeFevre added that while the new study did add extra evidence compared with earlier work, it failed to analyze the effects on men and women separately. That muddies the picture because men may see a benefit in the form of fewer heart attacks, whereas aspirin appears to lower the risk of stroke in women. “We can’t tell from the existing study if that is going to hold up or not,” he said. One recent study has suggested that despite the increase in bleeding ulcers from aspirin, the reduction in heart attacks might make the cheap drug cost-effective for men over 45. The question then becomes finding out what your risk of heart attack is in the first place, which your doctor can help with. “The number of events that you prevent depends on your baseline risk,” LeFevre concluded. “A blanket recommendation that everybody should take an aspirin is not a good idea.” SOURCE: bit.ly/hkVBee American Journal of Cardiology, online April 11, 2011."
fakehealth,story_reviews_00814,1,0,0,0,0.4774234,0.036872674,"Publicity in recent years about emotional, cognitive, and memory problems in aging football and hockey players who suffered multiple concussions during their careers has raised the anxiety level around the topic. A lawsuit by thousands of NFL players who claim the league did not keep them well enough informed about the long-term risks of concussion - dementia is one of them - is based in Philadelphia and has raised even higher the profile of what doctors call mild traumatic brain injury."
fakehealth,story_reviews_01032,1,0,0,0,0.42506045,0.023059525,"To increase the accuracy of the test, researchers also looked for another gene, called prostate cancer antigen 3, or PCA3, which is also found in urine. The two tests together appeared to generate both sensitive and specific results. Sensitive means it’s unlikely that the test would miss a case of cancer. Specific means that the test is unlikely to be positive if cancer isn’t really present. Based on the levels of PCA3 and TMPRSS2:ERG detected, the men were given numerical scores that were classified as being high, medium, or low. Those scores were then compared to the biopsy results. “The men in the highest group have a risk of cancer on biopsy of about 70% and those in the lowest group have a risk of cancer of about 20%,” says Tomlins. Researchers then narrowed their analysis to see how the urine test scores matched the men’s Gleason score, which helps doctors gauge how aggressive a cancer may be. “What we’ve found is that your risk of having an aggressive cancer if you’re in the high group is about 40%, and if you’re in the low group, the risk of having an aggressive cancer is only about 7%,” Tomlins says. The company that developed the test, Gen-Probe, helped to pay for the study, and several authors said they had a personal financial interest in the technology. “This is great science,” says J. Stephen Jones, MD, chairman of the department of regional urology at the Cleveland Clinic in Ohio. Now that the researchers have validated the test, further studies in larger, more diverse populations will be important to understand how it is best used. “The real key is using this or any test to help drive decisions,” says Jones, who was not involved in the research, “If it helps me to know who to biopsy or not biopsy, that’s massively valuable information.”"
fakehealth,story_reviews_01066,0,1,1,1,0.5934843,0.98511595,"Too Early to Make Recommendations This is one of very few studies that looks at olive oil intake and risk for neurologic diseases, including stroke, Nikolaos Scarmeas, MD, of Columbia University in New York City, says in an email. “Maybe olive oil improves vascular risk factors such as hypertension, dyslipidemia, diabetes, heart disease, obesity, which may in turn reduce stroke risk, or it may be that olive oil is anti-inflammatory or an antioxidant.” Scarmeas writes an accompanying editorial. “We do not know for sure, and we do not know which particular aspect of olive oil is the most relevant to stroke,” he says. “Following a 'healthy diet' emerges as an important strategy for prevention of neurological disease, but remains to be proved.” Cathy A. Sila, MD, the George M. Humphrey II Professor of Neurology and the director of the Stroke & Cerebrovascular Center at the Neurological Institute Case Medical Center of Case Western Reserve University School of Medicine in Cleveland, Ohio, says the benefits of diet and lifestyle choices in disease prevention are more important than ever, given the rising costs of health care. She agrees with the study authors and editorialist that it is too early to make any recommendations about olive oil intake and stroke risk. She calls the findings “intriguing” but says they “do not equate a randomized clinical trial and should be used with appropriate caution in making broad recommendations.” Suzanne Steinbaum, MD, director of women and heart disease at Lenox Hill Hospital in New York, says moderate use of olive oil in cooking and on bread may help protect against stroke in people older than 65. “Olive oil is a healthy fat and it can reduce cholesterol and inflammation, and has been shown to help reduce the incidence of heart disease,” she says. “Now, we see it may reduce stroke risk in people older than 65."" Keeping blood pressure controlled, not smoking, exercising regularly, and eating a healthy diet that is low in salt and rich in fruits and vegetables can also help reduce stroke risk, she says."
fakehealth,news_reviews_00166,1,0,0,0,0.46558648,0.008384885,"New investigation advises doctors to recommend cranberry products as first line of defense against repeated urinary tract infections (UTIs) CARVER, Mass., September 19, 2017 - A thorough review of dozens of studies led scientists to conclude that healthcare professionals should be telling their patients to have cranberry products as a first step in reducing recurrent UTIs. The comprehensive meta-analysis and assessment of human clinical trials, published in the official journal of the American Urological Association, The Journal of Urology®, assures practitioners and their patients that cranberry products are a low cost, low risk and effective way to help prevent recurrent UTIs.1 To answer the question, ""Can Cranberries Contribute to Reduce the Incidence of Urinary Tract Infections?"" a total of 28 studies showing results from nearly 5,000 patients were considered. Authors found a statistically significant risk reduction in repeat UTIs overall, but not significant for any particular subgroup. However, patients with recurrent UTIs who ingested cranberry products and had undergone gynecological surgery, experienced a significant reduction in UTIs. ""Our investigation supports that cranberry products can be a powerful tool to fight off frequent UTIs,"" explains lead author, Dr. Ângelo Luís. ""While recommendations for dosage and duration of treatment require further study, the efficacy of the medicinal properties of cranberry products has been well-established."" The review explains that the medicinal properties of cranberries may be attributed to their unique polyphenol, proanthocyanidins - or PACs, for short. Their ability to keep infection-causing bacteria from sticking to the urinary tract walls may be the major reason for their effectiveness in limiting infection growth and recurrence. According to the authors, scientists and practitioners continue to explore the use of alternative therapies in the prevention of common infections as part of the global movement to reduce antibiotic use and resistance. It is estimated that one third of women in the United States will get a UTI by the age of 24.2 ""Findings like this,"" adds Dr. Luis, ""give practitioners a viable, inexpensive, non-antibiotic option to help patients reduce the recurrence of an uncomfortable and potentially debilitating infection."" ""As one of the oldest alternative therapies and U.S.-born berries, independent research such as this not only provides public health benefits, it revitalizes the enthusiasm for cranberry products year-round. The industry appreciates the efforts of these researchers and takes pride in the healthy attributes that cranberry products provide to consumers around the world,"" comments Terry Humfeld, executive director of the non-profit research and education-focused organization, The Cranberry Institute. ### This review was funded by Universidade da Beira Interior and bank Santander/Totta protocol post-doctoral research fellowship BIPD/ICI-FC-BST-UBI 2016 (ÂL). About the Cranberry Institute The Cranberry Institute is a not-for-profit organization founded in 1951 to further the success of cranberry growers and the industry in the Americas through health, agricultural and environmental stewardship research as well as cranberry promotion and education. The Cranberry Institute is funded voluntarily by Supporting Members that handle, process, and sell cranberries. Supporting Members are represented in national and international regulatory matters and research efforts are done on their behalf. For more information about the Cranberry Institute, along with the health benefits of cranberries and current scientific research, visit http://www. CranberryInstitute. org . References: 1. Luis A, Domingues F and Pereira, L. Can cranberries contribute to reduce the incidence of urinary tract infections? A systematic review with meta-analysis and trial sequential analysis of clinical trials. J Urol 2017; 614-21. 2. Foxman B, Barlow R, D'Arcy H, Gillespie B and Sobel JD. Urinary tract infection: self-reported incidence and associated costs. Ann Epidemiol 2000; 10:509-515."
fakehealth,story_reviews_00945,0,1,1,1,0.8355716,0.9987192,"By Alan Mozes HealthDay Reporter THURSDAY, Jan. 5, 2012 (HealthDay News) -- Preliminary findings suggest a drug used to treat another disease might also reduce painful flare-ups in gout patients starting new medication regimens. In a new study, the protein-inhibitor drug rilonacept (Arcalyst) appeared to markedly lower the risk of gout flare-ups during the first few months of treatments aimed at lowering uric acid levels. While effective in lowering the risk for gout attacks in the long-term, uric acid-lowering treatment can initially boost the risk for flare-ups as it breaks up and releases the uric acid crystal deposits at the source. ""To reduce deposits of crystals in the joints, we advise patients to initiate treatment with medications that lower levels of uric acid in the blood,"" study author Dr. H. Ralph Schumacher, Jr., a professor of medicine at the University of Pennsylvania School of Medicine, said in a journal news release. Gout, a debilitating and painful form of inflammatory arthritis, now affects upwards of 8.3 million Americans, according to the release. Flare-ups , which involve excruciating joint pain, redness, swelling and warmth, can last days or weeks. The researchers wanted to learn if rilonacept could lower this short-term risk for by neutralizing a specific target protein -- interleukin 1 or IL-1 -- before it initiates inflammation. They looked at 83 gout patients in 27 U.S. study centers who had a history of gout flare-ups and high levels of uric acid. All were placed on a chronic uric-acid lowering regimen of the standard drug allopurinol. About half were also given an initial double-dose injection of rilonacept (320 milligrams) followed by a single dose for 16 weeks. The other half received sugar pills. Rilonacept patients were less likely to have flare-ups, with 15 percent experiencing flare-ups three-months into the study compared with 45 percent among the non-rilonacept group, the researchers found. ""Well-tolerated drugs that reduce the risk of gout flares when initiating uric-acid lowering therapy could make patients more likely to continue important long-term treatments that control gout,"" Schumacher said in the release. ""(And) this trial provides well-controlled evidence that this IL-1 blocker is effective in preventing acute gout flares in this setting,"" he added. ""Rilonacept appears safe and well tolerated and could increase patient adherence to long-term urate-lowering therapy."" The study appeared online Jan. 5 in the journal Arthritis & Rheumatism. Dr. Michael A. Becker, a professor emeritus of medicine at the University of Chicago, described the findings as ""very promising."" However, he cautioned that the high cost of rilonacept will most likely curtail its use. ""This is a very expensive drug,"" he said. ""And insurance will be an issue. So I think you will have to carefully justify its use and define the universe of patients who are likely to be treated with it."" ""But there are a number of patients who can't take a less expensive alternative, such as nonsteroidal anti-inflammatory drugs, because of their kidney function or ulcer disease,"" Becker noted. ""So for this population of patients who can't tolerate cheaper medications, rilonacept may be a necessary indication."" More information For more on gout, visit the U.S. National Library of Medicine."
fakehealth,story_reviews_00530,0,1,1,1,0.7209399,0.9984022,"With knee-replacement surgery on the rise, more patients with two bad knees are opting for a controversial procedure that replaces both at the same time. Simultaneous bilateral knee replacement, as the surgery is known, is a subject of debate among orthopedic surgeons, with conflicting evidence about the risks and benefits. Proponents say it eliminates the need for a second hospital stay and grueling rehabilitation period, reduces time spent under anesthesia and costs less. Some studies have found no difference in complication rates after bilateral surgery compared with unilateral surgery. A 2013 study in the Journal of Bone and Joint Surgery estimated the cost of bilateral surgery at $43,401 compared with $72,233 for two separate surgeries staged over time. The study concluded that bilateral surgery is more cost-effective with better outcomes for the average patient than staged procedures for two knees. But more recent studies have found increased rates of complication such as blood clots that travel to the lung, an increased need for blood transfusions, and a higher risk of death with the bilateral procedure. The rate of knee replacements in the U.S. almost doubled from 2000 through 2010, according to the Centers for Disease Control and Prevention, and now exceeds 700,000 procedures a year. The CDC doesn’t break out data, but studies indicate the percentage of patients who had both knees replaced at the same time has risen from less than 4% in 1999 to more than 6% at present. Ken McLaughlin, 63, had bilateral knee replacement surgery in October 2014; he spent three nights in the hospital, about a week in a rehabilitation clinic and took a three-month leave from work. He experienced pain but no complications. Photo: Ken McLaughlin Simultaneous bilateral procedures can be performed either by two surgeons operating in tandem or by a single surgeon who completes one knee and immediately turns to the other. Although the average age has dropped for patients getting knee surgery, many also have health issues that can increase the risk of complications. In 2013, a consensus group of experts recommended that surgeons use more restrictive criteria to select patients for double knee replacements and exclude those with high cardiac risks. The majority said patients who aren’t candidates for simultaneous procedures should get a second one no sooner than three months after the first. “We’ve learned a lot from years of data on who has complication issues,” says Steven Haas, an orthopedic surgeon at the Hospital for Special Surgery in New York. The hospital avoids bilateral knee surgery in patients who have any type of heart disease, as well as those with a body mass index of 40 or more. Obese patients often have conditions such as diabetes and high blood pressure than can complicate surgery. Typically, Dr. Haas says, he doesn’t perform bilateral surgery in patients over 80, and prefers not to do it in those over 75 unless they are in exceptional health. For healthy patients in their 50s and 60s, “it’s an elective decision,” Dr. Haas says. Sandra Lynch, a 62-year-old wedding officiant in Frederick, Md., had trouble with her knees for more than a decade before getting bilateral knee replacement surgery in December 2014. She says she has no regrets. Photo: Sandra Lynch Nicholas Grosso, president of the Centers for Advanced Orthopaedics in Bethesda, Md., performs bilateral surgery in tandem with another surgeon. A typical hospital stay is three days, compared with two days for single-knee surgery. New anesthetic techniques help control pain after surgery, and as many as 40% of his bilateral patients go directly home. Others go to a rehabilitation facility for about a week, which isn’t usually necessary for unilateral patients. Dr. Grosso says overall recovery time is typically the same, with full recovery in about four months. Ken McLaughlin, 63, had a bilateral knee replacement surgery in October 2014, with Dr. Grosso and a colleague, M. Brian Polsky. Mr. McLaughlin, who was an avid basketball player and volleyball coach, now teaches physical education to developmentally disabled children. Despite several surgeries over the years to repair damage, he had constant pain in both knees. Yet he wanted to put replacement off, he says, “until I couldn’t stand it anymore.” After consulting with Dr. Grosso, he decided on bilateral surgery. First, he spent several months getting ready by building up strength in his legs and hamstrings. Mr. McLaughlin, who lives in Laurel, Md., says it “really hurt” at first after surgery but he stopped taking pain medication after two days. After three nights in the hospital, he spent about a week in a rehabilitation clinic and took a leave from work until mid-January, working out twice a day for an hour and walking around his house. He had no complications and works out at the gym three times weekly. “I’m feeling stronger and getting ready to snow ski this winter,” he says. A study in May in the Journal of Arthroplasty compared cases matched for risks in simultaneous bilateral and unilateral knee surgeries in a database of nearly 44,000 patients. It found no significant difference in the rate of complications including infection, hospital re-admission, or death. But bilateral procedures were associated with increased overall complications and risk of subsequent surgery within 30 days. Study co-author David Manning, a joint replacement specialist at Northwestern Memorial Hospital in Chicago and associate professor at Northwestern University Feinberg School of Medicine, says he recommends staged procedures over time for patients who need both knees replaced. He doesn’t perform bilateral knee replacements. “We decided it is not a safe practice, and it adds risk, so we don’t do it,” he says. Last year, a large study comparing the two types of surgery indicated that bilateral patients were at increased risk of both minor and major in-hospital complications as well as death. The study, published in the Journal of Bone and Joint Surgery, included hospital claims data on 24,574 simultaneous bilateral surgeries and 382,496 unilateral procedures. Surgeon Bryan Springer, a co-author of the study and fellowship director at OrthoCarolina Hip and Knee Center in Charlotte, N.C., says while complication rates are generally low for all knee surgeries, he is “extremely selective” about recommending bilateral surgery. “If you pick your patient appropriately you can do this operation very safely,” he says. Dr. Springer performs bilateral surgery with a team, starting the second knee while the first incision is being closed; if there are safety concerns after the first, he won’t proceed with the second. Sandra Lynch, a 62-year-old wedding-officiant in Frederick, Md., had trouble with her knees for more than a decade. But with a busy schedule, she didn’t want recovery to take more than four months. Before the procedure, she took a year to exercise, walking daily and building a desk over a disassembled recumbent bike. She had the bilateral knee replacement with Dr. Grosso and Dr. Polsky in December last year. Afterward, Ms. Lynch was hospitalized for four days. She needed a blood transfusion but was able to manage physical therapy before being transferred to a rehabilitation center for about a week. After bad reactions to narcotic pain medications and an anti-nausea patch, she switched to over-the-counter painkillers. Though she had to use a walker at first, after eight weeks she began to drive and walk without assistance. She is now back to work officiating at weddings and says she has no regrets. Write to Laura Landro at laura.landro@wsj.com"
fakehealth,news_reviews_00283,1,0,0,0,0.4107092,0.4084628,"A new study from Karolinska Institutet in Sweden shows that short-course preoperative radiotherapy combined with delayed surgery reduces the adverse side-effects of rectal cancer surgery without compromising its efficacy. The results are presented in the journal The Lancet Oncology. Rectal cancer affects some 2,000 men and women in Sweden every year. Preoperative radiotherapy was gradually introduced in the early 1990s, with a consequent improvement in prognosis for people with rectal cancer and reduction in the risk of local recurrence. ""Back then we showed that preoperative radiotherapy reduces the risk of local recurrence by over 50 per cent for patients with rectal cancer,"" says principal investigator Anna Martling, senior consultant surgeon and professor at Karolinska Institutet's Department of Molecular Medicine and Surgery. ""Thanks to our results, radiotherapy is recommended to many rectal cancer patients."" However, radiotherapy can cause adverse reactions and the optimal radiotherapeutic method and the interval between it and the ensuing surgery have been mooted. The study now presented in The Lancet Oncology is based on the claim that the adverse effects of rectal cancer treatment can be reduced by administering more but lower doses of radiation for a longer time, or by increasing the interval between radiotherapy and surgery. These hypotheses have now been tested in a study in which rectal cancer patients were randomly assigned to three different treatment arms: Standard therapy, i.e. short-course (5x5 Gy) radiotherapy with direct surgery within a week. Delayed surgery with short-course (5x5 Gy) radiotherapy followed by surgery after 4-8 weeks. Delayed surgery with long-course (25x2 Gy) radiotherapy followed by surgery after 4-8 weeks. The results of the study show that patients with delayed surgery develop fewer complications with equally good oncological outcomes. It also showed that there is no difference between long-course and short-course radiotherapy other than that the former considerably lengthens the time for treatment. ""The results of the study will give rise to improved therapeutic strategies, fewer complications with a sustained low incidence of local recurrence, and better survival rates for rectal cancer patients,"" says Professor Martling. ""The results can now be immediately put to clinical use to the considerable benefit of the patients."" ### Eighteen Swedish hospitals took part in the study, which was financed by the Swedish Research Council and the Cancer Society in Stockholm, and through the regional ALF agreement between Stockholm County Council and Karolinska Institutet. Researchers from the universities in Lund, Uppsala and Linköping also contributed to findings. Publication: 'The Stockholm III Trial on optimal fractionation of preoperative radiotherapy and timing to surgery for rectal cancer - a randomised controlled trial' Johan Erlandsson, Torbjörn Holm, David Pettersson, Åke Berglund, Björn Cedermark, Calin Radu, Hemming Johansson, Mikael Machado, Fredrik Hjern, Olof Hallböök, Ingvar Syk, Bengt Glimelius, Anna Martling The Lancet Oncology, online 9 February 2017, DOI: http://dx. doi. org/ 10. 1016/ S1470-2045 (17)30086-4. Contact the Press Office and download images: ki.se/pressroom Karolinska Institutet - a medical university: ki.se/english"
fakehealth,story_reviews_01651,1,0,0,0,0.3822021,0.0046294103,"If you’ve seen the television ad for the anti-germ spray MyClyns, you no doubt remember the pivotal scene: A mom and her two kids sit at a dinner table, the little boy coughs on his sister and mom heroically grabs the spray bottle of MyClyns. Against all expectations, she doesn’t spray the table or the air. Instead, she sprays her daughter. Directly in the face. MyClyns is intended to kill germs that land on the face before they have a chance to cause illness, kind of like Lysol for the skin. The spray looks like plain water, and for good reason. The only ingredients are water and sodium chloride, the chemical term for table salt. Before the water is bottled, it gets zapped with an electric charge. The result is “super oxidized” water that contains small amounts of hypochlorous acid and hypochlorite ions, two of the key components of chlorine bleach. Users are instructed to use MyClyns “as quickly as possible” after being exposed to germs. According to the website, the spray should cover the “entire affected area” for best results. Germ-ridden families aren’t the only intended market for MyClyns. Union Springs Pharmaceuticals, manufacturer of the product, also sells it to fire departments, police departments and ambulance crews. According to company President Joel Ivers, MyClyns is currently being used by first responders in more than 2,000 communities across the country. A 0.2-ounce spray bottle, sold at major drugstores and many grocery stores, costs $9 or $10. This should be enough for about 60 sprays. The website says the solution will stay fresh for about three months after the first spray. The claims The TV ad says that MyClyns “kills 99% of germs and is safe for the eyes, nose and mouth where germs can enter your body.” Although the boy in the commercial appears to have a bad cold, Ivers clarifies that the spray isn’t intended to prevent or treat any specific disease. (The FDA has approved MyClyns as a device, not as a drug, so the company can’t claim to treat specific illnesses.) The bottom line MyClyns undoubtedly kills germs, says Dr. Marc Eckstein, professor of emergency medicine at the Keck School of Medicine of USC and medical director for the Los Angeles Fire Department. But at home or on the job, he says, a face-full of MyClyns may not be the best way to prevent illness. “If someone coughs in your face at 60 miles per hour, decontaminating your face won’t help,” Eckstein says. Coughs and sneezes release germ-covered particles in the air, he explains, and people catch illnesses by inhaling the particles pretty much immediately. By the time that happens, it’s far too late for a face spray, he says. Though it may not do much to prevent colds and flu, a spray of MyClyns could theoretically help protect first responders from blood-borne diseases such as hepatitis or perhaps even HIV, Eckstein adds. But he hasn’t ordered any for the L.A. Fire Department because “it could create a false sense of security.” Instead of depending on a spray to kill the germs from accidental blood splatters, first responders should wear masks and other protective gear, he says. Several scientific studies have shown that MyClyns can kill a wide variety of germs. A 2005 study in Mexico found that the same solution in MyClyns (in this case, sold by Oculus Innovative Sciences Inc., under the brand name Microcyn) killed yeast as well as E. coli and staph bacteria in the laboratory. The study also found that it was effective against HIV and adenovirus, a type of respiratory virus, in the lab. The solution has also been shown to speed the healing of diabetic foot ulcers, presumably because it wiped out germs that could cause a sore to fester. Since it kills so many germs without any harsh chemicals, MyClyns could be useful for cleaning doorknobs or countertops, says Dr. Jeffrey Kahn, chief of the division of pediatric infectious disease at the University of Texas Southwestern Medical Center in Dallas. But to Kahn’s mind, spraying a kid or anyone else in the face isn’t a very practical way to prevent illness, especially the flu, which often travels on hands. “It sounds like a sexy product, but simple hand-washing is likely to be more effective for preventing the flu than a one-time spray in the face,” he says. Curious about a consumer health product? Send an e-mail to health@latimes.com. Read more at latimes.com/skeptic."
fakehealth,news_reviews_00142,0,1,1,1,0.5145539,0.9990434,"DARIEN, IL - Nov. 16, 2017 - A new study shows that positive airway pressure (PAP) therapy improves quality of life measures in people who have obstructive sleep apnea. Results show that there were significant and clinically meaningful improvements in general quality of life and sleep-related quality of life measures after the initiation of PAP therapy for sleep apnea. The improvements were more robust in those who were adherent to PAP therapy. ""Quality of life is one of the most vital outcomes for patients and often one of the primary reasons to seek medical attention,"" said lead author and principal investigator Dr. Harneet Walia, assistant professor at the Cleveland Clinic Lerner College of Medicine of Case Western Reserve University and staff at the Cleveland Clinic's Sleep Disorders Center. ""We noted consistent improvement in global and sleep-specific quality-of-life measures after PAP therapy."" The study is published in the Nov. 15 issue of the Journal of Clinical Sleep Medicine. Nearly 30 million adults in the U.S. have obstructive sleep apnea, a chronic disease that involves the repeated collapse of the upper airway during sleep. Common warning signs include snoring and excessive daytime sleepiness. One treatment option for sleep apnea is PAP therapy, which uses mild levels of air pressure, provided through a mask, to keep the throat open while you sleep. The study involved 2,027 patients with sleep apnea who began PAP therapy between Jan. 1, 2010, and Dec. 31, 2014. Participants had a mean age of 56 years, and about 54 percent were men. General quality of life measures, such as mobility and usual activity, were assessed using the European Quality of Life-5D (EQ-5D) questionnaire. Sleep-specific quality of life was examined with the Functional Outcomes of Sleep Questionnaire (FOSQ), which assesses the effect of sleep disorders and excessive daytime sleepiness on activities of daily living such as productivity and intimacy. Scores before and after up to one year of PAP therapy were compared. Results also show that older patients and those in a higher socioeconomic subgroup had better quality of life measures after PAP therapy. ""Our study also serves as a basis for targeted efforts to optimize quality of life in younger adults and lower socioeconomic subgroups,"" said Walia. ""This information will guide clinicians in terms of expected quality of life outcomes with sleep apnea treatment."" The American Academy of Sleep Medicine previously identified quality of life as one of three sleep apnea outcome measures that clinicians can track to optimize care for adult patients. Implementation of a quality assurance program to track these quality measures can help improve patient outcomes, reduce the public health burden of sleep apnea, and provide a measurable standard for evaluating and managing sleep apnea. ### The study was funded by a scholar award from the Cleveland Clinic Neurological Institute-Center of Research Outcomes and Evaluation and by the National Heart, Lung, and Blood Institute (NHLBI) of the National Institutes of Health (NIH). For a copy of the study, ""Impact of Sleep-Disordered Breathing Treatment on Quality of Life Measures in a Large Clinic-Based Cohort,"" or to arrange an interview with a study author or an AASM spokesperson, please contact the AASM at 630-737-9700 or media@aasm.org."
fakehealth,story_reviews_00630,1,0,0,0,0.35170615,0.020335317,"Both men and women have utilized many resources to combat baldness, but now a former NASA scientist is using lasers to regrow hair. Dr. Tamim Hamid is the CEO and inventor of Theradome, a helmet that he said “uses 80 cold lasers to promote hair growth by stimulating the base of the hair follicle.” He based his helmet off the findings of Endre Mester, a Hungarian physician who accidentally discovered that lasers can grow hair in mice in 1965. ADVERTISEMENT ADVERTISEMENT “This has been sitting dormant for many, many years until about 2009. We discovered that the same wavelength of 678 nanometers was able to stimulate hair on humans as well,” Hamid told FoxNews.com. To further explain how light grows hair Hamid said, “the laser light stimulates the mitochondria at the base of the hair follicle, which is where the stem cells that grow hair are located. Once the hair follicle is reactivated using light energy, the hair reverses the miniaturization process which was induced by the hormone DHT.” The challenge that Hamid faced was putting this technology into something that was wearable and easy to use. Board certified dermatologist Dr. Eric Schweiger who has not worked on Theradome, told FoxNews.com that there have been other products that use low level laser technology to grow hair, but Theradome is the first of its kind to be wearable. It doesn’t require anything from the patient apart from wearing the helmet for 20 minutes, two times a week. “The major benefit of therdome is you wear it as a cap and you don’t have to hold it up to your scalp. I think that will increase compliance,” Schweiger said. Hamid said that Theradome has helped tens of thousands of people. One of those is Sabra Hardy who suffers from alopecia areata, an autoimmune disease that left her with huge bald spots on either side of her head. “I was using creams that were developed for the coats of animals when they had problems with their coat. I was using oils developed for animals that were dangerous to use and smelled really bad,” Hardy said. Her hair loss was costly and painful. She spent hundreds of dollars on wigs and was getting steroid injections in her scalp for nearly two years with no signs of progress until she started using Theradome. According to the Theradome website, 97 percent of subjects saw positive results after 26 weeks of treatment and they reported a 20 percent increase in hair growth. Schweiger said that Theradome is safe for someone who wants another option in conjunction with other conventional baldness remedies, and that its effectiveness should be studied more over time. “For patients who are looking for an additional therapy it’s not unreasonable to use. I think we’ll know more as time goes on,” Schweiger said. As far as the product’s safety, Schweiger said that since the lights are low energy and are not UV, he is confident that Theradome is safe. Theradome is FDA cleared and costs $895. Patients should always see their physician before trying any new treatments."
fakehealth,story_reviews_01188,0,1,1,1,0.7098455,0.99894327,"Less than a week after the Food and Drug Administration approved the marketing of Lap-Band weight-loss surgery to 11 million new patients, a pair of studies has found that a different, older procedure is more effective and no riskier than either the Lap-Band or another less-drastic surgery, sleeve gastrectomy. In the first head-to-head comparison of weight-loss surgeries widely used in the United States, UC San Francisco researchers found that those who had their stomach capacity reduced by a Roux-en-Y bypass, which reduces the stomach’s capacity and bypasses a part of the intestine, lost more weight, required less diabetes medication and were less likely to need further surgery than those who received the Lap-Band. A second study found that diabetic patients who underwent sleeve gastrectomy, which surgically narrows the stomach to reduce food capacity, were more likely to continue needing diabetes medications than those who got the gastric bypass. Both studies were published Monday in the Archives of Surgery, Last week, the FDA broadened approval for the Lap-Band to people with a Body Mass Index as low as 30 if they also have a weight-related medical condition, a move that is expected to propel millions more obese patients into the offices of bariatric surgeons. The Lap-Band is an inflatable ring that is surgically implanted around the upper stomach. After surgical wounds have healed, saline solution is injected to expand the ring, limiting how much food can be consumed. Advertisement Yet both of the new studies suggest that the Roux-en-Y gastric bypass procedure, which is named for the surgeon who invented it and the shape of the altered small intestine, remains the standard for patients with severe obesity and serious weight-related illnesses such as diabetes. The procedure was first performed in 1993. The UC San Francisco study, led by surgeon Guilherme M. Campos, measured weight loss, improvement in metabolic function and quality of life in 185 patients one year after their surgeries. On all those measures, gastric bypass produced far better results than Lap-Band surgery. For instance, those who had had gastric bypass lost 64% of their excess weight on average in the year following surgery. Those who got the Lap-Band lost an average of 36% in the same period. The study also found that although gastric bypass patients had more complications in the first month after surgery, those who underwent Lap-Band surgery had a higher rate of complications later, and/or more need for surgical adjustments, making the overall complication rate similar for both procedures. Advertisement The authors concluded that gastric bypass “has a better risk-benefit profile” than Lap-Band surgery. The second study, conducted by researchers in Taiwan, compared 30 obese patients who were treated with gastric bypass for their poorly controlled diabetes with 30 similar patients who were treated with a procedure called “gastric sleeving,” which surgically reshapes the stomach to a smaller size but does not close down a portion of the intestine to food. The finding — that diabetes improved with gastric bypass but not with gastric sleeving — offered an important clue to why gastric bypasses seem to improve the metabolic function of diabetics virtually overnight. Neither sleeve gastrectomy nor the Lap-Band causes food to bypass any part of the intestine, suggesting that hormones in that part of the gut may play a key role in the changes that lead to diabetes. “We need to just register that gastric bypass is the gold standard for diabetic control in overweight patients,” said Beverly Hills-based weight-loss surgeon Ted Khalili, director of the Khalili Center for Bariatric Care, who was not involved in the study. But Khalili, whose practice is roughly split between Lap-Band and gastric-bypass surgery, added that the UC San Francisco findings are far less clear for patients whose primary objective is to lose weight. Although more weight loss was seen for the gastric bypass group in the one-year study, patients getting the Lap-Band continue to lose weight for two to three years after the procedure, Khalili said. Comparing the two patient populations three years after surgery would probably have narrowed the weight-loss gap considerably, Khalili said. melissa.healy@latimes.com"
fakehealth,story_reviews_00640,0,1,1,1,0.5340268,0.9905533,"Toni Weiser is a veteran of skin-cancer removals. The 75-year-old retired teacher in Santa Fe, N.M., says she’s had at least eight basal and squamous cell cancers scraped, frozen and surgically excised from her arms, face and shoulders. When a basal-cell cancer reappeared on Mrs. Weiser’s nose last year, her dermatologist suggested a new, painless, nonsurgical treatment and she eagerly agreed. After 16 treatments with a small radiation device held millimeters from her nose, the tumor was gone. “I felt nothing—just some mild itching,” she says. “I much prefer radiation to having something dug out of my nose with a scalpel.” The new procedure, called surface electronic brachytherapy, or eBx, is beginning to cause a stir in the world of non-melanoma skin cancers, the most common type of cancer. The American Academy of Dermatology’s official position is that surgery is the most effective treatment, and that more long-term data is needed before the safety and effectiveness of eBx can be determined. Last month, an editorial in the journal JAMA Dermatology raised other concerns. Noting that use of the procedure has risen 20-fold in recent years, to 24,000 procedures in 2013, the authors said that makers of the eBx equipment are marketing it to “busy people” who “aren’t interested in surgery” and pitching it to dermatology practices as a moneymaking service. Medicare reimbursements can run as high as $24,000 per patient, compared with $200 to $2100 for typical skin-cancer treatments, the authors said. Officials for the two companies that make eBx equipment—Xoft Inc. and Elekta Inc. —say they agree that surgery is still the standard of care for non-melanoma skin cancers, but that eBx offers an attractive option for patients who can’t, or don’t want to, have surgery. Toni Weiser, of Santa Fe, N.M., opted for radiation to treat skin cancer on her nose. Photo: Weiser Family More than 3.6 million Americans are diagnosed with basal or squamous cell cancers every year—more than all other cancers combined. Unlike melanomas, they are rarely fatal. But they can invade surrounding tissues and become disfiguring. Dermatologists almost always recommend removing them. Standard treatments depend on the size, type, location and depth of the tumor and the patients age. They range from topical creams to burning, freezing, and Mohs surgery, where layers of tumor-containing skin are progressively removed until no cancer remains. Radiation has also been used for decades, typically for skin cancers that are hard to reach, for patients who can’t tolerate surgery, or in addition to surgery for high-risk lesions. Those treatments usually take place in a hospital or radiation oncology center, with lead-lined rooms and linear accelerators. The new eBx treatment uses a miniaturized X-ray source in a small mobile unit that can be wheeled from room to room in a doctor’s office. Radiation is delivered directly to the cancer site by a mechanical arm with minimal shielding so the therapist can stay by the patient’s side. Rick Cox, of Cave Creek, Ariz., paid $8,000 for radiation instead of having surgery. Photo: Judy Cox Xoft, whose Axxent eBx device is the market leader, estimates that about one-third of patients with non-melanoma skin cancers—more than 1 million a year—are potential candidates for the new treatment, including those whose cancers are in prominent places like the eyes, ears and nose. Tumors must be less than four centimeters wide and no more than five millimeters deep for eBx treatment, Xoft says. “We have a great, nonsurgical, painless alternative to what can be a very time-consuming and painful procedure, and we are getting very effective clinical outcomes,” says Ken Ferry, CEO of Xoft’s parent company iCAD Inc. He says Xoft has sold about 100 units, mostly to dermatology practices, since 2011, although the company and some states require that a radiation oncologist administer the treatment. Elekta Inc., a large Swedish maker of radiation equipment, has a competing device called the Esteya. It has installed fewer than 25 to date in the U.S., says Jay Hoey, president and CEO of Elekta Holdings, North America. Both companies say research from older treatments shows that radiation is safe and effective for non-melanoma skin cancers. Mr. Ferry says that in six studies to date, some 1,300 patients, with 1,900 lesions, have been treated with eBx, and some have been followed for as long as four years. The most common side effects are temporary redness, dryness, itching, soreness and blistering. Only nine recurrences of the skin cancer have been reported. Some dermatologists say the experience with older radiation treatments isn’t comparable, adding that the median follow-ups in the eBx studies are just a few months. Skin cancer recurrences and severe side effects can take four or more years to appear. One concern is that skin subjected to radiation can turn white and develop fibrous tissue that tightens, thickens and blocks blood supply. Radiation itself can cause secondary cancers decades later. “I have 70- and 80-year-old patients with extensive skin cancers where they had radiation for acne when they were kids,” says Jack Resneck, a professor of dermatology at the University of California, San Francisco, who co-wrote the JAMA Dermatology editorial. “The younger you are when you are treated, the longer you have to develop those secondary cancers.” Ajay Bhatnagar, a radiation oncologist in Casa Grande, Ariz., who has led several eBx studies and receives research funds from Xoft, says he turns away patients under age 50 due to the risk of secondary cancers, although he notes the risk is low, at only about 0.1% a year. Mohs has disadvantages, too, including scars and the need for reconstructive surgery in some cases, says Christopher Zachary, a professor of dermatology at University of California, Irvine, whose practice offers both Mohs and eBx. “There are patients in their 70s and 80s who say, ‘Stop. I don’t want to have any more cutting. I’ve had enough,’ which is not unreasonable,” he says. He is planning to lead a multi-center randomized trial treating 500 patients with either Mohs or eBx with a five-year follow-up. The cost issue is more complicated. The eBx treatment has a temporary billing code originally used for breast and brain radiation, for which Medicare pays $770 to $1,600 per treatment. With 8 treatments per skin cancer, plus facility and other fees, practices can earn as much as $24,000 per patient, according to a Xoft analysis provided to inquiring dermatologists. By contrast, older forms of radiation for skin cancer are reimbursed as little as $27 a treatment. Medicare reimbursement for Mohs surgery and repair is typically less than $2,000, dermatologists say. As of now, Medicare covers eBx in 21 Western and Midwestern states. It covers the treatment on a case-by-case basis in Texas and the South and doesn't cover it in Florida or New England, where it is more difficult to find. Private insurance coverage also varies. The American Academy of Dermatologists is concerned that such high reimbursement rates for eBx could draw scrutiny from government regulators. ASTRO, the professional organization for radiation oncologists, is also wary. “We think radiation has a valuable role in the treatment of selected skin cancers,” says the group’s president-elect David Beyer. “But you as a consumer should get the treatment that’s best for you, not best for your doctor.” Mrs. Weiser, who paid only $90 for the treatment after Medicare and supplemental insurance, is convinced that eBx was best for her. “If I can possibly avoid Mohs surgery again, I will,” she says. Another veteran of many skin cancers, Rick Cox, age 62, of Cave Creek, Ariz., paid $8,000 out of pocket for eBx rather than have surgery, and a possible skin graft, on his nose. He is so happy with the results he now hands out brochures about it to all of his friends. Write to Melinda Beck at HealthJournal@wsj.com Corrections & Amplifications Approximately 10,000 patients have had skin cancers treated with Xoft’s eBx to date, including 1,300 followed in six studies, and the risk of secondary cancers is approximately 0.1% per year. An earlier version of this story erroneously said that the 1,300 patients followed had been treated to date, and that the risk of secondary cancers is 1% per year. (April 6, 2015)"
fakehealth,story_reviews_01206,0,1,1,1,0.55310374,0.9692481,"Parkinson’s disease is a progressive neurological disease that causes symptoms including muscle tremors, shaking, and stiffness. The cause of the disease is unknown, and the risk of developing it increases with age. ""This is the first study in humans to examine the association between flavonoids and risk of developing Parkinson's disease ,"" says researcher Xiang Gao, MD, PhD, of the Harvard School of Public Health in Boston, in a news release. ""Our findings suggest that flavonoids, specifically a group called anthocyanins, may have neuroprotective effects. If confirmed, flavonoids may be a natural and healthy way to reduce your risk of developing Parkinson's disease ."" A new study shows men who ate the most foods rich in a group of antioxidants known as flavonoids were 35% less likely to develop Parkinson’s disease than those who ate the least. Major dietary sources of flavonoids include berries, apples, tea, red wine, chocolate , and citrus fruits. Feb. 14, 2011 -- Incorporating berries and other fruits in your diet may pay off by reducing the risk of Parkinson’s disease. Berries Blunt Parkinson’s Disease Risk The study, to be presented in April at the annual meeting of the American Academy of Neurology in Honolulu, looked at the relationship between flavonoid intake and Parkinson’s disease in 49,281 men who participated in the Health Professional Follow-up Study and 80,336 women who participated in the Nurses’ Health Study. The participants were followed for 20-22 years and filled out questionnaires about the foods they ate. Researchers calculated total flavonoid intake based on the participants’ consumption of five flavonoid-rich foods included on the questionnaires: tea, berries, apples, red wine, and oranges/orange juice. The results showed that men who ate the most foods rich in flavonoids had a 35% lower risk of Parkinson’s disease compared with those who ate the least. No link between overall flavonoid consumption and Parkinson’s disease risk was found in women. But when researchers looked at specific sub-groups of flavonoids, they found both men and women who ate the most foods rich in anthocyanins, which are found primarily in berries and apples, had a 22% lower risk of Parkinson’s disease compared to those who ate the least. The study doesn’t prove that berries (or flavonoids in any other food) prevent Parkinson’s disease. This was an observational study and therefore can’t establish cause and effect. Nor is it clear why the results differed for men and women. This study will be presented at a medical conference. The findings should be considered preliminary as they have not yet undergone the ""peer review"" process, in which outside experts scrutinize the data prior to publication in a medical journal."
fakehealth,story_reviews_00739,0,1,1,1,0.7987545,0.7411134,"Andrew Scrivani for The New York Times Eating walnuts may reduce the risk for Type 2 diabetes in women, a large new study concludes. Previous studies have suggested an inverse relationship between tree nut consumption and diabetes. Though the findings are correlational, walnuts are uniquely high in omega-3 and omega-6 fatty acids, which may be of particular value in Type 2 diabetes prevention. The scientists, writing in the April issue of The Journal of Nutrition, used dietary and health data on 138,000 women participating in a large continuing study of women’s health. Beginning in 1999 they collected data on walnut consumption, and followed the women for the next 10 years. They found 5,930 cases of Type 2 diabetes. Women who ate walnuts tended to weigh less, consume more fish and exercise more than those who did not. But researchers controlled for these and many other factors, and found that compared with women who ate no walnuts, those who consumed 8 ounces of walnuts or more a month reduced their risk for Type 2 diabetes by 24 percent. “There’s been a lot of research on nuts in general in relation to cardiovascular health,” said the senior author, Dr. Frank B. Hu, a professor of medicine at Harvard. “This is the first on walnuts and diabetes. Walnuts may have some unique benefits.” The study was supported with grants from the National Institutes of Health and the California Walnut Commission."
fakehealth,story_reviews_01559,0,1,1,1,0.5928851,0.9203433,"WASHINGTON (Reuters) - A drug approved to treat a range of conditions may also work to prevent lung cancer in people who have given up smoking, U.S. researchers reported on Tuesday. The drug, called iloprost, is approved in inhaled forms to treat pulmonary hypertension, when blood pools near the lungs, a connective tissue disease called scleroderma and a nerve condition called Raynaud’s phenomenon. Dr. Robert Keith of the Denver Veterans Affairs Medical Center and colleagues tested an oral version to see if it might prevent lung cancer in smokers and former smokers. “Oral iloprost showed promise for preventing lung cancer in former, but not current, smokers in a phase II clinical trial,” they wrote in a summary presented to a meeting of the American Thoracic Society in New Orleans. Iloprost is a version of prostacyclin, a drug in the prostaglandin class that prevents lung cancer in mice. Keith, who has been testing several drugs to prevent lung cancer, looked at biopsies taken from the lungs of 125 current and former smokers. They treated half with placebo and half with iloprost, and then performed bronchoscopy examinations to assess precancerous changes in the lungs. Six months later, “former smokers showed significant improvements on all measures, indicating that treatment with iloprost may reduce the risk of developing lung cancer among former smokers,” the researchers said. “Interestingly, current smokers did not show any significant improvements,” they added. “Oral iloprost significantly improves endobronchial dysplasia in former smokers and deserves further study to determine if it can prevent the development of lung cancer.” ITALIAN RESEARCH Swiss drug maker Actelion markets inhaled iloprost under the brand name Ventavis. It is also sold in an intravenous form under the trade name Ilomedin by Schering, acquired by Merck. In April, researchers said a natural supplement derived from food, called myo-inositol, seems to stop the precancerous changes that lead to lung cancer. Cigarette smoke causes 90 percent of all cases of lung cancer, which kills 1.2 million people a year globally. But only about 10 percent of smokers ever develop lung cancer, although they often die of other causes like heart disease, stroke or emphysema. Separately, Italian researchers reported that advanced lung cancer patients given the targeted therapy drug Tarceva as so-called maintenance treatment — after they finished a course of standard chemotherapy — lived a little bit longer. Federico Cappuzzo from Ospedale Civile di Livorno in Italy and colleagues did a phase 3 trial in 889 patients who had already had chemotherapy and whose tumors had not come back. They received either Tarceva, a drug sold by Roche and OSI Pharmaceuticals and known generically as erlotinib, or a placebo until they got worse or died. The patients who got Tarceva lived a little longer without their tumors growing — 12 weeks versus 11 weeks on average and they lived a month longer on average — 12 months versus 11 months. This was seen even among patients who did not have the EGFR genetic mutation that Tarceva targets, they reported in Lancet Oncology. Fewer than half of all lung cancer patients who do well after a first course of chemotherapy get more treatment, but the Italian group said their study shows this is worth doing."
fakehealth,news_reviews_00414,1,0,0,0,0.36896667,0.001191524,"Newswise — Chicago — A single breath may be all it takes to identify the return of lung cancer after surgery, according to a study posted online today by The Annals of Thoracic Surgery. Exhaled breath contains thousands of volatile organic compounds (VOCs) that vary in composition and pattern depending on a person’s health status. A subset of four VOCs—called carbonyl compounds because of their carbon base—have been discovered in the exhaled breath of lung cancer patients. Being able to identify this lung cancer “signature” through a simple breath test has emerged as one of the most promising ways to diagnose the disease. Now the test is being used to monitor for disease recurrence. Erin M. Schumer, MD, MPH, Victor van Berkel, MD, PhD, and colleagues from the University of Louisville analyzed breath samples collected before and after surgery from 31 lung cancer patients and compared their carbonyl VOCs levels with samples from 187 healthy patients. The researchers found a significant decrease in overall carbonyl VOC levels following surgery; in fact, three of the four carbonyl VOCs normalized after surgery, matching levels in the control group. “The rapid normalization of almost all of the four compounds after surgery provides strong evidence that they are directly produced by the tumor environment,” said Dr. Schumer. “This study confirms that the technology is accurate.” Lung cancer is the leading cause of cancer death. The American Cancer Society (ACS) estimates that more than 224,000 Americans will be diagnosed with lung cancer this year, and more than 158,000 lung cancer patients will die—that translates to 433 lung cancer deaths per day in the United States. Dr. Schumer said those grim statistics underscore the need for early detection, “We hope that breath analysis will allow us to diagnose patients with primary or recurrent lung cancer long before they suffer from symptoms, when we have more options for treating them, giving them the best chance for cure.” Currently, lung cancer patients are followed after surgery with chest computed tomography (CT) scans, which can be inconvenient, expensive, and expose the patient to radiation. “We hope that the breath analysis can serve as the primary screening tool for cancer recurrence and a CT scan ordered only if the breath test suggests that there has been a change,” said Dr. van Berkel. How the Breath Test WorksThe process of breath analysis is relatively simple. The patient blows a single breath into a specialized balloon. The balloon is then connected to a pump that pulls the breath over a small microchip (smaller than a quarter), trapping the chemicals. The microchip is sent to the lab, where the chemicals are analyzed within hours. Breath collection can be performed in the doctor’s office. The pump is reusable; the balloon, microchip, and lab test together cost around $20, all supporting the increasing acceptance of breath tests as a cost-effective, easy-to-perform, non-invasive, and rapid option for the diagnosis of lung cancer. “The great potential with breath analysis is detecting lung cancer at any point, both as a primary screening tool and to follow patients after disease has been treated,” said Dr. van Berkel. “The technology is pretty robust. Our next step is getting approval from the FDA.” ### Schumer E, Black M, Bousamra M, Trivedi J, Li M, Fu X, van Berkel V. Normalization of Exhaled Carbonyl Compounds Following Lung Cancer Resection. Ann Thoracic Surg 2016; DOI: 10.1016/j.athoracsur.2016.04.068. Note: This work was supported by the Coulter Foundation, V Foundation, National Science Foundation, and Bill and Melinda Gates Foundation. In addition, Drs. Bousamra, van Berkel, and Fu disclose a financial relationship with Breath Diagnostics, Inc. For a copy of The Annals article, contact Jennifer Bagley at 312-202-5865 or jbagley@sts.org. Founded in 1964, The Society of Thoracic Surgeons is a not-for-profit organization representing more than 7,200 cardiothoracic surgeons, researchers, and allied health care professionals worldwide who are dedicated to ensuring the best possible outcomes for surgeries of the heart, lung, and esophagus, as well as other surgical procedures within the chest. The Society’s mission is to enhance the ability of cardiothoracic surgeons to provide the highest quality patient care through education, research, and advocacy. The Annals of Thoracic Surgery is the official journal of STS and the Southern Thoracic Surgical Association. It has a 5-year impact factor of 4.104, the highest of any cardiothoracic surgery journal worldwide."
fakehealth,story_reviews_00528,0,1,1,1,0.66418284,0.99371827,"Dear Julia: How well do flu shots actually work? Just about every influential public health figure urges people to get their flu shots each fall as a necessary precaution during influenza season. So over dinner, I asked a couple of respected evidence-based medicine researchers what they thought of the vaccine. I was taken aback by their response. They basically laughed at the idea that the flu shot was particularly effective. This posed a conundrum. It seemed like there were two groups saying very different things. But after reviewing the research, I think I understand what's going on here. It's true that flu vaccines don't work spectacularly well, at least according to the best evidence we have (and most of the evidence on flu vaccines is of poor methodological quality). But the downsides to getting a vaccine are extremely minimal, and flu shots may still be helpful in reducing some illness and saving lives, which is why public health experts say you should get vaccinated anyway. Why the flu vaccine isn't always effective The flu vaccine has been our main strategy for warding off seasonal flu for more than 60 years. Seasonal influenza, which surfaces as a respiratory illness, is caused by influenza A and B viruses. The flu shot is designed to protect people against three or four strains of the A and B viruses that researchers believe will be most common that year, leading to the nasty fevers, headaches, coughs, and runny noses that make many people miserable in the fall and winter. The challenge, however, is that the flu virus is highly unstable, mutating all the time. So this means drug companies can't just make one kind of vaccine that'll last a lifetime. Every year, public health agencies essentially make educated guesses on what strains and mutations will make the rounds. And that's not easy. In February, the World Health Organization offers a prediction — based on surveillance and laboratory and clinical studies — and then each country uses that prediction to approve vaccines in its jurisdiction. (In the US, the Food and Drug Administration makes that final call.) The potential for error here can dramatically alter the effectiveness of the flu shot in a given season. If vaccine makers prepare for one combination of viruses and different ones end up circulating widely, the vaccine won't work that well. This may help explain why the evidence on the effectiveness of flu shots is relatively mixed. The Cochrane Collaboration, an independent nonprofit that reviews the evidence on medical questions, has conducted two major meta-analyses (looking at the results of lots of individual studies) on whether the shot prevents flu in healthy children and adults. In kids, the highest-quality evidence — a randomized controlled trial — suggests the vaccine works well enough: On average, if you give six kids under the age of 6 a flu shot, you can expect to prevent one case of the flu. For children under age 2, the benefits are less clear; the evidence, the researchers found, was scant, and of the research that was available, it seemed the efficacy of the shot was similar to placebo. In adults, however, the vaccine's effects are more modest. ""Depending on the season,"" explained Tom Jefferson, an author on these Cochrane reviews, ""you need to vaccinate anywhere between 33 and 100 people to avoid one set of symptoms."" In a good year, when the WHO guesses correctly and the flu shot matches the strains in circulation, you need to give 33 adults flu shots, on average, to prevent one case of illness. In a year when the WHO guesses badly, you need to vaccinate 100 people to prevent one flu case. Jefferson pointed out that his Cochrane review on adults also found that flu vaccination rates have barely any effect on the number of sick days taken and no major impact on rates of hospitalization. So, yes, the flu vaccine can prevent illness, but it's hard to detect major effects on public health in the data. On the other hand, the evidence suggests that there's no harm in getting a flu shot, either. The meta-analyses found no evidence of serious side effects beyond the odd case of soreness at the injection site. That seems to be the same conclusion that other studies have drawn — the flu vaccine is modestly helpful, and doesn't hurt. In 2012 researchers analyzed 15 meta-analyses on the flu shot and concluded, ""Most influenza vaccines have been shown to confer some protection against naturally acquired infection and no evidence for major harms has emerged."" One key caveat here is that the evidence, overall, is pretty poor quality. Most of these analyses rely overwhelmingly on observational studies, where researchers observe and gather data on people who take the flu shot compared with those who don't. Because these aren't experiments — ideally we'd have randomized controlled trials — they're more prone to bias and therefore less reliable. In the case of the elderly, the situation is particularly troublesome. As this Lancet study points out, because annual flu shots were recommended for the elderly since the 1960s, it has been unethical to conduct high-quality randomized controlled trials where you give only one group the shot in order to compare it with another group that didn't get the vaccine. So, as this Cochrane review notes, it's impossible to draw firm conclusions on the effectiveness of the flu vaccine for those over 65 because the data is so biased and poor. Again, though, this doesn't mean we should throw away the vaccine. Stanford researcher John Ioannidis told me how he makes sense of this issue after reviewing the evidence: ""Overall the flu vaccine is effective, and it does save lives. I cannot put an exact figure to how many, but it may well be millions of lives. Generally it is safe and rather cheap, so even if the effectiveness is less than optimal sometimes, overall it is a good deal."" Why people still bother to get the shot Despite the limited evidence of effectiveness, there are still good reasons why public health experts recommend the shot. For one, in those years when the WHO guesses correctly which strains will circulate, the shot tends to be a lot more helpful than some of these averages suggest. And the vaccine is overwhelmingly safe. There's also little by way of alternatives. Beyond public health measures (making sure you have good hand hygiene and avoiding the office when you're sick), the flu shot is the best medical intervention we have for preventing infection. So there's little downside with at least some potential benefit. I personally continue to get the flu shot for this reason. As Roger Baxter, the co-director of the Kaiser Permanente Vaccine Study Center, told me, ""Flu vaccines are not a panacea, and do not prevent all cases of flu, even in the best years, when there are no manufacturing problems and the match is perfect."" He continued: ""However, the vaccines provide moderate protection, and can prevent huge numbers of cases of this serious illness. Many studies have shown that the vaccines are very safe, so the benefit-to-risk ratio is high and the cost is relatively low."" Welcome to Dear Julia, a column where readers can submit everyday health questions. Which over-the-counter painkillers work best? Is it better to run or walk for exercise? How much harm does frequent flying do to your body? Julia Belluz will sift through the research and consult with experts in the field to figure out how science can help us live happier and healthier lives. Have a question? Use our submission form, or ask @juliaoftoronto on Twitter."
fakehealth,story_reviews_00881,1,0,0,0,0.27955425,0.011236347,"His ""tactile imaging system"" capitalizes on the fact that cancerous lumps tend to feel harder and less movable than harmless abnormalities such as fluid-filled cysts or fibrous nodules. The fist-sized, $1,000 machine — with an elastomer probe, a light, and a camera — acts like ultrasensitive fingertips. It measures the size, elasticity, and mobility of a breast lump, then a computer program converts the data into a score from 1 to 5, with scores under 2 likely to be benign."
fakehealth,story_reviews_01316,0,1,1,1,0.55451083,0.9896449,"A complex and expensive pacemaker-defibrillator can significantly improve the chance for survival among the tens of thousands of heart-failure patients with only mild symptoms, according to a major, multiyear clinical study. The research, regarded as likely to change medical practice, showed that the device to ""resynchronize"" the hearts of such patients lowered the death rate by 29% in such patients over 40 months, compared to those who had a standard defibrillator implanted. View Full Image Bloomberg News Medtronic, Boston Scientific and St. Jude Medical make the devices. Above, Medtronic offices in Minneapolis. The study, presented in Chicago at the American Heart Association meeting, was in part sponsored by device maker Medtronic Inc. of Minneapolis. But it would appear to apply to such devices also made by competitors Boston Scientific Corp. and St. Jude Medical Inc. The study's findings ""are indeed breathtaking,"" said prominent cardiologist Arthur J. Moss of the University of Rochester, in an editorial published online Sunday in the New England Journal of Medicine. The New England Journal also is publishing the study, which included 1,798 patients in Canada, Europe and Turkey. While apparently definitive, the study raised questions about who will be willing to pay for such devices. The devices cost up to $35,000, versus the roughly $25,000 cost of a standard defibrillator. Hospital and doctor fees can raise the total cost over $50,000. ""How is this going to get funded, and who's going to pay for it?"" asked Eric J. Topol, cardiologist and chief academic officer at Scripps Health in LaJolla, Calif. However, he noted that the reduced rate of hospitalizations in the study ""may actually present a net reduction in costs from a societal standpoint."" The research could provide a boost for the heart-rhythm device business, whose sales have flattened in recent years, although the increased cost is one factor that might limit such a sales increase. Another consideration Dr. Topol mentioned is an increase in immediate ""adverse events"" noted in the research, such as the dislodgement of the wire, or ""lead,"" connecting to the heart. Overall in this study, mild-to-moderate-symptom patients had a 25% relative reduction in death or heart-failure hospitalization with the pacemaker-defibrillators, compared with a standard defibrillator. (This was also a 7.1 percentage point ""absolute"" reduction in death and hospitalization—33.2% compared with 40.3%.) But it was the 29% reduction in deaths among the mild-symptom patients that many cardiologists focused on. Heart-failure specialists said the improvement appears to stem from a phenomenon called remodeling. This means that the device actually makes the otherwise-enlarged and weakened heart smaller and stronger. William T. Abraham, chief of cardiology at Ohio State University, said that with the lowered death rate, the devices will gain increased adoption despite the cost. ""There will be no way to keep the floodgates closed,"" he said. Dr. Abraham headed Medtronic's first study of such devices a decade ago. It's estimated that 22 million people world-wide have heart failure, a reduced pumping capacity of the heart that can lead to severe shortness of breath and frequent hospitalization. Of these, six million are in the U.S., and the cost of the disease in this country is about $40 billion. One reason for the high cost is that such patients can quickly wind up in the emergency room and hospitalized after a slight change in diet leads to fluid buildup in the lungs. Patients with reduced heart capacity tend to have fluid build up in their bodies. The complex pacemaker-defibrillator causes the heart's chambers to beat in a more coordinated fashion. Like a standard defibrillator, it can also ""defibrillate"" the heart, or administer a sharp shock to stop a lethal heart rhythm. Just over a month ago, Boston Scientific won federal approval to treat mild-symptom heart-failure patients with such devices. Medtronic is seeking such approval, but already sells it for more severe heart failure patients. But the study showed an increase in the number of device- or implantation-related complications within 30 days of implant: 118 among 888 patients with the new device, compared to 61 of 898 in the standard defibrillator group. The study's lead author, Dr. Anthony S.L. Tang of the University of Ottawa and the University of British Columbia, explained this is partly because there are more wires, or ""leads,"" in the body with the more complex device than with a standard defibrillator. Write to Thomas M. Burton at tom.burton@wsj.com and Jennifer Corbett Dooren at jennifer.corbett-dooren@dowjones.com"
fakehealth,news_reviews_00321,0,1,1,1,0.6467142,0.8226459,"A new Norwegian diet intervention study (FATFUNC), performed by researchers at the KG Jebsen center for diabetes research at the University of Bergen, raises questions regarding the validity of a diet hypothesis that has dominated for more than half a century: that dietary fat and particularly saturated fat is unhealthy for most people. The researchers found strikingly similar health effects of diets based on either lowly processed carbohydrates or fats. In the randomized controlled trial, 38 men with abdominal obesity followed a dietary pattern high in either carbohydrates or fat, of which about half was saturated. Fat mass in the abdominal region, liver and heart was measured with accurate analyses, along with a number of key risk factors for cardiovascular disease. ""The very high intake of total and saturated fat did not increase the calculated risk of cardiovascular diseases,"" says professor and cardiologist Ottar Nygård who contributed to the study. ""Participants on the very-high-fat diet also had substantial improvements in several important cardiometabolic risk factors, such as ectopic fat storage, blood pressure, blood lipids (triglycerides), insulin and blood sugar."" High quality food is healthier Both groups had similar intakes of energy, proteins, polyunsaturated fatty acids, the food types were the same and varied mainly in quantity, and intake of added sugar was minimized. ""We here looked at effects of total and saturated fat in the context of a healthy diet rich in fresh, lowly processed and nutritious foods, including high amounts of vegetables and rice instead of flour-based products,"" says PhD candidate Vivian Veum. ""The fat sources were also lowly processed, mainly butter, cream and cold-pressed oils."" Total energy intake was within the normal range. Even the participants who increased their energy intake during the study showed substantial reductions in fat stores and disease risk. ""Our findings indicate that the overriding principle of a healthy diet is not the quantity of fat or carbohydrates, but the quality of the foods we eat,"" says PhD candidate Johnny Laupsa-Borge. Saturated fat increases the ""good"" cholesterol Saturated fat has been thought to promote cardiovascular diseases by raising the ""bad"" LDL cholesterol in the blood. But even with a higher fat intake in the FATFUNC study compared to most comparable studies, the authors found no significant increase in LDL cholesterol. Rather, the ""good"" cholesterol increased only on the very-high-fat diet. ""These results indicate that most healthy people probably tolerate a high intake of saturated fat well, as long as the fat quality is good and total energy intake is not too high. It may even be healthy,"" says Ottar Nygård. ""Future studies should examine which people or patients may need to limit their intake of saturated fat,"" assistant professor Simon Nitter Dankel points out, who led the study together with the director of the laboratory clinics, professor Gunnar Mellgren, at Haukeland university hospital in Bergen, Norway. ""But the alleged health risks of eating good-quality fats have been greatly exaggerated. It may be more important for public health to encourage reductions in processed flour-based products, highly processed fats and foods with added sugar,"" he says. ### Facts: The FATFUNC-study"
fakehealth,story_reviews_01538,0,1,1,1,0.6640211,0.9984017,"A swollen lymph node on the neck was the only symptom Karen Anderson noticed. The 47-year-old pre-school teacher from Eugene was stunned when her biopsy came back positive for melanoma –the most life-threatening form of skin cancer. Malignant cells had spread throughout her body. Surgeons removed affected lymph nodes but within months tumors appeared in her liver, breast, skull and other lymph nodes. ""My oncologist said this is going to kill you and you need to think about preparing for that,"" Anderson says. Two years ago, she gained access to an experimental immune-enhancing treatment in clinical trials at Providence Cancer Center in Portland. Called ipilimumab, it unleashes an all-out immune system attack on cancer cells. At first, the injections caused only side-effects: widespread itching, fatigue, and diarrhea. Worse, Anderson says, ""I could feel the tumors getting bigger. They felt hot to me."" Then after several months the tumors began to shrink. After one year, the once palpable tumors were no longer detectable in diagnostic scans. While far from a cure, the treatment is the first to improve survival in people with melanoma that has spread, or metastasized, says Dr. Walter Urba, director of cancer research at the Providence Cancer Center. Urba is a co-author of the on ipilimumab published in the New England Journal of Medicine Saturday. Success in a cancer as deadly and difficult to treat as advanced melanoma is raising hopes that the treatment may also prove useful in staving off other tumors, including lung and prostate cancer. Drug companies are racing to develop competing versions of the immune-enhancing therapy, an antibody produced through genetic engineering. ""I would not be here today without it,"" says Anderson, who is undergoing a second round of treatment for resurgent tumors. ""It's given me time with my kids, my husband, my family – and it's been quality time."" Melanoma is a rare skin cancer, but accounts for most of the 66,000 annual deaths from skin cancer worldwide. If caught early, before cancer cells break off and spread, surgery can stop melanoma. But most people diagnosed after melanoma has metastasized die within a year. ""For years and years, we've been looking for an effective therapy,"" Urba says. Ipilimumab, nicknamed Ippy, is one of the first antibody-based therapies that use the body's immune defenses to destroy cancer cells. The antibodies bind to a specific protein studding the surface of T cells, immune system cells that seek and destroy virus-infected and cancerous cells. The surface protein works like a switch, inactivating T cells after a few days to prevent the immune system from running amok and destroying healthy tissue. The antibodies temporarily jam the switch, allowing T cells to continue attacking cancer tissue for weeks or months – for as long as patients continue to receive injections of the engineered antibody. More than 600 melanoma patients took part in the ipilimumab clinical trial at 125 cancer centers in 13 countries. All patients had inoperable cancers with widespread tumors after conventional treatment. Some patients received ipilimumab alone, others it combined with a cancer vaccine called gp100, and a third group received only the cancer vaccine. Ipilimumab appeared to double survival compared with the gp100 vaccine alone. After one year, nearly half of patients given ipilimumab alone or in combination remained alive, compared with one quarter of patients given only the vaccine. After two years, 24 percent of patients treated with ipilimumab were alive, 22 percent of patients treated with the combination, while survival dropped to 14 percent among patients treated with the vaccine alone. ""Some of the people are now out 44 months and still remain free of disease,"" Urba says. Serious side effects also became clear. Nearly two-thirds of patients on ipilimumab experienced side effects caused by over-active immunity, such as severe itching, intestinal irritation and diarrhea. Researchers linked 14 deaths to the study drugs, half caused by immune-system reactions. Still, the study stands as ""a major landmark in cancer immunotherapy,"" says Dr. Bernard Fox, president of the International Society for Biological Therapy of Cancer. He says the results highlight the potential for using the same approach to treat other cancers. Already, early studies in patients with lung cancer and prostate cancer have produced positive, though inconclusive results. ""There is no reason it can't be applied to any of the common tumor types,"" Urba says. ""They all have antigens on their surface that T cells can recognize."" Ongoing trials are testing ipilimumab with other cancer drugs, in different doses and against different cancers. Drug company Bristol-Myers Squibb told investors the drug could gain regulatory approval as early as next year and become available to cancer patients in 2012. Ipilimumab was developed by Medarex, a New Jersey company owned by Bristol-Myers Squibb. Other drug companies are at work on competing versions of the immune-enhancing antibody therapy. For now, federal regulators have authorized to people who have serious or immediately life-threatening, inoperable melanoma that has spread, who have no alternative treatment options, and whose physicians believe the drug is appropriate. Providence Cancer Center is the only site in Oregon offering compassionate use of the drug. The Northwest's other participating centers are the Seattle Cancer Care Alliance and Swedish Cancer Institute in Seattle, Providence Cancer Center in Spokane, and Multicare Health System in Tacoma. --"
