dataset,record_id,label,tfidf_prediction,biobert_prediction,pubmed_prediction,biobert_prob_1,pubmed_prob_1,text
healthfact,29144,0,1,0,0,0.46930176,0.001165062,Queen Elizabeth II wore a Burmese Ruby Tiara as a slight against U.S. President Donald Trump.
healthfact,9960,0,1,0,0,0.30744505,0.0011063658,Scientists look to stem cells to mend broken hearts
healthfact,10970,1,0,1,1,0.88206154,0.999749,"To reverse damage of sitting, take a brisk, hour-long walk"
healthfact,22800,1,0,1,1,0.72119087,0.6911326,The city of Atlanta has $56 million in its reserves.
healthfact,5571,1,0,1,1,0.9912623,0.9996426,CVI: The impairment affecting children whose eyes are fine.
healthfact,28092,1,0,1,1,0.5821323,0.7707913,Immigration authorities are taking rosaries away from immigrants at the border.
healthfact,33983,0,1,0,0,0.17753959,0.00057671155,NASA and NOAA faked climate data in the GISTEMP global temperature record to exaggerate global warming.
healthfact,15867,0,1,0,0,0.44172758,0.0047464003,"Drug Policy Alliance Says Debbie Wasserman Schultz ""voted repeatedly to send terminally ill patients to prison."
healthfact,2654,1,0,1,1,0.9989599,0.99990773,French breast implant boss arrested.
healthfact,33361,0,1,0,0,0.11694245,0.0010344194,"HIV-positive basketball star Earvin ""Magic"" Johnson donated blood to patients with leukemia."
healthfact,29946,0,1,0,0,0.4169648,0.010761766,U.S. Representatives Rashid Tlaib and Ilhan Omar co-sponsored legislation to recognize Muslim holidays as federal holidays.
healthfact,25743,0,1,0,0,0.43845227,0.0005932056,The coronavirus has seen a “big surge in New Zealand. It's terrible. We don't want that.
healthfact,29548,0,1,0,0,0.26667824,0.010402521,"Students at Emory University were offered ""emergency counseling"" after pro-Trump graffiti appeared overnight in campus ""safe spaces."
healthfact,31986,0,1,0,0,0.07342249,0.0014317489,"The term ""Black Friday"" originated with the practice of selling off slaves on the day after Thanksgiving."
healthfact,39292,0,1,0,0,0.19386904,0.00087089796,Pro-life activists say Girl Scout cookie sales benefit Planned Parenthood and have called for a boycott.
healthfact,30817,0,1,0,0,0.282253,0.00875582,Authorities in Kenya warned of a new outbreak of HPV that spreads through kissing and is deadlier than HIV/Aids.
healthfact,25301,1,0,1,1,0.50851005,0.9284207,"In the Illinois Legislature, Barack Obama ""voted 'present,' instead of yes or no"" on seven votes involving abortion rights."
healthfact,24475,0,1,0,0,0.20586574,0.0008354218,"The Baucus health care bill ""could be used to ban guns in home self-defense."
healthfact,12507,1,0,1,1,0.81984204,0.7419979,Planned Parenthood is the biggest abortion provider in the country.
healthfact,22704,1,0,1,1,0.8142713,0.93682665,"Of the top five cities for staged automobile accidents, three are in Florida. … We rank No. 1 in the country in staged auto accidents."
healthfact,11354,1,0,1,1,0.5916367,0.9976253,Stem Cell Research: The Quest Resumes
healthfact,7848,1,0,1,1,0.97891515,0.8747797,Five minutes in the green can boost self esteem.
healthfact,29768,0,1,0,0,0.07682238,0.0018057311,Dutch teen author Noa Pothoven was voluntarily euthanized.
healthfact,993,1,0,1,1,0.99351233,0.9998441,"In an impoverished Chilean suburb, a recycling drive flourishes."
healthfact,37509,1,0,1,1,0.7040718,0.99438184,"In January 2017, Dr. Anthony Fauci predicted a serious pandemic during U.S. President Donald Trump's tenure in office."
healthfact,9692,0,1,0,0,0.2281729,0.0076262467,Cortisol levels in children's hair may reveal future mental health risk
healthfact,2364,1,0,1,1,0.9923734,0.999777,Scientists grow viable vaginas from girls' own cells.
healthfact,26434,1,0,1,1,0.5281991,0.9990344,Virginia has “lagged behind other states when it comes to (covid-19) testing.”
healthfact,37884,1,0,1,1,0.5162086,0.99779034,"Although Georgia Gov. Brian Kemp ""opened"" the state, his mansion remained closed for tours during the COVID-19 pandemic."
healthfact,9853,1,0,1,1,0.51475453,0.99363554,Test may help predict colon cancer recurrence risk
healthfact,14124,0,1,0,0,0.4710705,0.004951154,"A three-cents-per-ounce soda tax in Philadelphia ""would result in the loss of 2,000 family-sustaining Teamster Union jobs and countless other jobs in the beverage industry."
healthfact,35972,1,0,1,1,0.8492361,0.9997727,Current expenditures could likely cover the estimated costs of Medicare for All.
healthfact,26961,0,1,0,0,0.084451854,0.00055264926,Event 201 “gave out stuffed souvenir coronavirus toys” to “commemorate” Novel coronavirus outbreak
healthfact,15378,1,0,1,1,0.53706867,0.99166894,"Hillary Clinton Says she ""called for addressing risks of derivatives, cracking down on subprime mortgages and improving financial oversight"" early on in the financial crisis."
healthfact,2591,1,0,1,1,0.988049,0.9997516,"For a full-body workout, drumming is the novelty to beat."
healthfact,13391,0,1,0,0,0.43250215,0.07861749,"Mike Coffman Says state Sen. Morgan Carroll's votes made ""it easier to sue doctors, small businesses, even nurses. Putting her own shady interests first."
healthfact,4122,1,0,1,1,0.9987012,0.99741423,"Cracking the mysteries of the elusive, majestic whale shark."
healthfact,30280,0,1,0,0,0.18403403,0.004555355,"The University of Louisville Hospital confirmed the deaths of 16 people from a rare strain of the ""HR3211 virus."
healthfact,33578,0,1,0,0,0.16528551,0.00069046975,"The web site Genpets.com sells mass-produced, bioengineered pets."
healthfact,14799,1,0,1,1,0.78402114,0.9969446,"Since 2004, more than 2,000 suspected terrorists have legally purchased weapons in the United States."
healthfact,37542,0,1,0,0,0.43562883,0.2335291,"A national four-week quarantine will start on April 1 2020, affecting the entire population of the United States."
healthfact,30693,0,1,0,0,0.20963693,0.00091981125,A tourist's unfortunate bout of stomach upset on a Spanish roller coaster splashed liquid fecal matter on other customers.
healthfact,24588,1,0,1,1,0.99079156,0.99906677,Preventive care does not save the government money.
healthfact,13129,1,0,1,1,0.79357815,0.99786633,"California has seen a ""56 percent decline in the gun murder rate"" since the 1990s."
healthfact,10848,0,1,0,0,0.11608469,0.0009382747,"Pfizer: New cancer pill gives hope, new strategy"
healthfact,35011,0,1,0,0,0.38585296,0.009885194,"A viral social media post in January 2020 represented an authentic, accurate ""health bulletin"" about the new coronavirus outbreak from an official public health authority."
healthfact,35014,0,1,0,0,0.37246004,0.0006767878,A coronavirus-related health advisory graphic issued by the World Health Organization warned against unprotected sex with farm animals.
healthfact,11440,0,1,0,0,0.2742339,0.00068774825,Anti-Gravity Treadmill helps injured get moving again
healthfact,11485,0,1,0,0,0.0786019,0.0011132599,New Portable Scanner for Breast Cancer
healthfact,2834,1,0,1,1,0.9825104,0.99989593,North Carolina ultrasound abortion law ruled illegal by judge.
healthfact,11332,0,1,0,0,0.033425543,0.0008067145,Researchers Develop Simple Paper Test That Quickly Diagnoses Illnesses by Changing Colour
healthfact,4855,1,0,1,1,0.99278426,0.9998884,US Sen. Reed wants to shorten the suicide prevention hotline.
healthfact,35602,0,1,0,0,0.054367214,0.0013524044,The common allergy drug Benadryl can be used to treat rattlesnake bites.
healthfact,8977,0,1,0,0,0.093268126,0.003435672,A brain injury diagnosed with a single drop of blood
healthfact,15067,0,1,0,0,0.34181148,0.006016859,"Pope Francis uses a modest compact car to get around, while Creflo Dollar drives an expensive sports car."
healthfact,9089,0,1,0,0,0.35965505,0.0006992858,Bodycad Announces First Use of Its Unicompartmental Knee System in Patients
healthfact,33568,0,1,0,0,0.30211213,0.0007792621,A megalodon capsized a South African charter vessel in April 2013.
healthfact,32860,0,1,0,0,0.066255175,0.0006601523,"Pantene shampoo and conditioner leave a build-up on hair that causes it to heat up and ""smoke"" when combined with highlight foils."
healthfact,9077,0,1,0,0,0.44661108,0.0016296268,On-and-off fasting helps fight obesity
healthfact,8426,1,0,1,1,0.9781365,0.99978787,'Stink flirting' is a thing - just ask a ring-tailed lemur.
healthfact,26382,0,1,0,0,0.28190684,0.00063510076,The existence of a canine coronavirus vaccine casts doubt on statements that there isn’t one for humans.
healthfact,3927,1,0,1,1,0.9898949,0.99992704,Chicago’s mayor says top cop drinking before incident in car.
healthfact,40645,1,0,1,1,0.51870584,0.96674806,"A prayer alert about Ryan Corbin, the grandson of singer Pat Boone. Ryan is described as being in a coma in Southern California with brain injury from a fall of three stories."
healthfact,9368,0,1,0,0,0.10089268,0.0017250461,Newly Identified Form of Vertigo Responds to Treatment
healthfact,3933,1,0,1,1,0.99906915,0.9999249,Health experts back treatment for kids with peanut allergy.
healthfact,30972,0,1,0,0,0.3294289,0.047913294,"The actor Nora Kirkpatrick ""played"" a victim as part of a fake terrorist bomb attack at Parsons Green in London."
healthfact,9995,1,0,1,1,0.7531063,0.99473155,"More evidence coffee, tea could prevent diabetes"
healthfact,1851,1,0,1,1,0.9968907,0.99984133,Want to quit smoking ? Try acupuncture or hypnosis.
healthfact,42004,0,1,0,0,0.18215494,0.0005752214,"Viral posts claim that climate change is a ""made-up catastrophe."
healthfact,22042,1,0,1,1,0.5268878,0.80062103,Sometimes I was the only 'no' vote on the entire board.
healthfact,10352,0,1,0,0,0.14520909,0.0008362991,"New Breast Reconstruction Technique Provides Better Outcomes, Less Discomfort for Women Recovering From Breast Cancer"
healthfact,9637,0,1,0,0,0.12938486,0.0006704876,Same-day hip replacements get patients back on their feet
healthfact,11003,0,1,0,0,0.15287487,0.006790057,Wrist replacement surgery is a last resort for those who wish to save hand’s range of motion
healthfact,3295,1,0,1,1,0.9987225,0.99990475,Christmas miracle for Florida dog whose heart stopped.
curated_health_claims,curated_0042,0,1,0,0,0.1547775,0.00058762985,High doses of vitamin C prevent the common cold entirely.
fakehealth,news_reviews_00011,1,0,1,1,0.58480746,0.9372601,"One day, MRI brain scans may help predict whether older people will develop dementia, new research suggests. In a small study, MRI brain scans predicted with 89 percent accuracy who would go on to develop dementia within three years, according to research at Washington University School of Medicine in St. Louis and the University of California San Francisco. The findings, presented Sunday, Nov. 25 at the Radiological Society of North America meeting in Chicago, suggest that doctors may one day be able to use widely available tests to tell people their risk of developing dementia before symptoms arise. ""Right now it's hard to say whether an older person with normal cognition or mild cognitive impairment is likely to develop dementia,"" said lead author Cyrus A. Raji, MD, PhD, an assistant professor of radiology at Washington University's Mallinckrodt Institute of Radiology. ""We showed that a single MRI scan can predict dementia on average 2.6 years before memory loss is clinically detectable, which could help doctors advise and care for their patients."" Alzheimer's disease is a progressive, irreversible brain disorder that destroys memory and thinking skills. The disease affects 5.5 million Americans, according to the National Institutes of Health (NIH). Neurologists can get a ballpark estimate of a patient's risk of Alzheimer's dementia using the Mini-Mental State Examination questionnaire, or by testing for the high-risk form of the gene ApoE, which increases a person's risk of Alzheimer's by up to 12-fold. Both tests were about 70 to 80 percent accurate in this study. Other assessments, such as PET scans for plaques of Alzheimer's proteins in the brain, are good at detecting early signs of Alzheimer's disease, but available to few patients. PET scans cost thousands of dollars and require radioactive materials not found in a typical hospital. MRI brain scans are widely available and give doctors a glimpse into what's going on inside a person's brain. Raji and colleagues at the School of Medicine including Tammie Benzinger, MD, PhD, a professor of radiology, Parinaz Massoumzadeh, PhD, and Adedamola Adedokun, as well as radiologist Pratik Mukherjee, MD, PhD, of the University of California San Francisco, analyzed MRI scans for physical signs of impending cognitive decline. They used a technique called diffusion tensor imaging to assess the health of the brain's white matter, which encompasses the cables that enable different parts of the brain to talk to one another. ""Diffusion tensor imaging is a way of measuring the movement of water molecules along white matter tracts,"" Raji said. ""If water molecules are not moving normally it suggests underlying damage to white tracts that can underlie problems with cognition."" Using information from the Alzheimer's Disease Neuroimaging Initiative - a multisite collaboration that pools data, funding and expertise to improve clinical trials for Alzheimer's disease - Raji and colleagues identified 10 people whose cognitive skills declined over a two-year period and matched them by age and sex with 10 people whose thinking skills held steady. The average age of people in both groups was 73. Then, the researchers analyzed diffusion tensor MRI scans taken just before the two-year period for all 20 people. The researchers found that people who went on to experience cognitive decline had significantly more signs of damage to their white matter. The researchers repeated their analysis in a separate sample of 61 people, using a more refined measure of white matter integrity. With this new analysis, they were able to predict cognitive decline with 89 percent accuracy when looking at the whole brain. When the researchers focused on specific parts of the brain most likely to show damage, the accuracy rose to 95 percent. ""We could tell that the individuals who went on to develop dementia have these differences on diffusion MRI, compared with scans of cognitively normal people whose memory and thinking skills remained intact,"" Raji said. ""What we need now, before we can bring it into the clinic, is to get more control subjects and develop computerized tools that can more reliably compare individual patients' scans to a baseline normal standard. With that, doctors might soon be able to tell people whether they are likely to have Alzheimer's develop in the next few years."" Although there are no drugs available yet to prevent or delay the onset of Alzheimer's disease, identifying those at high risk of developing dementia within the next few years could still be beneficial, the researchers said. People could make decisions on their financial and living arrangements while they are still in full control of their faculties. ###"
fakehealth,story_reviews_00555,1,0,1,1,0.6004394,0.7549787,"(Reuters) - Asterias Biotherapeutics Inc said initial data from a small study showed that its lead stem cell therapy could improve mobility in patients paralyzed by a spinal cord injury. Traders gather at the post that trades Asterias Biotherapeutics, Inc. on the floor of the New York Stock Exchange March 5, 2015. REUTERS/Brendan McDermid The company’s shares were up 25 percent at $5.26 in mid-day trading on heavy volumes. Shares of BioTime Inc, a company that owns nearly 70 percent of Asterias, were little changed at $3.07. The therapy, AST OPC-1, is the first product derived from human embryos to be tested on humans. Its success is a key step toward proving that embryonic stem cell research could cure diseases such as cancer, Parkinson’s and serious health conditions such immune deficiencies, stroke and spinal injuries. Data showed that the severity of the spinal injury was reduced in the first patient and two other patients were able to resume their rehabilitation programs soon after being injected with the stem cells. The early study tested the benefits of a smaller dose of 2 million stem cells that are tuned to develop into nerves. Asterias bought OPC-1 in 2013 from the erstwhile stem cell research leader Geron Corp, which decided to focus on developing cancer drugs. Geron chose to abandon its stem cell therapy in 2011 after such research got embroiled in the abortion debate, prompting many biotech companies to stay quiet about their research. Monday’s announcement was the first about the therapy in more than two years. In an early-stage study conducted by Geron, the therapy showed potential in repairing spinal injury in four of the five patients tested, without any adverse events. Asterias is looking to show recovery of mobility in four out of every 10 patients treated with OPC-1, compared with two out of 10 achieving the same level of improvement without any treatment, Chief Executive Pedro Lichtinger told Reuters in early August. Menlo Park, California-based Asterias expects to release complete safety data from the first half of the study later in the year. Lichtinger said he was confident the data would be positive but was not expecting miracles. “It is important to know that we do not expect patients to get up and play basketball,” he said. “But we do expect the patients to have significant improvements in mobility.” Nearly 30,000 Asterias’s shares were traded by 12:30 p.m. ET, or more than twice their 25-day average trading volume."
fakehealth,story_reviews_00156,1,0,1,1,0.5637521,0.999493,"Max, Rowan and Charlie Vertin’s muscles have been slowly collecting damage since the day they were born. Someday, they will not be able to walk. They will not be able to stand. Eventually, they will not be able to live. The brothers, ages 6 through 11, suffer from a debilitating and deadly genetic condition called Duchenne muscular dystrophy (DMD). Yet on September 28, Max, Rowan and Charlie Vertin got dressed up. In dark suits and blue shirts, with serious expressions on their round faces, they walked to stand next to their mother in a very beige room outside Washington, D.C. The people in that room, they believed, could change the course of their lives. For years, the Vertin brothers have been participating in a clinical trial for a new medication called ataluren, intended to keep the progression of their disease at bay. By October 24, they’ll know if they will be able to keep taking that drug. That is the deadline for the Food and Drug Administration to make a choice. The agency could approve the drug, allowing the brothers and others like them to continue to take it. Or it could reject the drug for the third time and throw them into an uncertain future. Keep up with this story and more by subscribing now An FDA committee has already voted that data about the drug’s effectiveness was inconclusive. The agency’s final decision almost always echos the decisions of its committees. So, if this were any other kind of drug at any other time in FDA history, the FDA’s final answer would be a very predictable no. If they do say no, the Vertins could lose access to the drug that has stabilized their condition. But there’s still a chance the FDA could approve the drug. Input from people affected by DMD may have convinced the agency once before to approve a drug for the condition despite iffy data. That is what the Vertins—and the company that produces the drug—are hoping will happen again. Courtesy of Betty Vertin Falling Behind “It started out so innocent,” his mother, Betty Vertin, told Newsweek. Max was a big infant, born 10 lbs, 3 oz and nearly two feet long. “When he was missing milestones, I just thought it was because it was a big baby.” Even doctors assumed that he would eventually catch up. But when he started preschool, the difference between Max and other children became more obvious. “When other kids were running and jumping and climbing, Max wasn’t doing those things. He was just behind, physically.” When Max was 4, in 2010, a genetic test confirmed that he had DMD. Betty had never heard of it. “Before we started living this life, I was clueless,” she said. DMD is one of a class of similar genetic disorders. About 15 boys out of every 100,000 in the United States under 24 years old have DMD or a milder form, called Becker muscular dystrophy. (Most of the children affected are boys.) The illness affects the way their legs, heart, and lungs work. Max’s diagnosis was devastating for Betty. “I feel like I walked into the room with a healthy four-year-old boy and I walked out with a child that was dying,” she said. But the family’s struggles with DMD were just beginning. At the time, Rowan was 2, and Betty suspected that he also had the disease; she’d seen how her son struggled to stand up onto a stepstool in the bathroom to brush his teeth. She was also ten weeks pregnant with Charlie. Genetic tests eventually confirmed both Rowan and Charlie also had DMD. Betty’s two daughters, Lexi, 16, and Mary, 2, as well as a fourth son, Chance, 10, do not. “I felt like we had a year and a half of the same horrible diagnosis over and over and over again,” she said. “It was the hardest 18 months I’ve ever had and I hope I ever had.” Courtesy of Betty Vertin via Facebook Still Walking DMD always results in muscle weakness due to a lack of a protein called dystrophin. Some of the newest treatments for the condition try to fix that. One drug, which the FDA approved in 2016, works for people whose illness springs from a mutation in the gene that codes for dystrophin. The drug, called Exondys 51 or eteplirsen, allows the genetic machinery that produces the protein to skip over the mutated part to make something that will work better. About 13 percent of people with DMD have this particular mutation, according to the FDA. The Vertin brothers are not among them; the drug shouldn’t help them at all. So they tried ataluren. (The drug’s brand name is Translarna.) The company that produces ataluren, PTC Therapeutics, says that its drug forces cells to make the proteins in spite of a different kind of mutation called a nonsense mutation. Instead of having an error in the protein, the protein is accidentally cut short. This is the kind of mutation that three of Betty Vertin’s children have. The Vertins have received the drug free through the clinical trial, and expenses for their trip from Nebraska to Washington, D.C. were paid by PTC Therapeutics. Ataluren works by ordering a cell to use a slightly different piece to build the protein—as if someone spray-painted the word “don’t” on the molecular version of a stop sign. Exactly how it does that is still mysterious. A paper published by the company’s scientists in the Proceedings of the National Academies of Science said it probably affected the ribosome, a key part of how proteins are put together in a cell. (Researchers not affiliated with the company did not find the same kind of activity.) Regardless of what mutation causes the illness, most people with DMD die in their 20s. Betty was told to expect her oldest son, Max, to be in a wheelchair full-time by the time he was 9 or 12. Max is 11 now. His 12th birthday is in early November. He uses an electric mobility scooter for long distances, but he can still walk. He rides a bike without training wheels and without any modifications. He has a part in a school play and goes up and down stairs to get to the stage. He even plays a trumpet in his school’s band. “He’s got the lung capacity to blow that thing, very loudly,” Betty said. For that, Betty credits ataluren, which Max started three years ago. “His life is—it’s not like his peers, but he’s getting a lot of the experiences that his peers are having,” she said. “He’s living a sort of a typical sixth-grade life and that diagnosis—I didn’t know what it would look like for him. I didn’t expect it to look like this.” Courtesy of Betty Vertin But not everyone considers ataluren to be a miracle drug—with good reason. The clinical trial results haven't been great. Most of the company’s studies tested how fast a child could go about 30 feet or walk up and down stairs, or how far they could walk in six minutes. They did see some slight positive results, many of which came from a study done with the specific kind of patient the company discovered benefited most in a previous trial. The FDA needs good data to make their decision, because when the agency approves a drug is sends a signal to the world. An approval is the FDA saying, “this drug is safe and effective. You could use it for your child, too.” PTC Therapeutics has tried to get FDA approval for the drug twice before. Both times the agency refused to even consider the application. This time, the application for approval was filed over the FDA’s protest. (The drug has been conditionally approved in Europe.) A Million Dollar Issue Part of the reason that the drug has struggled is because of this requirement: if the drug is effective, the data should show it. But that hasn't happened consistently with ataluren. Many of the clinical trials failed to satisfy the statistical requirement to prove a drug works—at least not for the main outcome the company was looking at. Other, secondary measurements did seem to have good statistics. Certain groups of children seemed to have better results than others, too. PTC Therapeutics founder and CEO Stuart Peltz says the statistics aren't a reason to reject the drug. Just because a drug doesn’t measure up in that way, he says, “doesn’t mean the drug is not effective.” But even if the FDA agrees to overlook some of the negative data about ataluren, insurers may not. That could be a million-dollar issue for the families with affected children. “If the evidence isn’t good, then insurance companies won’t pay for [drugs],” said National Center for Health Research (NCHR) president Diana Zuckerman. Two recently approved drugs have run into this problem: Spinraza, a drug for spinal muscular atrophy, and Exondys 51. Both drugs cost hundreds of thousands of dollars a year. Pharmaceutical companies traditionally will not discuss prices before drugs are approved; that said, ataluren costs about £220,000 in Britain. During clinical trials, participants like the Vertins normally do not pay for the treatment. The NCHR also presented at the FDA meeting in September to discuss ataluren, urging the agency to not approve the drug without more research. The organization’s statement also raised concerns about side effects associated with the drug, specifically about the chance that it raises blood pressure and cholesterol levels in children. The company says these shifts are small and ""not clinically significant."" In an e-mailed statement, FDA spokesperson Sandy Walsh confirmed that the FDA’s decisions are all “based on an assessment of the available data and whether the benefits of the drug outweigh its risks.” That data can include the experience of patients like Max, Rowan and Charlie. Courtesy of Betty Vertin via Facebook To Betty, the benefits are clear, even if they aren’t easily quantified. Rowan’s gait seems better. Max still doesn’t need to use a wheelchair all the time, bucking the prediction she heard when he was first diagnosed. However, financial analysts who track the biotech sector are not optimistic about ataluren’s immediate prospects. Matthew Eckler, a senior biotechnology analyst at RBC Capital Markets, said that analysts and investors are betting the FDA will not approve the drug. The FDA hasn’t said no yet. The agency still has nearly two more weeks to make a decision. Until then, Betty and her sons are living with a lot of uncertainty. “I’m really scared that my boys will have to go off [ataluren],” she said. Will they have access to the drug if it’s rejected? Would their conditions deteriorate if they didn’t? What other options do they have? Betty has no good answers. She is hoping she won’t need to come up with them. “DMD is a progressive disease, and my boys are stable,” Vertin said. “If we can just have a few more years with our boys or buy some time until there is a cure out there, that’s huge.” SaveSave"
fakehealth,story_reviews_00329,1,0,1,1,0.6507889,0.99935156,"The recommendations also support the position of the American College of Cardiology and the American Heart Association, which in 2013 radically shifted their advice from suggesting that doctors focus on the level of a patient’s low-density lipoproteins (LDL) or “bad cholesterol” to looking at a more comprehensive picture of risk based on things such as weight and blood pressure, as well as lifestyle factors. “People with no signs, symptoms, or history of cardiovascular disease can still be at risk for having a heart attack or stroke,” said Kirsten Bibbins-Domingo, who chairs the task force. AD AD The task force, which is made up of independent experts but commissioned by the government, concurred after a comprehensive review of the evidence on the topic determined that a broader evaluation of risk is needed. But it puts a greater emphasis on age than the ACC and AHA did in determining who might benefit from the medication in preventing heart attack or stroke. It is also slightly more conservative when it comes to determining the benefits of taking the medications, which include Lipitor, Crestor and Zocor. The new guidelines, published in the Journal of the American Medical Association, suggests that people ages 40 to 75 who have one or more risk factors — such as high cholesterol, high blood pressure, diabetes or smoking that put them at a 10 percent or greater risk of having a heart attack or stroke in the next 10 years — should be on statins. The group also said that people with a 7.5 percent to 10 percent risk “may also benefit” but did not definitively recommend they take them. “People in this group should make an individual decision with their doctor about whether to start taking statins,” the task force advised. AD AD In contrast, the ACC and AHA recommend that people with a 7.5 percent or greater risk take the drugs. Another important difference between the groups is that the task force withheld a recommendation about starting statins in adults who are 76 and older, saying that “the current evidence is insufficient to assess the balance of benefits and harms.” In a commentary accompanying the recommendations, Philip Greenland and Robert Bonow note that there is “uncertainty and hesitation” in the guidelines regarding older people but said it appears that it is not necessary to stop taking statins at age 76 if you are already on them. AD The task force and AHA groups carry tremendous influence in medical practice and in what insurance companies will cover. Medicare typically follows USPSTF guidelines in determining coverage and the Affordable Care Act specifies that USPSTF recommendations rated at the strongest levels must be used as a floor for coverage for private insurers. In the case of statins, this would apply to the use of the drug by those who are 40 to 75 years old with one or more risk factors for cardiovascular disease and who have a 10 percent or greater risk — but not those with 7.5 to 10 percent risk. Individual doctors are free to take the advice or leave it, and in recent months there has been a lot of debate about what the scientific evidence really shows regarding the therapy. There is a consensus among experts that people at substantial risk for heart disease benefit from statins but considerable disagreement about those at lower risk. Last month, National Institutes of Health Director Francis Collins wrote in the journal Lancet that “it’s a force for good.” But Rita Redberg, a cardiologist at the University of California at San Francisco and editor of JAMA Internal Medicine, and others have been vocal about their belief that the drugs are overprescribed and that the side effects — which range from muscle pain and cataracts to possibly an increased risk for diabetes in women — should be taken more seriously. AD AD In an opinion piece Sunday, Redberg and Mitchell Katz, deputy editor of JAMA Internal Medicine, advised everyone to take “a step back” and ask “why this debate is so contentious.” They suggest that the estimates of the benefits of statins may be inflated, that the drugs as an intervention are “weak,” and that the reports of adverse events are incomplete. “In deciding on any therapy, it is important to understand the risks and benefits, particularly for healthy people,” they wrote. The two U.S. guidelines are notably more aggressive in recommending drugs than reports issued by their counterparts in other parts of the world, including the Canadian Cardiovascular Society (which recommends statins in men 40 and older but only after age 50 in women, and the U.K. National Institute for Health and Care Excellence, which recommends discussing lifestyle modification before offering statin therapy). The European Society of Cardiology focuses more on managing LDL. AD AD Statins are among the best-selling drugs in the United States, with a 2011 study showing at least 32 million Americans were taking them. The 2013 ACC and AHA guidelines recommend an estimated 24 million more people should be on them. The task force’s recommendations come on the heels of an important new study, published Saturday, that shows that people who use statins survive heart attacks better than those who do not. They are more likely to not only get to the hospital and survive until they are discharged but also survive in greater numbers a year after their hospitalization than those who do not use statins. This post has been updated. Read more: AD"
fakehealth,news_reviews_00557,1,0,1,1,0.6388917,0.9946465,"A Veterans Affairs database study of more than 83,000 patients found that men whose low testosterone was restored to normal through gels, patches, or injections had a lower risk of heart attack, stroke, or death from any cause, versus similar men who were not treated. The study also found that men who were treated but did not attain normal levels did not see the same benefits as those whose levels did reach normal. The study was published online Aug. 6, 2015, in the European Heart Journal. The findings may sway the ongoing debate over testosterone therapy's benefits and risks, especially for the heart. Studies over the past few years have yielded mixed results, although part of that might stem from differing patient populations and research methods. For example, the new VA study excluded men with a history of heart attacks or strokes, although it did include those with existing heart disease. A much-cited VA database study that was published in JAMA in 2013 looked specifically at men with coronary artery disease; about 20 percent of the total study group of around 8,700 men had suffered a prior heart attack. So far, the medical community lacks results from any definitive clinical trial that might provide clear guidance. Meanwhile, the Food and Drug Administration issued guidance earlier in 2015 advising clinicians about the over-use of testosterone therapy, and pointing to a possible increased risk of heart attack and stroke. The new VA study is likely to draw attention because of its large size and relatively long follow-up period. Dr. Rajat Barua, the paper's corresponding author, says the study is also noteworthy because of its finding that administering the right dose is critical: Treating ""low T"" but not restoring levels to normal doesn't appear to impart much benefit, at least in terms of cardiovascular risk. Testosterone isn't prescribed with the goal of improving heart health, but that is a consideration in many cases. ""It is the first study to demonstrate that significant benefit is observed only if the dose is adequate to normalize the total testosterone levels,"" Barua and his coauthors wrote. ""Patients who failed to achieve the therapeutic range after testosterone replacement therapy did not see a reduction in [heart attack] or stroke and had significantly less benefit on mortality."" Barua is with the Kansas City (Mo.) VA Medical Center. He's also an assistant professor of medicine at the University of Kansas. The study team looked at national data on more than 83,000 men with documented low testosterone, all age 50 or above, who received care in VA between 1999 and 2014. The researchers divided the men into three clinical groups: those who were treated to the point where their total testosterone levels returned to normal (Group 1); those who were treated but without reaching normal (Group 2); and those who were untreated and remained at low levels (Group 3). Importantly, all three groups were ""propensity matched"" so the comparisons would be between men with similar health profiles. The researchers took into account a wide array of factors that might affect cardiovascular and overall risk. They included, for example, age, body mass index, various chronic diseases, LDL cholesterol levels, and the use of aspirin, beta blockers, and statins. The average follow-up across the groups ranged from 4.6 to 6.2 years. The sharpest contrast emerged between Group 1 (those who were treated and attained normal levels) and Group 3 (those whose low testosterone went untreated). The treated men were 56 percent less likely to die during the follow-up period, 24 percent less likely to suffer a heart attack, and 36 percent less likely to have a stroke. The differences between Group 1 and Group 2 (those who were treated but did not attain normal levels) were similar but less pronounced. Little difference emerged between Groups 2 and 3, except for a slight benefit in survival for those who were treated. Barua and colleagues say they don't know the exact reasons for testosterone's apparent benefits for the heart and overall survival. ""The mechanisms for these effects remain speculative,"" they write. Possible explanations, they say, could involve body fat, insulin sensitivity, lipids, blood platelets, inflammation, or other biological pathways. More research is needed, they say, to clarify how testosterone affects the cardiovascular system. While the new study results do seem to advocate for testosterone replacement therapy, Barua stresses the need for ""appropriate screening, selection, dosing, and follow-up of patients to maximize the benefit of testosterone therapy."" The authors also caution that ""off-label"" use remains a concern. In other words, doctors should not write a prescription simply because an older man is complaining of symptoms such as low energy and low sex drive. According to the FDA, ""Testosterone products are FDA-approved only for use in men who lack or have low testosterone levels in conjunction with an associated medical condition. Examples of these conditions include failure of the testicles to produce testosterone because of reasons such as genetic problems or chemotherapy. ... None of the FDA-approved testosterone products are approved for use in men with low testosterone levels who lack an associated medical condition."" ###"
fakehealth,story_reviews_00220,1,0,1,1,0.574051,0.9869631,"Wagler's pit viper THURSDAY, June 8, 2017 (HealthDay News) -- Scary pit vipers may need an image upgrade: Their venom might end up helping human heart patients, research suggests. Taiwanese scientists say a blood thinner drug based on venom from the Wagler's pit viper was effective in mice, and might prove safer than current anti-clotting meds for humans one day. The serpent-medicine connection isn't new, one cardiologist noted, since venom typically kills by disrupting the blood's clotting mechanisms. ""Blood thinner medications have a long and storied history with snake venom,"" said Dr Satjit Bhysri, a heart specialist at Lenox Hill Hospital in New York City. In fact, ""many current blood thinners are based on initial experiments from proteins found in snake venom,"" he added. In the new study, a team led by Tur-Fu Huang, a pharmacology researcher at National Taiwan University, focused on the venom of the Tropidolaemuswaglerix snake -- a Southeast Asian species known as Wagler's pit viper or the Temple viper. The snake's venom contains a protein called trowaglerix, the researchers explained. Designing a molecule based on trowaglerix, Huang's group was able to block GPVI -- a protein that sits on the surface of blood platelet cells and is crucial to allowing these cells to clump together and form clots. When mixed with blood, the new compound prevented blood cells called platelets from clotting. Also, mice that received the drug had slower blood clot formation than untreated mice, but the treated mice did not bleed longer than untreated mice. Still, experiments in animals often don't translate to success in humans, so further research is needed. Dr. Kevin Marzo is head of cardiology at NYU Winthrop Hospital in Mineola, N.Y. Reviewing the findings, he agreed that the drug under development may have merit. ""Many of the lifesaving drugs used in the treatment of heart attack patients work by inhibiting platelets and preventing blood clotting. However, it is often at the cost of serious bleeding complications,"" he said. ""The potential development of a new agent based on snake venom that could have similar beneficial effects on preventing blood clotting, and potentially cause less bleeding side effects, is an exciting discovery that warrants future investigation,"" Marzo added. The study was published June 8 in the journal Arteriosclerosis, Thrombosis and Vascular Biology. More information The American Heart Association has more on anti-clotting drugs."
fakehealth,story_reviews_01123,1,0,1,1,0.7763526,0.9812819,"By Amanda Gardner HealthDay Reporter TUESDAY, April 19, 2011 (HealthDay News) -- More evidence is emerging that women who take calcium supplements to prevent bone deterioration may, in fact, be risking their heart health. But even when added to previous studies with similar findings, the new conclusions don't necessarily mark a death knell for calcium supplements, say the authors of a study released online April 19 in the BMJ. ""There is a lack of consensus at the present time as to what recommendations should be regarding the use of calcium supplements,"" said study senior author Dr. Ian Reid, who fully expected that the new results will have a ""significant impact on recommendations."" ""Our own recommendation is to critically review the use of calcium supplements, since the data in this paper suggests that they do more harm than good,"" added Reid, who is professor of medicine and endocrinology at the University of Auckland in New Zealand. ""The cautious way forward seems to be to encourage people to obtain their calcium from the diet, rather than from supplements, since food calcium has not been shown to carry this increased risk of heart disease,"" Reid added. A recent meta-analysis done by the same group of researchers found a 27 to 31 percent increased risk of heart attacks in women taking calcium without vitamin D. Many older women take calcium supplements with or without vitamin D to keep their bones strong, especially since that has long been standard medical advice. In addition, the mammoth, U.S.-government funded Women's Health Initiative (WHI) earlier found no negative link between calcium and heart health. But, as the current authors point out, more than half of the women in that study were already taking their own calcium supplements on top of what they had been prescribed for the trial, which may have clouded the results. For this analysis, the authors looked only at the 16,718 women in the WHI who had not been taking personal calcium supplements before entering the trial. In this case, women who were randomized to take calcium and vitamin D as part of the study protocol had a modest 13 to 22 percent increased risk of cardiovascular problems, particularly heart attacks. Women in the control arm had no change in risk. The case against calcium became stronger when researchers added in data from 13 other, unpublished trials involving almost 30,000 women. Now the increased risk for heart attack was 25 to 30 percent and, for a stroke, 15 to 20 percent. While the authors speculate that an increased risk could be biologically plausible given that calcium is connected with hardening of the arteries, another expert thinks not. While calcium does tend to be a marker of inflammation, explained Dr. Philip Houck, assistant professor of internal medicine at Texas A&M Health Science Center College of Medicine, ""lesions with calcium are actually more stable so there's less of a chance of having a heart attack than in vessels that are less calcified."" Moreover, the results may have been statistically significant but that doesn't mean they're clinically significant, he added. ""If women have good reason to take calcium because their bones are thin, then they should not be afraid of taking the calcium,"" said Houck, who is also a cardiologist with Scott & White in Temple, Texas. Dr. Susan V. Bukata, associate professor of orthopaedic surgery at the University of Rochester Medical Center, said that the study really doesn't provide enough information to make a definitive conclusion. Nevertheless, accumulating evidence has her urging patients to get their calcium from their diet, rather than reflexively telling them to take 1,200 milligrams of calcium a day. ""With diet plus a supplement combined, women should be getting 1,000- to 1,500-milligrams a day,"" she said. And in an accompanying journal editorial, medical professors Dr. Bo Abrahamsen and Dr. Opinder Sahota wrote that due to study limitations, ""it is not possible to provide reassurance that calcium supplements given with vitamin D do not cause adverse cardiovascular events or to link them with certainty to increased cardiovascular risk. Clearly further studies are needed and the debate remains ongoing."" More information The National Osteoporosis Foundation has more on osteoporosis."
fakehealth,news_reviews_00042,1,0,1,1,0.5395942,0.955738,"An international team of researchers has developed a simple laboratory score that is safer and faster at diagnosing patients who visit the emergency department with heart attack symptoms. The score, published in CMAJ (Canadian Medical Association Journal), can also identify patients at risk of subsequent heart issues after discharge. ""We have developed a simple lab score that is superior to using cardiac troponin alone for the identification of patients at low and high risk for heart attack or death at emergency department presentation,"" say Dr. Peter Kavsak, McMaster University, Hamilton, Ontario. According to Professor Andrew Worster, also from McMaster University, ""This lab score may reduce both the number of blood tests and time spent in the emergency department for chest pain patients."" Patients with chest pain symptoms require multiple blood tests over several hours before a diagnosis is reached. Previous studies using high-sensitivity cardiac troponin alone to rule out and rule in heart attacks have not consistently demonstrated sufficient safety to use in clinical practice. In this international study, researchers from Canada, Australia, New Zealand and Germany combined common laboratory blood tests available at many hospitals around the world to create a single laboratory score, or clinical chemistry score, to diagnose heart attack. These blood tests are part of the World Health Organization's list of essential in vitro diagnostics tests for health care facilities with clinical laboratories. The researchers validated the clinical chemistry score as a predictor of heart attack or death within 30 days using data on 4245 patients from emergency department studies in the four countries. Within one month of the emergency department visits, 727 heart attacks or death in patients occurred. A negative (or low-risk) clinical chemistry score at emergency department presentation missed only one of these events compared with up to 25 missed heart attacks/death when using a high-sensitivity cardiac troponin test alone. A positive (or high-risk) clinical chemistry score also identified about 75% of patients at high risk of heart attack or death when positive compared with a low of 40% detected when the high-sensitivity cardiac troponin test alone was positive. The clinical chemistry score worked equally well in men and women. The authors suggest the score can be useful for standardizing diagnoses and improving safety. ""Adoption of the clinical chemistry score algorithm would standardize reporting of high-sensitivity cardiac troponin test results, how the tests are interpreted in the normal range, and represent an option less susceptible to both analytical and preanalytical errors. This could result in the safest laboratory approach for physicians to use at presentation in the emergency department,"" says Dr. Kavsak. ### The Canadian Institutes of Health Research funded the study with reagent support from Abbott Laboratories and Roche Diagnostics. ""Clinical chemistry score versus high-sensitivity cardiac troponin I and T tests alone to identify patients at low or high risk for myocardial infarction or death at presentation to the emergency department"" is published August 20, 2018."
fakehealth,story_reviews_00915,1,0,1,1,0.7047724,0.9944787,"En Español By Kathleen Doheny HealthDay Reporter WEDNESDAY, Feb. 22, 2012 (HealthDay News) -- Breast cancers in women aged 40 to 49 that are diagnosed by mammograms have a better prognosis than those detected by doctors or the women themselves, a new study indicates. ""They have an earlier diagnosis, earlier stage, better prognosis,"" said study author Judith Malmgren, an affiliated professor of epidemiology at the University of Washington School of Public Health and Community Medicine. She is also president of HealthStat Consulting Inc. in Seattle. The new study, like previous ones, re-ignites the ongoing debate about the best age to start routine mammograms and the best screening interval. It appears in the March issue of the journal Radiology. In 2009, the U.S. Preventive Services Task Force issued mammogram recommendations. It recommends women aged 50 to 74 who are at average risk for breast cancer have a mammogram done every two years. It also suggests that women aged 40 to 49 at average risk discuss the pros and cons with their doctors and decide on an individual basis if and when to start screening. Meanwhile, other organizations, including the American Cancer Society, recommend women begin mammograms at age 40 and continue to have them annually. Malmgren and her colleagues evaluated nearly 2,000 women who had breast cancer. All were aged 40 to 49 when they were treated between 1990 and 2008. The researchers looked at the method of diagnosis, whether by mammogram or if the cancer was found by the doctor or the woman. They also took these into account: the cancer's stage at diagnosis; type of treatment; annual follow-up; recurrence; and survival. Over the 18-year period, the number of breast cancers diagnosed at very early stages increased 66 percent, while the number of more advanced cancers (stage 3) decreased by 66 percent. Those whose cancers were detected by mammogram rose from 28 percent in 1990 to 58 percent in 2008. The number of cancers detected by doctor or patients declined from 73 percent in 1990 to 42 percent in 2008. Women whose cancers were detected by mammograms were more likely than the doctor- or patient-detected cancers to have lumpectomy or other breast-conserving surgery: 67 percent vs. 48 percent. The women whose cancers were detected by mammograms were less likely to be given chemotherapy. While 4 percent of women whose cancer was found on mammogram died during a follow-up period that ranged from one to 20 years, 11 percent of those whose cancers were found by the doctor or the women died. When the researchers looked only at invasive cancers, 92 percent of the women whose cancer was found on mammogram survived without recurrence at five years; 88 percent of the other group did. ""I don't think the U.S. Preventive Services Task Force is looking at the whole picture,"" Malmgren said. ""They are concentrating on the harms."" Among them, according to the 2009 guidelines, are false-positives, which can lead to anxiety and unnecessary biopsies. Malmgren, a breast cancer survivor, says more focus should be placed on the benefit of early diagnosis, because it often means less treatment is needed. There was a decrease found in cancers being diagnosed at later stages in those whose cancers were found on mammograms. ""That's where the money is,"" Malmgren said. Dr. Virginia Moyer, chair of the U.S. Preventive Services Task Force and a professor of pediatrics at Baylor College of Medicine, reviewed the study. ""The findings make sense,"" she said. They found that cancers can be detected earlier by mammogram. ""A screening test, if it can't find something earlier than [by] clinical presentation, is a poor test,"" she said. However, she said, the study does not provide support for all women aged 40 to 49 to have routine mammograms. When considering its recommendation, the task force took all available evidence into account, including published studies, Moyer noted. ""The data from randomized trials and modeling show there is a very modest improvement in mortality with mammograms from 40 to 49,"" she said. ""Because it is so modest and there are risks, people need to make their own decision,"" Moyer said. More information To learn more about mammograms, go to the U.S. National Cancer Institute."
fakehealth,story_reviews_00421,1,0,1,1,0.5454712,0.9734551,"About 800,000 people in the United States suffer from a stroke each year. Of those who survive, about 70 percent will be left disabled, making the cardiac event a major cause of adult disability. While there are therapies to help improve patients' mobility, they’re only effective within the first few hours of an event. Recently, researchers from the Stanford University School of Medicine have made it their mission to improve these outcomes. They hypothesized that injecting stem cells into the brains of chronic stroke patients would increase their survival rates. And in a clinical trial testing the technique, researchers found injections can safely improve patients' motor function. “What surprised us most was the remarkable recovery some patients had,” Dr. Gary Steinberg, professor and chair of neurosurgery at Stanford, told Medical Daily, “While we had hoped for that, we didn’t really expect it. Patients recover from strokes over the first six months, and then there’s very little recovery [after that]. You know, they go to rehab and there’s not much more [more] they can recover usually.” For the study, Steinberg and his team recruited 18 patients who had suffered their first and only stroke six months to three years prior to the trial. Each patient had a small hole drilled through their skulls in order for researchers to be able to inject stem cells taken from the bone marrow of two donors directly into parts of their brains that were damaged from stroke. After patients were sent home, researchers continued to monitor their health through blood tests, clinical evaluations, and brain imaging. Results showed that the implanted stem cells didn’t survive very long in the brain, disappearing about one to two months after injections; however, patients still showed significant motor recovery at six and 12 months post-surgery. Some of the patients bound to wheelchairs were even able to walk again. “The recovery some patients showed was not just minimal, it was significant,” said Steinberg, who has researched stem cell therapies for more than 15 years. “It wasn’t just someone who couldn’t move their thumb now being able to move their thumb, [it was more profound than that]."" The types of stem cells used, called mesenchymal stem cells, can differentiate into a variety of cell types. In other words, they are the precursors to muscle, fat, bone, and tendon tissue. Past research has shown that these cells can be used to treat the effects of hypoxic-ischemic encephalopathy, brain damage caused by loss of oxygen. In Steinberg's study, it did not “cause problems by differentiating into unwanted tissues or forming tumors.” And even when the stem cells came from an unrelated donor, the participants did not experience a strong immune reaction. Although more than 75 percent of patients reported suffering headaches afterward, the researchers said it was probably due to the surgical procedure rather than the stem cells themselves. Furthermore, there were no life-threatening effects linked to the procedure used to administer them. Motor improvement was also independent of the severity of the stroke patients’ conditions— an important detail considering older adults tend to respond less to treatment, the researchers said. In addition to setting the stage for an expanded trial of the procedure, the promising results also change “our notion of what happens after a stroke,” Steinberg explained. The findings suggest that stroke-damaged areas of the brain, once thought to be dead or irreversible, can actually be “resurrected.” Source: Steinberg G, Kondziolka D, Wechsler L, et al. Clinical Outcomes of Transplanted Modified Bone Marrow-Derived Mesenchymal Stem Cells in Stroke: A Phase 1/2a Study. Stroke. 2016."
fakehealth,news_reviews_00268,1,0,1,1,0.64677435,0.99770963,"Men who filled prescriptions for erectile dysfunction drugs in the years following a heart attack had a substantially lower risk of dying or being hospitalized for heart failure than men who did not use these drugs, according to a study scheduled for presentation at the American College of Cardiology's 66th Annual Scientific Session. The study, which retrospectively tracked more than 43,000 men for an average of 3.3 years, found that men prescribed phosphodiesterase-5 (PDE5) inhibitors--the type of erectile dysfunction drug sold under the names Viagra, Levitra, Cialis and others--after their first heart attack were 33 percent less likely to die from any cause. No survival benefit was seen among men taking alprostadil, another type of erectile dysfunction drug that works through a different mechanism. ""If you have an active sex life after a heart attack, it is probably safe to use PDE5 inhibitors,"" said Daniel Peter Andersson, MD, PhD, a postdoctoral researcher at Karolinska Institutet in Stockholm and the study's lead author. ""This type of erectile dysfunction treatment is beneficial in terms of prognosis, and having an active sex life seems to be a marker for a decreased risk of death."" The research is based on a Swedish national database of health records that includes all hospitals in Sweden. Researchers analyzed the records of men age 80 years or younger who were hospitalized for a first heart attack between 2007 and 2013. Tracking the men for an average of 3.3 years following this first heart attack, they compared outcomes among those who subsequently filled a prescription for a PDE5 inhibitor or alprostadil to those who did not. Overall just over 7 percent of men were prescribed an erectile dysfunction drug, 92 percent of whom were prescribed a PDE5 inhibitor and 8 percent of whom were prescribed alprostadil. After adjusting for cardiovascular risk factors including diabetes, heart failure and stroke, those taking PDE5 inhibitors were found to be markedly less likely to die than those taking alprostadil or no erectile dysfunction drugs. Filling more prescriptions for PDE5 inhibitors appeared to be associated with a greater benefit, although Andersson said that trend should be interpreted with caution because the study was not large enough for a definitive dose-response analysis. In addition to a decreased mortality, men using PDE5 inhibitors or alprostadil were 40 percent less likely to be hospitalized for heart failure compared to those not taking any erectile dysfunction drugs. Although the results provide evidence that PDE5 inhibitors may benefit heart health, the retrospective study design makes it impossible to ascertain direct cause and effect, Andersson noted. It is possible that using erectile dysfunction drugs simply indicates a more active sex life, which could itself contribute to, or be a marker of, a heart-healthy lifestyle overall. ""We think that if you have an active sex life it's probably an indicator of a healthy lifestyle, especially in the oldest quartile--those 70 to 80 years old,"" Andersson said. ""From the perspective of a doctor, if a patient asks about erectile dysfunction drugs after a heart attack and has no contraindications for PDE5 inhibitors, based on these results you can feel safe about prescribing it."" Andersson said the results came as a surprise because erectile dysfunction is associated with an increased risk of heart disease in otherwise healthy men. However, previous studies have associated the use of PDE5 inhibitors with a decreased blood pressure in the left ventricle, which reduces the amount of work required to pump blood and therefore could help explain why the drugs might benefit people with heart failure. PDE5 inhibitors were initially developed to treat angina, a type of chest pain that results from constricted arteries. The researchers also tracked the risk of a subsequent heart attack or cardiac revascularization procedure, such as angioplasty or coronary artery bypass but found the use of erectile dysfunction drugs had no effect on these outcomes. A limitation of the study is that the researchers did not assess the effects of untreated erectile dysfunction, or conversely, the effect of having an active sex life without taking erectile dysfunction drugs. The researchers also were unable to account for socioeconomic status; as a next step, they are planning a larger study that will include more health records and complete information on marital status, educational level and disposable income. They are also pursuing a separate analysis of outcomes from erectile dysfunction drugs in men with Type 1 and Type 2 diabetes. ### This study received funding from the Stockholm County Council and the Swedish Heart and Lung Foundation. Andersson will present the study, ""Association Between Erectile Dysfunction and Death or Cardiovascular Outcomes After Myocardial Infarction,"" on Friday, March 17, at 1:30 p.m. ET at Poster Hall C at the American College of Cardiology's 66th Annual Scientific Session in Washington. The meeting runs March 17-19. The ACC's Annual Scientific Session, which in 2017 will be March 17-19 in Washington, brings together cardiologists and cardiovascular specialists from around the world to share the newest discoveries in treatment and prevention. Follow @ACCCardioEd, @ACCMediaCenter and #ACC17 for the latest news from the meeting. The American College of Cardiology is a 52,000-member medical society that is the professional home for the entire cardiovascular care team. The mission of the College is to transform cardiovascular care and to improve heart health. The ACC leads in the formation of health policy, standards and guidelines. The College operates national registries to measure and improve care, offers cardiovascular accreditation to hospitals and institutions, provides professional medical education, disseminates cardiovascular research and bestows credentials upon cardiovascular specialists who meet stringent qualifications. Andersson will be available to the media in an embargoed web briefing on Tuesday, March 7, 2017, at 2 p.m. ET. Eligible media should register for ACC.17 to receive access to the briefing."
fakehealth,story_reviews_01271,1,0,1,1,0.52102685,0.9357241,"latimes.com/health/la-he-skeptic-telomeres-20101220,0,5791340.story By Chris Woolston, Special to the Los Angeles Times December 20, 2010 Advertisement We all know what aging looks like from the outside: wrinkled skin, gray hair, a growing need to turn up the volume on ""Jeopardy."" But in recent years, scientists have made some breakthrough discoveries about how we age on the inside, right down to our genes. The science of aging has created a glimmer of hope that we could someday slow the process — a dream that has already spread beyond the lab to the marketplace. Anti-aging research used to be mainly about finding new ways to get lab mice to take their vitamins. But if you visited a lab today, you'd be more likely to hear scientists talking excitedly about telomeres, protective strands of DNA at the end of chromosomes that seem to play an important — some would say crucial — role in aging. Whenever a healthy cell divides, the telomeres get a little shorter. In fact, you could tell a lot about the age of a person simply by looking at the length of his or her telomeres. Studies have found that in people older than 60, short telomeres are one sign that the end may be relatively near: Older people with short telomeres seem to be especially vulnerable to disease, including heart disease and infections. But telomeres aren't as reliable as a clock or even a tree ring. Recent studies suggest that you can help your telomeres stay relatively long and youthful if you get regular exercise, eat a healthful diet and avoid stress. At a time when people are willing to spend big bucks to look and feel younger, it's not surprising that telomeres have become a buzzword in the supplement industry. One expensive option, TA-65, supposedly works by stimulating telomerase, a natural enzyme that helps restore telomeres after a cell divides. (The TA stands for ""telomerase activator."") Created by Geron Corp., a biotech research company, TA-65 contains extracts of astragalus, an herb often used as an immunity-booster in traditional Chinese medicine. Although TA-65 is legally classified as a dietary supplement, TA Sciences, the company that bought the licensing rights from Geron, makes it available only through select doctors who have paid a fee and have passed a test on telomere biology. Seven doctors offer TA-65 in California, including two in Los Angeles, according to the company website. When TA-65 was first released in 2007, patients spent $25,000 a year on the supplement and accompanying tests. Now patients spend $1,200 to $4,000 for a six-month supply, depending on the dose. The company recommends taking the supplement for two years. Patients must spend an additional $500 on doctor's fees, and they have the option of spending several hundred to a couple of thousand dollars more on tests to check the results. Reneuve, a supplement sold online, supposedly lengthens telomeres by giving users an extra-large dose of telomerase. You won't see telomerase in the list of ingredients, but Reneuve does offer ""select proprietary glandular extracts"" from pig thymuses that provide ""enough telomerase enzyme for the cellular infrastructure of one adult."" A single 30-milliliter vial of Reneuve purchased through the company website costs $250. Users are instructed to drink the vial in a single sitting, perhaps with some Mountain Dew or Gatorade. The effects are said to last six months. Claims The TA Science website says the company ""is the first and only … in the world to offer Telomerase-Activating products to combat the effects of aging through leading-edge science."" Company founder Noel Patton says, ""Our product is not the fountain of youth. You won't miraculously turn into a 20-year-old again. But it is a fountain of youth for certain cells."" Specifically, Patton says, the product will ""strengthen and rejuvenate"" the immune system. He points to an unpublished company-run study that compared an astragalus supplement similar to TA-65 to a placebo in 36 men ages 60 to 85. The study reportedly found that men who took the supplement for six months developed stronger immune system cells, better eyesight, improved sexual satisfaction and younger-looking skin. He also says that tests paid for by patients show that the supplement improves bone density, cognitive function, cholesterol levels and control of blood sugar. The Reneuve website says the product uses "" Nobel Prize-winning technology to supply immune-system enhancing and anti-aging enzymes to the body."" It also says that, thanks to Reneuve, ""aging is now a choice, not a fact."" Rasjesh Sharma, the chief scientific officer of Reneuve, declined to be interviewed but said in an e-mail that the supplement helps replace the telomerase that people make naturally until they turn 25. The bottom line Dr. Richard Cawthon, who studies the link between telomeres and disease at the University of Utah School of Medicine in Salt Lake City, says he would love to take an anti-aging supplement, but he's not willing to part with several thousand dollars for TA-65. ""Even if I could afford it, it's still too early in the research,"" he says. The benefits for now are unclear, he adds, and there's still the possibility of undesirable side effects. As for Reneuve, ""that's nonsense,"" says Peter Hornsby, professor of physiology at the Barshop Institute for Longevity and Aging Studies at the University of Texas Health Science Center in San Antonio. Any enzyme in the supplement would be quickly broken down in the digestive system, he says. Research with mice suggests that telomerase is a double-edged enzyme. A study published in the journal Nature last month showed that activating telomerase seemed to reverse aging in decrepit mice that had been genetically engineered to lack a working version of the enzyme. But other studies have found that stimulating telomerase in mice raises the risk of cancer. (Patton says that, to his knowledge, no one has developed cancer while taking TA-65.) So far, TA-65 has been tested in just one published study (which is still one more than Reneuve). This year, Geron Corp. researchers reported in the journal Rejuvenation Research that TA-65 boosted the activity of telomerase in 114 people who took the supplement for a year. The supplements also seemed to lengthen the telomeres of some immune system cells. Still, Hornsby points out that a single study in a not-especially-prestigious journal doesn't come close to answering all of the questions about the anti-aging potential of TA-65. He says scientists aren't even sure that short telomeres contribute to the classic signs of growing old. They could just be byproducts of aging, not the driving force. Hornsby sees another issue: If TA-65 is really tinkering with people's chromosomes, it should be classified as a drug. As it is, the supplement has never gone through any of the testing or Food and Drug Administration oversight required of prescription drugs. Curious about a consumer health product? Send an e-mail to health@latimes.com. Read more at latimes.com/skeptic. health@latimes.com"
fakehealth,news_reviews_00240,0,1,0,0,0.26330066,0.01728227,"A SIMPLE eye test could help solve the biggest global cause of irreversible blindness, glaucoma. In clinical trials, the pioneering diagnostic -- developed by researchers at University College London (UCL) and the Western Eye Hospital -- allowed doctors to see individual nerve cell death in the back of the eye. Glaucoma affects 60 million people in the world, with 1 in 10 suffering total sight loss in both eyes. Early detection means doctors can start treatments before sight loss begins. The test also has potential for early diagnosis of other degenerative neurological conditions, including Parkinson's, Alzheimer's and multiple sclerosis. Results of first clinical trials with glaucoma patients are published today (28/04/17) in the journal BRAIN. Professor Francesca Cordeiro at UCL Institute of Ophthalmology, who led the research, said: ""Detecting glaucoma early is vital as symptoms are not always obvious. Although detection has been improving, most patients have lost a third of vision by the time they are diagnosed. Now, for the first time, we have been able to show individual cell death and detect the earliest signs of glaucoma. While we cannot cure the disease, our test means treatment can start before symptoms begin. In the future, the test could also be used to diagnose other neurodegenerative diseases."" Loss of sight in patients with glaucoma is caused by the death of cells in the retina at the back of the eye. This cell death is called apoptosis. As with other neurodegenerative conditions, more and more nerve cells are lost as the disease progresses. Professor Philip Bloom, Chief Investigator at Western Eye Hospital, part of Imperial College Healthcare NHS Trust, added: ""Treatment is much more successful when it is begun in early stages of the disease, when sight loss is minimal. Our developments mean we could diagnose patients 10 years earlier than was previously possible."" The technique developed is called DARC, which stands for detection of apoptosing retinal cells. It uses a specially developed fluorescent marker which attaches to cell proteins when injected into patients. Sick cells appear as white fluorescent spots during eye examination. UCL Business, the commercialisation company of UCL, holds the patents for the technology. The examination uses equipment used during routine hospital eye examinations. Researchers hope that eventually it may be possible for opticians to do the tests, enabling even earlier detection of the disease. The research is funded by Wellcome Trust. Bethan Hughes, from Wellcome's Innovation team said: ""This innovation has the potential to transform lives for those who suffer loss of sight through glaucoma, and offers hope of a breakthrough in early diagnosis of other neurodegenerative diseases. Loss of sight as you age is an incredibly difficult disability, impacting quality of life and independence."" Initial clinical trials were carried out on a small number of glaucoma patients and compared with tests on healthy people. The initial clinical trials established the safety of the test for patients. Further studies will now be carried out to into DARC and how it can be used not only to diagnose and treat glaucoma patients but also for other neurodegenerative conditions. ### Link to paper: The following link will go live at the time the embargo lifts: https:/ / academic. oup. com/ brain/ article-lookup/ doi/ 10. 1093/ brain/ awx088 For embargoed copies of the BRAIN paper and for media enquiries please contact Maggie Stratton: m.stratton@wellcome.ac.uk +44 (0)20 7611 8609/ +44 (0)787 211 2656 For further information about DARC technology please contact Emma Alam: e.alam@uclb.com +44 (0)207 679 9000/ +44 (0)7896 058667 About UCL Business UCL Business PLC (UCLB) is a leading technology transfer company that supports and commercialises research and innovations arising from UCL, one of the UK's top research-led universities. UCLB has a successful track record and a strong reputation for identifying and protecting promising new technologies and innovations from UCL academics. UCLB has a strong track record in commercialising medical technologies and provides technology transfer services to UCL's associated hospitals; University College London Hospitals, Moorfields Eye Hospital, Great Ormond Street Hospital for Children and the Royal Free London Hospital. It invests directly in development projects to maximise the potential of the research and manages the commercialisation process of technologies from laboratory to market. For further information, please visit: http://www. uclb. com Twitter: @UCL_Business About UCL (University College London) UCL was founded in 1826. We were the first English university established after Oxford and Cambridge, the first to open up university education to those previously excluded from it, and the first to provide systematic teaching of law, architecture and medicine. We are among the world's top universities, as reflected by performance in a range of international rankings and tables. UCL currently has over 38,000 students from 150 countries and over 12,000 staff. Our annual income is more than £1 billion. http://www. ucl. ac. uk | Follow us on Twitter @uclnews | Watch our YouTube channel YouTube.com/UCLTV About Imperial Hospitals NHS Trust/Western Eye Hospital Imperial College Healthcare NHS Trust is one of the largest hospital Trust's in England, providing acute and specialist healthcare for a population of nearly two million people. The Trust has five hospitals - Charing Cross, Hammersmith, Queen Charlotte's & Chelsea, St Mary's and The Western Eye -- as well as community services. The Western Eye Hospital is a specialist eye hospital in West London with a 24/7 accident and emergency department. The hospital's facilities also include outpatients, inpatients, day case and inpatient surgery. The equipment used in the study was funded by a grant from Imperial Health Charity. Imperial Health Charity (formerly Imperial College Healthcare Charity) raises funds for five London hospitals within Imperial College Healthcare NHS Trust: Charing Cross, Hammersmith, Queen Charlotte's & Chelsea, St Mary's and Western Eye hospitals. It has awarded more than £12million to 300 healthcare projects to date, and in the autumn of 2015 committed a further £20million to the hospitals of Imperial College Healthcare NHS Trust over the next three years for a series of major projects. About Wellcome Wellcome exists to improve health for everyone by helping great ideas to thrive. We're a global charitable foundation, both politically and financially independent. We support scientists and researchers, take on big problems, fuel imaginations and spark debate."
fakehealth,story_reviews_00148,1,0,1,1,0.70063597,0.9953477,"A procedure used to relieve chest pain in hundreds of thousands of heart patients each year is useless for many of them, researchers reported on Wednesday. Their study focused on the insertion of stents, tiny wire cages, to open blocked arteries. The devices are lifesaving when used to open arteries in patients in the throes of a heart attack. But they are most often used in patients who have a blocked artery and chest pain that occurs, for example, walking up a hill or going up stairs. Sometimes patients get stents when they have no pain at all, just blockages. Heart disease is still the leading killer of Americans — 790,000 people have heart attacks each year — and stenting is a mainstay treatment in virtually every hospital. More than 500,000 heart patients worldwide have stents inserted each year to relieve chest pain, according to the researchers. Other estimates are far higher."
fakehealth,story_reviews_00980,1,0,1,1,0.5038726,0.8200442,"You wouldn’t last very long without oxygen. But just as rust slowly eats away at a nail, oxygen can age your body. As your cells use this vital element, they produce free radicals — unstable molecules that can damage your tissues and add wear and tear to your entire body, including your skin. Many anti-aging products promise younger-looking skin through the power of antioxidants, compounds that help neutralize free radicals before they can do any harm. Antioxidants such as vitamin E, vitamin C and beta carotene show up in a lot of sunscreens and lotions. But if you want your antioxidants to go more than skin deep, you might be interested in oral supplements. Proleva, a supplement from Allmera Nutraceuticals, contains antioxidants from several different sources, including green tea, acai berries, goji berries and resveratrol, a compound found in grape skins. Users are instructed to take two capsules once a day. You can buy a bottle of 60 capsules on the company website for about $60. Vivida, a supplement from Lifes2Good Inc., contains astaxanthin, an antioxidant that’s extracted from algae, along with vitamin C. Other ingredients include silica, from the horsetail plant, and a “marine extract” from cod and other ocean fish. Users are instructed to take one tablet in the morning and one in the evening. A bottle of 60 tablets costs about $50. Advertisement The claims According to the company website, Proleva is a “fountain of youth” that can give users “youthful, glowing skin.” The site adds that “healthy vibrant skin comes not from a cream but from within.” (The site also says that the supplement will improve memory, enhance the immune system and speed healing, but those are claims for another time.) Ron Slavick, the managing director of Allmera Nutraceuticals, says many Proleva customers boast of their softer, younger-looking skin. “You can’t treat skin with lotions and potions,” he says. “Healthy skin is a reflection of the health of the body.” He believes that the natural plant extracts in Proleva work better than the artificially produced antioxidants found in most multivitamins. The website for Vivida says that the product “nourishes skin from the inside” to make it “smoother, firmer, and healthier.” Lifes2Good President Mark Holland says that antioxidants help “take impurities away from the skin” while softening fine lines and wrinkles. According to Holland, the antioxidants work together with the marine extract to keep the skin moist and supple. Advertisement The bottom line Over the years, scientists have largely dashed the hopes that antioxidants could be the secret to good health and longer lives. Studies have failed to show that antioxidant supplements such as vitamin E and beta carotene can prevent heart disease, cancer or other major diseases. There’s still some hope that antioxidants can help the skin, but the results likely aren’t as dramatic as the companies suggest, says Dr. Patricia Farris, a fellow of the American Academy of Dermatology who has a cosmetic dermatology practice in Metarie, La. “These products are over-hyped,” Farris says. “Only a few studies show that you can improve the appearance of skin with any type of supplement.” According to Farris, some but not all studies suggest that antioxidants can help protect the skin from sun damage, one of the major causes of wrinkles. But she notes that this would only prevent signs of aging, not fix any problems that a person already has. “I tell patients that antioxidants might help protect the skin, but they won’t repair the skin,” she says. Proponents of antioxidants can point to a few studies with encouraging results. For example, a German study of 36 adults published in 2006 in the journal Skin Pharmacology and Physiology found that volunteers taking supplements containing the antioxidants lutein, selenium and lycopene (among other things) had measurably smoother skin after 12 weeks. There were no such benefits for the subjects taking a placebo. The changes were assessed with a scanning device, and it’s unclear if any benefits were visible to the naked eye. In an unpublished, company-funded study provided by Holland, 83 women who took Vivida reported generally positive results. After 12 weeks, 74% said that their skin looked smoother and softer. These results weren’t confirmed by a dermatologist or anyone else, and there was no control group for comparison. Plant-based nutrients deserve more study, but the field is still in its infancy, says Dr. David McDaniel, an assistant professor of clinical dermatology at Eastern Virginia Medical School who runs a cosmetic dermatology clinic in Virginia Beach. Because products vary widely in their ingredients and their doses, he can’t recommend any particular product without evidence to back it up. “Without well-designed, statistically valid trials, I’m a skeptic,” he says. Advertisement Curious about a consumer health product? Send an email to health@latimes.com. Read more at latimes.com/skeptic."
fakehealth,story_reviews_00061,1,0,1,1,0.60949415,0.8039459,"Fasting diets have gained popularity in the past few years, but the scientific evidence proving that they keep us healthy while they help us lose weight is sparse. Now, researchers have shed light on what one type of time-restricted eating does to the body. In a small, preliminary study, researchers put 23 obese volunteers on the 16:8 diet, a form of intermittent fasting. Followers of the popular regime eat during an eight-hour window, in this case between 10 a.m. and 6 p.m. And for the 16 hours in between, they consume only calorie-free drinks, such as water. For 12 weeks, the scientists measured various factors, including the participants' fat mass, blood pressure and cholesterol and glucose levels. The researchers compared the results to existing data from a separate weight loss trial carried out between 2011 and 2015. Individuals who ate between 10 a.m. and 6 p.m. consumed around 350 fewer calories, resulting in a loss of 3 percent body weight, and their blood pressure dropped by around 7mm Hg. However, their fat mass, insulin resistance and cholesterol levels were similar to the control group's. Getty Images Krista Varady, one of the study's authors and associate professor of kinesiology and nutrition at the University of Illinois at Chicago's School of Applied Health Sciences, said in a statement that the take-home message from the study is that cutting out certain foods or counting calories aren’t the only effective methods for losing weight. The authors noted that the results mirror those from previous studies of other forms of intermittent fasting, including alternate day fasting, where an individual eats normally every other day. Keep up with this story and more by subscribing now ""But one of the benefits of the 16:8 diet may be that it is easier for people to maintain. We observed that fewer participants dropped out of this study when compared to studies on other fasting diets,” said Varady. Further research is now needed to uncover whether 16:8 works better than other fasting diets in terms of weight loss and health benefits. The study's authors acknowledged that their preliminary data offers ""promise for the use of time-restricted feeding as a weight loss technique in obese adults, but longer-term, large-scale randomized controlled trials [are needed]."" Varady stressed that ""when it comes to weight loss, people need to find what works for them, because even small amounts of success can lead to improvements in metabolic health."" Commenting broadly on fast-style diets, James Catterson of the Institute of Healthy Ageing at University College London, who was not involved in the study, previously told Newsweek the jury is still out on fasting diets. He said that the data on the effects of fasting in animals are more convincing, probably because animals can be investigated in large sample sizes and in a highly controlled environment that is almost impossible to replicate in humans. ""There are also many studies that either report no overall effect or sometimes the opposite. And this is where it gets a bit murky, as it is very difficult to put proper controls in place when performing studies to do with nutrition,"" Catterson said. He concluded, ""So far, the consensus seems to be ‘let’s wait until more rigorous studies, with larger sample sizes that adjust for confounding lifestyle behaviors, have been performed before we conclude anything prematurely.'"""
fakehealth,story_reviews_00772,1,0,1,1,0.63890666,0.97196305,"“It’s promising that we can see an effect from a single dose,” says researcher Leah Coles, PhD, a research fellow at the Baker IDI Heart and Diabetes Institute in Melbourne, Australia. “That effect might be even greater over the long term if they are drinking it day upon day.” Researchers say that drop may seem small, but on a public health level a reduction like that would equate to a 10% reduction in deaths due to heart disease . The study shows that within hours of drinking it, beet juice lowered systolic blood pressure (the top number in a blood pressure reading) by an average of 4-5 points among a small group of healthy men . Dec. 14, 2012 -- Drinking a glass of beet juice may have an immediate impact on lowering blood pressure , according to a new study. Beetroot Benefits Previous studies have shown that beet juice, also known as beetroot juice, can lower blood pressure in a laboratory setting. But researchers say this is the first study to look at the effects of adding beet juice to a heathy person’s diet without making any other diet or lifestyle changes. The results appear in Nutrition Journal. In the study, 15 men and 15 women drank either 17.6 ounces of a beet juice beverage consisting of about three-fourths beet juice and one-fourth apple juice, or a placebo juice. They were then monitored for 24 hours. The same procedure was repeated two weeks later, with those who drank the placebo on the first round receiving beetroot juice on the second. Among both men and women, the results showed a trend to lower systolic blood pressure six hours after drinking the beet juice. But when researchers limited their analysis to men only, they found a significant reduction of about 4.7 points among those who drank the beetroot juice. Previous studies have also suggested that beetroot’s blood-pressure-lowering effects may not be as strong in women. In this case, Coles says it may be partially explained by the fact that the women in the study tended to be older, and many were on prescription medications, such as oral contraceptives."
fakehealth,story_reviews_00038,1,0,1,1,0.503437,0.9212392,"TMS treats conditions by delivering brief, powerful magnetic field pulses that stimulate nerve cells in the brain. The procedure is noninvasive and doesn't require anesthesia, and the pulses are delivered via an electromagnetic device or coil that is placed or worn on the head. The Food and Drug Administration made the announcement on Friday, expanding the use of a technology that has been around for decades. The FDA first approved TMS devices for major depression in 2008, and in 2013 they were approved to treat pain associated with some types of migraine headaches. The approval was based on a clinical trial of 100 people with obsessive-compulsive disorder, where roughly half received treatment with TMS and the other half had a sham treatment that didn't deliver the electromagnetic pulses. People who were taking medication for OCD continued to do so for the trial. Overall, 38% of the people with the real device responded to the treatment compared with 11% of those with the sham device. A response was considered a 30% reduction in the Yale-Brown Obsessive Compulsive Scale (YBOCS) score, which is used to measure the severity of OCD symptoms."
fakehealth,news_reviews_00036,0,1,0,0,0.29919904,0.0024374747,"REHOVOT, Israel, Sept. 6, 2018 /PRNewswire/ -- Nucleix Ltd., a leading cancer detection company, announced today positive results from a clinical study designed to evaluate its innovative Lung EpiCheck™, a blood test for early detection of lung cancer. The results will be presented in a poster presentation titled Lung EpiCheck ™ - Results of the Training and Test Sets of a Methylation-Based Blood Test for Early Detection of Lung Cancer at the IASLC 19th World Conference on Lung Cancer hosted by the International Association for the Study of Lung Cancer, to take place on September 22-26, 2018 in Toronto, Canada. In the study, blood was prospectively collected from 20 centers and 3 biobanks in Europe and Israel. The samples were used for detection of lung cancer with the Lung EpiCheck blood test. Lung EpiCheck was validated on this independent test set comprising 181 lung cancer cases and 141 current or former smoker controls. Results show specificity of 91% and a sensitivity of 74% with an Area Under the Curve (AUC) of 89%. These results demonstrated similar performance to the preceding training set results from 102 lung cancer cases and 265 current or former smoker controls. In particular, in the non-small-cell lung carcinoma group (n=162), the most prevalent type of lung cancer affecting about 85% of lung cancer patients, Lung EpiCheck was able to identify correctly approximately 70% of patients. With a correct identification of 59% of stage I patients, 77% of stage II, 76% of stage III and 83% of stage IV patients. In the small cell lung cancer group (n=13), Lung EpiCheck was able to identify correctly 92% of the patients, with a sensitivity of 100% in the limited stage, and 86% at the extensive stage. ""Lung cancer is the leading cause of death from cancer worldwide due to the high incidence of the disease, and the low rate of diagnosis at early and more curable stages,"" stated Prof. Mina Gaga, the President of the European Respiratory Society (ERS) and a lead investigator in the study. ""Clearly, we must establish screening programs for lung cancer worldwide. At the moment, low-dose computerized tomography (LDCT) screening which has been shown to reduce mortality from lung cancer in the very large NLST study is only reimbursed in the US for high-risk individuals. LDCT screening is not reimbursed in Europe or most areas in the world while there is still a debate about its cost and safety. Screening is however necessary in order to identify lung cancer at early, operable, stages for the entire at-risk population so currently, not only CT screening but also methods of molecular screening are being tested. I am therefore very encouraged with the results of this study, showing that EpiCheck has the ability to identify both non-small-cell and small-cell lung cancer at early stages, with a high level of sensitivity and specificity. Such promising results combined with the simplicity of the test, could allow us to detect lung cancer at the early stages and hence improve 5-year survival from about 15% to about 50-70%. This will offer significant added value in the fight against lung cancer."" ""We are very excited to present the best published clinically validated results of a blood test for the early detection of lung cancer,"" said Opher Shapira, PhD, CEO of Nucleix. ""Furthermore, these results were validated prospectively in an independent cohort. Currently, early stage lung cancer can be detected either accidentally, when testing for other conditions, or by using low-dose CT scans, which are costly, carry associated risks such as high radiation, and are employed only for a very high-risk population. Early detection of lung cancer can be a game-changer in the fight against this devastating disease, and we are looking forward to begin extensive clinical trials in the US, Europe and China next year, in order to get the test to the market as soon as possible at an affordable price."" About Lung EpiCheck The Lung EpiCheck blood test is based on a proprietary molecular biomarker technology, which combines new biochemical assays and sophisticated algorithms. The technology is based on identification and analysis of subtle changes in DNA methylation patterns, a powerful tool for distinguishing between cancer and healthy cells and thus for detection of tumors in the body. Dying tumor cells release cell-free DNA (cfDNA) into the blood, where cancer-specific methylation changes can be detected at any disease stage. The Lung EpiCheck blood test detects changes in DNA methylation in 6 markers in cfDNA associated with lung cancer. About Lung Cancer Lung cancer is the deadliest and most common of all cancer types. It is estimated that there are about 1.8 million new cases of lung cancer annually worldwide and about 1.55 million die from the disease each year. The reason for the high mortality rate is that currently most cases are detected when the patient becomes symptomatic, which is usually at late stages of the disease. To date, there is no adequate screening process for the early detection of lung cancer, bringing 5-year survival rate to approximately 15%. In addition, there is a well-defined risk group for developing the disease – mostly smokers and former smokers above the age of 50. In the US, low-dose CT is available for screening of individuals 55-79 years old who smoked at least 1 pack a day for 30 years, which represent less than half of the lung cancer population. Therefore, a screening test aimed at the entire risk group to assist in the early detection of the disease is highly needed and can dramatically increase lung cancer survival. About Nucleix Nucleix Ltd. develops, manufactures and markets innovative, non-invasive, molecular cancer diagnostic tests. Its highly sensitive and specific tests are based on identification of subtle changes in methylation patterns. Nucleix's technology is based on a combination of a new biochemical assay in conjunction with sophisticated algorithms. The Company's pipeline includes CE Mark Bladder EpiCheck, for the non-invasive detection of bladder cancer based on a urine test; Lung EpiCheck, a screening diagnostic blood test for early detection of lung cancer; Liver EpiCheck, a blood test for liver cancer detection in patients with cirrhosis; and Pan Cancer EpiCheck, a molecular diagnostic tool for early detection of multiple cancer types in blood samples, all based on Nucleix's proprietary and innovative epigenetic platforms. Investors in the Company include OrbiMed and other leading investors. For further information, please visit www.nucleix.com. SOURCE Nucleix"
fakehealth,story_reviews_00588,1,0,1,1,0.63120407,0.94687027,"If mass mammography screening for breast cancer worked well, fewer women would die from the disease. And yet, a new study published in JAMA Internal Medicine has found something that may seem counterintuitive: More breast cancer screening didn't actually save lives. Screening did however lead to more ""overdiagnosis,"" detecting cancers that would not have been fatal or even harmful. The research, led by Richard Wilson of Harvard University, revealed that in more than 500 US counties, mammography screening programs were linked with more diagnoses of smaller breast cancers — but not with fewer deaths or with fewer larger breast cancers (which theoretically would be prevented by finding the disease early through screening). You can see this clearly in the chart below: The number of diagnosed breast cancers rose with more screening, yet the number of deaths from breast cancer 10 years later remained stubbornly stable. To be clear: Mass screening is different from using technologies like ultrasounds to diagnose people at risk of a disease or who have symptoms that require investigation. And not all mass screening programs are bad. Colorectal cancer screening, for example, has been shown to save lives as a result of early detection, and the Pap test transformed cervical cancer into a treatable disease. But this isn't the first study to call into question the benefits of mammography and whether women are too often the victims of overdiagnosis. The trouble with overdiagnosis is that while the cancers doctors find wouldn't have harmed their patients, the treatment and stress that result from the diagnosis probably will. We have to find a better way to screen women for breast cancer The medical community has known about overdiagnosis and overtreatment for years, documenting the problem in a range of cancers — in breast, prostate, lung, and thyroid (which you can see in the chart above). This raises a tough question: What should the medical community do about overdiagnosis? In a related commentary in the journal, a pair of doctors from the University of Washington School of Medicine note that the estimates of overdiagnosis of breast cancer are ""frustratingly broad"" — from less than 10 percent to 50 percent or more of women who get screened. In other words, we don't actually know how bad the problem is. ""Sadly,"" they write, ""we are left in a conundrum. Women will increasingly approach their physicians with questions and concerns about overdiagnosis, and we have no clear answers to provide."" The authors of the newest study don't advocate no screening. Instead, they note that the benefits of screening will probably be more favorable when screening is directed at people with a high risk of the disease — such as those with a family history of breast cancer. The US Preventive Services Task Force, which analyzes the best available evidence to create guidelines for doctors, now recommends biennial mammography screening for the general population in women ages 50 to 74. For women under 50 and over 75 — who aren't at a high risk of breast cancer — the benefits of mass screening are less clear. There are small things doctors can do that still don't happen often enough. For example, most women aren't told about the potential downsides of mammography screening — even though they're almost always briefed on the benefits. For now, it's up to patients to talk to their doctors about their particular risk profiles and how to screen accordingly. We also need to remember that in medicine, more often than not, we generally overestimate the benefits and underestimate the harms. WATCH: The naked mole rat might help us cure cancer"
fakehealth,story_reviews_01300,1,0,1,1,0.57551014,0.9749426,"NEW YORK (Reuters Health) - Women undergoing surgery for endometrial cancer can confidently opt for a minimally invasive hysterectomy performed by a skilled surgeon — with or without a robot’s help — suggests a new review of surgical outcomes. The researchers found that the two advanced minimally invasive techniques led to similar results, and both appeared to be generally superior to the traditional open procedure. “With minimally invasive surgery by an experienced surgeon’s hands, the incisions are smaller, pain and suffering is less, visualization is better, and recovery is faster than with open surgery,” Dr. Ceana Nezhat of the Emory University School of Medicine in Atlanta who was not involved in the review, told Reuters Health. “Robotics makes it easier for surgeons to transition from open to minimally invasive procedures,” he added. More than 40,000 women are diagnosed with endometrial cancer in the U.S. every year. Treatment usually involves surgical removal of the uterus, known as hysterectomy. At the same time, lymph nodes are often removed to determine the stage of the cancer and whether further treatment is necessary. The research team from the Florida Hospital Cancer Institute, in Orlando, reviewed eight prior studies, including nearly 1,600 patients who underwent either an open, closed or robot-assisted hysterectomy and lymph node removal. In the open surgery, a relatively large incision is made in the abdominal wall. The closed procedure, known as laparoscopy, requires a much smaller cut, through which small instruments and a video camera are inserted. However, this minimally invasive approach also calls for significant training on the part of the surgeon to overcome challenges such as the counterintuitive movements involved in working from images on a TV monitor. Robotic-assisted surgery is similar to laparoscopy, only the instruments and cameras are integrated into robotic arms, which the surgeon operates through a control console. The robotic equipment provides better three-dimensional vision, increased range of motion and intuitive, downscaled movements, while adding a few thousand more dollars to the procedure’s price tag, the authors note. “Also with the computer-enhanced robotic technology, no matter how much coffee you drink in the morning, your movements don’t have tremors,” said Nezhat. Based on their review, the researchers found that minimally invasive surgeries done with a human hand and instruments or with robotic assistance equipment took around the same time and resulted in similarly long stays in the hospital. However, about half as much blood was lost when robots were enlisted than with standard laparoscopy. Both minimally invasive techniques resulted in longer-duration operations than open surgery. But both also led to shorter hospital stays and, in the case of robotic surgery, less blood-loss. Further, the average number of lymph nodes removed was about the same in the robotic and open procedures, suggesting that both approaches result in about equal surgeon accuracy in staging endometrial cancer. No differences between the three methods were seen in the numbers of complications, report the researchers in the journal Obstetrics & Gynecology. “The robot will not really decrease human errors but it will make the surgery easier,” Dr. Tommaso Falcone of the Cleveland Clinic, in Ohio, who was also not involved in the study, told Reuters Health in an e-mail. “Robotics increases the chance that a hysterectomy can be done by laparoscopy,” he added. “However, if the surgeon is skilled enough to do the hysterectomy without the robot by laparoscopy then the outcomes will be similar.” Nezhat further noted that while robotic assistance can be a good “enabler” for a minimally invasive approach, surgeons should have at least the basic knowledge of regular laparoscopy too, as there may be times when the robotic equipment doesn’t work. The reviewers point out that some of the differences found, such as the longer operation times for robotic-assisted surgery, may be due to surgeons’ inexperience with the new tool and could improve over time. On the other hand, the newness of the technology could have deterred surgeons from using it for difficult cases, potentially biasing the results in a positive way for the robotic technique. Robotic surgery equipment only received U.S. Food and Drug Administration approval in 2005. More research is needed to be able to compare long-term outcomes, wrote the researchers. Nezhat advises women to look for a surgeon experienced in doing minimally invasive surgery. If a robot is to be enlisted, he recommends asking how the procedure would be performed if the robot is not available or if it doesn’t work. “Robotic-assisted surgery is in its infancy, and it definitely has a future,” said Nezhat. “Its benefits should offset its higher costs.” SOURCE: link.reuters.com/kef67q Obstetrics & Gynecology, December 2010."
fakehealth,story_reviews_00087,1,0,1,1,0.6089411,0.9355149,"“We thought we’d be young forever,” said Francis, who co-anchors a radio news program in Washington, D.C. “The big wake-up call is when our bodies wear down.” Take Elliott Francis, 64, who had his second hip replacement surgery in February. Growing up, he was “a jumper and a rebounder,” he said, scooping basketballs off the rim during Roxbury pickup games and later playing in high school and college. For a generation that pounded its joints doing aerobics, running marathons, and carving up the ski slopes, it’s time to roll out the spare parts. Baby boomers, determined to keep moving no matter what wear and tear and arthritis have wrought, are fueling a surge in joint replacements. Taking advantage of improved artificial joints and surgical methods, aging Americans are getting so many new hips, knees, shoulders, and ankles that orthopedic surgeons are having trouble meeting the demand. Advertisement Hip replacements in the United States more than doubled between 2000 and 2014 — from 160,282 to 371,605 a year — according to the most recent data from the Healthcare Cost and Utilization Project, which tracks hospital discharges. Knee replacements increased at an even faster clip in the same period, from 274,467 to 680,886. The procedures can cost up to $50,000 for knees and $40,000 for hips, though the prices vary widely among Medicare and private insurers, which typically bear the bulk of the cost. The average age of patients listed in the American Joint Replacement Registry is about 66. With millions more boomers still in their late 50s and early 60s, the trend will only continue. “They’re aging, they’ve had some injuries, and they want to continue to be active into their 60s, 70s, and 80s. And they need a good joint to do that,” said Dr. David Mattingly, surgeon in chief at New England Baptist Hospital in Boston, one of the nation’s top orthopedics centers. Advertisement A patient looked at joint replacement models. Suzanne Kreiter/Globe staff The surgical surge has created an expanding brigade of bionic baby boomers whose artificial parts are accompanied by sky-high expectations — something doctors struggle to manage. Despite steady improvement in technology and outcomes, replacement joints don’t create superhumans. Still, many patients are lifelong fitness buffs who begin plotting their return to the gym, the golf course, or the cross-country skiing trails the moment they are discharged from the hospital. Winthrop retiree John Carver, 76, is already back at the fitness center after having replacement surgery on his right knee in February. “My goal is to get back to an hour — 30 minutes on the elliptical and some back exercises,” he said. A Marine veteran who ran the New York City Marathon the year he turned 40, Carver has scheduled a similar procedure on his left knee in May, early enough “to be ready for golf season.” For those who are still working at physically demanding jobs, there are other considerations. “I’m up and down the scaffolding all day,” said David Smith, 62, of Arlington, a construction superintendent in Boston who had a hip replacement in January. “My first focus was to just get on my feet so I can work another 10 years. So I said, ‘OK, let’s get this done.’ ” Smith, who played hockey in college and as an adult and spent years lifting heavy equipment on building sites, plans to return to his job this spring. But he has already resumed golfing — on a March trip to visit his son and his family in Atlanta. And, he promised, “I will get on the skates again.” Advertisement Like Smith, many boomers endured months or years of pain before surgery, pain caused by “bone-on-bone” friction when cartilage deterioration eroded their bone cushioning. Some took multiple cortisone shots, hoping to avoid surgeries. But having had the procedures, many say they wish they’d done it sooner. West Newbury’s town clerk, Mike McCarron,, 62, played high school and college football and once climbed Mount Washington in the winter. McCarron underwent two knee replacements simultaneously in 2011. “I had a coupon,” he joked. Now he runs on the treadmill at his Merrimack Valley gym and hikes in the Maine wilderness. Susan Nadworny, 61, of Melrose, owned an aerobics studio in Boston’s North End during the 1980s and 1990s. There, she spent three or four hours a day leading high-impact exercise classes. Nadworny, who now works as a public policy advocate for people with disabilities, had knee replacement surgery last April. Nearly a year later, she pedals an indoor exercise bicycle and spends an hour a day walking dogs in the woods. The vast majority of joint-surgery patients report much less pain and greater mobility afterward, with success rates topping 95 percent, according to the American Academy of Orthopedic Surgeons, a physicians organization. In patient-reported surveys, some still complain of pain and tissue inflammation after their procedures. Smaller numbers suffer serious complications, ranging from blood clotting to hospital-acquired infections. Advertisement At New England Baptist, a physical therapist showed patients about to have joints replaced how to use crutches. Suzanne Kreiter/Globe staff New England Baptist expects to perform a record 7,000 knee and hip replacements at its Mission Hill campus this year, a nearly sixfold increase from the 1,200 annually it did in the mid-1980s. “Most of the busy guys do 15 to 20 a week,” Mattingly said. Last year, the average salary for joint-replacement specialists topped $575,000, reported the Dallas consulting firm Merritt Hawkins & Associates, compared with just over $230,000 for family doctors. Because of improvements in materials and the way they’re treated and sterilized, implants — which include polyethylene and titanium alloys — don’t wear down as fast as they once did. Implants now have a 90 percent chance of lasting two decades, much longer than in the past, Mattingly said. While physical activity obviously plays a role in joint deterioration, genetics may be the biggest factor in determining who needs a replacement and when, he said. Knee replacements were first offered in the 1960s, and hip replacements began in the 1940s, so many boomers are facing the same surgeries their fathers and mothers underwent. But boomers may have a tougher time coming to terms with the reality that a new body part doesn’t mean they can resume all of the high-impact activities that were a major part of their lives. “Nobody will return to playing football,” Mattingly said. “The person who struggles is the one who’s done long-distance running for years and just doesn’t want to give it up.” Technology could eventually change that. Joint implants have become more customized to suit individual patients, but a Billerica company is pushing the personalization trend further. ConforMIS Inc. uses 3-D printing and imaging software to more precisely tailor replacement joints. It sells between 17,000 and 20,000 personalized knee implants a year — still a small share of the market — and last year won US regulatory approval for its first hip implants. Advertisement “The baby boomer explosion is a big deal in health care,” said ConforMIS chief executive Mark Augusti. “Technology has to be part of the solution. Baby boomers expect to be more active as they get older and have higher expectations about quality of life in their later years.” Stephanie Donvan, 60, of Arlington, who received a ConforMIS knee replacement in May, recalled feeling like she was “carrying a dead tree trunk” before the surgery. Now, she said, “I’m out walking my Lab about five miles a day, every day. I can run in the snow and ride my bike. I have complete range of motion . . . We want to keep going till we’re in our 80s or 90s. We don’t want to give up all the things we’re doing.” Robert Weisman can be reached at robert.weisman@globe.com. Follow him on Twitter @GlobeRobW."
fakehealth,story_reviews_01220,1,0,1,1,0.6162309,0.9602362,"Feb. 2, 2011 -- The human papillomavirus (HPV) vaccine can help stave off genital warts in boys and men, according to a new study in the Feb. 3 issue of the New England Journal of Medicine. Of 4,065 boys and men aged 16 to 26 from 18 countries, vaccination with an HPV vaccine that targets four types of HPV infection -- HPV-6, HPV-11, HPV-16, and HPV-18 -- protects against infection with these types of HPV and potentially the development of related external genital warts or lesions. HPV, a sexually transmitted disease, can be transmitted through vaginal, anal, and oral sex and has been linked to genital warts as well as cervical, vaginal, vulvar, oral, penile, and anal cancers. Two HPV vaccines are now approved by the FDA: Cervarix and Gardasil. Both of these vaccines are recommended to prevent cervical cancers. These vaccines are now on the CDC’s routine childhood vaccine schedule for girls starting at age 9. The Gardasil vaccine has also received FDA approval for prevention of genital warts. The vaccine is recommended for optional use in boys and men. The vaccine is used in girls and boys and young adults ages 9 to 26 for prevention of genital warts caused by HPV types 6 and 11. “The most salient message is that the [Gardasil] vaccine can prevent HPV infection on the external genital region, which means that we can now prevent most cases of genital warts if the boy is vaccinated at a sufficiently early age,” says study researcher Joel Palefsky, MD, a professor of medicine at the University of California, San Francisco."
fakehealth,news_reviews_00183,1,0,1,1,0.53959525,0.9895415,"Specialists at The Christie and The University of Manchester have made a breakthrough which could potentially improve detection and treatment of anal cancer, as well as have wider implications for other cancers. Anal cancer is a rare form of cancer, but cases have increased dramatically in recent years. Research is urgently needed to improve detection and treatment and to save lives. The findings of this project will play a crucial role in these efforts going forward. Funded by the Bowel Disease Research Foundation (BDRF) charity, the work has been published in the Lancet Oncology journal. The study worked with data on more than 10,000 patients, examining whether current methods of checking if anal cancer has spread to lymph nodes are giving experts an accurate picture of survival rates. The research team was led from Manchester, working hand in hand with centres in Leeds and Switzerland. Anal cancer that has spread to lymph nodes is linked to a worse prognosis and lower chance of survival. The project's findings however have uncovered a phenomenon suggesting rates of lymph node spread are being overestimated, potentially leading to overtreatment of patients with chemo radiotherapy. This can result in damaging side-effects, and doctors are particularly keen to avoid it in cases where it offers little benefit to the patient at potentially great cost. The results will be crucial to future large scale trials looking at optimum care for anal cancer patients. By identifying a unique phenomenon, these results will be taken into account by future work and ultimately could lead to better diagnosis of tumour stage and thus better treatment. Christie consultant and University of Manchester Professor of Cancer Studies and Surgery, Andrew Renehan, leads the Manchester Cancer Research Centre (MCRC) Anorectal Organ Preservation Research Group. He said: ""These high-profile results will play a vital part in improving patient care. Our research team has done a wonderful job highlighting an important and as yet unrecognised issue in the staging of cases of anal cancer. ""These findings will help us to better understand how anal cancer patients should be treated, ultimately improving survival rates and quality of life. It is crucial that we tackle what is becoming an increasingly common form of cancer through research studies like this. These findings could provide learnings for other cancers too."" Christie patient Jill De Nardo, who is 58 from Buxton, was diagnosed with anal cancer in 2010. She said: ""My first thought on diagnosis was that I wanted to survive, I gave little thought to long term or late effects of treatment. Fortunately my treatment has been successful and seven years on my own late effects are manageable but will only get worse. Many are not so fortunate and live daily with the discomfort and impact of side effects such as joint pain and continence issues."" Jill adds: ""Anal cancer is on the increase and those of us who have been through what at times was gruelling radiotherapy regimen, welcome this study and the impact it will have on the treatment plans of patients in the future."" ###"
fakehealth,story_reviews_00186,1,0,1,1,0.57928497,0.7825625,Why did this happen? Please make sure your browser supports JavaScript and cookies and that you are not blocking them from loading. For more information you can review our Terms of Service and Cookie Policy.
fakehealth,story_reviews_01644,1,0,1,1,0.5247441,0.89818496,"No children in the study who were treated with the computer-assisted system experienced very low blood sugar overnight. But there were nine instances of very low blood sugar among children who had the standard treatment, according to the study, conducted by researchers in Britain at the University of Cambridge. “This is an important step in diabetes control because it shows that, with this system, people can sleep safely with minimized risk of hypoglycemia,” said Dr. Eric Renard, a professor of diabetology at Montpellier University Hospital in Montpellier, France. Dr. Renard, whose commentary accompanied the study in The Lancet, has been a consultant and speaker for several makers of diabetic products, he said. Industry analysts have estimated that 10 to 15 percent of Americans with Type 1 diabetes — perhaps 400,000 of them — use either a continuous glucose monitor or an insulin pump, or in some cases both. Over the last decade, the makers of medical devices have developed techniques that have widened diabetes management options beyond pricking the finger several times a day to test blood glucose levels. Companies like DexCom in San Diego now make small continuous glucose monitors whose sensors can be embedded in the skin. And Animas, a division of Johnson & Johnson, makes programmable pumps the size of a cellphone that administer insulin doses through a tiny implantable catheter. These new-generation devices represent a significant advance over older products, said Aaron J. Kowalski, the assistant senior vice president of glucose control research at the Juvenile Diabetes Research Foundation in Manhattan, one of the largest nonprofit patient advocacy and research groups for diabetes. Even so, Dr. Kowalski said, using separate devices that are not designed to work in concert poses limits to treatment, particularly overnight. If a diabetic person’s blood sugar drops during the night and the glucose monitor alarm goes off, for example, that person may not wake up and the preprogrammed pump, operating separately, could continue to deliver insulin, making the problem worse, Dr. Kowalski said. (His group was one of the sponsors of the Lancet study.) Photo Researchers in Europe and the United States have been racing to develop a fully automated system for Type 1 diabetes that would wirelessly connect an external glucose monitor with an insulin delivery device. Based on algorithms like the ones used in the Lancet study, the devices would continually monitor glucose levels, calibrate insulin dosages and then dispense insulin in real time — automating a delivery task performed by a nurse in the study. Advertisement Continue reading the main story Researchers call such a hypothetical integrated system an “artificial pancreas” because it would mimic the way a healthy pancreas works, sensing glucose and dispensing insulin in the right dose at the right time. The goal is a portable system that could be worn on a belt and would be no larger than a cellphone. Last month, as part of an effort called the Artificial Pancreas Project, the Juvenile Diabetes Research Foundation announced an $8 million partnership with Animas to develop a first-generation combined system. Meanwhile the European Union has just started its own project, called Artificial Pancreas at Home, which involves a grant of 10.5 million euros to research teams across Europe to create a prototype combined device over the next four years, Dr. Renard said. Newsletter Sign Up Continue reading the main story Please verify you're not a robot by clicking the box. Invalid email address. Please re-enter. You must select a newsletter to subscribe to. Sign Up You will receive emails containing news content , updates and promotions from The New York Times. You may opt-out at any time. You agree to receive occasional updates and special offers for The New York Times's products and services. Thank you for subscribing. An error has occurred. Please try again later. View all New York Times newsletters. The new study in The Lancet, proponents say, represents a proof-of-concept milestone in the quest to develop such a system. “The significance is in showing that the existing devices, which are available commercially, can be combined to create the first version of an artificial pancreas,” said Dr. Roman Hovorka, the lead author of the study. Dr. Hovorka, a principal research associate in pediatrics at Cambridge, said he had been a consultant or speaker for several makers of diabetes products. Although the Lancet study was small — only 17 children completed the entire protocol — it is significant because it demonstrated that a computer algorithm could safely interpret glucose data and calculate appropriate insulin doses for a pump, he said. The study not only indicated that the algorithm system prevented very low glucose overnight, Dr. Hovorka said, but it also indicated that the experimental system was better able to keep blood glucose in an acceptable range. After midnight, about 80 percent of the measured glucose levels fell in a target range in children treated with the computer-adjusted system — compared to only 35 percent in the target range for those treated with a standard preprogrammed pump system, according to the study. Advertisement Continue reading the main story Still, while the overall results were statistically significant, the study was not large enough to attain statistical significance in each of its separate arms. Those branches of the study examined how children fared after eating meals or after exercising — factors which can affect glucose levels. And the experimental combined system itself was not fully automated. To ensure that the experimental algorithm did not recommend unsafe doses, a nurse read the computer-generated dosing suggestions and then adjusted the patients’ insulin pumps. Indeed, even if device makers are able to develop fully automated prototypes of combination systems, they are likely to face regulatory hurdles, analysts said, and would have to factor in product liability concerns. “This is something that companies have been striving to do for years, and as computer chip technology evolves, it gets closer,” said Rick Wise, an analyst at Leerink Swann, a health care investment bank. “But you have to appreciate how exquisitely reliable an artificial pancreas would have to be to read glucose correctly and dispense insulin correctly.”"
fakehealth,news_reviews_00319,1,0,1,1,0.59044224,0.7918754,"JACKSONVILLE, Fla. — Researchers at Mayo Clinic’s campus in Florida have conducted the world’s first prospective, blinded and placebo-controlled clinical study to test the benefit of using bone marrow stem cells, a regenerative medicine therapy, to reduce arthritic pain and disability in knees. The researchers say such testing is needed because there are at least 600 stem cell clinics in the U.S. offering one form of stem cell therapy or another to an estimated 100,000-plus patients, who pay thousands of dollars, out of pocket, for the treatment, which has not undergone demanding clinical study. The findings in The American Journal of Sports Medicine include an anomalous finding — patients not only had a dramatic improvement in the knee that received stem cells, but also in their other knee, which also had painful arthritis but received only a saline control injection. Each of the 25 patients enrolled in the study had two bad knees, but did not know which knee received the stem cells. Given that the stem cell-treated knee was no better than the control-treated knee — both were significantly better than before the study began — the researchers say the stem cells’ effectiveness remains somewhat uninterpretable. They are only able to conclude the procedure is safe to undergo as an option for knee pain, but they cannot yet recommend it for routine arthritis care. “Our findings can be interpreted in ways that we now need to test — one of which is that bone marrow stem cell injection in one ailing knee can relieve pain in both affected knees in a systemic or whole-body fashion,” says the study’s lead author, Shane Shapiro, M.D., a Mayo Clinic orthopedic physician. Journalists, sound bites with Dr. Shane Shapiro are available in the downloads below. MEDIA CONTACT: Kevin Punsky, Mayo Clinic Public Affairs, 904-953-0746, punsky.kevin@mayo.edu “One hypothesis is that the stem cells we tested can home to areas of injury where they are needed, which makes sense, given that stem cells injected intravenously in cancer treatments end up in the patients’ bone marrow where they need to go,” he says. “This is just a theory that can explain our results, so it needs further testing.” Another explanation is that merely injecting any substance into a knee offered relief from pain. “That could be, but both this idea and the notion that a placebo effect could be involved would be surprising, given that some patients are still doing very well years after their study treatment ended,” says Dr. Shapiro. He adds that these findings are important because while use of a patient’s own stem cells for regenerative therapy is extraordinarily popular, the treatments may be untested and are often poorly regulated. Stem cell clinics often offer expensive treatments for conditions that range from multiple sclerosis, lung and heart disease, to cosmetic treatments, such as facelifts. None of these techniques have been studied because clinics maintain that use of a patient’s own cells is not a drug. But, depending on how they are processed and used, stem cells can, in fact, be regulated by the U.S. Food and Drug Administration as biological products or drugs requiring rigorous safety and efficacy approval processes. In early September, the FDA held scientific meetings to clarify how to regulate such practices. Mayo Clinic researchers developed their study with FDA approval. “We feel that if we are going to offer any stem cell procedures to our patients, the science needs to be worked out,” Dr. Shapiro says. The study was conducted in Mayo’s Human Cell Therapy Lab. Researchers extracted 60 to 90 milliliters of bone marrow from each patient, then filtered it, removed all blood cells, and concentrated it down to 4 to 5 milliliters. The solution, which contained tens of thousands of stem cells, was injected into a patient’s knee using ultrasound-guided imagery. “We actually counted all of the stem cells with markers that are accepted by the FDA, and we made sure they would be able to survive inside the patient,” Dr. Shapiro says. “Counting is expensive. Most clinics just draw the cells from bone marrow or fat and inject them back into the patient without checking for stem cells, hoping that patients get better,” he says. Dr. Shapiro and his colleagues are currently designing new studies that will test whether the stem cells home to distant areas of injuries, as well as exploring other implications suggested in their findings. Study investigators include Mayo Clinic in Florida senior author Mary L. O’Connor, M.D., Shari E. Kazmerchak, Michael G. Heckman, and Abba C. Zubair, M.D., Ph.D. Dr. O’Connor is now at Yale University. Funding for this study was from Mayo Clinic’s Center for Regenerative Medicine. ### About Mayo Clinic Mayo Clinic is a nonprofit organization committed to clinical practice, education and research, providing expert, whole-person care to everyone who needs healing. For more information, visit http://www.mayoclinic.org/about-mayo-clinic or https://newsnetwork.mayoclinic.org/."
fakehealth,story_reviews_00738,1,0,1,1,0.73491454,0.9972652,"En Español By Alan Mozes HealthDay Reporter SUNDAY, April 14, 2013 (HealthDay News) -- A method designed to target, freeze and destroy a tumor's cellular function seems effective in combating lung tumors, a small ongoing study finds. At least in the short-run -- meaning three months after the procedure -- the intervention known as ""cryoablation"" appeared to kill all targeted tumors that had spread to the lung from elsewhere, preliminary results suggest. However, some patients developed new tumors in that time period, the researchers noted. The study authors cautioned that while the initial findings are encouraging, the treatment should not be seen as a cure for this type of metastatic (spreading) lung disease. Rather, they said that for certain patients who may not be eligible for more standard surgical approaches, the therapy has potential as an alternative means for offering an improved quality of life for a longer period of time. ""'Promising' is the perfect way to describe our findings,"" said study lead author Dr. David Woodrum, an interventional radiologist at the Mayo Clinic in Rochester, Minn. ""But whether or not this minimally invasive approach would ultimately become a primary method of treatment in the future will depend on the long-term results of this trial, which is still under way. At this point I would say that cryoablation has the most applicability as a kind of last-ditch treatment for patients who are not good surgical candidates for a variety of reasons."" Woodrum and his colleagues are scheduled to discuss their findings Sunday in New Orleans at the annual meeting of the Society of Interventional Radiology. Funding for their work was provided by Galil Medical, a medical device manufacturer based in Arden Hills, Minn. Because this study was presented at a medical meeting, the conclusions should be considered preliminary until published in a peer-reviewed journal. The U.S. National Cancer Institute points out that while cryoablation (also known as cryosurgery) is a well-known practice, researchers are still in the process of assessing its long-term benefits. The procedure is performed by an interventional radiologist on patients coping with metastasized lung tumors, the researchers noted. Using CT-imaging equipment, the physician inserts a small needle-like instrument directly into the tumor to deliver the freezing power (at temperatures as low as minus 100 degrees Celsius) of liquid nitrogen to cancer cells, while sparing healthy surrounding tissue. To date, the team behind the new study has used the procedure to tackle a total of 36 tumors in 22 American and French patients --13 men and nine women -- whose average age was 60. Fifteen patients had just one tumor, while the rest had two or more. None of the patients was deemed eligible for standard surgical interventions. The targeted tumors were less than 3.5 centimeters (about 1.4 inches), which Woodrum described as being ""small to medium in size."" The procedure was performed under either general anesthesia or conscious sedation, and lasted anywhere from 45 minutes to nearly three hours. Typically, patients were able to return home the following day. The result: Among the 15 patients seen roughly three months post-procedure, tumor control was found to be 100 percent, although six patients were found to have developed new lung tumors in the interim. Among five patients seen six months after the procedure, tumor control continued to be 100 percent. The authors noted that side effects were minimal, typically involving air or fluid around the lungs after the procedure, and in all cases were resolved quickly. The team concluded that cryoablation appears to be both safe and effective, at least in the short-term. But they acknowledged that more research needs to be done to track the treatment's impact over the long haul. ""It would be overreaching to say that we're curing cancer with this,"" Woodrum said. ""But this is one of many therapy options that is looking to turn cancer into a chronic fight, and to give patients for whom the choices are limited a chance at a good quality of life with minimal treatment complications."" For his part, Dr. David Carbone, a professor and director of the James Thoracic Center at the Ohio State University Wexner Medical Center, said that the findings regarding cryoablation are ""not incredibly novel,"" given that the procedure has been around for years. ""And I would say that there are multiple different technologies for doing this kind of very localized approach,"" he added. He mentioned stereotactic radiosurgery -- which targets the tumor with high-power X-rays -- as another way to go. ""While I've done cryoablation myself in the past, it's not what I typically do,"" Carbone noted. ""Stereotactic is noninvasive and doesn't require general anesthesia, so that's what I'd tend to do, although certainly what approach is ideal will depend on a particular patient's situation and symptoms. But there's no situation in which cryoablation would be the only theoretical option."" More information For more about cryoablation, visit the U.S. National Cancer Institute."
fakehealth,story_reviews_01046,1,0,1,1,0.5148239,0.9796791,"Dolphins are some of the most charming, charismatic and entertaining animals in the ocean. Adding to their mystique, they have gained a reputation for their supposed healing powers over the last couple of decades. Facilities scattered around the world offer various forms of dolphin-assisted therapy for people with mental and physical ailments. Essentially, it’s an expensive opportunity to swim with dolphins. Parents of children with severe autism, Down syndrome, cerebral palsy or other disabilities spend thousands of dollars on such dolphin-based treatments in hopes that the animals can reach their kids in ways that psychiatrists, physical therapists or medications never could. One destination for dolphin-based treatment is Island Dolphin Care in Key Largo, Fla. The center has six Atlantic bottlenose dolphins in a penned-in canal connected to the ocean. (According to the website, the dolphins’ personalities run the gamut from “tomboy” to “Gucci girl.”) The center also has a staff that includes a social worker and three special education teachers, along with speech therapists and other specialists who visit from time to time. A five-day program costs $2,200 and includes about 20 minutes of dolphin time each day. Other time is spent in classrooms or therapy, depending on the needs of the child or the wishes of the parents. The dolphins also work with some adults, including veterans who have lost limbs. There don’t appear to be any dolphin therapy programs in California. (You can swim with dolphins at SeaWorld in San Diego, but it’s not offered as therapy.) There are several programs in Mexico, however, including the Living From the Heart Dolphin Experience in Cozumel. The program includes five 40-minute sessions with a single dolphin in a pool over three days. The cost is $575. Advertisement The claims The Internet is rife with claims that dolphins can use their natural ultrasound to zap tumors, heal muscle injuries and stimulate the brains of disabled children. Through mechanisms that aren’t completely clear, there are also reports that dolphins have relieved chest pain and restored faulty vision. A site for a dolphin therapy center in Ukraine says its dolphins can treat chronic fatigue syndrome, headaches, depression and autism, among many other conditions. The programs closer to this part of the world tend to be more reserved. The website for Island Dolphin Care doesn’t claim that the dolphins cure any illness, although the dolphins are said to provide “unconditional love and support” to children with disabilities or terminal illnesses. Advertisement Deena Hoagland, a licensed social worker and executive director of Island Dolphin Care, says that dolphins don’t have magical powers. “It’s very irresponsible to give false hope,” she says. She believes the animals bring joy, confidence and self-esteem to children and adults. She adds that dolphin therapy is only a small part of her overall program. “We use traditional treatments in an exciting way,” she says. The website for the Living From the Heart Dolphin Experience says that 95% of autistic children who receive dolphin therapy enjoy benefits that last up to two years. Those benefits are said to include longer attention spans, better emotional control and improved communication skills. Macy Jozsef, the executive director of Living From the Heart, says she has been providing dolphin therapy for more than 20 years. “Nobody really knows why dolphins have the impact that they do,” she says. “I speculate that dolphins help synchronize the left side and right side of our brains, and nothing else does that.” The bottom line If you think your child will enjoy splashing around with a big, smart, aquatic mammal, a dolphin experience might be a fine investment. But if you’re looking for a treatment with scientifically proven results, you should look past the dolphin tank. Even Hoagland agrees that there’s no real research to support dolphin therapy, but she sees that shortcoming in a positive light: “If there’s no science behind it, how can you say that it doesn’t work?” There are a few dolphin studies out there, but they don’t add up to much, says Lori Marino, a neuroscience and behavioral biology researcher at Emory University in Atlanta. Japanese researchers published a small study in 2001 suggesting that dolphin therapy can somehow treat eczema, but that finding stretches credulity, Marino says. Another study that year from Australian researchers concluded that swimming with dolphins could improve feelings of well-being while reducing anxiety, but the findings were based on questionnaires given to 168 healthy people who had paid for their adventures, which predisposed them to see the investment as worthwhile. A more plausible study published in the British Medical Journal in 2005 found that dolphin therapy relieved depression symptoms for a group of 13 adults. Marino critiqued these and other studies in a review article published in 2007 in the journal Anthrozoos. According to Marino, the appeal of dolphin therapy is based more on mystical beliefs than on any real results. “Dolphins are the ultimate New Age animals,” she says. But dolphins don’t feel any spiritual imperative to heal humans, as far as anyone knows. Marino adds that the ultrasound that dolphins use to navigate is far too weak to have any medical effect. “People say that swimming with dolphins is fun, but it’s entertainment, not therapy,” she says. Advertisement Jim Ball, chairman of the board of directors of the Autism Society and a behavioral specialist with a practice in Cranbury, N.J., says that some autistic children respond well to animals in general. For example, a child who has trouble reading out loud may be more fluent and confident when reading to a dog. Many autistic children also enjoy being in the water, he says. It’s perfectly plausible that some autistic children would become unusually lively and engaged around a dolphin, Ball says, but it’s hard to say that the emotional boost would last. “It’s not like they can swim with a dolphin every day,” he says. health@latimes.com"
fakehealth,news_reviews_00203,1,0,1,1,0.63893014,0.98122656,"CINCINNATI--Following a concussion or mild traumatic brain injury (TBI), patients may suffer from light sensitivity or photophobia, making it challenging to return to normal activities. The sensitivity may also trigger or exacerbate headaches. While sunglasses can provide some relief from photophobia, wearing them all the time is not always a practical solution, nor is it pleasant for patients to live in a dark room for days at a time. A new study from the University of Cincinnati (UC), published online this week in the Journal of Athletic Training, assessed the use of colored lenses in post-concussion patients and found wearing certain color-tinted sunglasses may be a good alternative to dark sunglasses. ""While sunglasses can provide some relief, they are not very practical indoors or in low light environments,"" says Joe Clark, PhD, professor in the Department of Neurology and Rehabilitation Medicine at the UC College of Medicine and lead author of the study. ""What is needed is a light mitigation strategy that can be readily employed indoors, which can optimize relief in those who suffer from photophobia, or light sensitivity."" Clark and researchers at the College of Medicine assessed visual symptoms of 51 concussion patients and used frames with varying colored lenses to find out if certain hues provided relief from photophobia. ""We found that 85 percent of patients reporting photophobia had relief of the symptoms with one or more colors-- blue, green, red and purple--with no reported adverse events,"" Clark says. ""Sensitivity to light can be common and impact activities of daily life suggesting that light mitigation might improve quality of life in many of these patients. Photophobia is a common symptom for patients following traumatic brain injury. Our goal in this study was to provide medical staff like athletic trainers with a method and means to assess and subsequently provide relief to an athlete who may be experiencing symptoms of photophobia,"" Clark adds. The goal is to help the concussion patient feel better as the brain heals. ""We compare the colored glasses to being like a brace or cast but for the brain,"" he says. ""It is temporary but prevents further injury or pain."" At least 3.8 million people in the United States sustain a concussion or traumatic brain injury every year, many not for the first time. As with many other health conditions, the presentation of concussion symptoms can vary greatly--while some individuals exhibit very little to no change in functionality and may report no symptoms at all, others may report confusion, headache, decreased balance and vision disturbances including blurry vision, trouble focusing and sensitivity to light. Photophobia is so common that many neurosurgical intensive care units consider it standard operating procedure to keep lights dimmed in rooms containing TBI patients says Clark. In addition to trying colored-lens sunglasses, the article suggests other ways to mitigate photophobia including wearing a wide-brimmed hat when outdoors, adjusting digital screen and device settings to an appropriate hue and brightness or purchasing filters for screens. However, the researchers noted, they do not recommend wearing colored glasses while driving. Certain colors make seeing stop lights or emergency vehicle lights difficult. ""We believe that an athletic trainer, in consultation with team physicians, may find it useful to apply this photophobia assessment and recommend colored glasses to his or her athlete,"" Clark says. ""The use of the colored glasses in the high school, college or other setting can allow a person to engage in some medically approved activities, while minimizing the risk of symptom exacerbation. We believe the use of the colored glasses that provide photophobia mitigation has added benefits superior to dark sunglasses, especially for indoor lighting."" ### Additional researchers on the study include Jon Divine, MD, a professor in the Department of Orthopaedic Surgery at the UC College of Medicine and head team physician for University of Cincinnati Athletics. There was no funding used for this study."
fakehealth,story_reviews_00934,1,0,1,1,0.85452604,0.9979798,"By Kathleen Doheny HealthDay Reporter TUESDAY, Jan. 17, 2012 (HealthDay News) -- Combining two drugs that target an aggressive type of breast cancer known as HER2-positive appears to work better than using either drug alone, researchers report. The dual-drug approach greatly boosted the chances of eliminating microscopic signs of early cancer by the time a woman was due to have surgery, said researcher Dr. Jose Baselga, chief of hematology/oncology at Massachusetts General Hospital Cancer Center and a professor of medicine at Harvard Medical School. The study was published online Jan. 17 in The Lancet. The two drugs are Tykerb (lapatinib) and Herceptin (trastuzumab). Using both together resulted in a 51 percent response, compared with a 30 percent response in women given Herceptin alone. Those given Tykerb alone had a 25 percent response. ""What we observed was a massive improvement in response,"" Baselga said. GlaxoSmithKline, the maker of Tykerb, helped fund the study. ""Lapatinib was approved for advanced breast cancer in 2007,"" Baselga said. ""The question we had was, what is the efficacy if we give it in early-stage breast cancer prior to surgery?"" Baselga and his colleagues conducted a trial treating 455 women from 23 countries. All had HER2-positive breast cancers. All had tumors larger than about three-fourths of an inch. In HER2-positive breast cancer, test results are positive for a protein called human epidermal growth factor receptor 2, which promotes cancer cell growth. In the study, 154 women got Tykerb, 149 Herceptin and the other 152 both drugs. All had the drug regimen before surgery, with Taxol (paclitaxel), a standard chemotherapy, added after six weeks. After 12 more weeks of treatment, the women had surgery. At that point, researchers evaluated who had better responses. The women continued the treatments for one more year, allowing researchers to follow them and see how the approaches affected survival. Baselga stressed that the study looked only at women with early-stage HER2-positive breast cancers, and that the drug Tykerb is approved now only for advanced breast cancers. The study is well done and important, said Dr. Len Lichtenfeld, deputy chief medical officer for the American Cancer Society. The two drugs, he said, ""affect the same pathway but do it in a different way."" While the combination showed a better response rate, ""there is also an increased level of side effects,"" he noted. While no major heart problems occurred, those on Tykerb alone or the two-drug combination had more diarrhea. Liver-enzyme alterations were also more frequent when Tykerb was used. GlaxoSmithKline notes that liver toxicity with the drug may be severe and that deaths have been reported, although the cause of the deaths has not been determined. The important question, however, has not been answered yet, Lichtenfeld said. That's the effect on overall survival in using the two-drug approach. The researchers are continuing to evaluate that. Cost is another consideration: Tykerb runs about $4,000 a month wholesale, and retail prices could be higher. In another study, published online Jan. 17 in The Lancet Oncology, researchers from Germany reported that Tykerb is less beneficial than Herceptin as a single-drug therapy. They assigned 620 women with HER2-positive breast cancer to get standard chemotherapy plus Herceptin or Tykerb. They looked to see which drug was better at eliminating invasive cancer in the breast and metastatic cells in the lymph nodes. While 30 percent of those in the Herceptin group had this response, 23 percent of the Tykerb group did. The study was funded by drug makers GlaxoSmithKline, Roche and Sanofi-Aventis. Baselga reports receiving honoraria from Roche; other co-authors report receiving speaking fees or honoraria from GlaxoSmithKline and fees from other drug companies. More information To learn more about breast cancer, including HER2-positive cancers, visit the American Cancer Society."
fakehealth,news_reviews_00231,0,1,0,0,0.40749288,0.16579238,"IRVINE, Calif., May 10, 2017 /PRNewswire/ -- Proove® Biosciences, Inc. announces a new study validating the accuracy of precision medicine technology to predict prescription opioid abuse. This study, entitled ""Evaluation of a Predictive Algorithm that Detects Aberrant Use of Opioids in an Addiction Treatment Centre"", is published in the peer-reviewed Journal of Addiction Research and Therapy (Impact Factor: 1.4). Distinguished Fellow American Society of Addiction Medicine (ASAM), Diplomate American Board of Addiction Medicine and Fellow American College of Preventive Medicine, J. Ramsay Farah, MD, MPH, MRO, CPE, led a research team that showed Proove Opioid Risk® identifies patients at risk for Opioid Use Disorder (OUD) with nearly 97% accuracy. This study evaluated 186 patients, comparing 94 Medicaid patients at an addiction treatment facility with confirmed cases of opioid abuse, and 92 healthy patients with no history of opioid use. The receiving operator characteristic (ROC) curve had an area under the curve (AUC) of 0.967. Furthermore, the sensitivity of the ""moderate risk"" cut-off score was 98%, while the specificity of the ""high risk"" score was 100%. Dr. Farah, who serves as the Chief Medical Officer for the Phoenix Health Center in Hagerstown, prior NE Regional Medical Director for United Healthcare Clinical Services and Director ASAM explains, ""Based on ASAM's definition of addiction, about half of substance abuse is due to genetic factors. This study shows that analyzing genetics with lifestyle and behavioral variables in a predictive algorithm can accurately stratify patient risk."" Dr. Ashley Brenton, Associate Director of R&D for Proove states, ""This validation study builds on the peer-reviewed evidence supporting Proove Opioid Risk® and its components as an optimal model to predict opioid abuse risk."" Study author, Gregory A. Smith, M.D, former Director of Pain Management at Harbor UCLA, explains, ""Having used this technology for 6 years, this data provides further evidence that clinicians can use Proove Opioid Risk® for ruling out patients unlikely to exhibit aberrant behaviors, and identifying high-risk patients for alternative therapies."" Proove Opioid Risk® is a proprietary precision medicine profile consisting of an algorithm which analyzes 17 variables (11 genetic and 6 lifestyle and behavioral factors) individually supported by over 30 peer-reviewed publications. Peer-reviewed clinical studies show that the Proove Opioid Risk® profile accurately identifies patient risk for opioid abuse. About Proove® Biosciences: Proove® Biosciences is the leader in precision medicine for the condition that lies at the nexus of health – pain. Proove® delivers precision medicine solutions for the nation's most prevalent and expensive health condition by investing heavily in research that has won awards from leading medical societies and been published in peer-reviewed journals. Discovered by NIH-funded scientists, Proove® has translated into clinical practice the genetic variants and phenotypic factors contributing to pain sensitivity and chronic pain risk. Proove®'s medical advisory board is led by those NIH-funded researchers and the company has licensed some of its technology from leading academic centers, such as the University of North Carolina at Chapel Hill, the University of Utah, and other institutions. Positioned as The Healthcare Decision Company,™ Proove®'s patented technology platform combines genetic, clinical, environmental and lifestyle information to help clinicians better evaluate pain sensitivity, assess risk for opioid use disorder, predict therapeutic response to pain medications, and assess drug metabolism for the many medications used in chronic pain patients. For more information, please visit www.proove.com or call toll free 855-PROOVE-BIO (855-776-6832). SOURCE Proove Biosciences, Inc. Related Links http://www.proove.com"
fakehealth,news_reviews_00434,1,0,1,1,0.6697401,0.79795545,"April 29, 2016 - A modified surgical technique may provide a simpler approach to the surgical treatment for one type of chronic headache, according to an ""Ideas and Innovations"" paper in the May issue of Plastic and Reconstructive Surgery®, the official medical journal of the American Society of Plastic Surgeons (ASPS). Using an incision originally designed for another purpose, surgeons can gain direct access to the nerves involved in some types of chronic temporal headache, according to the report by ASPS Member Surgeon Dr. Ziv M. Peled of Peled Plastic Surgery, San Francisco. He hopes his new technique will ""lower the bar to adoption"" of effective surgical treatment for patients with this debilitating headache condition. Efficient Approach to Surgery for Chronic Temporal Headache In recent years, surgery has emerged as an effective treatment option for selected patients with chronic, severe headaches. Developed by plastic surgeons who noticed that some migraine patients had fewer headaches after cosmetic forehead-lift, these procedures address ""trigger sites"" linked to certain headache patterns. Severe temporal headaches can result from muscle spasms or enlarged blood vessels putting pressure on specific nerves located on the side of the head--specifically, the zygomaticotemporal branch of the trigeminal nerve (ZTBTN) and sometimes the auriculotemporal nerve (ATN). During these operative procedures, surgeons seek to relieve pressure on these nerves or to disconnect the nerves in order to prevent them from triggering future headaches. The technique is a new use of an approach that many surgeons are already familiar with: the Gillies incision, used for surgical repair of cheekbone fractures. Dr. Peled found that this short incision, placed in the temple behind the hairline, provides direct access to the ZTBTN and ATN. He describes his initial experience with the new approach in 19 patients. All patients had chronic temporal headaches that did not improve with medications. They also had a positive result on preoperative testing--either injection of botulinum toxin (Botox) to temporarily block muscle activity, or local anesthetics to temporarily block the involved nerve. Before and after surgery, headache symptoms were assessed using a standard score, the Migraine Headache Index (MHI). As in previous studies, surgery provided significant relief from chronic temporal headaches. Average MHI score decreased from about 132 points before surgery to 52 points afterward. Of the 19 patients, 16 had at least a 50 percent reduction in headache symptoms. It's unclear why the three remaining patients didn't have good improvement, although Dr. Peled notes that two of the three had had temporal headaches for decades before surgery. None of the patients experienced complications, and there was little or no visible scarring. The experience supports a growing body of research showing good outcomes with surgery for chronic temporal headaches. Most recently, a study in Plastic & Reconstructive Surgery reported similar results whether the nerve is decompressed or disconnected. However, previous studies have used technically more complex approaches to access the ZTBTN. The simplified approach using the Gillies incision combines the advantages of other approaches to chronic temporal headache surgery while minimizing the disadvantages, Dr. Peled believes. He comments, ""This is a straightforward technique and effective procedure that may make it easier for plastic surgeons to adopt and offer surgical options for patients with this debilitating condition."" ### Plastic and Reconstructive Surgery® is published by Wolters Kluwer. Click here to read ""A Novel Surgical Approach to Chronic Temporal Headaches."" Article: ""A Novel Surgical Approach to Chronic Temporal Headaches"" (doi: 10.1097/PRS.0000000000002051) About Plastic and Reconstructive Surgery For more than 60 years, Plastic and Reconstructive Surgery® (http://journals. lww. com/ plasreconsurg/ ) has been the one consistently excellent reference for every specialist who uses plastic surgery techniques or works in conjunction with a plastic surgeon. The official journal of the American Society of Plastic Surgeons, Plastic and Reconstructive Surgery® brings subscribers up-to-the-minute reports on the latest techniques and follow-up for all areas of plastic and reconstructive surgery, including breast reconstruction, experimental studies, maxillofacial reconstruction, hand and microsurgery, burn repair, and cosmetic surgery, as well as news on medico-legal issues. About ASPS The American Society of Plastic Surgeons (ASPS) is the world's largest organization of board-certified plastic surgeons. Representing more than 7,000 Member Surgeons, the Society is recognized as a leading authority and information source on aesthetic and reconstructive plastic surgery. ASPS comprises more than 94 percent of all board-certified plastic surgeons in the United States. Founded in 1931, the Society represents physicians certified by The American Board of Plastic Surgery or The Royal College of Physicians and Surgeons of Canada. ASPS advances quality care to plastic surgery patients by encouraging high standards of training, ethics, physician practice and research in plastic surgery. You can learn more and visit the American Society of Plastic Surgeons at http://www. plasticsurgery. org or http://www. facebook. com/ PlasticSurgeryASPS and http://www. twitter. com/ ASPS_news . About Wolters Kluwer Wolters Kluwer is a global leader in professional information services. Professionals in the areas of legal, business, tax, accounting, finance, audit, risk, compliance and healthcare rely on Wolters Kluwer's market leading information-enabled tools and software solutions to manage their business efficiently, deliver results to their clients, and succeed in an ever more dynamic world. Wolters Kluwer reported 2015 annual revenues of €4.2 billion. The group serves customers in over 180 countries, and employs over 19,000 people worldwide. The company is headquartered in Alphen aan den Rijn, the Netherlands. Wolters Kluwer shares are listed on Euronext Amsterdam (WKL) and are included in the AEX and Euronext 100 indices. Wolters Kluwer has a sponsored Level 1 American Depositary Receipt program. The ADRs are traded on the over-the-counter market in the U.S. (WTKWY)."
fakehealth,story_reviews_01192,1,0,1,1,0.65656066,0.9883868,"En Español By Kathleen Doheny HealthDay Reporter TUESDAY, Feb. 22, 2011 (HealthDay News) -- In women who have had breast cancer, annual mammograms help detect second breast cancers, but they're not as effective in women who have never had the disease, new research suggests. ""Screening mammography does work well in women with a history of breast cancer, so they should continue to get their annual screening mammogram,"" said Diana Miglioretti, senior investigator at Group Health Research Institute in Seattle and a co-author of the new research. ""But they also need to remain vigilant because they are at increased risk of cancers not detected on mammography that show up between mammograms."" In their study, published in the Feb. 23 issue of the Journal of the American Medical Association, Miglioretti and her colleagues found that false positives and interval cancers were both higher in women with a history of breast cancer than in those without such history. False positives are an initial finding of cancer that turns out to be benign based on additional testing. Interval cancers are those found between mammograms, either through additional tests or symptoms. The researchers evaluated 12 years of data from 58,870 screening mammograms in 19,078 women with early-stage breast cancer and an equal number of mammograms in another 55,315 women who had never had breast cancer. The women were matched on such factors as age and breast density, a risk factor for cancer, with higher density increasing risk. Within a year of the screening, 655 cancers were found in women with a breast cancer history and 342 in those without. Mammograms had detected 76.5 percent of the cancers in women who had never had breast cancer and 65.4 percent in those who had previously had the disease. As for false positives, 1 percent of the women without a history of breast cancer were referred for biopsy but ended up being cancer-free, compared with 1.7 percent of those with a breast cancer history. The interval cancer rate was 3.6 per 1,000 screenings in those with a history and 1.4 per 1,000 in those without, the investigators found. Women with a history of breast cancer were also more likely to be called back for additional imaging or biopsies: 18 percent called back, compared with 8.3 percent of the others. ""I think it's mostly positive news,"" Miglioretti said. ""Of the ones that are missed, most of them are early stage."" It points to the need, she said, for women to remain vigilant about screening after their breast cancer treatment -- and to report any symptoms to their doctor immediately. Dr. William Audeh, medical director of the Samuel Oschin Cancer Center and the Wasserman Breast Cancer Risk Reduction Program at Cedars-Sinai Medical Center in Los Angeles, described the findings as ""not at all surprising."" He reviewed the study but was not involved in it. After surgery and radiation, he said, a woman's breasts have changed, and there is a greater chance that a radiologist will think that something is abnormal simply because of the changes. ""That helps explain the false positives,"" Audeh said. And though mammography did not catch all cancers in the women with a breast cancer history, the study still points out the value of the test, he said. Robert Smith, director of cancer screening for the American Cancer Society, agreed. ""Despite poorer performance compared with women without a prior history of breast cancer, overall screening mammography was effective at detecting the majority of breast cancer in women with a [history] at an early favorable stage, with the majority of tumors being diagnosed as ductal carcinoma in situ or stage 1,"" Smith said. A trend among cancer specialists, Audeh said, is to tailor follow-up for a woman who has had breast cancer. For those who have dense breasts and are younger than 50, for example, ""we can alternate mammograms with breast MRIs,"" with one of the tests every six months, he said. More information WomensHealth.gov has more on mammograms."
fakehealth,story_reviews_01113,1,0,1,1,0.5896113,0.99487925,"NEW YORK (Reuters Health) - National guidelines help doctors decide how to treat high blood pressure. But tailoring those guidelines to better fit individuals could prevent many more heart attacks and strokes, say developers of a computer model that makes those calculations. Their study, published Monday in the Annals of Internal Medicine, estimated the effects of using “individualized guidelines” to make decisions on treating high blood pressure. It found that the tailored approach could prevent 43 percent more heart attacks and strokes than the simpler, general recommendations used now. Currently, U.S. guidelines recommend treatment if blood pressure rises above 140/90 mm Hg, or above 130/80 mm Hg if a person has diabetes or chronic kidney disease. Doctors generally add their own judgment to that decision as well. If, for instance, a person has slightly elevated blood pressure but is otherwise at low risk for heart problems, then lifestyle changes might be enough. But the new study looked at a more sophisticated way of estimating individual patients’ needs. Researchers used a computer-based “risk calculator” that took into account a person’s age, cholesterol levels, family history of heart disease and any diabetes diagnosis. It also factored in what’s known about different types of patients’ responses to various blood pressure medications. The researchers then used data from a long-term study of 15,800 Americans to estimate the effects of applying the individualized guidelines. Overall, they found, the tailored method could prevent 43 percent more heart attacks and strokes than national guidelines, if healthcare costs were kept the same. If, on the other hand, the number of heart attacks and strokes prevented were kept the same, the individualized guidelines would accomplish that result at a 67 percent cost savings versus the national guidelines. The goal of using the risk calculator “is the same as the physician’s desire to take into account the ‘whole patient’ when discussing treatment options with patients,” said lead researcher Dr. David M. Eddy. The problem with the old-fashioned way, he told Reuters Health in an email, is that there are many pieces of information about a patient to consider. “It is impossible for the human brain to digest it all and estimate accurately the patient’s risks or how they would benefit from treatments,” he said. According to Eddy, risk calculators like the one in the study could, eventually, help doctors give patients real numbers. A doctor might tell you, for example, what your risk is of developing diabetes in the next 20 years, and how much you could cut that risk if you lose a certain amount of weight (and keep it off). Eddy is a founder of Archimedes, Inc., a San Francisco-based company that has developed a computer-based mathematical model to aid in healthcare decisions. The calculator used in this study is a simplified version of that model. Eddy said that the calculator, or others like it, could be integrated into electronic health records. A patient’s information could be automatically fed to the calculator, and the results would then be displayed on a computer for the doctor and patient to discuss. A researcher not involved in the work said it was a “nice study” that is a first step toward showing that tailored guidelines could have benefits. “This shows that there might be better ways for physicians to choose who gets treated and who does not,” said Dr. Douglas K. Owens of the VA Palo Alto Health Care System in California, who wrote an editorial published with the study. General guidelines, like those for treating high blood pressure, are kept fairly simple so they are easy to remember, Owens told Reuters Health in an interview. Doctors, ideally, then adapt those guidelines to individual patients’ situations. However, Owens said, “it’s hard to do all of that in your head. This gives them a tool.” Now the looming questions are how to implement risk calculators in doctors’ practices — and, Owens said, whether that benefits patients’ health in the real world. “The general theme is that we can do better, and we may have an opportunity to improve patients’ health outcomes,” Owens said. “That’s the hope.” He said he thinks electronic health records will be key to putting individualized guidelines into practice. And right now, there is a way to go before most doctors will have those systems in place. A recent government survey found that the percentage of U.S. doctors using electronic health records is on the rise, but still fairly low. About one-quarter of surveyed doctors said they had “basic” electronic medical record systems in their offices. Only about 10 percent had a “fully functional” system that included extensive information on patients’ medical history. SOURCE: bit.ly/an7XRm Annals of Internal Medicine, online May 2, 2011."
fakehealth,story_reviews_00607,1,0,1,1,0.6014181,0.9718945,"Lost Posture: Why Some Indigenous Cultures May Not Have Back Pain Enlarge this image toggle caption Courtesy of Esther Gokhale and Ian Mackenzie/Nomads of the Dawn Courtesy of Esther Gokhale and Ian Mackenzie/Nomads of the Dawn Editor's note, June 10: We have added an acknowledgement of several sources that Esther Gokhale used while developing her theories on back pain. These include physiotherapy methods, such as the Alexander Technique and the Feldenkrais Method, and the work of anthropologist Noelle Perez-Christiaens. Back pain is a tricky beast. Most Americans will at some point have a problem with their backs. And for an unlucky third, treatments won't work, and the problem will become chronic. Enlarge this image toggle caption Courtesy of Esther Gokhale/Gerard Mackworth-Young Courtesy of Esther Gokhale/Gerard Mackworth-Young Believe it or not, there are a few cultures in the world where back pain hardly exists. One indigenous tribe in central India reported essentially none. And the discs in their backs showed little signs of degeneration as people aged. An acupuncturist in Palo Alto, Calif., thinks she has figured out why. She has traveled around the world studying cultures with low rates of back pain — how they stand, sit and walk. Now she's sharing their secrets with back pain sufferers across the U.S. About two decades ago, Esther Gokhale started to struggle with her own back after she had her first child. ""I had excruciating pain. I couldn't sleep at night,"" she says. ""I was walking around the block every two hours. I was just crippled."" Gokhale had a herniated disc. Eventually she had surgery to fix it. But a year later, it happened again. ""They wanted to do another back surgery. You don't want to make a habit out of back surgery,"" she says. This time around, Gokhale wanted to find a permanent fix for her back. And she wasn't convinced Western medicine could do that. So Gokhale started to think outside the box. She had an idea: ""Go to populations where they don't have these huge problems and see what they're doing."" Esther Gokhale's Five Tips For Better Posture And Less Back Pain Try these exercises while you're working at your desk, sitting at the dinner table or walking around, Esther Gokhale recommends. 1. Do a shoulder roll: Americans tend to scrunch their shoulders forward, so our arms are in front of our bodies. That's not how people in indigenous cultures carry their arms, Gokhale says. To fix that, gently pull your shoulders up, push them back and then let them drop — like a shoulder roll. Now your arms should dangle by your side, with your thumbs pointing out. ""This is the way all your ancestors parked their shoulders,"" she says. ""This is the natural architecture for our species."" 2. Lengthen your spine: Adding extra length to your spine is easy, Gokhale says. Being careful not to arch your back, take a deep breath in and grow tall. Then maintain that height as you exhale. Repeat: Breathe in, grow even taller and maintain that new height as you exhale. ""It takes some effort, but it really strengthens your abdominal muscles,"" Gokhale says. 3. Squeeze, squeeze your glute muscles when you walk: In many indigenous cultures, people squeeze their gluteus medius muscles every time they take a step. That's one reason they have such shapely buttocks muscles that support their lower backs. Gokhale says you can start developing the same type of derrière by tightening the buttocks muscles when you take each step. ""The gluteus medius is the one you're after here. It's the one high up on your bum,"" Gokhale says. ""It's the muscle that keeps you perky, at any age."" 4. Don't put your chin up: Instead, add length to your neck by taking a lightweight object, like a bean bag or folded washcloth, and balance it on the top of your crown. Try to push your head against the object. ""This will lengthen the back of your neck and allow your chin to angle down — not in an exaggerated way, but in a relaxed manner,"" Gokhale says. 5. Don't sit up straight! ""That's just arching your back and getting you into all sorts of trouble,"" Gokhale says. Instead do a shoulder roll to open up the chest and take a deep breath to stretch and lengthen the spine. [Added June 10] So Gokhale studied findings from anthropologists, such as Noelle Perez-Christiaens, who analyzed postures of indigenous populations. And she studied physiotherapy methods, such as the Alexander Technique and the Feldenkrais Method. And the original post continues ... Then over the next decade, Gokhale went to cultures around the world that live far away from modern life. She went to the mountains in Ecuador, tiny fishing towns in Portugal and remote villages of West Africa. ""I went to villages where every kid under age 4 was crying because they were frightened to see somebody with white skin — they'd never seen a white person before,"" she says. Gokhale took photos and videos of people who walked with water buckets on their heads, collected firewood or sat on the ground weaving, for hours. ""I have a picture in my book of these two women who spend seven to nine hours everyday, bent over, gathering water chestnuts,"" Gokhale says. ""They're quite old. But the truth is they don't have a back pain."" She tried to figure out what all these different people had in common. The first thing that popped out was the shape of their spines. ""They have this regal posture, and it's very compelling."" And it's quite different than American spines. If you look at an American's spine from the side, or profile, it's shaped like the letter S. It curves at the top and then back again at the bottom. But Gokhale didn't see those two big curves in people who don't have back pain. ""That S shape is actually not natural,"" she says. ""It's a J-shaped spine that you want."" In fact, if you look at drawings from Leonardo da Vinci — or a Gray's Anatomy book from 1901 — the spine isn't shaped like a sharp, curvy S. It's much flatter, all the way down the back. Then at the bottom, it curves to stick the buttocks out. So the spine looks more like the letter J. ""The J-shaped spine is what you see in Greek statues. It's what you see in young children. It's good design,"" Gokhale says. So Gokhale worked to get her spine into the J shape. And gradually her back pain went away. Enlarge this image toggle caption Library of Congress Library of Congress Then Gokhale realized she could help others. She developed a set of exercises, wrote a book and set up a studio in downtown Palo Alto. Now her list of clients is impressive. She's helped YouTube CEO Susan Wojcicki and Matt Drudge of the Drudge Report. She has given classes at Google, Facebook and companies across the country. In Silicon Valley, she's known as the ""posture guru."" Each year, doctors in the Bay Area refer hundreds of patients to Gokhale. One of them is Dr. Neeta Jain, an internist at the Palo Alto Medical Foundation. She puts Gokhale's method in the same category as Pilates and yoga for back pain. And it doesn't bother her that the method hasn't been tested in a clinical trial. ""If people are finding things that are helpful, and it's not causing any harm, then why do we have to wait for a trial?"" Jain asked. But there's still a big question looming here: Is Gokhale right? Have people in Western cultures somehow forgotten the right way to stand? Scientists don't know yet, says Dr. Praveen Mummaneni, a neurosurgeon at the University of California, San Francisco's Spine Center. Nobody has done a study on traditional cultures to see why some have lower rates of back pain, he says. Nobody has even documented the shape of their spines. ""I'd like to go and take X-rays of indigenous populations and compare it to people in the Western world,"" Mummaneni says. ""I think that would be helpful."" But there's a whole bunch of reasons why Americans' postures — and the shape of their spines — may be different than those of indigenous populations, he says. For starters, Americans tend to be much heavier. ""If you have a lot of fat built up in the belly, that could pull your weight forward,"" Mummaneni says. ""That could curve the spine. And people who are thinner probably have less curvature"" — and thus a spine shaped more like J than than an S. Americans are also much less active than people in traditional cultures, Mummaneni says. ""I think the sedentary lifestyle promotes a lack of muscle tone and a lack of postural stability because the muscles get weak."" toggle caption NPR Everyone knows that weak abdominal muscles can cause back pain. In fact, Mummaneni says, stronger muscles might be the secret to Gokhale's success. In other words, it's not that the J-shaped spine is the ideal one — or the healthiest. It's what goes into making the J-shaped spine that matters: ""You have to use muscle strength to get your spine to look like a J shape,"" he says. So Gokhale has somehow figured out a way to teach people to build up their core muscles without them even knowing it. ""Yes, I think that's correct,"" Mummaneni says. ""You're not going to be able to go from the S- to the J-shaped spine without having good core muscle strength. And I think that's key here."" So indigenous people around the world don't have a magic bullet for stopping back pain. They've just got beefy abdominal muscles, and their lifestyle helps to keep them that way, even as they age."
fakehealth,story_reviews_00084,1,0,1,1,0.53156793,0.99457365,"Government and other scientists are proposing a new way to define Alzheimer's disease — basing it on biological signs, such as brain changes, rather than memory loss and other symptoms of dementia that are used today. The move is aimed at improving research, by using more objective criteria like brain scans to pick patients for studies and enroll them sooner in the course of their illness, when treatments may have more chance to help. But it's too soon to use these scans and other tests in routine care, because they haven't been validated for that yet, experts stress. For now, doctors will still rely on the tools they've long used to evaluate thinking skills to diagnose most cases. Regardless of what tests are used to make the diagnosis, the new definition will have a startling effect: Many more people will be considered to have Alzheimer's, because the biological signs can show up 15 to 20 years before symptoms do. ""The numbers will increase dramatically,"" said Dr. Clifford R. Jack Jr., a Mayo Clinic brain imaging specialist. ""There are a lot more cognitively normal people who have the pathology in the brain who will now be counted as having Alzheimer's disease."" He led a panel of experts, working with the Alzheimer's Association and the National Institute on Aging, that updated guidelines on the disease, published Tuesday in Alzheimer's & Dementia: The Journal of the Alzheimer's Association. ABOUT ALZHEIMER'S About 50 million people worldwide have dementia, and Alzheimer's is the most common form. In the U.S., about 5.7 million have Alzheimer's under its current definition, which is based on memory problems and other symptoms. About one-third of people over 70 who show no thinking problems actually have brain signs that suggest Alzheimer's, Jack said. There is no cure — current medicines such as Aricept and Namenda just temporarily ease symptoms. Dozens of hoped-for treatments have failed, and doctors think one reason may be that the studies enrolled patients after too much brain damage had already occurred. ""By the time that you have the diagnosis of the disease, it's very late,"" said Dr. Eliezer Masliah, neuroscience chief at the Institute on Aging. ""What we've realized is that you have to go earlier and earlier and earlier,"" just as doctors found with treating cancer, he said. Another problem: as many as 30 percent of people enrolled in Alzheimer's studies based on symptoms didn't actually have the disease — they had other forms of dementia or even other medical conditions. That doesn't give an accurate picture of whether a potential treatment might help, and the new definition aims to improve patient selection by using brain scans and other tests. BETTER TESTS Many other diseases, such as diabetes, already are defined by measuring a biomarker, an objective indicator such as blood sugar. That wasn't possible for Alzheimer's disease until a few years ago, when brain scans and spinal fluid tests were developed to do this. They measure certain forms of two proteins — amyloid and tau — that form plaques and tangles in the brain — and signs of nerve injury, degeneration and brain shrinkage. The guidelines spell out use of these biomarkers over a spectrum of mental decline, starting with early brain changes, through mild impairment and Alzheimer's dementia. WHAT TO DO? People may be worried and want these tests for themselves or a family member now, but Jack advises: ""Don't bother. There's no proven treatment yet."" You might find a doctor willing to order them, but spinal fluid tests are somewhat invasive, and brain scans can cost up to $6,000. Insurance usually does not pay because they're considered experimental outside of research. A large study is underway now to see whether Medicare should cover them and when. Anyone with symptoms or family history of dementia, or even healthy people concerned about the risk can consider enrolling in one of the many studies underway. ""We need more people in this pre-symptomatic stage"" to see if treatments can help stave off decline, Masliah said. ——— Marilynn Marchione can be followed on Twitter at http://twitter.com/MMarchioneAP ——— The Associated Press Health & Science Department receives support from the Howard Hughes Medical Institute's Department of Science Education. The AP is solely responsible for all content."
fakehealth,news_reviews_00027,1,0,1,1,0.61469173,0.9249277,"NEW YORK -- Treatment with a HER2-targeted therapeutic cancer vaccine provided clinical benefit to several patients with metastatic HER2-positive cancers who had not previously been treated with a HER2-targeted therapeutic, according to data from a phase I clinical trial presented at the Fourth CRI-CIMT-EATI-AACR International Cancer Immunotherapy Conference: Translating Science into Survival, held Sept. 30-Oct. 3. Among 11 evaluable patients who had received more than the lowest dose of the vaccine, six (54 percent) had clinical benefit. One patient with ovarian cancer had a complete response that lasted 89 weeks, one patient with gastroesophageal cancer had a partial response that lasted 16 weeks, and four patients (two with colon cancer, one with prostate cancer, and one with ovarian cancer) had stable disease. ""Immunotherapy marshals the exquisite specificity of the immune system to destroy cancer, and some types may have potentially fewer side effects than traditional chemotherapy,"" said Jay A. Berzofsky, MD, PhD, chief of the Vaccine Branch at the Center for Cancer Research, National Cancer Institute, National Institutes of Health, Bethesda, Maryland. ""We are using a vaccine approach to generate an immune response to HER2, which is found at high levels on and drives the growth of several types of cancer, including breast, ovarian, lung, colorectal, and gastroesophageal cancers. ""Our results suggest that we have a very promising vaccine for HER2-overexpressing cancers,"" continued Berzofsky. ""We hope that one day the vaccine will provide a new treatment option for patients with these cancers."" The patients' vaccines are individually customized by Berzofsky and colleagues using their own immune cells isolated from their blood. The blood-derived immune cells are modified in several ways in the laboratory. The final product, which is administered intradermally (between the layers of the skin), comprises patient-derived dendritic cells genetically modified with an adenovirus to produce parts of the HER2 protein. Preclinical studies, which were previously published in the AACR journal Cancer Research, showed that this type of vaccine could eradicate large, established tumors as well as lung metastases in mice. In the dose escalation portion of the phase I clinical trial, patients were injected with the vaccine on weeks 0, 4, 8, 16, and 24 after enrollment in the study. Among the six patients who received the lowest dose of the vaccine, 5 million dendritic cells per injection, no clinical benefit was seen. Among the 11 patients who received either 10 million or 20 million dendritic cells per injection, six had clinical benefit. Adverse reactions were predominantly injection-site reactions that did not require treatment. No cardiotoxicity was seen. ""Based on the current safety and clinical benefit data, the dose of the vaccine was increased to 40 million dendritic cells per injection and the trial opened to patients who have previously been treated with a HER2-targeted therapeutic, including patients with breast cancer,"" said Berzofsky. ""Moving forward, we would like to investigate whether we can increase the proportion of people who benefit from treatment with the vaccine by combining it with checkpoint inhibitor therapy,"" he added. According to Berzofsky, the main scientific limitation of the study is that it is a relatively small, phase I clinical trial with no placebo control. However, the approach is sufficiently promising to warrant additional trials. ### This study was supported by intramural funds from the National Cancer Institute. Berzofsky declares no conflicts of interest."
fakehealth,story_reviews_00756,0,1,0,0,0.4737683,0.12959905,"Getty Images Yoga does the body good, and according to a new study, it may ease the mind as well. “Yoga has also become such a cultural phenomenon that it has become difficult for physicians and consumers to differentiate legitimate claims from hype,” researchers from Duke University Medical Center write in their study, published in the journal Frontiers in Psychiatry. In order to explore the widely held belief that practicing yoga can relieve mental stress, the team reviewed more than 100 studies on the effect of yoga and mental health. “Most individuals already know that yoga produces some kind of a calming effect. Individually, people feel better after doing the physical exercise,” says lead study author Dr. P. Murali Doraiswamy, a professor of psychiatry and medicine at Duke University Medical Center. “Mentally, people feel calmer, sharper, maybe more content. We thought it’s time to see if we could pull all [the literature] together … to see if there’s enough evidence that the benefits individual people notice can be used to help people with mental illness.” (MORE: Yoga Can Help Stroke Survivors Regain Their Balance) Their findings suggest that yoga does in fact have positive effects on mild depression and sleep problems, and it improves the symptoms of psychiatric disorders like schizophrenia and ADHD among patients using medication. The researchers focused on 16 studies that recorded the effects of practicing yoga on mental-health issues ranging from depression, schizophrenia, ADHD, sleep complaints and eating disorders to cognitive problems. They found positive effects of the mind-and-body practice for all conditions with the exception of eating disorders and cognition. Those studies involved too few participants or produced conflicting results to draw any meaningful conclusions. Some of the studies included in the analysis even suggested that yoga might affect the body in ways similar to antidepressants and psychotherapy. For instance, yoga may influence brain chemicals known as neurotransmitters (boosting levels of feel-good agents like serotonin), lower inflammation, reduce oxidative stress and produce a healthier balance of lipids and growth factors — just as other forms of exercise do. (MORE: We Tried This: Aerial Vinyasa (or Upside-Down) Yoga) Embracing yoga as a complementary treatment for mental disorders is not uncommon. Yoga is a feature in many veterans’ centers throughout the country, backed by research funded by the Department of Veterans Affairs. The Huffington Post reported that many troops use yoga as a form of treatment for PTSD, for example, with companies like Warriors at Ease training instructors in yoga techniques specifically catered to those in the military. A study published earlier this month of 70 active-duty troops found daily yoga eased anxiety and improved sleep. The researchers say there’s enough evidence to warrant a larger study on the effects of yoga on mental health, and it should be considered as part of treatment for more disorders. “Many millions of Americans are doing yoga and many millions of Americans have mental illnesses and are popping psychiatric pills daily. Despite all of this, the vast majority of studies looking at the benefits of yoga are all small studies. We did not come across a single study where there was a coordinated effort done by some large agency to really conduct a large national study,” says Doraiswamy. (MORE: Does Yoga Really Drive People Wild with Desire?) But while the research is promising, yoga likely won’t be a panacea for mental illness. Nor should patients try to replace their medications with the practice. “What we are saying is that we still need to do further, large-scale studies before we are ready to conclude that people with mental illnesses can turn to yoga as a first-line treatment,” says Doraiswamy. “We are not saying throw away your Prozac and turn to yoga. We’re saying it has the promise and potential. If a large national study were done, it could turn out that yoga is just as good and may be a low cost alternative to people with unmet needs.” In the meantime, he says it doesn’t hurt to add yoga to existing treatments so patients can take advantage of any potential benefits."
