dataset,record_id,label,tfidf_prediction,biobert_prediction,pubmed_prediction,biobert_prob_1,pubmed_prob_1,text
healthfact,13528,1,0,0,1,0.4236763,0.9456563,"Heroin comes in the United States ""from the southern border."
healthfact,16390,0,1,1,0,0.5106892,0.0014940532,"Leticia Van de Putte ""voted to give illegal immigrants in this country free health care--not emergency health care but total free health care."
healthfact,27567,1,0,0,1,0.38560033,0.99463826,"The FDA has updated its warnings for — and recommended limitations on — prescribing a class of antibiotics called fluoroquinolones, citing potentially irreversible side-effects including tendon damage and rupture."
healthfact,10507,1,0,0,1,0.35332644,0.9996119,The Healthy Skeptic: Products make testosterone claims
healthfact,15271,0,1,1,0,0.95762473,0.00069459964,"Dick Black Says Jill McCabe ""supports late term abortions. Larger baby parts are more profitable."
healthfact,35961,1,0,0,1,0.45933533,0.75744236,"Donald Trump Jr. tweeted, ""Do you know what's deplorable? Being impeached!"" to the Clintons in September 2016."
healthfact,38247,1,0,0,1,0.3355627,0.93430305,A letter by Dr. Keith Albow said President Trump is “stone cold sane” and that “there’s a genius in the Oval Office” in response to critics who have questioned the president’s mental fitness.
healthfact,41044,1,0,0,1,0.45229304,0.5148119,"If you have a runny nose and sputum, you have a common cold, not Covid-19."
healthfact,11043,0,1,1,0,0.5125699,0.017604243,Statin Drugs May Cut Risk of Kidney Trouble After Surgery
healthfact,12744,1,0,0,1,0.4123463,0.99082196,"There’s not one public study, and by public study I mean a study available to the public, that has looked at using the product Kaput to poison feral hogs."
healthfact,16913,1,0,0,1,0.46090528,0.79077244,"In Iran in 1979, the extremists hijacked the broad-based popular revolution against the Shah and established a brutal theocracy."
healthfact,39745,1,0,0,1,0.24952598,0.9913995,A photo shows a weasel riding on the back of a woodpecker in flight.
healthfact,25950,0,1,1,0,0.64165026,0.0029206448,New study: The flu vaccine is 'significantly associated' with an increased risk of coronavirus
healthfact,29579,0,1,1,0,0.5801295,0.0143507365,Individuals with a high net worth are ineligible to serve in the military because they are more likely to be insubordinate.
healthfact,12194,0,1,1,0,0.6546486,0.0006175952,"House Bill 330 ""grants immunity from liability to motorists who strike protesters."
healthfact,10483,0,1,1,0,0.70652956,0.06580649,Viscosupplementation Recommended For Appropriate Patients with Knee Osteoarthritis
healthfact,26560,1,0,0,1,0.3323427,0.7848595,"“On February 7, the WHO warned about the limited stock of PPE. That same day, the Trump administration announced it was sending 18 tons of masks, gowns and respirators to China.”"
healthfact,35373,1,0,0,1,0.41492027,0.9716878,A photograph shows Dr. Anthony Fauci at a baseball game with his mask lowered below his mouth.
healthfact,27491,1,0,0,1,0.45253083,0.78851664,Cleveland Browns running back Isaiah Crowell once posted to his Instagram profile an artist's rendering of a hooded man cutting the throat of a police officer.
healthfact,22291,0,1,1,0,0.6305635,0.0008518244,"Abortion services are ""well over 90 percent of what Planned Parenthood does."
healthfact,34865,0,1,1,0,0.62426573,0.13648109,"In 2019, a U.S. District Court judge ruled that girls in an Illinois school district ""must shower with boys"" and had no right to privacy."
healthfact,9773,1,0,0,1,0.22828211,0.73937166,"Heart Association's Stroke Guidelines Support Clot-Removing Device If clot-busting drugs don't work, device can be used to pull the blockage out through the artery"
healthfact,10849,0,1,1,0,0.71321714,0.052214526,"Mammograms Cut Risk of Breast Cancer Death by Half, Study Finds"
healthfact,9702,1,0,0,1,0.48859477,0.9984126,"Women with Stage 4 breast cancer survive longer if they have surgery, study shows"
healthfact,27275,1,0,0,1,0.29281288,0.99718326,A TEDx speaker gave a talk that referred to pedophilia as an 'unchangeable sexual orientation.'
healthfact,15295,0,1,1,0,0.6211572,0.0014338844,Almost 95 percent of all (Planned Parenthood) pregnancy services were abortions.
healthfact,35538,0,1,1,0,0.5380571,0.12771241,"Rudy Giuliani correctly tweeted that a research lab in Wuhan, China, got a $3.7 million grant from the U.S. in 2017 despite a ban on such funding."
healthfact,27899,1,0,0,1,0.36589286,0.99322826,A photograph shows the wedding of a U.S. Marine disfigured by combat wounds.
healthfact,14779,1,0,0,1,0.45005348,0.5442898,"Hillary Clinton Says Bernie Sanders ""voted for regime change with respect to Libya."
healthfact,22092,0,1,1,0,0.5915511,0.0005437831,"The Massachusetts health care plan is ""wildly unpopular"" among state residents."
healthfact,36784,1,0,0,1,0.38769352,0.8492658,"Meryl Streep, who was critical of President-elect Donald Trump in a Golden Globes speech, once gave accused pedophile Roman Polanski a standing ovation at the Oscars."
healthfact,15218,0,1,1,0,0.99033535,0.0013464661,"Planned Parenthood is ""not actually doing women’s health issues."
fakehealth,news_reviews_00450,1,0,0,1,0.42843458,0.99623966,"Heart bypass surgery brings long-term benefits At a Glance A clinical trial found that bypass surgery increases survival rates for patients with advanced stages of coronary artery disease and heart failure. The results may inform recommendations for patient care and clinical practice. monkeybusinessimages/iStock/Thinkstock Coronary artery disease is a condition in which a waxy substance called plaque builds up inside the arteries, which supply oxygen-rich blood to your heart. Eventually, an area of plaque can rupture and cause a blood clot to form on the plaque’s surface. If the blockage isn’t treated quickly, the portion of heart muscle fed by the artery begins to die. This heart damage may go unrecognized and lead to severe or long-lasting problems. Coronary artery bypass grafting (CABG) is a surgical procedure that improves blood flow to the heart by bypassing clogged arteries. CABG was once thought to be too risky for patients with the long-term effects of coronary artery disease: left ventricular dysfunction (when the left side of the heart is unable to pump normally) and heart failure (when the heart can’t pump enough blood to meet the body’s needs). Early studies of the safety and effectiveness of CABG excluded most patients with these conditions. The procedure was typically used to relieve disabling angina, or chest pain. A team led by Dr. Eric J. Velazquez of Duke University Medical Center conducted a 5-year randomized controlled trial to investigate the effects of CABG on patients with coronary artery disease that shows sign of left ventricular dysfunction and heart failure. More than 1,200 patients were included in the clinical trial. They were randomly assigned to receive either CABG plus medical treatment or medical treatment alone. The medical treatment included guideline-directed medications and devices. Patients had follow-up evaluations every 4 months for the first year and then every subsequent 6 months. An extension study evaluated the 10-year outcomes of the surgical intervention. Almost all the participants were included in the 10-year follow-up results. The research was funded by NIH’s National Heart, Lung, and Blood Institute (NHLBI). Results were published online in the New England Journal of Medicine on April 3, 2016. Death from any cause occurred in 359 patients (59%) in the CABG group and in 398 patients (66%) receiving medical treatment alone. A total of 247 patients (41%) in the CABG group and 297 patients (49%) in the medical treatment group died from cardiovascular causes. In addition, the bypass surgery was associated with an overall 1.4-year increase in median survival time (7.7 vs. 6.3 years). These results show that CABG improves survival for people with coronary artery disease, left ventricular dysfunction, and heart failure. “The current 10-year follow-up provides new important insights about patient subgroups that are more likely to benefit from CABG as compared to medical therapy alone,” explains NHLBI Director Dr. Gary H. Gibbons. “As such, we now have a solid evidence base to inform patient care and the future development of clinical practice recommendations.”"
fakehealth,news_reviews_00410,1,0,0,1,0.3519106,0.68961966,"(Boston) -- To date, there are no methods that can quickly and accurately detect pathogens in blood to allow the diagnosis of systemic bloodstream infections that can lead to life-threatening sepsis. The standard of care for detecting such blood-borne infections is blood culture, but this takes days to complete, only identifies pathogens in less than 30% of patients with fulminant infections, and it is not able to detect toxic fragments of dead pathogens that also drive the exaggerated inflammatory reactions leading to sepsis. Biomarkers that report elevated inflammation are used clinically in the treatment of patients with sepsis; however, they fail to distinguish inflammation triggered by infectious pathogens from that induced by non-infectious causes, such as burns, traumas and surgeries. Now, a Wyss Institute team led by Donald Ingber reports in eBioMedicine that it has filled this void with a rapid and specific diagnostic assay that could help physicians decide within an hour whether a patient has a systemic infection and should be hospitalized for aggressive intervention therapy. The potential of this assay to detect pathogen materials was demonstrated in both animal studies and a prospective human clinical study, whose results also suggest that it also could serve as a companion diagnostic to monitor the success of antibiotic and dialysis-like sepsis therapies. ""Our pathogen detection technology solves both dilemmas: it quickly reports whether infectious pathogens are present in the body, even at early stages of infection before sepsis develops. And it can more specifically identify patients who have excessive inflammation due to systemic infection, rather than other causes,"" said Donald Ingber, M.D., Ph.D., the Wyss Institute's Founding Director, the Judah Folkman Professor of Vascular Biology at Harvard Medical School and the Vascular Biology Program at Boston Children's Hospital, and Professor of Bioengineering at the Harvard John A. Paulson School of Engineering and Applied Sciences. ""This assay could become a real game changer in this clinical area, and it also should lead to more judicious use of antibiotics, helping to decrease the worrisome rise we are seeing in antibiotic-resistant organisms."" ""In a cohort of emergency room patients with suspected sepsis, we saw that the assay picked up infection within an hour in 85% of patients who exhibited clinical symptoms of sepsis, and equally importantly, it did not falsely predict infection in healthy subjects or patients with inflammation triggered by other causes, such as trauma. On the other hand, blood cultures that we performed in parallel using the same samples only detected pathogens in 18% of the cases,"" said Nathan Shapiro, M.D., Ph.D., Director of Translational Research in the Center for Vascular Biology Research at BIDMC, who worked with Ingber's team to conduct the clinical study. ""This highlights the advance this technology represents."" The diagnostic assay is built on FcMBL, a genetically engineered pathogen-binding protein previously developed by Ingber and Michael Super, a Wyss Senior Staff Scientist who co-leads the Institute's pathogen-detecting effort. FcMBL binds to pathogens and pathogen-released fragments, known as Pathogen-Associated Molecular Patterns (PAMPs) by recognizing carbohydrate molecules on their surface. Previous efforts in Ingber's team at the Wyss Institute have established FcMBL as a key component of an advanced dialysis-like, pathogen-extracting therapeutic device, and of a method for the fast retrieval of infectious pathogens from complex clinical samples to enable their identification and antibody susceptibilities. ""In our latest work, we show that the FcMBL-based pathogen-detecting assay is considerably faster and more accurate than any other available assay for systemic infection. We are currently working to ready it for high-throughput use in clinical and point of care situations and to accelerate it even further,"" said Mark Cartwright, Ph.D., a Staff Scientist at the Wyss Institute and a lead-author on the study. As a prerequisite to their clinical study, the Wyss Institute's team had successfully tested the assay in rat and pig models of infection with pathogenic E. coli bacteria. ""The animal models clearly told us that the assay can sensitively trace spikes of PAMPs released during antibiotic therapy, or residual infectious PAMP materials, even when no living bacteria circulate anymore in blood but they remain hidden inside internal organs. Thus, this assay could be an excellent tool for monitoring ongoing infection and responses to antibiotics and dialysis-like therapies for severe infections and sepsis,"" said Mike Super, Ph.D. Together, the findings suggest that the FcMBL-based pathogen detection technology with its rapid handling time, high sensitivity and broad specificity towards infection-causing pathogens could provide a real-world advance to diagnose life-threatening infections in both clinical microbiology laboratories and point-of-care settings. ### The work was funded by the Wyss Institute and the Defense Advanced Research Project Agency (DARPA). PRESS CONTACTS Wyss Institute for Biologically Inspired Engineering at Harvard University Benjamin Boettner, benjamin.boettner@wyss.harvard.edu, +1 917-913-8051 MULTIMEDIA CONTACT Wyss Institute for Biologically Inspired Engineering at Harvard University Seth Kroll, seth.kroll@wyss.harvard.edu, +1 617-432-7758 The Wyss Institute for Biologically Inspired Engineering at Harvard University uses Nature's design principles to develop bioinspired materials and devices that will transform medicine and create a more sustainable world. Wyss researchers are developing innovative new engineering solutions for healthcare, energy, architecture, robotics, and manufacturing that are translated into commercial products and therapies through collaborations with clinical investigators, corporate alliances, and formation of new startups. The Wyss Institute creates transformative technological breakthroughs by engaging in high risk research, and crosses disciplinary and institutional barriers, working as an alliance that includes Harvard's Schools of Medicine, Engineering, Arts & Sciences and Design, and in partnership with Beth Israel Deaconess Medical Center, Brigham and Women's Hospital, Boston Children's Hospital, Dana-Farber Cancer Institute, Massachusetts General Hospital, the University of Massachusetts Medical School, Spaulding Rehabilitation Hospital, Boston University, Tufts University, Charité - Universitätsmedizin Berlin, University of Zurich and Massachusetts Institute of Technology. The Beth Israel Deaconess Medical Center is a patient care, teaching and research affiliate of Harvard Medical School and consistently ranks as a national leader among independent hospitals in National Institutes of Health funding. BIDMC is in the community with Beth Israel Deaconess Hospital-Milton, Beth Israel Deaconess Hospital-Needham, Beth Israel Deaconess Hospital-Plymouth, Anna Jaques Hospital, Cambridge Health Alliance, Lawrence General Hospital, Signature Healthcare, Beth Israel Deaconess HealthCare, Community Care Alliance and Atrius Health. BIDMC is also clinically affiliated with the Joslin Diabetes Center and Hebrew Rehabilitation Center and is a research partner of Dana-Farber/Harvard Cancer Center and The Jackson Laboratory. BIDMC is the official hospital of the Boston Red Sox."
fakehealth,story_reviews_00534,0,1,1,0,0.66323584,0.06521003,"The GeneSight test result helped prompt Brown’s psychiatrist to switch him to a new drug in June, making Brown, 40, optimistic that there might be a path back to a job, an apartment, and even a new girlfriend. But three weeks later he was suicidal, checking into a mental hospital at his therapist’s urging. By collecting the former editor’s DNA with a quick cheek swab, a new genetic test retailing at $3,800 would reveal which depression medications Brown would likely respond well to and those he would not. RUTLAND, Vt. — For the first time in John R. Brown’s two-decade quest for the right medication to make his brain behave, his psychiatrist offered him hope in the form of what seemed like rock-solid science. Advertisement “I can’t help but wonder if I should have stuck with the devil I know,’’ Brown now says. Genetic tests to identify the most effective psychiatric drugs are the hot new technology in the race to create personalized treatments based on people’s DNA. More than 600,000 of these tests have likely been administered in the last three years, based on company websites and research data, to better treat conditions ranging from depression to attention deficit disorder to anxiety. In a nod to the tests’ growing acceptance, the federal Medicare program last year agreed for the first time to pay for the GeneSight test for some depressed patients. But a review by the New England Center for Investigative Reporting has found that virtually all the evidence that these psychiatric tests work is based on limited studies funded by the companies themselves or researchers they fund, including all five studies used to promote GeneSight on the company’s website. The federal government doesn’t require companies to prove that this and thousands of other tests are accurate before marketing and selling them. Unlike drugs, the Food and Drug Administration does not regulate them, though that may soon change. Advertisement Some of the testing firms’ research practices also raise questions about potential conflicts of interest. For example, California-based Proove Biosciences provides a full-time employee to administer and run a study on the company’s test at a Littleton, Mass., mental health clinic. It pays clinicians for time spent related to the study, a relationship that could give clinicians an incentive to steer patients to the test — and give the company access to insurance reimbursement for those patients. Patients also cannot find out for themselves if their doctor stands to gain financially by recommending a personalized medicine test. A public federal database created in 2014 to disclose financial relationships between the health care industry and physicians excludes most genetic tests. “It is the Wild West,’’ said Mildred Cho, associate director at the Stanford Center for Biomedical Ethics, who says there is little published evidence on the effectiveness of drug response tests. Eric Lander, a leader of the Human Genome Project and founding director of the Broad Institute in Cambridge, goes further, saying in a New England Journal of Medicine article earlier this year that the mental health testing company claims are “not harmless and may be quite dangerous.” In psychiatry, a field hampered by a lack of definitive tests for conditions and treatments alike, the idea of a genetic test to identify the drugs most likely to be effective is particularly appealing as a way to cut down on the trial-and-error approach to medications that many patients face. Advertisement And the tests do hold promise. The basic science behind them is built on years of solid research — analyzing an individual’s genetic make-up to determine how they may respond to drugs. GeneSight’s test was developed using technology from the respected Mayo Clinic and Cincinnati Children’s Hospital Medical Center. Officials at Assurex Health, the Ohio-based company that makes GeneSight, stand behind their product. They make no guarantee that GeneSight will lead doctors to pick the right medicine for patients, but they point to company studies that show it more than doubles the odds they will. Plus, the officials note, the test underwent close review by a Medicare contractor before the agency agreed to pay for the tests. “Patients do better,’’ said Bryan M. Dechairo, senior vice president of medical affairs and clinical development for Assurex. “We continue to do more studies” to show the test’s value. The amount of money at stake is enormous. Psychiatric conditions affect 1 in 4 adults every year and 1 in 5 teens, according to the National Alliance on Mental Illness. Finding a test to more precisely target treatment could help troubled people find help more quickly, cut down on side effects, and save money. It can also make hundreds of millions of dollars for the test makers, which helps explain why at least 15 companies are now ramping up mental health testing. “It is so much more than just getting the medications right,’’ said Rachel Scott, vice president of clinical research and operations for Pennsylvania-based test maker Genomind. “It is giving patients the opportunity to step outside the stigma of mental illness, for them to see this is their biology — and give their clinician some objective information.” Advertisement But psychiatric genetics remains in its infancy. Aggressive marketing and a lack of regulation of tests that have a thin scientific foundation have raised concerns for some bioethicists. “The claims of these companies are weak,’’ said Robert Klitzman, a psychiatrist and bioethicist at Columbia University in New York who had a commentary published last week in a mental health journal calling for vigilance in the marketing of genetic mental health tests. “Conflicts of interest in the field are major problems,” he said. Payments from test maker Last fall, the owners of the New England Center for Mental Health in Littleton, an adult and child clinic, were asked to be part of a research study. California-based Proove Biosciences wanted the center to join a national study, aimed in part at better understanding how its tests benefited adults with mental health conditions. The company would provide the center with a full-time research assistant stationed in an office behind the reception desk. If a clinician and patient decided a Proove drug metabolism test, which analyzes 69 genetic variants, would be useful, the assistant would take the patient’s DNA with a cheek swab, collect insurance information for Proove to be reimbursed, and administer extensive questionnaires to track how the test worked out over time. Advertisement “We wanted to offer our patients a test that could really help them,’’ said Jessica X. Hennessey, director of operations and management at the Center for Mental Health. The center received a one-time payment of $600 from Proove for training and is allowed to bill $150 for each hour of clinical research service and services rendered by Littleton staff members related to the study, according to Ernie Corrigan, a spokesman for the center. The Center for Mental Health has billed Proove a little more than $5,600 since then, Corrigan said. Proove officials and Hennessey said clinicians are never compensated based on the type or number of tests they order, and clinicians do not promote the swab test in any way. “The tests are only ordered if they are medically necessary,” said Brian Meshkin, Proove’s founder and CEO. But the close arrangement raises eyebrows among bioethicists because it can lead to the appearance of clinicians ordering the test to receive compensation for the study. “There is a big set of ethical concerns here,’’ said Columbia’s Klitzman, after being told about the Littleton study. He said those concerns are especially pronounced if doctors have financial incentives and “order tests that have no clear proven benefit.” Federal officials are growing increasingly concerned about such research-physician arrangements in the genetic testing field. Late last year, a large study that included psychiatric drug response by New Orleans-based Renaissance RX was shut down after Medicare halted payments and began a review. A Rhode Island doctor also sued the company, charging, in part, that Renaissance RX enrolled ineligible people in order to bill insurance. Meanwhile, the Office of the Inspector General for the US Department of Health and Human Services last year singled out compensation agreements related to research studies in a special fraud alert, noting there were growing cases of doctors receiving improper incentives regarding referrals. Medicare review The GeneSight test has gotten the most outside scrutiny among the tests because it faced review by Medicare before the agency agreed to cover it for certain patients with depression. Medicare contractors were swayed by company-funded studies showing that when these patients took the medications recommended by the test, they had fewer symptoms after eight weeks compared with patients who did not use the test. “Use of the test to aid in [drug selection] has improved patient responses to treatment by 73 percent . . . these findings support the value of the GeneSight test,’’ according to the coverage decision. Excitement built in the mental health world that perhaps there was finally a scientific test that could help patients. Brown heard about the test from his psychiatrist, Susan Gerretson, of the Community Health Centers of the Rutland Region, and found out his federal insurance would pay for it. While his medications of lithium for bipolar disorder and the antidepressant Effexor were holding him steady, he was hardly in a happy place. “I figured, Why not try it?” he said. “I figured, Why not try it?” John R. Brown said. Caleb Kenna for The Boston Globe Of the five medications the test suggested he would respond best to, Brown had never tried two of them. After several months of discussion, Gerretson put him on one of those drugs, Fetzima. Even without the new drug, Brown says it was a challenging time: He turned 40, his old girlfriend called, and he quarreled with his mother. But Fetzima “was a factor’’ in his breakdown, he believes. He paused during an interview this summer at the Brattleboro Retreat, a mental health treatment center, and gave a wry smile. “It sure didn’t help.” Gerretson declined to talk specifically about Brown’s case, citing privacy concerns. But she said in an e-mail that she believes GeneSight can be helpful as long as a doctor fully understands a patient’s history and conducts his or her own research. “I never believe what sales representatives try to sell me,’’ she wrote. Yet critics of these tests say it’s impossible for doctors — or anyone else — to truly evaluate many of the tests. GeneSight’s proprietary formula for interpreting genetic information has never been independently assessed. The test examines genes well-known to play a role in antidepressant response, but it adds others not suppported by the same level of evidence, some researchers say. Robert Howland, associate professor of psychiatry at the University of Pittsburgh, wrote a paper last year concluding that the makers of the GeneSight test have overstated the findings of their studies, making outside review more urgent. “Independent assessment . . . of the GeneSight test is necessary to overcome the appearance of bias,’’ said Howland. But Assurex’s Dechairo said if the company didn’t do the research, no one would. The company has 12 ongoing studies not only for depression, he said, but for bipolar disorder, anxiety, schizophrenia and other medical issues. To reach patients, the company markets its tests to the psychiatry world, in part by paying psychiatrists and nurses to talk favorably about their test to peers. The practice is not new in medicine, but, unlike the drug industry, most genetic test makers need not disclose which doctors they pay because they’re not FDA-regulated. Catherine Poulos, a psychiatric nurse practitioner at East End Mental Health in Hampton Bays, N.Y., advertises the GeneSight test on her website, saying it allows her practice “to use the right drug at the right dose.” But nowhere does it say on the site that she is paid to speak favorably to peers about the test; a patient would have to look at her Linkedin profile to see that. Poulos declined to speak on the record to NECIR. But some consultants who use the tests say they do so because they believe in it, not because they get paid. “It adds clarity,’’ said Chris Bojrab, a psychiatrist and president of Indiana Health Group, a large behavioral health practice and a GeneSight consultant. He discloses his financial relationship with GeneSight on his website. An FDA loophole The FDA loophole that allows unregulated tests on the market dates back more than three decades to when the FDA began regulating diagnostic tests. At the time, the agency exempted what was then a small group of tests that were developed, manufactured, and used in a single lab, such as in a hospital. Starting in the mid-2000s, for-profit companies have used the exemption to develop thousands of complex genetic tests now in the marketplace without FDA review. The FDA announced plans last year to regulate these tests over the next nine years. However, there is no timeline to finalize the rules, according to an FDA spokeswoman, and the process is likely to take years. Commercial labs and academic institutions are pushing back against regulation, arguing the rules will stifle innovation and delay life-saving tests getting to patients. Regardless of the outcome of the fight, many academic scientists say this new era in testing needs independent study. They question if the tests are adding unnecessary costs to health care. “These companies look at a very small subset of a very large number of factors’’ that go into treating patients, said Bruce Cohen, a psychiatry professor at Harvard Medical School and director of the program for neuropsychiatric research at McLean Hospital in Belmont. “People are making decisions based on unproven tests.” Brown’s decision was to go back to old medications. For him, the GeneSight test felt more like “a cool piece of science fiction” than a breakthrough. Still living in his mother’s house, he remains determined to rebuild his life. “I’m going to have to figure it out another way,” he said."
fakehealth,story_reviews_01089,0,1,1,0,0.5156623,0.37686083,"Two big studies suggest possible new ways to screen healthy people for cervical or prostate cancers, but a third disappointed those hoping for a way to detect early signs of deadly ovarian tumors. Researchers found: -For women 30 and over, a test for the virus, HPV, is better than a Pap smear for predicting cervical cancer risk, and those who test negative on both can safely wait three years to be screened again. -A single PSA blood test at ages 44 to 50 might help predict a man's risk of developing advanced prostate cancer or dying of it up to 30 years later. The PSA test is notoriously unreliable, but using it this way separates men who need a close watch from those who are so low-risk that they can skip testing for five years or more. -Screening women with no symptoms for ovarian cancer with a blood test and an ultrasound exam is harmful. It didn't prevent deaths and led to thousands of false alarms, unneeded surgeries and serious complications. The last study is a warning to people who get screening tests that aren't recommended, or who question whether screening can ever hurt. ""The answer is, it could hurt a lot,"" said Dr. Allen Lichter, chief executive of the American Society of Clinical Oncology. The group published these and 4,000 other studies Wednesday, ahead of its annual meeting next month. Cervical cancer is easy to prevent. It's very slow-growing and screening finds precancerous cells and allows early treatment. The new study was the first big one to examine a newer screening tool, HPV tests, with or without Pap smears in routine practice. For a Pap test, cells scraped from the cervix, the gateway to the uterus, are checked under a microscope. But this can miss problems or raise false alarms. HPV tests detect the human papillomavirus, which causes most cases of cervical cancer. But HPV is ""the common cold"" of the nether regions — most sexually active young people have been exposed to it, said Debbie Saslow, the American Cancer Society's director of breast and gynecologic cancer. Most infections go away on their own; they're only a cancer risk when they last a year or more. Younger women tend to have short-term infections, so Pap tests are a better way to screen them. HPV tests are approved as an option along with Paps for women 30 and older, and the cancer society says that if a woman tests negative on both, she can wait three years to be screened again. Few take this advice, though. ""Women still want their annual Pap and doctors still want to give them,"" and think it's rationing care to test less often, Saslow said. The new study gives ""very, very solid support"" for screening less often, Lichter said. Hormuzd Katki of the National Cancer Institute studied more than 330,000 women getting HPV and Pap tests through Kaiser Permanente Northern California for five years. Only about three out of 100,000 women each year developed cervical cancer after negative HPV and Pap tests. HPV tests were twice as good as Paps for predicting risk. Adding a Pap after a negative HPV test did little to improve risk prediction. However, if an HPV test was positive, a Pap test helped confirm or rule out the need for follow-up. The study didn't look at the downside of HPV testing — how many false alarms and needless procedures it triggered. HPV tests cost $80 to $100 compared to $20 to $40 for Paps. The prostate study sought a better way to use PSA tests, which are troublesome because PSA can be high for many reasons besides cancer, and doctors don't know which cancers need treatment or whether screening saves lives. Most groups don't recommend PSA tests, but most men over 50 get them anyway. The new study ""is not going to end the controversy, but it suggests a very interesting middle ground,"" Lichter said. Researchers at Memorial Sloan-Kettering Cancer Center in New York used stored blood samples that 12,000 Swedish men gave for a heart study decades ago, when most were 44 to 50 years old. They also had second samples from some of them six years later, and samples from other 60-year-old men. Looking 27 years later, researchers saw that 44 percent of cancer deaths occurred in men whose initial PSAs had been in the top 10 percent when they were 44 to 50 years old. Conversely, scoring below the median meant very little cancer risk years later. ""They're identifying a group of guys who don't need to be screened, or need to be screened less often,"" said Dr. Otis Brawley, the cancer society's chief medical officer. The results are ""provocative,"" but this type of study can't prove that screening prevents deaths, said Dr. Matthew R. Smith of the Massachusetts General Hospital Cancer Center. Few of the Swedish men were treated for prostate cancer as most men are today, which can affect survival. The National Cancer Institute, the Swedish Cancer Society and several foundations paid for the work, and one researcher holds patents for two PSA-related tests. Baseline PSA tests for men in their 40s can't be recommended yet, Brawley said. The cancer society says men should be informed of the risks and benefits of PSA tests starting at age 50, and sooner for blacks and those with family history of prostate cancer. The government-funded ovarian cancer study involved nearly 80,000 women. Half were screened annually with an ultrasound for four years and a blood test for six years. The blood test looked for CA-125, a substance often elevated in ovarian cancer. After 13 years, there were no major differences in ovarian cancers found or deaths from the disease. Screening found only 212 cancers while giving 3,285 false alarms that led to 1,080 unneeded biopsy surgeries and 163 serious complications. ""So many people say `how can cancer screening be harmful?' This thing documents it,"" Brawley said. The results don't apply to using these tests on women with symptoms of ovarian cancer or abnormal physical exams. That's still the best way to check for ovarian cancer in those cases."
fakehealth,news_reviews_00405,1,0,0,1,0.4705786,0.90752625,"EAST HANOVER, N.J., June 22, 2016 /PRNewswire/ -- A new analysis published today in JAMA Cardiology has found that timely and broad adoption of Entresto® (sacubitril/valsartan) by all eligible heart failure patients with reduced ejection fraction (HFrEF) could prevent or postpone more than 28,000 deaths each year in the US alone.1 This analysis, based on an application of the results of PARADIGM-HF to published heart failure statistics, is the first to quantify the possible impact of Entresto's potential benefit in reducing death.1 Heart failure is a chronic condition that contributes to more than 300,000 deaths in the US every year.4 About half of people with heart failure have HFrEF.5 This new analysis estimates that as many as 28,484 deaths in HFrEF patients annually could be prevented or postponed with optimal use of Entresto (with sensitivity analyses demonstrating a range of 18,230 to 41,017).1 Further, the study suggests that delaying routine use of Entresto in clinical practice could have a substantial negative effect on patients, given the expected risk-benefit profile, as it could result in failure to prevent tens of thousands of deaths.1 These findings demonstrate the significant survival benefits Entresto could offer to those living with HFrEF, if patients in the group defined by the authors were given access to treatment.1 The study authors stated that nearly 84% of HFrEF patients – 2.2 million people – may be candidates for treatment with Entresto.1 Heart failure is a life-threatening condition and despite available medicines, about half of patients diagnosed with heart failure die within 5 years.4,6,7 According to the study authors, these findings may substantially impact the national health of the HFrEF population, offering significant clinical benefit in preventing or postponing death when applied in clinical practice.1 ""This expert analysis adds to the already compelling case for the treatment of heart failure patients with reduced ejection fraction with Entresto,"" said Fabrice Chouraqui, president of Novartis Pharmaceuticals Corporation. ""In addition to survival benefits, the study also recognizes other treatment effects of Entresto, particularly in reducing HF hospitalizations.1 Coupled with the recent Class I recommendation, the strongest endorsement, in the focused update to the US HF Guideline,2 these findings underscore the potential of Entresto as a standard therapy for chronic HFrEF patients."" In a separate analysis published in the same issue of JAMA Cardiology, researchers used data from the PARADIGM-HF trial to model the health consequences and cost-effectiveness of Entresto over a 30-year time period.3 They compared Entresto to the ACE-inhibitor enalapril and found Entresto was associated with more than a year longer average survival time, and that it was cost-effective compared to enalapril when these medications were used with other standard of care therapies.3 For every 1,000 patients treated with Entresto vs. enalapril, potentially 59.7 HF hospital admissions could be averted per each year alive in the model.3 In addition, Entresto increased life expectancy at an incremental cost-effectiveness ratio consistent with other high-value widely accepted cardiovascular interventions such as implantable cardioverter defibrillators (ICDs) and cholesterol-lowering statins before they became generic.3 About Heart Failure Heart failure is a debilitating and life-threatening condition, which impacts nearly 6 million Americans and is the leading cause of hospitalization among Americans over the age of 65.4,8 About half of people with heart failure have heart failure with reduced ejection fraction (HFrEF).5 Reduced ejection fraction means the heart does not contract with enough force, so less blood is pumped out.9 Heart failure presents a major and growing health-economic burden that currently exceeds $30 billion in the United States, which accounts for both direct and indirect costs.10 About Entresto Entresto is a twice-a-day medicine that reduces the strain on the failing heart. It does this by enhancing the protective neurohormonal systems (Natriuretic Peptide system) while simultaneously inhibiting the harmful effects of the overactive renin-angiotensin-aldosterone system (RAAS).11 Other heart failure medicines only block the harmful effects of the overactive RAAS.12 Entresto contains the neprilysin inhibitor sacubitril, and the angiotensin receptor blocker (ARB) valsartan.11 Entresto is indicated in the US to reduce the risk of cardiovascular death and hospitalization for heart failure in patients with chronic heart failure (NYHA Class II-IV) and reduced ejection fraction.11 Entresto is usually administered in conjunction with other heart failure therapies, in place of an Angiotensin Converting Enzyme (ACE) inhibitor or an angiotensin II receptor blocker (ARB).11 Entresto film-coated tablets are available in three dosage strengths: 24/26 mg, 49/51 mg, and 97/103 mg (sacubitril/valsartan).11 These doses are referred to as 50 mg, 100 mg, and 200 mg in the clinical trial literature including the New England Journal of Medicine publication of the results of PARADIGM-HF. The target treatment dose of Entresto is 97/103 mg twice daily.11 Novartis is committed to providing patients with affordable access and resources through Entresto Central. For more information, please call 1-888-ENTRESTO or visit www.entresto.com. Please visit http://www.pharma.us.novartis.com/product/pi/pdf/entresto.pdf for Entresto full Prescribing Information. IMPORTANT SAFETY INFORMATION Entresto can harm or cause death to an unborn baby. Patients should talk to their doctor about other ways to treat heart failure if they plan to become pregnant. If a patient gets pregnant while taking Entresto, she should tell her doctor right away. Patients are not to take Entresto if they are allergic to sacubitril or valsartan or any of the ingredients in Entresto; have had an allergic reaction including swelling of the face, lips, tongue, throat or trouble breathing while taking a type of medicine called angiotensin-converting enzyme (ACE) inhibitor or angiotensin II receptor blocker (ARB); or take an ACE inhibitor medicine. Patients are not to take Entresto for at least 36 hours before or after they take an ACE inhibitor medicine. Patients should talk with their doctor or pharmacist before taking Entresto if they are not sure if they take an ACE inhibitor medicine. Patients are not to take Entresto if they have diabetes and take a medicine that contains aliskiren. Before they take Entresto, patients should tell their doctor about all of their medical conditions, including if they have kidney or liver problems; are pregnant or plan to become pregnant; are breastfeeding or plan to breastfeed. Patients should either take Entresto or breastfeed. They should not do both. Patients should tell their doctor about all the medicines they take, including prescription and over-the-counter medicines, vitamins, and herbal supplements. They should especially tell their doctor if they take potassium supplements or a salt substitute; nonsteroidal anti-inflammatory drugs (NSAIDs); lithium; or other medicines for high blood pressure or heart problems such as an ACE inhibitor, ARB, or aliskiren. Entresto may cause serious side effects including serious allergic reactions causing swelling of the face, lips, tongue, and throat (angioedema) that may cause trouble breathing and death. Patients are to get emergency medical help right away if they have symptoms of angioedema or trouble breathing. Patients are not to take Entresto again if they have had angioedema while taking Entresto. People who are black or who have had angioedema may have a higher risk of having angioedema if they take Entresto. Entresto may cause low blood pressure (hypotension). Patients are to call their doctor if they become dizzy or lightheaded, or they develop extreme fatigue. Entresto may cause kidney problems or an increased amount of potassium in the blood. The most common side effects were low blood pressure, high potassium, cough, dizziness, and kidney problems. Please see full Prescribing Information, including Boxed WARNING available at http://www.pharma.us.novartis.com/product/pi/pdf/entresto.pdf. Patients are encouraged to report negative side effects of prescription drugs to the FDA. Visit www.fda.gov/medwatch, or call 1-800-FDA-1088. Disclaimer The foregoing release contains forward-looking statements that can be identified by words such as ""could,"" ""potential,"" ""call for,"" ""accelerate,"" ""possible,"" ""suggests,"" ""expected,"" ""may,"" ""compelling,"" ""endorsement,"" ""potentially,"" ""growing,"" ""committed,"" or similar terms, or by express or implied discussions regarding potential new indications or labeling for Entresto, or regarding potential future revenues from Entresto. You should not place undue reliance on these statements. Such forward-looking statements are based on the current beliefs and expectations of management regarding future events, and are subject to significant known and unknown risks and uncertainties. Should one or more of these risks or uncertainties materialize, or should underlying assumptions prove incorrect, actual results may vary materially from those set forth in the forward-looking statements. There can be no guarantee that Entresto will be submitted or approved for any additional indications or labeling in any market, or at any particular time. Nor can there be any guarantee that Entresto will be commercially successful in the future. In particular, management's expectations regarding Entresto could be affected by, among other things, the uncertainties inherent in research and development, including unexpected clinical trial results and additional analysis of existing clinical data; unexpected regulatory actions or delays or government regulation generally; the company's ability to obtain or maintain proprietary intellectual property protection; general economic and industry conditions; global trends toward health care cost containment, including ongoing pricing pressures; unexpected safety, quality or manufacturing issues, and other risks and factors referred to in Novartis AG's current Form 20-F on file with the US Securities and Exchange Commission. Novartis is providing the information in this press release as of this date and does not undertake any obligation to update any forward-looking statements contained in this press release as a result of new information, future events or otherwise. About Novartis Novartis Pharmaceuticals Corporation researches, develops, manufactures and markets innovative medicines aimed at improving patients' lives. We offer a broad range of medicines for cancer, cardiovascular disease, endocrine disease, inflammatory disease, infectious disease, neurological disease, organ transplantation, respiratory disease, eye and ear care and skin conditions. The company's mission is to improve people's lives by pioneering novel healthcare solutions. Located in East Hanover, NJ Novartis Pharmaceuticals Corporation is an affiliate of Novartis AG, which provides innovative healthcare solutions that address the evolving needs of patients and societies. Headquartered in Basel, Switzerland, Novartis offers a diversified portfolio to best meet these needs: innovative medicines, eye care and cost-saving generic pharmaceuticals. Novartis is the only global company with leading positions in these areas. In 2015, the Group achieved net sales of USD 49.4 billion, while R&D throughout the Group amounted to approximately USD 8.9 billion (USD 8.7 billion excluding impairment and amortization charges). Novartis Group companies employ approximately 118,000 full-time-equivalent associates. Novartis products are available in more than 180 countries around the world. For more information, please visit http://www.novartis.com Novartis is on Twitter. Sign up to follow @Novartis at http://twitter.com/novartis. References Fonarow GC, Hernandez AF, Solomon SD, et al. Potential Mortality Reduction with Optimal Implementation of Angiotensin Receptor Neprilysin Inhibitor Therapy in Heart Failure. JAMA Cardiol. 2016;1(6):1-4. doi:10.1001/jamacardio.2016.1724 Yancy CW, Jessup M, Bozkurt B, Butler J, Casey Jr DE, Colvin MM, Drazner, MH, Filippatos G, Fonarow GC, Givertz MM, Hollenberg SM, Lindenfeld J, Masoudi FA, McBride, PE, Peterson PN, Stevenson LW, Westlake C, 2016 ACC/AHA/HFSA Focused Update on New Pharmacological Therapy for Heart Failure: An Update of the 2013 ACCF/AHA Guideline for the Management of Heart Failure, Journal of the American College of Cardiology (2016), doi: 10.1016/j.jacc.2016.05.011. Gaziano TA, Fonarow GC, et al. Cost-Effectiveness Analysis of Sacubitril/Valsartan versus Enalapril in Heart Failure Patients with Reduced Ejection Fraction in the United States . JAMA Cardiol. 2016;1(6):1-7. doi:10.1001/jamacardio.2016.1747 Mozaffarian D, Benjamin EJ, Go AS, et al. Heart Disease and Stroke Statistics—2016 Update: A report from the American Heart Association. Circulation. 2015;133;e38-e360. doi: 10.1161/CIR.0000000000000350. Owan TE, Hodge DO, Herges RM, et al. Trends in prevalence and outcome of heart failure with preserved ejection fraction. N Engl J Med. 2006;355:251–259. Roger VL, Weston SA, Redfield MM, et al. Trends in heart failure incidence and survival community-based population. JAMA. 2004;292:344-350 Levy D, Kenchaiah S, Larson MG, et al. Long term trends in the incidence and survival with heart failure. N Engl J Med. 2002;347(18):1397-1422. Weir LM, Pfuntner A, Maeda J, et al. HCUP facts and figures: statistics on hospital-based care in the United States , 2009. Rockville, MD : Agency for Healthcare Research and Quality, 2011. Ejection Fraction Heart Failure Measurement. American Heart Association Website.http://www.heart.org/HEARTORG/Conditions/HeartFailure/SymptomsDiagnosisofHeartFailure/Ejection-Fraction-Heart-Failure-Measurement_UCM_306339_Article.jsp. Published March 24, 2015 . Accessed March 10, 2016 . Heidenreich PA, Albert NM, Allen LA , et al. Forecasting the impact of heart failure in the United States : a policy statement from the American Heart Association. Circ Heart Fail. 2013;6:606-619. Entresto Prescribing Information. Yancy CW, Jessup M, Bozkurt B, et al. 2013 ACCF/AHA guideline for the management of heart failure: A report of the American College of Cardiology Foundation/American Heart Association task force on practice guidelines. Circulation. 2013;128:e240-e327. For Novartis multimedia content, please visit www.thenewsmarket.com/Novartis. For questions about the site or required registration, please contact: journalisthelp@thenewsmarket.com. SOURCE Novartis Pharmaceuticals Corporation Related Links http://www.novartis.com"
fakehealth,story_reviews_01459,0,1,1,0,0.71091753,0.44296804,"En Español By Jenifer Goodwin HealthDay Reporter WEDNESDAY, Aug. 18, 2010 (HealthDay News) -- Fibromyalgia sufferers may find relief from the chronic pain condition by doing tai chi, new research finds. Researchers divided 66 people with fibromyalgia into two groups: one group did hour-long sessions of tai chi twice a week for 12 weeks; the other had a twice-weekly wellness education class followed by gentle stretching. At the end of 12 weeks, the tai chi group reported improvements in their scores on questionnaires regarding both physical and mental fibromyalgia symptoms. That included decreased pain and increased ability to do daily tasks without pain; less fatigue, depression and anxiety; and an overall better quality of life. Patients also reported better sleep quality and improved physical conditioning. The improvements were still evident at 24 weeks, according to the research reported in the Aug. 19 issue of the New England Journal of Medicine. ""It was incredible,"" said lead study author Dr. Chenchen Wang, an associate professor of medicine in the rheumatology department at Tufts Medical Center in Boston. ""You could see them change every week. They became very happy. I felt very, very excited to be with them."" Fibromyalgia is characterized by widespread pain, fatigue, insomnia and multiple tender points. The syndrome can also cause psychological issues, including anxiety, depression, and memory and concentration problems, sometimes called the ""fibromyalgia fog."" About 10 million Americans have fibromyalgia, and about 75 percent to 90 percent of them are women, according to estimates from the National Fibromyalgia Association. Doctors will often suggest exercise, sleep hygiene techniques and medications to treat the condition, but often with limited success, said Dr. Gloria Yeh, an assistant professor of medicine at Harvard Medical School, who wrote an accompanying editorial in the journal. Most patients, according to background information in the article, remain in pain years after the diagnosis, are aerobically unfit, have poor muscle strength and flexibility, and need medications to control symptoms. While larger studies are needed to confirm the findings, tai chi looks promising as an alternative treatment, Yeh said. ""This could represent an ideal exercise for fibromyalgia sufferers. Since it is a low-impact, gentle, non-threatening, accessible activity, it may be a perfect exercise for debilitated patients with fibromyalgia who otherwise cannot or choose not to do other forms of exercise,"" Yeh said. ""Also, since tai chi has a meditative component, it may also help to address the stress and anxiety that may be associated with the condition."" So what is it about tai chi that works? There's no definitive answer to that just yet, Wang said. Tai chi is a mind-body exercise that originated as a martial art in China, utilizing slow, gentle movements to build strength and flexibility, as well as deep breathing and relaxation, to move qi, or vital energy, throughout the body. Prior research has shown exercise can improve mood, Wang added. The controlled breathing and movements may promote ""mental tranquility,"" according to the study, which could help with pain. ""The physical component of tai chi can improve aerobic capacity, strength and muscle function,"" Wang said. ""But in my opinion, the most important part is mental. You see lots of patients improve their depression and become good friends with each other."" The National Center for Complementary and Alternative Medicine of the U.S. National Institutes of Health provided funding for the research. More information The National Center for Complementary and Alternative Medicine has more on tai chi."
fakehealth,story_reviews_01357,0,1,1,0,0.63192695,0.03278324,"WASHINGTON (Reuters) - Viagra, developed to help ailing hearts long before it got a more high-profile job fighting erectile dysfunction, might help treat heart symptoms of muscular dystrophy, researchers reported on Monday. A box of Viagra, typically used to treat erectile dysfunction, is seen in a pharmacy in Toronto January 31, 2008. REUTERS/Mark Blinch Tests in mice genetically engineered to have a condition similar to Duchenne muscular dystrophy showed the drug could improve how the heart works, Joseph Beavoa of the University of Washington and colleagues at the University of North Carolina found. It is not clear just how the drug is helping the mice, they reported in the Proceedings of the National Academy of Sciences, but they said it may be worth trying it as a treatment for muscular dystrophy. Duchenne muscular dystrophy affects an estimated one in 3,500 males, according to the National Institutes of Health. “Duchenne muscular dystrophy (DMD) is a progressive and fatal genetic disorder of muscle degeneration. Patients with DMD lack expression of the protein dystrophin as a result of mutations in the X-linked dystrophin gene,” the researchers wrote. Because of the involvement of the X chromosome, boys are far more likely to be affected than girls, who have two copies of the X chromosome and, thus, are likely to have a “spare” copy of the healthy gene. Muscles all over the body break down as the patient grows up, the heart included. Many patients die of heart failure and most patients with the condition die before age 40. Viagra, known generically as sildenafil, is sold by Pfizer Inc for erectile dysfunction and under the brand name Revatio to treat a heart condition called pulmonary hypertension. It is in a class of drugs called PDE5 inhibitors that work in a variety of ways to increase blood flow. The team, working with funds from the NIH and non-profit groups, tested Viagra in mice that had heart damage similar to that seen in muscular dystrophy. It slowed the damage and in some cases reversed it, they found. “Although PDE5 inhibitors will certainly not cure DMD, the current studies suggest that they could be used in combination with current or future therapies,” the researchers wrote."
fakehealth,story_reviews_01339,1,0,0,1,0.4392462,0.75733006,"Both tests would be less expensive than colonoscopy, and potentially more effective. Compliance with colonoscopy is low, since people don’t want to have one, and the overall cost per detection is high because most people are healthy, and even colonoscopy misses many tumors in the upper part of the intestine. Exact Sciences now plans to enlist several thousand patients in a prospective trial designed to win the Food and Drug Administration’s approval. The trial will be completed in 2012 and the test, if approved, should be available shortly thereafter. “If widely used, and regularly, this test really does have the opportunity to eliminate colon cancer,” said Dr. David A. Ahlquist, a colon cancer expert at the Mayo Clinic and an adviser to Exact Sciences. The practical value of the tests depends critically on details like their sensitivity, meaning the proportion of tumors that are detected, and their specificity, meaning how many of the positive results are in fact false alarms. Exact Sciences reported in July that its test was highly sensitive and specific when applied directly to cells taken from tumors. But in the real world, the tumor DNA must be detected in stool samples, even though almost all the DNA comes from the bacteria of the gut. Just 0.01 percent of the DNA is human, and most of this is normal DNA, not the altered DNA of tumors. Newsletter Sign Up Continue reading the main story Please verify you're not a robot by clicking the box. Invalid email address. Please re-enter. You must select a newsletter to subscribe to. Sign Up You will receive emails containing news content , updates and promotions from The New York Times. You may opt-out at any time. You agree to receive occasional updates and special offers for The New York Times's products and services. Thank you for subscribing. An error has occurred. Please try again later. View all New York Times newsletters. The company reported Thursday at a meeting of the American Association for Cancer Research that in a trial of 1,100 patients, the test had detected 64 percent of adenomas, or polyps, larger than one centimeter in diameter, and 85 percent of cancers, as judged by the colonoscopies also given to the patients. Dr. Ahlquist said he was very pleased with the new results, especially the 64 percent detection rate for precancerous polyps, since these are best targets for intervention. Although such a detection rate sounds far from perfect, it can be effective if the test is given on a regular schedule. “The Pap smear detects only 50 percent of cervical cancers, but applied over time it virtually eliminates the disease,” Dr. Ahlquist said. Advertisement Continue reading the main story The specificity of the Exact Sciences test is 88 percent, meaning that 12 percent of the time the patient will be given a false alarm. This may be acceptable, given that the worst that will happen is that the patient will get an unnecessary colonoscopy. “With stool tests, you need a 90 percent specificity,” said Dr. Bert Vogelstein, a cancer expert at Johns Hopkins University who is also an adviser to the company. “Exact Sciences has gotten close to that. There’s a lot of hope for getting a stool-based test.” Promising results for the blood-based tests were reported this week at a meeting in Barcelona, Spain. Epigenomics said its test had a sensitivity of 86 percent and a specificity of 93 percent. Proponents of each test note possible weaknesses of the other. Dr. Achim Plum, a vice president for Epigenomics, said that 30 to 40 percent of people have small polyps, but less than 10 percent of these ever become cancerous. The colon-based test may pick up too many of these, sending far too many people in for colonoscopy. “The health economics of such a test make no sense,” he said. But the blood-based test may have a similar problem, since a positive signal could come from cancers anywhere in the body. If the patient is advised to take a whole body imaging scan, more false positives could be generated “so you end up doing more harm than good,” Dr. Vogelstein said. Dr. Plum said that Epigenomics did not see its test as being necessarily in competition with the Exact Sciences test, because the blood-based test would be good alternative for people put off by stool testing."
fakehealth,story_reviews_00964,0,1,1,0,0.89785546,0.0057793343,"En Español By Alan Mozes HealthDay Reporter WEDNESDAY, Nov. 30, 2011 (HealthDay News) -- Eating baked or broiled fish as little as once a week may boost brain health and lower the risk for mild cognitive impairment and Alzheimer's disease, new brain scan research suggests. The study authors found that eating baked and broiled fish -- but not fried -- helps to preserve gray matter neurons, strengthening them in areas of the brain deemed critical to memory and cognition. ""Those who eat baked or broiled fish had larger brains,"" noted study author Dr. Cyrus Raji, a resident in the department of medicine at the University of Pittsburgh Medical Center, Mercy Hospital. ""They had larger brain cells in areas of the brain responsible for memory and learning. And the reason that's important is that these brain areas are at high risk for Alzheimer's disease."" In those people with larger brain volume, ""the risk for Alzheimer's and mild cognitive impairment went down by fivefold within five years following the brain scans we conducted,"" he said. Raji said he was ""amazed"" that this effect was seen with eating fish as little as one to four times a week. ""We're talking about just a half serving a day,"" he said. ""And that would be a very small lifestyle change that can affect disease risk a long time down the line."" Raji and his colleagues are slated to discuss their findings Wednesday at the annual meeting of the Radiological Society of North America, in Chicago. More than 5 million Americans have Alzheimer's disease, an incurable, age-related disorder that slowly destroys memory and thinking and language skills. Older adults with mild cognitive impairment have less severe memory loss than those with Alzheimer's but often go on to develop the disease. To assess the impact of fish on cognitive health, the authors focused on 260 mentally healthy elderly individuals drawn from the Cardiovascular Health Study, sponsored by the U.S. National Heart, Lung, and Blood Institute. All the participants underwent 3-D MRIs, so the researchers could map out the size of each individual's gray matter and track it over 10 years. They also completed the U.S. National Cancer Institute Food Frequency Questionnaire. The team then stacked up gray matter changes against dietary consumption as reported in the questionnaire. The questionnaires revealed that 163 of the study participants ate fish at least once a week, with most consuming fish between one and four times a week. With that information, the authors found that regardless of age, gender, physical activity routines, and/or educational achievement, race or weight, those who ate baked or broiled fish had larger mass in the hippocampus, precuneus, posterior cingulate and orbital frontal cortex regions of their brains. The team further observed that people who ate baked or broiled fish weekly displayed better so-called ""working memory,"" enabling them to more effectively execute routine tasks. But fish and chips lovers, take note: No cranial benefit was evident with respect to consumption of fried fish. The team cautioned that while eating baked and broiled fish appears to exert some cognitive benefit, other lifestyle and socioeconomic factors may play a role. For now, the connection must be viewed as an association, rather than a cause-and-effect. Dr. Richard Lipton, vice chair of neurology at the Albert Einstein College of Medicine in New York City, reiterated the point. ""One has to wonder if there are other factors associated with fish consumption that they didn't measure that might be protective,"" he said. ""Like maybe people who eat fish exercise more, or eat less total calories. Or they could be eating other components of a Mediterranean Diet, such as fruits and vegetables."" Lipton added that ""this group of researchers is really, really good,"" and called the study results ""a very interesting finding, and absolutely worthy of further exploration."" Research presented at scientific meetings should be considered preliminary until published in a peer-reviewed medical journal. More information For more on brain health, visit the Society for Neuroscience."
fakehealth,news_reviews_00478,1,0,0,1,0.33414853,0.71218175,"LOS ANGELES, Feb. 19, 2016 - A new medication reverses the blood-thinning effects of the anticoagulant dabigatran in patients suffering a brain bleed, potentially limiting the extent of bleeding, according to research presented at the American Stroke Association's International Stroke Conference 2016. Dabigitran is prescribed to people with atrial fibrillation to prevent blood clots from forming in the heart and traveling to the brain causing a stroke. Patients on blood-thinning drugs, such as dabigatran (Pradaxa), who suffer a type of bleeding that occurs inside the skull (intracranial hemorrhage) are at high risk of complications or disability. Idarucizumab (Praxbind) is an antibody that chemically binds and neutralizes the blood-thinning effects of dabigatran. An interim analysis of the first 90 patients in a study called RE-VERSE AD (REVERSal Effects of idarucizumab in patients on Active Dabigatran) showed that idarucizumab effectively reversed dabigatran's anticoagulant effects, said Richard A. Bernstein, M.D., Ph.D., lead study author and director of the stroke program at Northwestern Memorial Hospital in Chicago, Illinois. Bernstein presented the results of 90 brain hemorrhage patients enrolled in the REVERSE-AD study. This included 11 men and seven women (average age 79). In patients who received two 2.5-gram of idarucizumab infusions in a 15-minute period, blood tests revealed that dabigatran's blood-thinning effect was 100 percent reversed in all 18 patients with brain bleed. ""This is definitely good news,"" Bernstein said. ""Idarucizumab rapidly and completely reverses the effect of dabigatran in patients with brain hemorrhage. Once the dabigatran is reversed, we can focus on taking care of the patient without worrying about the blood thinner."" The new results are part of a large on-going phase III study testing idarucizumab in a range of patients who take dabigatran and have dangerous bleeding or need urgent surgery or other procedures that carry serious bleeding risks. Idarucizumab was approved by the U.S. Food and Drug Administration in October 2015 as the first medicine designed to reverse dabigatran. Researchers say before idarucizumab was available, patients on dabigatran who needed emergency surgery were given purified clotting factors, which carry the risk of patients' clotting systems forming dangerous blood clots. ""Idarucizumab gets rid of the dabigatran, but doesn't seem to carry with it any tendency to increase clotting. This should make perioperative management easier and safer,"" Bernstein said. Idarucizumab's success so far might persuade more people to take a blood thinner when their doctors recommend it. ""The biggest problem we face in preventing stroke in patients with atrial fibrillation is that almost half of patients don't take any blood thinner at all,"" Bernstein said. ""I see the biggest impact of idarucizumab as providing reassurance to patients that if bleeding while taking dabigatran does occur, we can quickly reverse the dabigatran. This reassurance could lead to more strokes prevented by increasing the use of an effective blood thinner."" ### Co-authors are Charles V. Pollack Jr., M.D.; Jeffrey I. Weitz, M.D.; Paul A. Reilly, Ph.D.; John Eikelboom, M.B.B.S., M.Sc.; Menno V. Huisman, M.D., Ph.D.; Pieter W. Kamphuisen, M.D., Ph.D.; Jörg Kreuzer, M.D.; Jerrold H. Levy, M.D. and Thorsten Steiner, M.D., Ph.D. Author disclosures are on the abstract. The study was funded by Boehringer Ingelheim. Praxbind and Pradaxa are both marketed by Boehringer Ingelheim of Ridgefield, Connecticut. Additional Resources: Any available downloadable video/audio interviews, B-roll, animation, graphic, and images related to this news release are on the right column of the release link http://newsroom. heart. org/ news/ new-drug-reverses-the-effects-of-blood-thinner-in-patients-with-brain-hemorrhage?preview= 3526b77201c750c0e1160b975f68484c Video clips with researchers/authors of the studies will be added to the release link as available. Follow news from ASA's International Stroke Conference 2016 via Twitter @HeartNews #ISC16."
fakehealth,news_reviews_00398,0,1,1,0,0.68740976,0.37921134,"Key Points Question Does treatment with cetuximab and radiotherapy (CRT) increase the rate of laryngeal preservation and laryngectomy-free survival compared with radiotherapy alone in patients with hypopharyngeal and laryngeal carcinoma? Findings In this secondary analysis of a randomized clinical trial comparing CRT vs radiotherapy alone in 168 treated patients, there was no difference in the rates of laryngeal preservation at 2 years. There was a 4.0% and 8.9% absolute improvement in laryngectomy-free survival at 2 and 3 years, respectively, for CRT vs radiotherapy alone. Meaning The results of this secondary subset analysis reveal a possible cetuximab-related benefit in laryngeal preservation. Abstract Importance The appropriate use of surgery or radiotherapy-based approaches for organ preservation has been the subject of much debate. Unfortunately, there has been a lack of improvement in overall survival for patients with laryngeal carcinoma in the last 30 years. Objective To assess the rates of laryngeal preservation and laryngectomy-free survival in patients receiving cetuximab and radiotherapy (CRT) and patients receiving radiotherapy alone. Design, Setting, and Participants Patients were enrolled in a multicenter, open-label, stratified, randomized, phase 3 study from April 1, 1999, through March 31, 2002, from 73 centers in the United States and 14 other countries. A secondary subgroup analysis of patients with hypopharyngeal and laryngeal carcinoma was undertaken. Rates of laryngeal preservation and laryngectomy-free survival were estimated by the Kaplan-Meier method. The hazard ratios (HRs) were calculated using a Cox proportional hazards regression model. Quality of life was evaluated using the European Organization for Research and Treatment of Cancer core questionnaire and head and neck module. Main Outcomes and Measures Laryngeal preservation and laryngectomy-free survival. Results Of the 424 patients included in the trial, 168 treated patients with cancer of the larynx or hypopharynx were included in this analysis (90 in the CRT group and 78 in the radiotherapy alone group). The median (range) age of the patients was 59 (40-80) years in the CRT group and 61 (35-81) years in the radiotherapy alone group. In the CRT group, 72 patients (80.0%) were male and 18 (20.0%) were female. In the radiotherapy alone group, 62 (79.5%) were male and 16 (20.5%) were female. The rates of laryngeal preservation at 2 years were 87.9% for CRT vs 85.7% for radiotherapy alone, with an HR of 0.57 (95% CI, 0.23-1.42; P = .22). Similarly, the HR for laryngectomy-free survival comparing CRT vs radiotherapy alone was 0.78 (95% CI, 0.54-1.11; P = .17). This study was not powered to assess organ preservation. Median overall survival was 27 (95% CI, 20-45) vs 21 (95% CI, 17-35) months for the CRT and radiotherapy alone groups, respectively, with an HR of 0.87 (95% CI, 0.60-1.27). No differences between treatments were reported regarding overall quality of life, need for a feeding tube, or speech. Conclusions and Relevance The results of a possible cetuximab-related laryngeal preservation benefit for patients with hypopharyngeal or laryngeal cancer are intriguing; these results need to be interpreted in the context of a retrospective subset analysis with limited sample size. Trial Registration clinicaltrials.gov Identifier: NCT00004227 Introduction Historically, locoregionally advanced squamous cell cancers of the larynx or hypopharynx have been treated with surgical resection, usually involving laryngectomy with or without postoperative radiotherapy.1 Although laryngectomy is an effective treatment, investigators have sought therapeutic strategies that result in voice preservation. Various modifications of surgical techniques have been explored.2-5 Alternatively, in the early 1980s, investigators evaluated curative primary radiotherapy with salvage surgery as an option for these patients.6,7 Retrospective studies8,9 that compared primary radiotherapy with salvage surgery to initial surgery with postoperative radiotherapy found similar rates of survival in patients with advanced laryngeal or hypopharyngeal cancers. After the realization that many patients could avoid total laryngectomy with the use of primary radiotherapy, several combination chemoradiotherapy strategies were introduced for patients with laryngeal or hypopharyngeal cancers. In large phase 3 randomized clinical trials, induction chemotherapy followed by radiotherapy demonstrated equivalent overall survival compared with surgical resection and postoperative radiotherapy in patients with laryngeal10,11 and hypopharyngeal cancers.12 More recently, the Radiation Therapy Oncology Group 91-11 trial revealed that radiotherapy with concomitant cisplatin resulted in a superior laryngeal preservation rate compared with induction with cisplatin and fluorouracil followed by radiotherapy or radiotherapy alone for these advanced laryngeal cancers.13,14 However, this treatment did not produce a survival benefit. The appropriate use of surgery or radiotherapy-based approaches for organ preservation has been the subject of much debate.15-18 Unfortunately, there has been a lack of improvement in overall survival for patients with laryngeal carcinoma in large database studies19-21 examining the last 30 years of care. Investigators have reported that poor follow-up may contribute to the potential for larger and less curable recurrences, and surgeons experienced with radiotherapy with salvage surgery need to be involved as early as possible.20,21 The analysis described in this report was performed to assess the laryngeal preservation rates of patients with locoregionally advanced laryngeal and hypopharyngeal cancers who were entered into a randomized clinical trial of cetuximab and radiotherapy (CRT) compared with radiotherapy alone.22,23 This group of patients represents a subgroup (168 patients) of a larger population (424 patients) that also included patients with oropharyngeal cancers. It is noteworthy that this randomized clinical trial was not designed to enroll a sufficient number of patients to definitively and prospectively address the subject of the analysis reported herein. Previous reports22,23 of the overall randomized clinical trial found locoregional control and survival advantages associated with the addition of cetuximab to radiotherapy. Methods Patients Patients were enrolled in the multicenter, open-label, stratified, randomized, phase 3 study from April 1, 1999, through March 31, 2002, from 73 centers in the United States and 14 other countries. Patients who entered the trial had stage III or IV nonmetastatic squamous cell carcinoma of the oropharynx, hypopharynx, or larynx (Figure 1 and Table 1). Patients were eligible if they had pathologically confirmed stage III or IV squamous cell carcinoma, had measurable disease, had no distant metastases, had no prior therapy for the tumor under study, and were medically suitable to undergo definitive radiotherapy. This subgroup includes the patients with hypopharyngeal and laryngeal cancers. The protocol was approved by the ethics review boards at the participating institutions, and all the patients provided written informed consent. Patients were initially evaluated with a comprehensive head and neck examination, which included panendoscopy. The primary tumors and lymph nodes were staged by the American Joint Committee on Cancer staging classification of 1998. Initial evaluation included computed tomography or magnetic resonance imaging of the head and neck region and chest radiography. Patients began treatment within 2 weeks after this initial evaluation, as determined by the randomization procedure.22 Patients who underwent no surgery or less extensive operations were censored at death or date of last contact. Treatment The primary radiotherapy was delivered with curative intent. Investigators selected 1 of 3 radiation fractionation regimens: once daily, twice daily, or concomitant boost regimen (Figure 1). Cervical lymph node drainage regions, considered to be at high risk for subclinical disease, were treated with a dose of 50 to 54 Gy. The primary tumor and gross nodal disease received full-dose radiotherapy (70-76.8 Gy, depending on fractionation). However, if a postoperative neck dissection was planned, gross nodal disease could be treated with 60 Gy. For patients randomized to CRT, cetuximab treatment consisted of an initial dose of 400 mg/m2 and was delivered as a 120-minute intravenous infusion. This initial dose was delivered 1 week before the initiation of CRT. Patients received weekly cetuximab infusions during the radiotherapy treatment. Seven weekly infusions were delivered at a dose of 250 mg/m2 for a period of 60 minutes each. For patients who were scheduled to have a planned neck dissection, surgery was scheduled to take place 4 to 8 weeks after completion of CRT or radiotherapy alone. Evaluations Evaluations, including physical examination, hematologic testing, and chemical profiles, were performed weekly for the duration of the study. A pharmacologic profile was also performed weekly on patients receiving cetuximab infusion (CRT group). Patients provided a history and underwent a physical examination, which included a fiberoptic examination of the tumor, as well as an assessment of all study end points at required time points after the completion of treatment.22 Posttreatment assessments were performed 4 and 8 weeks after completion of radiotherapy. Patients who were scheduled for a planned postoperative neck dissection could have their 8-week assessment at the 6-week time point, along with posttreatment computed tomography. Subsequently, patients were evaluated every 4 months during the first and second years. They were evaluated semiannually during years 3 to 5. These follow-up assessments included imaging studies, consisting of computed tomography or magnetic resonance imaging of the head and neck region. Quality of Life The instruments used in this study were the European Organization for Research and Treatment of Cancer Quality of Life Questionnaire Core 30 version 3.0 and the Quality of Life Head and Neck Module 35. The self-administered core questionnaire consisted of 30 questions and incorporated 5 functional scales, 3 symptom scales, and a global health and quality-of-life scale. The remaining single items assessed additional symptoms commonly reported by patients with cancer, as well as the perceived financial effect of disease and treatment. All scales and single items met the standards for reliability. The 35-item module comprised 1 multi-item scale and a series of single items assessing head and neck–associated symptoms and adverse effects from conventional therapy. Statistical Analysis The randomization was not stratified by primary site of cancer; hence, the results presented below are a retrospective analysis of the selected subset of patients. A CONSORT flow diagram was included with the original publication of the trial.23 A trial profile for the analysis presented here is shown in Figure 1. The primary end point of the study was to examine differences in the rate of locoregional disease control maintained for 1 year. The duration of locoregional control was defined as the absence of locoregional disease progression at the scheduled follow-up visits and was determined through a masked review of the investigator-generated data by an independent committee of experts. The duration of locoregional control was from randomization to the first documented progression or recurrence of locoregional disease or death from any cause. Overall survival was calculated from randomization to death from any cause. Tumor present in a neck dissection, which was performed for any reason after 15 weeks after radiotherapy, constituted locoregional progression. Distribution of time-to-event parameters was estimated by the Kaplan-Meier method, and treatment effects were compared using a log-rank test. The Cox proportional hazards regression model was used to calculate the nonstratified hazard ratio (HR). The Kaplan-Meier method was also used to estimate the rate of preservation of larynx.24 Patients who underwent no surgery or lesser operations were censored at death or date of last contact. Results Characteristics of the Patients A total of 424 patients participated in the study and 168 were included in the subanalysis (90 in the CRT group or 78 in the radiotherapy alone group). Most patients from both treatment groups were treated with the concomitant boost fractionation regimen. The 2 treatment groups were well balanced with respect to sex, tumor stage, node stage (Table 1), and the rate of neck surgery (16% in the CRT group and 14% in the radiotherapy alone group). Treatment Adherence The median durations of treatment were 52, 46, and 43 days for once daily, twice daily, or concomitant boost, respectively, for patients treated with CRT and 52, 44, and 43 days, respectively, for patients treated with radiotherapy alone. For patients who received cetuximab, the median number of cetuximab infusions was 8 (range, 1–11). The median cumulative cetuximab dose was 2154 mg/m2 (range, 14-2887 mg/m2). The number of patients who received 7 or more cetuximab infusions was 80 (88.9%). The radiotherapy quality assurance review found that the mean and median doses for the once daily, twice daily, and concomitant boost regimens were 68.7 and 70.0 Gy, 74.3 and 74.4 Gy, and 70.8 and 72.0 Gy, respectively; these doses were similar in both treatment groups. Radiotherapy adherence for patients who received CRT or radiotherapy alone was balanced; 65 (72.2%) received CRT and 56 (71.8%) received radiotherapy alone as planned or with minor deviation. A total of 121 patients (72%) were treated as planned or with minor deviation. Major acceptable deviations in the CRT and radiotherapy alone groups were found in 13 (14.4%) and 13 (16.7%) patients, and major unacceptable deviations were observed in 3 (3.3%) and 5 (6.4%) patients, respectively. A total of 9 (10.0%) and 4 (5.1%) patients in these respective groups were not evaluable for a radiation quality assurance review. The differences in radiotherapy adherence between the 2 treatment groups were not statistically significant. Neck dissections were performed in 14 patients (15.6%) treated with CRT and 11 patients (14.1%) treated with radiotherapy alone. Efficacy Locoregional control was the primary end point of the phase 3 study. For this subgroup of patients with laryngeal and hypopharyngeal cancers, locoregional control was slightly improved for patients who received CRT compared with radiotherapy alone (HR, 0.80; 95% CI, 0.56-1.13) (Table 2). The 2-year rates of locoregional control were 36.9% in the CRT group and 25.7% in the radiotherapy alone group. Survival was also slightly improved for patients who received CRT compared with radiotherapy alone (HR, 0.87; 95% CI, 0.60-1.27) (Table 2). The 3-year survival rates were 41.9% in the CRT group and 39.0% in the radiotherapy alone group. The rates of laryngeal preservation (no need for salvage laryngectomy) were 87.9% at 2 and 3 years in the CRT group compared with 85.7% at 2 years and 76.8% at 3 years in the radiotherapy alone group. The 2.2% and 11.1% absolute improvements in the rates of laryngeal preservation, at 2 and 3 years, respectively, favored CRT compared with radiotherapy alone (Figure 2). However, this improvement was not statistically significant (HR, 0.57; 95% CI, 0.23-1.42; P = .22). In addition, there was a 4.0% and 8.9% absolute improvement in laryngectomy-free survival at 2 and 3 years, respectively. Again, these differences did not reach statistical significance (HR, 0.78; 95% CI, 0.54-1.11; P = .17) (Figure 2). Safety The most frequently reported adverse events are given in Table 3. The frequency of grades 3 and 4 mucositis/stomatitis and odynophagia was not significantly different among patients who received CRT compared with radiotherapy alone. Patients who received CRT had a greater rate of acneiform rash compared with patients who received radiotherapy alone (Table 3). Chills, fever, and headache were the only toxic events reported to occur at any grade with significantly higher frequency (P = .002, P = .01, and P = .004, respectively) in patients in the CRT group than in the radiotherapy alone group; however, their incidences were low (chills, 16 [17.8%] vs 2 [2.6%]; fever, 20 [22.2%] vs 6 [7.7%]; headache, 20 [22.2%] vs 5 [6.4%]). Quality of Life The quality-of-life responses were evaluated in a longitudinal design in all patients. Baseline assessment was performed at or just after randomization. Subsequent assessments took place before the beginning of the fourth week of radiotherapy, at the 8-week posttreatment evaluation, and at the 2 every-4-month follow-up evaluations of year 1. Plots of mean changes in global health status, use of a feeding tube, or speech problems reveal no differences between the treatment groups (Figure 3). A positive value in change indicates an improvement for the patient. Differences in mean changes in swallowing at radiotherapy week 4 (−15 in the CRT group and −25 in the radiotherapy alone group, P = .02), loss of appetite at radiotherapy week 4 (−11 in the CRT group and −18 in the radiotherapy alone group, P = .03), nausea at week 8 after radiotherapy (−7.3 in the CRT group and 0.3 in the radiotherapy alone group, P = .04), coughing at radiotherapy week 4 (7.4 in the CRT group and −5.6 in the radiotherapy alone group, P = .02) and at week 8 after radiotherapy (−3.2 in the CRT group and 1.1 in the radiotherapy alone group, P = .04), constipation at month 8 (2.6 in the CRT group and −19 in the radiotherapy alone group, P < .001), and cognitive functioning at month 12 (−7.0 in the CRT group and 4.6 in the radiotherapy alone group, P = .04) were not seen at the other time points. Discussion When laryngectomy is the primary treatment for locoregionally advanced laryngeal and hypopharyngeal cancers, patients gradually adjust to the loss of natural phonation, but the condition substantially interferes with normal communication and social interactions.25 In addition, although the effect of the procedure on voice frequently receives the greatest consideration, the presence of the stoma may also adversely affect patients’ quality of life.26 In the analysis reported herein, laryngeal preservation rates were studied in a subgroup of patients who were part of a large phase 3 trial that compared primary radiotherapy with or without the antiepidermal growth factor receptor monoclonal antibody cetuximab. The use of CRT produced a higher rate of laryngeal preservation compared with radiotherapy alone for patients with locoregionally advanced laryngeal or hypopharyngeal cancers. Although the difference in the rates of laryngeal preservation between the 2 groups did not reach statistical significance, the initial trial was not powered to assess this subgroup question. The HR of 0.57 is a strong indicator that cetuximab, when added to radiotherapy, may improve laryngeal preservation. The 87.9% rate of laryngeal preservation at 2 years for CRT found in this trial is similar to the rate reported for the use of radiotherapy and concomitant cisplatin in Radiation Therapy Oncology Group 91-11 trial (n = 547).13 Patients who undergo a laryngectomy often experience a difficult adjustment process. Even when the patient achieves a certain level of comfort with various techniques of artificial speech,27 the ability to communicate with others is hampered.26,28,29 Investigations have explored both the patient’s and the interviewer’s perceptions of the patient’s difficulty with communication after laryngectomy.26 Of interest, the interviewers perceived the patients’ impairment with communication as a much greater infringement on quality of life compared with the patients’ perceptions. Patients who underwent laryngectomy believed that interference with social activities resulted in a greater detrimental effect regarding their quality of life compared with the interviewers’ perception of this factor. Therefore, patients have their own perceptions, as well as the perceptions of others, as potential hurdles to normal activities after laryngectomy. The perception of life without a larynx plays an important role in a patient’s treatment decision. In a recent trial from France, 269 patients were queried about the treatment choices they might make if they faced the diagnosis of advanced laryngeal cancer.30 Only 29% stated that they would not consider options with a lower chance of cure if told that the best option, with respect to survival, was total laryngectomy. However, their enthusiasm for seeking laryngeal-preserving options waned when told about potential adverse effects, such as tracheostomy or permanent gastrostomy. An older report31 of interviews with firefighters and executives who were asked to envision that they had advanced laryngeal cancer determined that they were willing to accept a 15% to 30% reduction in life expectancy for a laryngeal-preserving treatment compared with total laryngectomy. These studies30,31 demonstrate the importance of reviewing options and potential adverse effects with patients before making a decision regarding the best treatment. Considering the importance of laryngeal function, many head and neck cancer treatments have been directed toward the goal of laryngeal preservation. One of the largest randomized clinical trials was designed to evaluate laryngeal preservation compared with radiotherapy alone, concomitant chemoradiotherapy, and induction chemotherapy followed by radiotherapy.13,14 Each treatment group included at least 180 patients, thus providing much greater statistical power than the current communication. The use of concomitant cisplatin and radiotherapy resulted in a statistically significant improvement in laryngeal preservation compared with radiotherapy alone, with a hazard ratio of 0.46. However, the induction regimen of cisplatin and fluorouracil did not improve laryngeal preservation over radiotherapy alone. Neither concomitant chemoradiotherapy nor induction chemotherapy followed by radiotherapy resulted in improved overall survival compared with radiotherapy alone. Furthermore, there were greater severe acute toxic effects from the chemoradiotherapy treatments compared with radiotherapy alone,13 but no significant differences in severe late toxic effects were noted in the comparison of the 3 treatment arms.14 Unfortunately, the concomitant chemoradiotherapy arm had an increase in deaths not attributable to cancer compared with the other 2 arms; this finding needs to be explored further to determine whether undetected fatal late treatment toxic effects are greater with concomitant regimens. Although induction chemotherapy was not used in this trial, it has been the subject of many past and recent assessments involving laryngeal preservation, as well as other efficacy and safety outcomes.10-14 A retrospective review32 of the phase 3 TAX 324 trial (Induction Chemotherapy Comparing Taxotere Cisplatin and 5-Fluorouracil With Standard Cisplatin and 5-Fluorouracil Followed by Chemoradiation in Locally Advanced Head and Neck Cancer) in patients with laryngeal or hypopharyngeal cancers revealed that induction chemotherapy of docetaxel, cisplatin, and fluorouracil (n = 90) compared with cisplatin plus fluorouracil (n = 76) followed by chemoradiotherapy with weekly carboplatin resulted in significantly improved overall survival (P = .02) and progression-free survival (P = .03) for the docetaxel, cisplatin, and fluorouracil group. Among patients undergoing surgery, laryngectomy-free survival was also significantly greater with docetaxel, cisplatin, and fluorouracil (P = .03). The TREMPLIN (Radiotherapy With Cisplatin Versus Radiotherapy With Cetuximab After Induction Chemotherapy for Larynx Preservation) trial compared the efficacy and safety of induction chemotherapy using docetaxel, cisplatin, and fluorouracil, followed by chemoradiotherapy with cisplatin (n = 60) or cetuximab (n = 56), for laryngeal preservation.33 No differences were found in laryngeal preservation, laryngeal function preservation, or overall survival between the 2 regimens. Newer studies, such as DeCIDE (Docetaxel-Based Chemotherapy Plus or Minus IC to Decrease Events in Head and Neck Cancer)34 and PARADIGM (Combination Chemotherapy and Radiation in Treating Patients With Stage III or IV Head and Neck Cancer),35 suggest no overall benefit from the addition of induction chemotherapy vs concomitant chemoradiotherapy alone. Conclusions The higher rate of laryngeal preservation that was achieved with the use of CRT compared with radiotherapy alone was encouraging. Furthermore, no significant increases in the most debilitating radiotherapy-induced toxic effects, such as mucositis/stomatitis and dysphagia, were observed. This treatment approach warrants further evaluation in larger populations to fully assess the potential value of cetuximab or other molecular targeting agents to augment laryngeal preservation rates. Back to top Article Information Accepted for Publication: April 9, 2016. Published Online: July 7, 2016. doi:10.1001/jamaoto.2016.1228 Correction: This article was corrected on October 26, 2018, to correct an inaccurate conflict of interest disclosure; it was previously corrected on December 15, 2016, to correct errors in number at risk in Figure 2A. Corresponding Author: James A. Bonner, MD, Department of Radiation Oncology, University of Alabama at Birmingham, 1700 Sixth Ave S, Hazelrig-Salter Radiation Oncology Center, Ste 2262, Birmingham, AL 35249 (jabonner@uabmc.edu). Author Contributions: Dr Chin and Mr Hossain had full access to all the data in the study and take responsibility for the integrity of the data and the accuracy of the data analysis. Study concept and design: Bonner, Harari, Hossain, Schulten, Chin, Baselga. Acquisition, analysis, or interpretation of data: Bonner, Giralt, Spencer, Schulten, Hossain, Chang, Chin. Drafting of the manuscript: Bonner, Hossain, Chin. Critical revision of the manuscript for important intellectual content: All authors. Statistical analysis: Bonner, Hossain. Obtained funding: Chang. Administrative, technical, or material support: Harari. Study supervision: Giralt, Hossain, Chang, Chin, Baselga. Conflict of Interest Disclosures: All authors have completed and submitted the ICMJE Form for Disclosure of Potential Conflicts of Interest. Dr Bonner reported working as a consultant for Eli Lilly and Company, Merck Serono, and Bristol-Myers Squibb. Dr Schulten reported being an employee of Merck KGaA. Dr Chin and Mr Hossain reported being employees of Eli Lilly and Company. Dr Chang reported being a former employee of Eli Lilly and Company and currently owning Lilly stock. Dr Baselga reports nonfinancial support and reasonable reimbursement for travel from Roche/Genentech; receiving fees from and stock ownership in the following companies: Aura Biosciences (including serving on the board of directors from 2013-2017), Infinity Pharmaceuticals (including serving on the board of directors from 2013-2017), PMV Pharma Biotechnologies (including serving on the scientific advisory board from 2014-present), Juno Therapeutics (acquired by Celgene) (including serving on the scientific advisory board from 2014-2017), Grail (including serving as member or chair of the scientific advisory board from 2016-2018), Varian Medical Systems (including serving on the board of directors from 2017-2018), Bristol-Myers Squibb (including serving on the board of directors from March to September 2018), Seragon (acquired by Roche) (including serving on the scientific advisory board of directors from 2013-2014); stock ownership in ApoGen Biotechnologies (including serving on the scientific advisory board from 2014-present), and Foghorn Therapeutics (including serving on the board from 2017-present); serving as cofounder, receiving fees from, and stock ownership in Tango (formerly Synthetic Lethal) from 2016-present and Northern Biologics (formerly Mosaic Biomedicals) (including serving on the scientific advisory board from 2013-present); receiving consulting and travel fees from Novartis and Eli Lilly; serving as cofounder of Venthera; and serving as investigator on a patent licensed to Memorial Sloan Kettering for use of phosphoinositide 3-kinase inhibitors for treatment of vascular malformations and serving as investigator for patents pending assignment to Memorial Sloan Kettering for combination therapy using PDK1 and PI3K inhibitors and inhibition of KMT2D for the treatment of breast cancer. No other disclosures were reported. Funding/Support: Research funding was provided by Eli Lilly and Company. Role of the Funder/Sponsor: The funding source had a role in the design and conduct of the study. Additional Contributions: Nathalie Godinot, MS, of Eli Lilly and Company, provided medical writing support. Anastasia Perkowski, MBA, of Eli Lilly and Company, provided medical editing assistance. Neither was compensated outside their usual salary."
fakehealth,news_reviews_00157,1,0,0,1,0.43803835,0.9993305,"Characterized by the World Health Organization as a ""neglected tropical disease,"" leprosy (also known as Hansen's disease) is one of the most ancient diseases known to humankind and is caused by the bacteria Mycobacterium leprae. Nearly a quarter of a million people worldwide have leprosy, which causes disfiguration of the skin and mucous membranes as well as progressive and incurable nerve damage. While drug therapy exists for leprosy, it must be taken for many months, has many side effects and often is given too late to reverse the permanent damage caused by the bacterial infection. A viable vaccine to prevent and/or treat leprosy is the next step in the effort to bring this disease to an end. Scientists at IDRI, along with national and international collaborators including the National Hansen's Disease Program and the National Institute of Allergy and Infectious Diseases (NIAID), part of the National Institutes of Health, with financial support from American Leprosy Missions, have developed a promising leprosy vaccine candidate designed to help treat leprosy and prevent exposed individuals from developing disease and the resulting disabilities. Based on data generated in preclinical studies, the vaccine candidate, called LepVax, has progressed to Phase I clinical testing in the United States, the first stage of safety testing in human volunteers. The clinical trial is focused on safety, as well as evaluating the immune response to the vaccine. ""While previous attempts have used vaccines primarily developed for other diseases, this is the first totally defined vaccine candidate developed specifically for leprosy, using the latest technologies and offering no less than those exposed to leprosy deserve,"" said Steven Reed, Ph.D., IDRI President, CEO & Founder. ""The leprosy vaccine program at IDRI has benefited greatly from what we've learned in the development of tuberculosis vaccine candidates over the past two decades. Although the bacteria that cause tuberculosis and leprosy are related, leprosy vaccine development posed great challenges. This vaccine represents a unique accomplishment, requiring the most advanced technologies in molecular biology and immunology, and American Leprosy Missions has been there from the beginning."" IDRI scientists have also developed two vaccine candidates for tuberculosis, both in clinical stages of development. ""We are thrilled that after 15 years and an investment of over $5.1 million, made possible by our faithful donors and partners, a leprosy-specific vaccine is beginning a Phase I clinical trial,"" says Bill Simmons, President and CEO of American Leprosy Missions. ""We believe this may be the most exciting breakthrough in leprosy treatment since multi-drug therapy, the current treatment for leprosy, was launched in the 1980s. We look forward to this vaccine improving the health outcomes of people diagnosed with leprosy. And, it may be that this vaccine can lead to interruption of the transmission of leprosy all together. What a tremendous legacy this would leave for millions of people worldwide."" The vaccine was developed through significant efforts in screening and identifying M. leprae proteins that trigger an effective immune response. IDRI scientists then produced a fusion of four leprosy proteins, which is combined with IDRI's proprietary immune-stimulating adjuvant (GLA-SE). With recent developments in vaccine technology, IDRI scientists can now induce protective responses even after infection, meaning it could be possible to prevent disease development in people already infected with the leprosy bacterium. ""This generation of a vaccine to prevent and possibly treat leprosy is the result of years of research. The development has been complicated by the fact that the organism that causes leprosy cannot be grown in culture in the laboratory,"" Reed explained. ""This is a unique example of a vaccine produced by totally synthetic methods."" Reed added that, without the foresight and support of American Leprosy Missions, there would be no leprosy vaccine candidate. ""The vision and support of American Leprosy Missions has been tremendous as we've worked with them throughout the years, moving from our work in developing a leprosy diagnostic to our current focus on a successful leprosy vaccine,"" he said. ""The progress we've had to date would not have been possible without American Leprosy Missions' financial support and guidance."" Early results from the Phase I study should be available in 2018, and the partners are currently exploring mechanisms to advance the vaccine through later-phase clinical trials should results from the Phase I study (clinical trial NCT03302897) support further evaluation. The vaccine candidate will serve as part of an overall strategy to end leprosy, which will require detection, prevention and treatment. IDRI had developed technology to enable a rapid, affordable, point-of-care diagnostic test, which was funded by NIAID (grant numbers 1R43AI066613-01A1 and 2R44AI066613-02.) In addition to IDRI and American Leprosy Missions, a variety of partners are taking part in efforts to eliminate leprosy, including Novartis and the Novartis Foundation. Reed, along with scientists from a variety of scientific organizations recently published ""Innovative tools and approaches to end the transmission of Mycobacterium leprae"" in The Lancet Infectious Diseases , outlining what is needed to achieve this goal. Together with scientific, government and NGO partners, the Novartis Foundation develops and implements strategies to help interrupt leprosy transmission, while Novartis donates the treatment for leprosy free of charge. About IDRI: As a nonprofit global health organization, IDRI (Infectious Disease Research Institute) takes a comprehensive approach to combat infectious diseases, combining the high-quality science of a research organization with the product development capabilities of a biotech company to create new diagnostics, drugs and vaccines. Founded in 1993, IDRI has 125 employees headquartered in Seattle with nearly 100 partners/collaborators around the world. For more information, visit www.idri.org. About American Leprosy Missions: American Leprosy Missions, based in Greenville, South Carolina, is the oldest and largest Christian organization in the United States dedicated to curing and caring for people affected by leprosy and related diseases. It funds projects and partners in countries across Africa, Asia and the Americas. During its more than 100-year history, American Leprosy Missions has provided holistic care to four million people around the world including medical treatment and training, Christian outreach, community development and vaccine research. For more information, visit www.leprosy.org. SOURCE Infectious Disease Research Institute Related Links http://www.idri.org"
fakehealth,news_reviews_00228,1,0,0,1,0.36321184,0.7866545,"CLEVELAND, Ohio (May 17, 2017)--Fennel, an anise-flavored herb used for cooking, has long been known for its health benefits for a variety of issues, including digestion and premenstrual symptoms. A new study confirms that it is also effective in the management of postmenopause symptoms such as hot flashes, sleeplessness, vaginal dryness, and anxiety, without serious side effects. The study outcomes are published online today in Menopause, the journal of The North American Menopause Society (NAMS). The use of complementary and alternative medicine for the management of menopause symptoms has surged in recent years as women have attempted to identify alternatives to hormone therapy (HT). Although HT is the most effective treatment for managing most menopause symptoms, some women have turned to herbal medicine because they are either not candidates for HT or are concerned about the negative publicity surrounding potential side effects. Fennel, an herb containing essential oils, has phytoestrogenic properties. Phytoestrogens are estrogen-like chemicals in plants that have been used to effectively treat a wide array of menopause symptoms. In this small trial of 79 Iranian women aged 45 to 60 years, soft capsules containing 100 mg of fennel were administered twice daily for eight weeks. Improvements were compared between the intervention and placebo groups at four, eight, and 10 weeks, with a significant statistical difference documented. In the end, fennel was concluded to be a safe and effective treatment to reduce menopause symptoms without serious side effects. The study described in the article ""Effect of Foeniculum vulgare Mill. (fennel) on menopausal symptoms in postmenopausal women: a randomized, triple-blind, placebo-controlled trial"" is one of the first clinical studies to examine the benefits of fennel for managing menopause symptoms, even though it had been previously studied and confirmed to manage premenopause symptoms. The study was completed in Tehran, Iran, where the average age of women at menopause is younger than in the United States: 48.2 years versus 51 years, respectively. Some of the most common adverse effects of menopause are hot flashes, vaginal dryness, sleep problems, joint and muscular discomfort, exhaustion, irritability, anxiety, and depression. ""This small pilot study found that, on the basis of a menopause-rating scale, twice-daily consumption of fennel as a phytoestrogen improved menopause symptoms compared with an unusual minimal effect of placebo,"" says Dr. JoAnn Pinkerton, executive director of NAMS. ""A larger, longer, randomized study is still needed to help determine its long-term benefits and side effect profile."" ###"
fakehealth,story_reviews_00484,1,0,0,1,0.4519752,0.75805634,"(CNN) Jet lag might be the worst part of long-distance travel, especially when it leaves you feeling tired, cranky and off-kilter for days. But scientists at Stanford University say there may be a way to prevent jet lag without medication or adjusting your sleep schedule. A team of researchers led by neurobiologist Jamie Zeitzer is working on a technique that exposes people to short flashes of light while they sleep to help them adjust more quickly to time zone changes. Current light therapy treatment includes sitting in front of bright lights for hours at a time during the day, which allows you to transition your body clock to a new time zone in small steps prior to taking a trip. Zeitzer's latest study, published Monday in the Journal of Clinical Investigation , could make treatment easier by providing light exposure during sleep, before the trip, without changing or interrupting your routine. Exploiting biology 'in the eye' Researchers believe the flashing light helps reset the circadian system , which regulates rhythms in the human body and establishes normal sleep and wake phases. The circadian system is synchronized to the outside world through exposure to light; it controls sleep timing, hormone release and mood, said Zeitzer, an assistant professor of psychiatry and behavioral sciences. Jet lag occurs when sleeping and waking patterns are not synchronized to circadian rhythms. To adapt to a new time zone, most people try to get as much light exposure as possible corresponding to their destination, either by waking up early before a trip or staying up late when they arrive, Zeitzer said. Or they do nothing and suffer the exhausting consequences; the body eventually adjusts at a slow pace of about one hour a day, taking up to three days to catch up. Through light therapy, the technique Zeitzer is experimenting with, a person's brain can be tricked into adjusting more quickly to disturbances in sleep cycles by increasing how long he or she is exposed to light prior to traveling to a new time zone. The treatment ""exploits biology in the eye"" to speed up the brain's adjustment to time changes, he said. This study builds on previous research published in 2014, which found that light therapy works best at night because the body's circadian rhythms are more sensitive to light at night, even through closed eyelids. In this latest study, Zeitzer and Raymond Najjar, a former postdoctoral scholar at Stanford now at Singapore Eye Research Institute, found that short flashes of light at night are more effective than continuous light exposure and could speed up the process of adjusting to a different time zone before a trip. ""The previous study was proof of principle: Can we elicit these kinds of changes and can we do it without interfering with sleep?"" Zeitzer said. This time around, researchers tried to further optimize the process. Continuous light vs. flashes To determine which would provide the fastest method of adjusting sleep cycles, researchers recruited 39 participants ages 19 to 36. They put them on a routine sleep-wake cycle, going to bed and waking up at the same time every day for about two weeks. They then had the volunteers sleep in the lab, where some were exposed to continuous light for an hour and others were exposed to a sequence of flashes of various frequencies for an hour. They found that exposing people to two millisecond flashes of light, similar to a camera flash, every 10 seconds elicited two hours of change in circadian timing, compared with 36 minutes for those exposed to continuous light. Participants were able to sleep through the flashes of light without waking. ""You get more effectiveness out of flashes of light. It will enable us to have more potent countermeasures to jet lag than continuous light, which is the current prescribed light therapy treatment,"" Zeitzer said. The treatment could benefit not only travelers but also overnight shift workers and people with constantly changing schedules, he said, but that's a long way off. There's still more testing to be done before the technique is available to the public."
fakehealth,news_reviews_00359,0,1,1,0,0.57677466,0.008833718,"BOSTON (Sept. 14, 2016) -- Although targeted drugs like Gleevec have revolutionized the treatment of chronic myelogenous leukemia (CML), patients generally must take them for the rest of their lives and may cease benefiting from them over time. In new research that could suggest a road to cure, scientists at Dana-Farber Cancer Institute and Boston Children's Hospital have found that CML stem cells die in response to inhibition of a protein called Ezh2. Drugs that target the protein are currently being tested in clinical trials for other cancers. The findings, reported online today by the journal Cancer Discovery, raise the prospect that Ezh2 blockers, in combination with Gleevec and similar drugs, could eradicate the disease in some patients in relatively rapid fashion or could be an effective therapy for those who become resistant to Gleevec-like agents, the authors state. In a paper published simultaneously by Cancer Discovery, a team of Scottish scientists report similar findings using a different research approach. ""The vast majority of patients with CML do remarkably well on imatinib [Gleevec] and similar drugs: The disease is well controlled and side effects are tolerable,"" says Stuart Orkin, MD, the study's senior author and a pediatric hematologist/oncologist at Dana-Farber/Boston Children's Cancer and Blood Disorders Center. ""In only 10-20 percent of patients, however, are the leukemia cells fully cleared from the body. The other 90 percent retain a reservoir of leukemic stem cells - which initiate the disease - and must stay on the drugs permanently."" CML is a slowly progressing type of blood cancer that develops in the bone marrow. Primarily occurring in adults, it is rare in children. Over time, some patients develop resistance to Gleevec and other drugs that block BCR-ABL, the misbegotten ""fusion"" protein that drives CML growth. Although second- and third-line targeted therapies can often return the disease to remission, some patients don't benefit from these drugs or develop severe side effects. The new study grew out of efforts to discover whether different types of cancer are susceptible to Ezh2 inhibitors. In laboratory experiments, the Dana-Farber/Boston Children's researchers found not only that Ezh2 is overabundant in leukemia stem cells but that it helps them survive and give rise to full-fledged CML cells. Follow-up studies in mice showed that inactivating Ezh2 through gene-editing techniques caused CML stem cells to die, halting the disease at its source. ""The stem cells' dependence on Ezh2 suggests they will be especially vulnerable to drugs that target the protein,"" Orkin remarks. ""Such drugs are already in clinical trials for other diseases, including lymphoma and some solid tumors."" Epizyme, a biopharmaceutical company based in Cambridge, MA, recently opened a pediatric trial of an Ezh2 inhibitor for children with rhabdoid and other tumors. Dana-Farber/Boston Children's is a site in the multi-center Phase 1 trial. Although adding Ezh2-targeting agents to the standard drug regimen for CML has the potential to dramatically shorten the treatment period for many patients, ethical considerations may lead to the agents' first being tested in patients who don't respond to Gleevec and similar drugs, either initially or after drug resistance develops, Orkin remarks. ""Our findings suggest inhibition of Ezh2 should be considered as a way to eradicate CML when used in combination with current targeted therapies. It offers a promising approach to shortening the duration of therapy in order to achieve a cure. If successful, the cost savings of such an approach could also be significant."" ### Joining senior author Orkin, the study's lead author is Huafeng Xie, PhD, of Dana/Farber/Boston Children's. Co-authors are Cong Peng, Jialiang Huang, PhD, Bin E. Li, PhD, Woojin Kim, Elenoe C. Smith, Yuko Fujiwara, PhD, Partha P. Das, Minh Nguyen, of Dana-Farber/Boston Children's; Jun Qi, PhD, of Dana-Farber; James E. Bradner, MD, of Dana-Farber and the Novartis Institute for BioMedical Research; Shaoguang Li, MD, PhD, of University of Massachusetts Medical School; and Giulia Cheloni of UMass Medical School and the University of Florence, Florence, Italy. The study was funded in part by the National Institutes of Health (grant UO1 CA105423) and Hyundai Hope on Wheels. Dana-Farber/Boston Children's Cancer and Blood Disorders Center -- the nation's top pediatric cancer center, according to U.S. News & World Report - brings together two internationally known research and teaching institutions that have provided comprehensive care for pediatric oncology and hematology patients since 1947. The Harvard Medical School affiliates share a clinical staff that delivers inpatient care at Boston Children's Hospital and most outpatient care at Dana-Farber Cancer Institute."
fakehealth,news_reviews_00533,1,0,0,1,0.48889747,0.64451313,"DALLAS, Oct. 20, 2015 -- Botox -- known for reducing facial wrinkles -- may also prevent irregular heart rhythms when injected into fat surrounding the heart after bypass surgery, according to research in the American Heart Association journal Circulation: Arrhythmia and Electrophysiology. Botulinum toxin, commonly known as Botox, is produced by Clostridium botulinum bacteria. When a small amount of Botox is injected into a muscle, it blocks nerve signals that tell muscles to contract. Atrial fibrillation (also called AFib or AF) is a quivering or irregular heartbeat (arrhythmia) that can lead to blood clots, stroke, heart failure and other heart-related complications. ""About a third of all patients undergoing bypass surgery will develop atrial fibrillation, putting them at higher risk for cardiovascular complications,"" said Jonathan S. Steinberg, M.D., senior study author and Adjunct Professor of Medicine at the University of Rochester and Director of the Arrhythmia Institute in the Valley Health System in Ridgewood, New Jersey. ""Atrial fibrillation is also always associated with lengthened hospitalization and that means increased healthcare costs."" In two Russian hospitals, researchers randomly assigned 60 patients to receive Botox or saline injections. The injections were made in the four major fat pads surrounding the heart. To avoid bias, neither patients nor doctors knew whether the injections contained Botox or saline. Researchers found that: In the 30 days following surgery, those who received Botox injections during heart bypass surgery had a 7 percent chance of developing AF, compared to 30 percent chance in patients who received saline. One year after surgery, none of the patients who received Botox had AF, compared to 27 percent of the patients who received saline. No complications from the Botox injections were reported. But complications from the bypass surgery were similar in both groups, including time in intensive care and on a breathing machine, and infection rate. The results must be replicated in larger studies before Botox injections are routinely used to prevent AF after bypass surgery, researchers said. If confirmed in heart bypass patients, Botox injections could also help prevent AF in people undergoing valve repair or replacement. About half of those patients will develop AF after surgery. ""This first-in-man study has opened a whole new line of thinking and research,"" Steinberg said. ""In the near future, botox injections may become the standard of care for heart bypass and valve patients, but we're not quite there yet."" ### Co-authors are Evgeny Pokushalov, M.D.; Boris Kozlov, M.D.; Alexander Romanov, M.D.; Artem Streinikov, M.D.; Sevda Bayramova, M.D.; David Sergeevichev, Ph.D.; Alexander Bogachev-Prokophiev, M.D.; Sergey Zheleznev, M.D.; Vladimir Shipulin, M.D.; Vladimir Lomivorotov, M.D.; Alexander Karaskov, M.D. and Sunny S. Po, M.D. Author disclosures are on the manuscript. The Russian State Research Institute of Circulation Pathology and the Siberian Division of Russian Academy of Medical Sciences funded the study. Additional Resources: Researcher photo, heart graphic, and beating heart animation are located in the right column of this release link: http://newsroom. heart. org/ news/ botox-may-prevent-irregular-heartbeat-after-bypass-surgery?preview= 09d0de2125928b2822dd4750e149cc06 About Your Bypass Surgery Brochure What is Atrial Fibrillation Follow AHA/ASA news on Twitter @HeartNews."
fakehealth,news_reviews_00199,0,1,1,0,0.62421316,0.05360397,"Playing football can improve bone development in adolescent boys, new research shows. In a study comparing adolescent footballers to swimmers, cyclists and a control group of boys not involved in regular sport, scientists at the University of Exeter found football led to significantly better bones after one year of training. Adolescence is the key period for bone development, and poor development at this stage is linked to reduced peak bone mass (the amount of bone mass at the end of the skeletal maturation, around age 30), increased fracture risk and osteoporosis later in life. Though swimming and cycling have proven health benefits, the scientists said their study ""raises a question"" about whether they are good for bone development due to the non-weight bearing training - and they say young swimmers and cyclists could benefit from more weight-bearing exercise in training regimes. ""Our research shows that playing football can improve bone development in comparison to swimming and cycling,"" said first author Dimitris Vlachopoulos, of Sport and Health Sciences at the University of Exeter. ""Though we focussed on aspiring professionals who played as much as nine hours a week, playing football for three hours a week might be enough for a substantial effect. ""We already knew exercise was key for bone growth, but here we clarify what type of exercise. ""Although we didn't study other sports, it's reasonable to suppose that weight-bearing, high-impact, high-intensity exercise like tennis, badminton, basketball and handball will have similar effects to football."" The year-long study, of 116 boys aged 12-14, took a variety of measures including bone mineral content (BMC). BMC measurements were taken at the lumbar spine (lower back) and femoral neck (upper leg) - both key sites for both fractures and osteoporosis. The results showed footballers had higher BMC than swimmers and cyclists after one year of sport-specific training. For example, footballers' BMC was 7% higher than that of cyclists at the lumbar spine, and 5% higher at the femoral neck. The research was funded by the EU via a Marie-Sklodowska-Curie fellowship awarded to principal investigator Dr Luis Gracia-Marco, also of the University of Exeter. Dr Gracia-Marco said: ""The sports we studied are the three most popular in the UK, and it's important to know what effects they have in relation to bone health. ""Adolescence is the key time for bone growth. Once a person reaches puberty, the next five years are vitally important in this respect."" The athletes in the study were all playing high-level sport - the footballers in Exeter City FC's youth setup, and the swimmers and cyclists at leading clubs in the South West. The boys in the control group, though generally active, were not involved in regular sport. Despite the many health benefits of cycling and swimming, the study found little difference in bone development between cyclists, swimmers and the control group. ""This raises a question about whether swimming and cycling are good for bone development,"" Dr Gracia Marco said. ""We now need to consider how to counteract the lack of bone growth stimulus caused by cycling and swimming, possibly by encouraging swimmers and cyclists to add weight-bearing exercise in their training."" One innovative aspect of the study was the measurement of bone texture of the lumbar spine using trabecular bone score (TBS) - the first use of this technique in adolescent athletes. The paper, entitled: ""Longitudinal Adaptations of Bone Mass, Geometry and Metabolism in Adolescent Male Athletes. The PRO-BONE Study"", is published in the Journal of Bone and Mineral Research. The research is part of a larger University of Exeter study called PRO-BONE. ### Note to editors: Being a UK university, when we say ""football"" we mean the game otherwise known as soccer."
fakehealth,news_reviews_00001,1,0,0,1,0.31051713,0.5298723,"Wilmington, DE, December 17, 2018 - The CRISPR-Cas9 gene editing system may be able to restore the effectiveness of first-line chemotherapies used to treat lung cancer by deleting or ""knocking out"" a gene in cancer tumors that helps the tumors develop resistance to the drugs. That was the conclusion of a new study published today in the journal Molecular Therapy Oncolytics by scientists from The Gene Editing Institute of the Helen F. Graham Cancer Center & Research Institute at Christiana Care Health System. The study reports that in both tissue culture and in a mouse, tumor growth stopped and there was a dramatic decrease in the volume of existing tumors when chemotherapy was combined with CRIPSP-Cas9, which was used to disable a tumor gene known as NRF2. Previous studies have shown that the NRF2 gene controls cell functions in lung cancer tumors that helps them thwart the effect of chemotherapies that might otherwise reduce or eliminate them entirely. ""Our goal is to see if CRISPR can be used with chemotherapy to provide a safe, affordable way to give patients who are not responding to treatment at least a fighting chance against this very challenging cancer,"" said Eric Kmiec, Ph.D., the principal author of the study and the director of the Gene Editing Institute. ""We believe that finding ways to use CRISPR to improve existing treatments will lead to some of the first benefits for patients while we tackle the vital ethical issues around the use of CRISPR for edits that can be passed on through DNA. This is an exciting step in the journey of exploring the health benefits of gene editing."" The study was led by Pawel Bialk, research scientist at the Gene Editing Institute, the nation's only CRISPR-focused research initiative situated in a community health care system. Lung cancer is the leading cause of cancer death in the United States. Dr. Kmiec said there are chemotherapies that have helped patients achieve remission or at least live longer and enjoy a better quality of life by significantly slowing the progress of the disease. But he said some patients with non-small-cell lung cancer, the most common form of lung cancer, are resistant to chemotherapy agents used to treat the disease or develop resistance after being exposed to the drugs. Developing CRISPR in a Community Health Center: A Patient-Focused Approach Dr. Kmiec said the lung cancer work reflects an approach adopted by the Gene Editing Institute to move cautiously in developing medical applications of gene editing. Based inside the Helen F. Graham Cancer Center & Research Institute at Christiana Care, his research team gains unique insight into the lives and needs of cancer patients and the health care professionals who care for them, which helps them to maintain a strong focus on doing what's right for patients. Dr. Kmiec noted that while his team is working to move into human trials, the CRISPR application being developed for lung cancer does not involve directly editing a patient's genome --only the genes in the tumor. CRISPR stands for ""clustered regularly interspaced short palindromic repeats."" It was originally a defense mechanism found in bacteria that allows the bacteria to recognize and slice up the DNA of invading viruses. Scientists have learned how to manipulate this mechanism so that it essentially can be programmed to find and remove a specific sequence of DNA code--which acts like software for controlling biological activity in a cell. Cas9 is a reference to an enzyme, sometimes described as a form of ""molecular scissors,"" that is used by CRISPR to cut out a section of DNA code. Research Aimed at Real-World, Affordable Solutions Dr. Kmiec said there are many efforts under way to modify CRISPR so that it can be used to not only remove or ""knock out"" a section DNA, but also to replace or ""knock in"" a new strand of code. But he said there continues to be significant safety concerns around this type of CRISPR application. He said for now, his team is focused on ""using CRISPR in its native form, which is to just cut out a section of DNA,"" and to start with applications that do not directly impact the patient's DNA. He said using CRISPR to do things like improving drug response represents the ""low-hanging fruit"" of CRISPR patient applications. ""We think it's best to start with CRISPR therapies that involve relatively conservative uses of this powerful tool,"" Dr. Kmiec said. ""This approach can also hopefully help contain costs and provide a level of safety and reliability that is reassuring for patients and increases the chance that insurance companies will provide coverage."" Dr. Kmiec said that as a CRISPR research program that treats patients from across the economic spectrum, his scientists are keenly aware of the challenges of making cutting edge medical treatments accessible and beneficial for all patients. ""This work is another significant step on the pathway to FDA approval,"" said Nicholas J. Petrelli, M.D., FACS, Bank of America endowed medical director of the Helen F. Graham Cancer Center & Research Institute. ""The Gene Editing Institute is taking a careful and methodical approach to developing innovative therapies. Dr. Kmiec and his team interact with our oncologists who deal with lung cancer every day on how gene editing could have a realistic impact and improve treatment. This multidisciplinary clinical/scientific team has been working together to develop a compassionate bench-to-bedside approach. Their laboratory benches are literally down the hall from our patients and the oncologist's offices."" ### Downloadable photos Video about the Gene Editing Institute About the Gene Editing Institute The Gene Editing Institute is the only research institute of its kind in the nation based within a community health care system. Led by gene editing pioneer, Eric Kmiec, Ph.D., and based in Christiana Care Health System's Helen F. Graham Cancer Center & Research Institute, the Gene Editing Institute is a worldwide leader in gene editing biomedical research in cancer and other inherited diseases, and the only one working in the same space with oncologists, genetic counselors and patients, bringing translational research from basic science to patient treatment to a new level. You can find the Gene Editing Institute on Twitter and Facebook. About Christiana Care Health System's Helen F. Graham Cancer Center & Research Institute The Helen F. Graham Cancer Center & Research Institute is one of the most advanced cancer centers in the country, part of one of a few hybrid academic-community health systems conducting translational cancer research, and the only center of its kind committed to high-level advancements in research through its Gene Editing Institute. The Graham Cancer Center is part of Christiana Care Health System, one of the country's largest health care providers and a regional center of excellence in cardiology, cancer and women's health services. You can find Christiana Care Health System on Twitter and Facebook."
fakehealth,story_reviews_01235,0,1,1,0,0.5737256,0.42551357,"Tired? Depressed? Forgetting things? Who isn't these days? Those are also symptoms of a deficiency of B12, a key nutrient needed to make red blood cells and DNA and keep the nervous system working right. Vitamin B12 deficiency is officially considered rare, affecting about 1 in 1,000 Americans, according to a 2005 study. But the incidence rises with age, to about 15% of elderly people. The rate is also much higher among people who don't eat meat or dairy products, people with absorption problems, people taking acid-blocking medications and those with Type 2 diabetes who take the drug Metformin. ""B12 deficiency is much more common than the textbooks and journal articles say it is,"" says Alan Pocinki, an internist in Washington D.C., who routinely tests his patients who fall into those categories. He also notes that since the Metformin connection was discovered only recently, some physicians aren't aware of it. ""They assume that if patients complain of numbness and tingling in the feet, it's a diabetes issue and not a B12 issue."" Other symptoms of low B12 include anemia, depression, dementia, confusion, loss of appetite and balance problems. Long-term deficiency can bring severe anemia, nerve damage and neurological changes that may be irreversible. Just three ounces of clams, breaded and fried, have about 570% of the daily allowance. Getty Images Sometimes the symptoms are subtle. Internist Linda Assatourians, one of Dr. Pocinki's partners, says that a surprising number of her young female patients also have low levels of B12. Typically they are healthy and active, but they don't eat much meat and they have minor mood, memory or balance problems. ""When I supplement their B12, they feel better,"" Dr. Assatourians says. ""It's not a controlled study, but I see a lot of them."" ""I was sort of tired, but I thought, 'It's winter and I'm doing too much,' "" says Jessica Riester, 27, editor of publications for a German-American think tank. Her B12 level was slightly over 200 picograms per milliliter (the normal range is considered 200 to 800 pg per ml). After several weeks of B12 injections, then 1,000 milligrams daily in pill form, her B12 is now over 600 pg per ml and she says she feels better. ""My color is better and the shadows under my eyes are gone,"" she says. Indeed, several studies have shown that some symptoms of B12 deficiency, particularly early problems with cognitive function, can be apparent even when patients' blood levels are still in the normal range. How Much Recommended Dietary Allowances for vitamin B12 by age: 0-6 months: 400 nanograms 6-12 months: 500 ng 1-3 years: 900 ng 4-8 years: 1.2 micrograms 9-13 years: 1.8 mcg 14 years and older: 2.4 mcg Pregnant women: 2.6 mcg Nursing mothers: 2.8 mcg Source: National Academy of Sciences, 1998 Still, vitamin B12 isn't a miracle pick-me-up, a performance enhancer, a weight-loss aid or a quick way to sober up after a long night of drinking, as some celebrities and Internet marketers claim. For people who aren't deficient, ""there's no evidence whatsoever that these injections are useful to pep you up,"" says Irwin H. Rosenberg, a professor and former dean of the Friedman School of Nutrition at Tufts University. Taking too much B12 is unlikely to be harmful, he adds; the excess is simply excreted. B12 is one of the newest of the human vitamins, identified in 1948. It originates in bacteria, yeast and microbes in soil. Plants can't store it, so people get their B12 almost exclusively from meat, liver, poultry, fish and dairy products. Adults need just 2.4 micrograms a day, the amount in three ounces of beef, and can generally store it in fat tissue for several years. Dr. Pocinki speculates that some of his very lean patients are B12 deficient because they don't have much fat to store it in. Some people have trouble absorbing B12 in the first place. Stomach acid is needed to release it from food particles. People who have used acid-blocking medications, particularly proton-pump inhibitors, for years may not have enough. And many elderly people naturally stop making stomach acid, so B12 deficiencies are increasingly common as people age. Boosting B12 B12 comes almost exclusively from meat, liver, poultry, fish and dairy products. Some breakfast cereals are also fortified with the vitamin. Selected Food Sources of Vitamin B12 Food Micrograms (mcg) per serving Percent DV* Liver, beef, braised, 1 slice 48 800 Clams, cooked, breaded and fried, 3 ounces 34.2 570 Breakfast cereals, fortified with 100% of the DV for vitamin B12, 1 serving 6 100 Trout, rainbow, wild, cooked, 3 ounces 5.4 90 Salmon, sockeye, cooked, 3 ounces 4.9 80 Trout, rainbow, farmed, cooked, 3 ounces 4.2 50 Beef, top sirloin, broiled, 3 ounces 2.4 40 Cheeseburger, double patty and bun, 1 sandwich 1.9 30 Breakfast cereals, fortified with 25% of the DV for vitamin B12, 1 serving 1.5 25 Yogurt, plain, 1 cup 1.4 25 Haddock, cooked, 3 ounces 1.2 20 Tuna, white, 3 ounces 1 15 Milk, 1 cup 0.9 15 Cheese, Swiss, 1 ounce 0.9 15 Beef taco, 1 taco 0.8 13 Ham, cured, roasted, 3 ounces 0.6 10 Egg, large, 1 whole 0.6 10 Chicken, roasted, ½ breast 0.3 6 That's why the Institute of Medicine recommends that people over age 51 get most of their daily requirement from B12 supplements or cereals fortified with the vitamin that break down more easily in the digestive tract. Further down the digestive tract, B12 must combine with a protein called intrinsic factor to be absorbed into the body. Without intrinsic factor, people absorb much less B12, resulting in a condition called pernicious anemia, in which red blood cells don't develop properly. Left untreated, pernicious anemia can bring on neurological changes, delusions and hallucinations. The discovery that eating large amounts of liver could cure pernicious anemia led to the Nobel Prize for medicine in 1934. Other conditions can also interfere with B12 absorption, including celiac disease and Crohn's disease. ""I thought I was going to die in my sleep because I had so little energy,"" says Ellen Icochea, a senior executive at the Federal Bureau of Investigation who had a very low B12 level along with several major medical problems. Weekly B12 injections made a dramatic difference. ""It was like, 'Wow, here's energy!' "" she says. David H. Johnson, a 54-year old wildlife biologist, takes B12 shots every three days to cope with the challenges of chronic fatigue syndrome. ""Imagine you are on a small roller coaster,"" he says. ""You feel up one day and the next and then you start slumping until you're really flat again."" B12 comes in pill form and a new nasal spray, but injections are the fastest way to correct a severe deficiency, since it does not need to be absorbed in the digestive tract. Many patients learn to inject themselves or have a spouse do it to cut down on doctor visits. ""I have world travelers who take their B12 and needles with them. It's like traveling with insulin,"" says Dr. Pocinki. He says he has seen low-grade depression lift when patients were given B12 supplements. Researchers are still investigating possible links between long-term B12 deficiency and other health problems. It's known, for example, that B12 and the other B vitamins help reduce homocysteine, an amino acid in the bloodstream that may be associated with heart disease. But several large prospective studies have not shown that taking B12 supplements reduces the risk. It's also not clear whether low B12 raises the risk of dementia and Alzheimer's disease, although cognitive impairment brought on by low B12 is sometimes mistaken for Alzheimer's. ""It's really easy to miss, and really easy to fix,"" says Dr. Pocinki. An additional concern: A high level of folic acid can mask symptoms of B12 deficiency, and many people are getting more folic acid than they realize. Since 1996, all enriched flour must contain folic acid to reduce the risk of neural-tube defects, a severe malformation that occurs in developing fetuses. Some studies suggest that having high folic acid can make cognitive damage from low B12 even worse. ""To this day, we are concerned about the trade-off,"" says Dr. Rosenberg, who was on the advisory panel that recommended enriching flour. Write to Melinda Beck at HealthJournal@wsj.com"
