dataset,record_id,label,tfidf_prediction,biobert_prediction,pubmed_prediction,biobert_prob_1,pubmed_prob_1,text
healthfact,16513,0,0,1,1,0.9119578,0.8006445,"Obamacare ""cuts seniors’ Medicare."
healthfact,28214,1,1,0,0,0.16107911,0.000744342,"People can fly with dogs, pot-bellied pigs, turkeys, monkeys, and miniature horses if they claim that their pets are emotional support animals."
healthfact,35389,1,1,0,0,0.49090078,0.0015731588,Some grocery store receipts contain chemicals linked to infertility and hormone-related cancers.
healthfact,13872,1,1,0,0,0.4179039,0.0006796042,"Illegal tobacco sales, price driven too high, has been connected to at least several cases of funding terrorism against us in multi-year investigations over the last decade and a half."
healthfact,14822,0,0,1,1,0.56293786,0.9887157,"Donald Trump Says 25 percent of U.S. Muslims ""agreed that violence against Americans here in the United States is justified as a part of the global jihad."
healthfact,35313,1,1,0,0,0.35513154,0.0017050883,A video shows the fluff of poplar trees burning across a field in Spain.
healthfact,9364,1,1,0,0,0.17488956,0.0007920612,This Blood Test Could Help Predict If A Pregnancy Is At Risk For Premature Labor
healthfact,27274,1,1,0,0,0.27479458,0.0023959556,Arizona State Senate candidate Bobby Wilson fatally shot his mother in 1963.
healthfact,18217,1,1,0,0,0.4944197,0.32699332,"As a student at Occidental College in Los Angeles from 1979 to 1981, ""there were days where folks couldn't go outside. … because of all the pollution in the air."
healthfact,16302,0,0,1,1,0.62116724,0.9736225,"In 2013,"" Dan Patrick voted ""against funding to test the backlog of rape kits, allowing rapists to walk free."
healthfact,27050,1,1,0,0,0.039468527,0.00070337986,Blue-green algae (known scientifically as cyanobacteria) are capable of poisoning dogs and other pets.
healthfact,33801,0,0,1,1,0.59491277,0.97296983,Statistics demonstrate that crime rates in Australia have increased substantially since the government there instituted a gun buy-back program in 1997.
healthfact,24603,0,0,1,1,0.53526837,0.9186185,"During the 2005 fight over Social Security, ""there were noisy demonstrations — but they were outside the events,"" and opponents were ""not disruptive — crowds booed lines they didn’t like, but that was about it."
healthfact,27849,1,1,0,0,0.14424933,0.001465244,A woman sought medical help to remove a deer tongue she had used for self-pleasuring purposes.
healthfact,18561,1,1,0,0,0.31006634,0.010590506,Kirk Watson Says carbon monoxide is still employed to euthanize dogs and cats in 29 Texas animal shelters.
healthfact,27545,1,1,0,0,0.13597013,0.0010676652,A Texas girl required surgery after she swallowed part of a fidget spinner while cleaning it.
healthfact,37760,1,1,0,0,0.4208013,0.024287933,"An official Los Angeles Police Department (LAPD) badge page used badge number ""14188"" as its example (later deleted)."
healthfact,35186,1,1,0,0,0.3078132,0.00050135556,Cristina Higgins authored a personal account about the spread of COVID-19 in Italy.
healthfact,14915,1,1,0,0,0.44968417,0.18818295,"500,000 U.S. troops came home from Iraq and Afghanistan ""with PTSD and traumatic brain injury."
healthfact,15933,1,1,0,0,0.15602499,0.001271614,"Miscellany Blue Says a ""lawmaker seeks to defund Planned Parenthood for ‘cutting children into small pieces.’"
healthfact,23067,1,1,0,0,0.44507486,0.00091055746,"Sen. Harry Reid voted ""against declaring English our national language, twice."
healthfact,41006,1,1,0,0,0.16421203,0.0022021793,Apple has reopened all 42 China stores.
healthfact,11338,1,1,0,0,0.2459014,0.12429471,Heart Device Cuts Death Rate
healthfact,9444,1,1,0,0,0.4772697,0.0005904693,First test of anti-epilepsy surgeries in children shows dramatic benefit
healthfact,17496,0,0,1,1,0.7469915,0.99890447,"San Antonio has seen ""67% growth"" in water customers ""in the last 25 years, 0% more water used."
healthfact,27128,1,1,0,0,0.060465917,0.0028382419,A form of strep infection is capable of affecting the nasal cavity and face.
healthfact,29355,0,0,1,1,0.7818651,0.99828976,Recently-arrived asylum seekers are perpetrating the majority of crime in Sweden.
healthfact,9216,1,1,0,0,0.31602305,0.0027926005,Final trial results confirm Ebola vaccine provides high protection against disease
healthfact,10910,0,0,1,1,0.5984886,0.54353464,New drug ‘may turn back the clock on heart disease’
healthfact,26314,0,0,1,1,0.6427527,0.9991634,"$3 trillion for federal coronavirus stimulus packages is ""being borrowed basically from China."
healthfact,24740,0,0,1,1,0.5417041,0.97739726,"The administration raises revenue for nationalized health care through a series of new taxes, including a light switch tax that would cost every American household $3,128 a year."
healthfact,32930,0,0,1,1,0.9835543,0.9996897,New York state has legalized heroin.
healthfact,18008,0,0,1,1,0.55887365,0.9993337,I am every year the No.1 pick of all of the law enforcement agencies within Texas.
healthfact,11257,1,1,0,0,0.059834804,0.0005887538,Tiny Eye Telescope Brings Back A World Of Sight
healthfact,27477,1,1,0,0,0.10066392,0.0020121424,Black and white caterpillars can cause severe allergic reactions in some people who touch them.
healthfact,15085,0,0,1,1,0.9945768,0.999841,HIV/AIDS among women is skyrocketing in Austin.
healthfact,36045,1,1,0,0,0.3356894,0.0013613572,Amazon founder Jeff Bezos was building another mansion with elevators and 25 bathrooms at the same time part-time Whole Foods employees lost health benefits.
healthfact,37874,1,1,0,0,0.4229009,0.039068747,"Elon Musk once tweeted: ""If one day, my words are against science, choose science."
healthfact,15648,0,0,1,1,0.5848751,0.83245313,"Eighty-five percent of every dollar donated to the Clinton Foundation ended up either with the Clintons or with their staff to pay for travel, salaries, and benefits. Fifteen cents of every dollar actually went to some charitable beneficiary."
healthfact,15940,1,1,0,0,0.4832821,0.00057780615,Measles is one of the most common causes of child blindness worldwide.
healthfact,29132,0,0,1,1,0.51818365,0.75684077,"On Aug. 21, 2019, U.S. President Donald Trump articulated a belief that he is ""the chosen one,"" the ""King of Israel,"" or the ""second coming of God."
healthfact,12156,1,1,0,0,0.43913218,0.013794352,"I think what the authors of the (25th) Amendment principally had in mind was some kind of physical incapacitation or serious mental illness or a breakdown, an inability to function in office."
fakehealth,story_reviews_00798,0,0,1,1,0.62552404,0.9929068,"Oct. 29, 2012 -- Early, intensive autism treatment improves children's brain development, a new study shows. The treatment, dubbed Early Start Denver Model or ESDM, offers a child 20 hours a week of one-on-one treatment with a trained therapist. It also calls for many more hours of the treatment, in the form of structured play, with a parent trained in the technique. By age 4, children given the treatment had higher IQ scores, more adaptive behavior, better coordination, and a less severe autism diagnosis than kids given the standard autism treatments offered in their communities. But that's not all, researchers Geraldine Dawson, PhD, and colleagues report. ""We jump-started and improved the responses of children's brains to social information,"" says Dawson, professor of psychiatry at the University of North Carolina and chief science officer at Autism Speaks. Normal child development depends on interactions with parents and other people. Without such interactions, language and social skills do not develop. As measured by an electroencephalogram (EEG), small children's brains show a specific pattern of activity when they look at a picture of a human face. This doesn't happen when they look at pictures of inanimate objects. Just the reverse happens in children with autism. Their brains light up when they look at pictures of objects, but not when they look at faces. This changed dramatically in the children treated with ESDM. ""The [brains of] children who received the ESDM looked virtually identical to typical 4-year-olds,"" Dawson says. ""The children that received the interventions normal in their communities continued to show the reversed pattern."""
fakehealth,story_reviews_00493,0,0,1,1,0.5341484,0.99964654,"Autologous haematopoietic stem cell transplant could help treat certain form of multiple sclerosis, say doctors in Sheffield A treatment traditionally used on patients with certain cancers is being tried on a small number of people with multiple sclerosis with “remarkable results”, according to a professor involved in the research. The treatment destroys patients’ faulty immune systems through chemotherapy and then rebuilds them using stem cells previously harvested from their blood. Doctors at Royal Hallamshire hospital in Sheffield stress that the treatment, so far given to about 20 patients over three years, is not suitable for everyone with the disease, which attacks nerves in the brain and spinal column. The hospital is part of an international trial also involving patients in the US, Sweden and Brazil to see whether the treatment can benefit those with relapsing remitting multiple sclerosis, a form that involves flare-ups of symptoms such as loss of vision, fatigue, muscle problems and difficulties with balance that can last from a few days to a few months. These will be followed by periods where symptoms are mild or disappear altogether. Multiple sclerosis experts call for end to 'wait and see' approach to treatment Read more Most people with MS – there are thought to be more than 100,000 in the UK – are diagnosed with this form, and although drugs may help slow progression, there is currently no cure. Consultant hematologist John Snowden said: “The immune system is being reset or rebooted back to a time point before it caused MS ... The treatment has traditionally been used to treat bone and blood cancers.” Basil Sharrack, a consultant neurologist at Sheffield teaching hospitals NHS foundation trust, said: “The new treatment is showing some remarkable results in the small number of patients we have treated so far. “It is important to stress, however, that this treatment is only suitable for patients with relapsing remitting multiple sclerosis disease who have had two or more significant relapses in the past 12 months, failed to respond to standard drug treatment and who have had the illness for at least 10 years.” One patient who has undergone the treatment, known as autologous haematopoietic stem cell transplant (HSCT), told the BBC’s Panorama programme that he had made incredible progress. Steven Storey, who was diagnosed with MS in 2013, said: “I went from running marathons to needing 24-hour acute care. At one point, I couldn’t even hold a spoon and feed myself.” Within a few days of the transplant, he was able to move his toes, and after four months could stand unaided, although he still needs a wheelchair. “It’s been incredible,” Storey said. “I was in a dire place, but now I can swim and cycle and I am determined to walk.” Holly Drewry was 21 when she was diagnosed with MS, and her condition deteriorated after she gave birth to her daughter, Isla. “Within a couple of months I got worse and worse,” she said. “I couldn’t dress or wash myself; I didn’t even have the strength to carry my daughter.” She had needed a wheelchair before her transplant, but after the treatment she walked out of hospital. Drewry, whose MS is described by doctors as “dormant”, said: “It’s been a miracle. I got my life and my independence back and the future is bright again in terms of being a mum and doing everything with Isla.” Two years after the treatment, she has had no relapses and there was no evidence of active disease on her scans. Paul Kirkham, another patient who has undergone the treatment at a cost of about £30,000, said: “It does knock you out. I’d rather have done 10 rounds with Mike Tyson.” Richard Burt of Northwestern University in Chicago, who carried out the first HSCT for MS in 1995 and is coordinating the international trials, told the BBC: “There has been resistance to this in the pharma[ceutical] and academic world. This is not a technology you can patent and we have achieved this without industry backing.” Emma Gray, the head of clinical trials at the MS Society, said: “Ongoing research suggests stem cell treatments such as HSCT could offer hope, and it’s clear that in the cases highlighted by Panorama, they’ve had a life-changing impact. “However, trials have found that while HSCT may be able to stabilise or improve disability in some people with MS, it may not be effective for all types of the condition. “We want people to be aware that HSCT is an aggressive treatment that comes with significant risks. It needs to be carried out at an accredited centre or as part of a clinical trial. “The MS Society has recently funded a study looking into the impact of HSCT on the immune system and we’d like to see larger trials in this area. They would help us learn more about the safety and long term effectiveness of the treatment and who could benefit from it.”"
fakehealth,story_reviews_01436,0,0,1,1,0.60784453,0.97363317,"Aug. 30, 2010 -- Three puffs a day of cannabis, better known as marijuana, helps people with chronic nerve pain due to injury or surgery feel less pain and sleep better, a Canadian team has found. ''It's been known anecdotally,"" says researcher Mark Ware, MD, assistant professor of anesthesia and family medicine at McGill University in Montreal. ""About 10% to 15% of patients attending a chronic pain clinic use cannabis as part of their pain [control] strategy,"" he tells WebMD. But Ware's study is more scientific -- a clinical trial in which his team compared placebo with three different doses of cannabis. The research is published in CMAJ, the Canadian Medical Association Journal. The new study ''adds to the trickle of evidence that cannabis may help some of the patients who are struggling [with pain] at present,"" Henry McQuay, DM, an emeritus fellow at Balliol College, Oxford University, England, writes in a commentary accompanying the study."
fakehealth,story_reviews_00293,0,0,1,1,0.5070394,0.977366,"En Español TUESDAY, Jan. 31, 2017 (HealthDay News) -- A breath test to detect stomach and esophageal cancers shows promise, researchers say. The test measures five chemicals in the breath. It was 85 percent accurate in detecting these cancers in more than 300 patients, the new study found. Each year, 1.4 million cases of cancer of the stomach and esophagus (the tube leading from the throat to the stomach) are diagnosed worldwide. Both tend to be diagnosed at a late stage and the five-year survival rate for the two cancers is 15 percent, the researchers said. Findings from the study were presented Monday at the European Cancer Congress (ECC). ""At present the only way to diagnose esophageal cancer or stomach cancer is with endoscopy. This method is expensive, invasive and has some risk of complications,"" study author Dr. Sheraz Markar said in an ECC news release. Markar is from Imperial College London in England. With endoscopy, a flexible tube is threaded down a sedated patient's throat to the stomach to view the digestive tract. ""A breath test could be used as a noninvasive, first-line test to reduce the number of unnecessary endoscopies. In the longer term this could also mean earlier diagnosis and treatment, and better survival,"" Markar said. ""Because cancer cells are different to healthy ones, they produce a different mixture of chemicals. This study suggests that we may be able detect these differences and use a breath test to indicate which patients are likely to have cancer of the esophagus and stomach, and which do not,"" he explained. Markar added that the test needs to be validated in a bigger group before it could be used on patients. The researchers said they are planning a larger trial of the breath test over the next three years. Study results presented at meetings are generally considered preliminary until they've been published in a peer-reviewed journal. More information The U.S. National Cancer Institute has more on stomach cancer."
fakehealth,story_reviews_01461,0,0,1,1,0.8156506,0.93456036,"By Steven Reinberg HealthDay Reporter TUESDAY, Aug. 17, 2010 (HealthDay News) -- Less invasive biopsies done with the help of imaging to guide the needle now make up the majority of biopsies being done, a new study finds. In fact, the use of these minimally invasive biopsies increased from 59 percent to 67 percent of all biopsies between 1997 and 2008, a trend which is likely to continue, one expert noted. A biopsy involves the removal of tissue or fluids to test for disease. ""Doing image-guided biopsy allows more definitive diagnosis and shorter hospital stays,"" said Dr. Robert Quencer, chair of radiology at the University of Miami Miller School of Medicine, who was not involved on the study. In addition, image-guided biopsies are more accurate, Quencer said. ""This is a trend throughout the whole country. I doubt there is any variation to this in any major medical center."" The report is published online and in the September print edition of Radiology. For the study, a team led by Dr. Sharon W. Kwan, a radiology resident at the University of California, San Francisco, looked at biopsies done among Medicare patients from 1997 through 2008. During that time, the number of biopsies increased from 1,380 per 100,000 in 1997 to 1,945 per 100,000 in 2008. That's an annual growth of 3 percent in number of biopsies, the researchers noted. Moreover, by 2008, 67 percent of these biopsies were being done through the skin with the help of CT scans, ultrasound and MRI, Kwan's group found. ""We also found that the use of imaging guidance increased over this time period, most likely because the technique enables more efficient and safe targeting of lesions,"" Kwan said in a news release. This increase in less-invasive biopsies went along with a decrease in the number of more-invasive biopsies and through-the-skin biopsies where no imaging was used, the researchers found. The only two areas where needle biopsies were not the majority of biopsies done were biopsies of lymph nodes and soft tissues. For these areas, open biopsies are easier to do and need less imaging guidance, Kwan's team noted. Quencer thinks the use of image-guided biopsies will continue to increase over time, even for lymph nodes and soft tissues. ""In time, I would expect 80 to 90 percent of biopsies will be image-guided biopsies,"" he said. More information For more information on biopsies, visit the U.S. National Library of Medicine."
fakehealth,story_reviews_00753,0,0,1,1,0.65363157,0.9861653,"Three new studies have shown that a new approach to treating strokes is not as useful as was once thought. (istockphoto) Three long-awaited studies have shown that mechanically removing a blood clot from a stroke patient’s brain is no more useful than the older treatment of giving an IV dose of a clot-dissolving drug to the whole body. The results of the clinical trials, presented this week at a meeting in Hawaii, shocked and surprised stroke physicians. Many had already adopted the more aggressive strategy over the past decade. “For the stroke field, this is a really big deal,” Walter Koroshetz, deputy director of the National Institute of Neurological Disorders and Stroke, said of the findings, which were presented over three days at the International Stroke Conference in Hono­lulu. NINDS paid for two of the trials, one of which cost $27 million. One study took eight years to complete because it was so difficult to enroll patients willing to take the chance that they would be randomly assigned to get the older treatment. Practitioners hoped that “endovascular treatment,” in which a catheter is threaded into a blocked artery and the clot pulled out, would do for stroke patients what it has done for heart attack patients. In them, going after clots with angioplasty balloons and stents is clearly more effective than giving clot-dissolving drugs through a vein in the arm. “We did this study with the strong expectation that we would find a positive benefit. We were surprised,” said Joseph P. Broderick of the University of Cincinnati Neuroscience Institute, who headed one of the studies. His view was echoed by Alfonso Ciccone, a neurologist from Milan who led a clinical trial in Italy: “We were surprised. We wanted the superiority of endovascular treatment.” Whether the findings will cause physicians to abandon the practice is uncertain. Insurance companies and Medicare, the health insurer for the elderly, already cover the endovascular procedure. It costs about $23,000 compared with $11,000 for acute stroke treatment using intravenous clot-dissolving drugs, known as thrombolytics. Further, many practitioners think that newer clot-retrieving devices work better than the ones used in the three trials. Because endovascular procedures were shown to be no more dangerous than IV thrombolytics, physicians may continue to perform them and assume the outcomes can only get better. “Will it change practice? That’s a good question,” said Koroshetz. “The payers may look at this and wonder if they should continue paying for these procedures. If it gets to that point, then clearly things will change.” Stroke is the fourth-leading cause of death in the United States. About 800,000 people suffer a stroke each year, and about 130,000 die. Nearly 90 percent of strokes occur when a clot blocks an artery in the brain, starving the region downstream of blood and oxygen. If flow isn’t restored quickly, brain tissue and the functions it controls — movement, speech, cognition — are damaged or can die. Over the past 20 years, studies showed that if a person having a stroke gets a thrombolytic drug within three hours of when the symptoms start (4½ hours for certain patients), the process can be reversed and a lifetime of disability avoided. Later than that, little is gained; the brain cells are too damaged to survive. In fact, giving the drugs too late can make matters worse. Uncontrolled bleeding can occur as the dying tissue breaks down. Early observations suggested that approaching the clot with a catheter and either injecting clot-dissolving drugs into it or snagging it and pulling it out produced better results. In 2004, the FDA began approving use of the catheters in the brain because they had been proved useful elsewhere in the body. The three studies reported this week (which will eventually be published in the New England Journal of Medicine) tested the hypothesis in a rigorous way. In the largest trial, called IMS III, all patients got the IV clot-dissolving drug tPA within three hours of the start of stroke symptoms. Half were then assigned to get an imaging study that looked at the arteries of the brain to see whether a blockage remained. If it did, the doctors went after it with an endovascular procedure. The other half of the patients got standard treatment, which didn’t include the procedure. Forty-one percent of patients recovered completely in the endovascular group and 39 percent recovered completely in the control group, outcomes that were no different statistically. Death within three months was essentially the same too: 19 percent vs. 22 percent. In the Italian study, called SYNTHESIS Expansion, 362 stroke patients were randomly assigned to get either IV tPA or endovascular treatment. At three months, 35 percent of the patients in the tPA group were alive without any disabilities, compared with 30 percent of the endovascular group. That also was not significantly different. The third study, called MR RESCUE, run out of Georgetown University, was more complicated. It randomly assigned 118 patients less than eight hours out from the start of their strokes to receive standard care or have the clot removed with a catheter device. They also got CAT or MRI scans to see whether they had a large or small amount of brain tissue still alive and salvageable. Removing the clot wasn’t better than standard care in either group — those with a lot or a little brain tissue to lose. “I think everybody was a little surprised. But mainly disappointed,” said Chelsea S. Kidwell, the Georgetown neurologist who headed the study. Why endovascular treatment wasn’t better is a mystery that the researchers are struggling to explain. The answer could be in the patients, the device or the timing of the procedure. In IMS III, patients with large strokes benefited from clot removal more than those with small ones, but there weren’t enough patients in the study to make such a fine distinction with certainty. “It’s a hint. But it’s not proof,” Broderick said. In MR RESCUE, only 67 percent of arteries opened up completely after the clot was grabbed. Current devices, which use a mesh stent to hold the clot more firmly, are successful more than 80 percent of the time. “The stroke community is hopeful that with the new generation devices we will show better outcomes,” Kidwell said. In the Italian study, patients getting endovascular treatment were 3.75 hours into their stroke — an hour longer than those getting IV treatment, because of the logistics of assembling the procedure team. “That hour could have made a difference. We know that ‘time is brain,’ ” Ciccone said. The three trials demonstrated how hard it is to test things once they’re in widespread use. History is replete with treatments (such as supplemental oxygen for premature infants) and devices (such as pulmonary artery catheters) used routinely before being shown to be harmful or of little value. It took from 2004 to 2011 for the MR RESCUE team to recruit the 118 patients in the trial. It had permission to run the study in 30 hospitals but found only 22 that were willing to participate. More than 10 other hospitals were invited to join but declined because their neurologists were already convinced the catheter treatment was better — a view that turns out not to be true."
fakehealth,story_reviews_00737,0,0,1,1,0.6254866,0.9803662,"NEW YORK (Reuters Health) - Doctors can use a patient’s abdominal CT scans to also check for signs of the bone-weakening disease osteoporosis, according to a new study. The researchers, who published their findings in the Annals of Internal Medicine on Monday, compared patients’ CT scans to their dual-energy X-ray absorptiometry (DXA), which is traditionally used to diagnose osteoporosis. “What we found is that there is pretty good correlation,” said the study’s lead author Dr. Perry Pickhardt, professor of radiology at the University of Wisconsin School of Medicine and Public Health in Madison. The idea, say the researchers, is doctors can use patients’ CT scans that are ordered for another reason - such as looking for tumors - to also check for signs of osteoporosis. That may spare the patients from additional testing and additional costs. In an editorial accompanying the study, however, experts wrote that using CT scans to gauge bone density could lead to some people being incorrectly diagnosed, particularly if people at low risk are tested. In this study, the average age was about 59 years old - six years younger than the age at which the U.S. Preventive Services Task Force, a government-backed panel, recommends all women begin being screened for osteoporosis. The disease affects over 12 million Americans over 50. The panel also suggests younger women at an increased risk for bone fractures should be screened, but there’s no recommendation for men of any age. Despite DXA scans being safe and cost effective, Pickhardt and his colleagues say the test is underused. CT scans, however, are considered overused - with more than 80 million performed in the U.S. during 2011. ‘INCIDENTALOPOROSIS?’ For the new study, the researchers analyzed test results from 1,867 patients, who had both types of scans performed within six months of each other over a 10-year period, to see if their CT scans showed osteoporosis as well as the DXAs. Overall, about 23 percent of the people were diagnosed with osteoporosis, about 45 percent were diagnosed with some bone-weakening and about 32 percent were healthy based on their DXAs. The researchers then found that their ability to accurately diagnose those same patients with osteoporosis from a CT scan depended on what threshold for bone density they used. Dr. Sumit Majumdar, who wrote an editorial accompanying the new study, said a lower threshold for bone density would catch most cases of osteoporosis and limit “incidentaloporosis” - incorrect osteoporosis diagnoses “discovered” while doctors were looking for something else. At the lower threshold, the researchers found 9 percent of those diagnosed with osteoporosis were misdiagnosed. Pickhardt said the screenings would have to target the right groups of people to prevent overdiagnosis. “Obviously it’s something we need to worry about, but if you apply it to a population that’s suitable for diagnosis you wouldn’t run that risk,” he said. CT v. DXA Majumdar, a professor of medicine at the University of Alberta in Canada, said CT scans are better tests, but stomach scans don’t include the hip - like a DXA would. A DXA can cost a couple hundred dollars, while a CT scan can cost about $500. Both involve radiation. Dr. Beatrice Hull, from the Center for Osteoporosis and Bone Health at the Medical University of South Carolina in Charleston, told Reuters Health that she’d want her patients to have a DXA scan even with a diagnosis from a CT scan. “I don’t think at this point this one test is going to prevent further testing. I think it will identify patients who are at a higher risk and need more testing,” said Hull, who wasn’t involved with the new research. SOURCE: bit.ly/Zwi3u5 Annals of Internal Medicine, online April 15, 2013."
fakehealth,story_reviews_00726,0,0,1,1,0.60629195,0.9998368,"Cempra Inc moved a step closer to approval of its lead antibiotic, solithromycin, after an oral version of the potential blockbuster met the main goal in a late-stage trial. The drug is a next-generation version of a class of oft-prescribed antibiotics called macrolides, which are used to fight pathogens that cause community-acquired bacterial pneumonia (CAPB). ADVERTISEMENT ADVERTISEMENT CAPB is the leading cause of death emanating from an infection and is characterized by shortness of breath, cough and fever, with about 5-10 million cases in the United States per year. An oral formulation of solithromycin was as effective as Bayer AG's moxifloxacin in evoking a clinical response at 72 hours after dosing — the study's main goal. Data showed solithromycin actually outperformed moxifloxacin by a slight margin, Cempra said on Sunday. The drug's ""impressive"" safety profile, particularly its low degree of gastrointestinal toxicity, drew praise from Baird's Brian Skorney, who raised his price target on the stock by $11 to $32. Prior-generation macrolides have triggered safety concerns in the past, including Sanofi SA's telithromycin which was associated with liver toxicity, and Pfizer Inc's azithromycin, which has been linked with heart risk. The unparalleled rate at which the oral version of solithromycin is absorbed in the blood, or its oral bioavailability, differentiates it from standard treatments, Chief Executive Prabha Fernandes told Reuters in an interview in November. Jefferies analysts have previously noted a bioavailability of 80 percent for solithromycin versus 28 percent for azithromycin, a sign of superior effectiveness and lower rates of resistance. North Carolina-based Cempra is also evaluating an intravenous formulation of solithromycin for CAPB. The drug is also the first pediatric antibiotic-in-development in nearly three decades, according to Fernandes. In the face of escalating antimicrobial resistance, investors have showered interest on the anti-superbug drugmaker, following Merck & Co's announcement to acquire Cubist Pharmaceuticals Inc, as Big Pharma revives investment in antibiotic research. While Cempra has said it plans to stay independent, the company is not averse to acquiring other molecules after filing to market solithromycin, Fernandes said. ""We can always get a gram-negative drug — that would be nice to add to the portfolio, to be a really full blown anti-infective company, and then we need to find a partner!"" Solithromycin is commercially licensed to Fujifilm Holdings Corp in Japan. The stock closed at $22.89 on the Nasdaq on Friday."
fakehealth,story_reviews_00184,0,0,1,1,0.52378213,0.9746343,"In a long-term study of the latest treatment for peanut allergy, scientists in Australia report that an immune-based therapy helped children allergic to peanuts eat them without reactions for four years. The study, published in the journal Lancet Child & Adolescent Health, follows up on children enrolled in an earlier study of an immunotherapy treatment, which combined probiotics with small doses of peanuts that were designed to gradually train the children’s immune systems to accept the peanut allergen rather than treat it as something foreign. Previous studies have suggested that methods like these could be effective in reducing youngsters’ allergic, sometimes dangerous anaphylactic shock reactions to peanuts. The Australian team added probiotics to further enhance the gut’s ability to accept the peanuts and not trigger an immune reaction. Compared to 4% of children who didn’t get any treatment, 82% of those receiving the combination therapy significantly reduced their allergic reactions to peanuts. MORE: Babies Should Eat Eggs and Peanuts Early to Avoid Food Allergies In the follow-up, which tracked the children for four years after they were treated with the combination therapy, 67% of those who got the combination probiotic and peanut therapy were comfortable eating peanuts, compared to only 4% of those who did not get the treatment. Fewer children in the treated group had an allergic reaction to the peanuts, and they also showed smaller reactions to skin prick tests with peanut allergen. The results are encouraging, allowing the children who were treated to eat peanuts without fear of an allergic reaction. But it may be too early to call this a cure. The researchers believe that adding probiotics to the peanut allergens may be important in improving the children’s tolerance to the food, but Dr. Anna Nowak-Wegrzyn, an associate professor of pediatrics at Icahn School of Medicine at Mt. Sinai Hospital who was not involved in the study, notes that the researchers didn’t compare the effect of the probiotics themselves; they only compared children who received the probiotics along with immune therapy to those who didn’t get any treatment at all. Health Newsletter Get the latest health and science news, plus: burning questions and expert tips. View Sample Sign Up Now It makes sense that the probiotics may enhance the immunotherapy’s effect, since probiotics are beneficial bacteria in the gut, where food allergens are processed. “I think there is certainly a suggestion, but not hard proof, that the probiotics make a difference,” says Nowak-Wegrzyn. “The question for me would be if there is a difference between patients who were treated with [both] immunotherapy [in the form of low doses of peanuts] and probiotics, and those who were treated with just immunotherapy.” That may have to wait for another study. But the new findings provide even more evidence that using peanuts to treat peanut allergy, and to re-train the immune system to be less allergic, can be effective. Contact us at editors@time.com."
fakehealth,story_reviews_01114,0,0,1,1,0.6281373,0.9405548,"Medtronic Inc. and Eli Lilly & Co. agreed to collaborate on an early stage research project for a potential Parkinson's-disease treatment that involves delivering medication directly to the brain—a goal that has long eluded drug makers. The pact, announced Tuesday, adds to Medtronic's roster of projects aimed at using implantable drug pumps and catheters to circumvent the blood-brain barrier. The tightly packed network of cells in brain capillaries only lets certain substances through, such as key nutrients, making brain-based disorders difficult to treat with drugs. 1 Million The number of Americans with Parkinson's disease, a progressive, degenerative brain disorder with no cure. Medtronic, the largest stand-alone medical-device maker, already has a handful of other Parkinson's collaborations underway. The company is also working through home-grown efforts and collaborations on potential treatments for other brain diseases, like Alzheimer's and Huntington's. The latest effort with Lilly is still many years from yielding a marketable treatment or even starting human testing. The companies didn't disclose terms of their agreement, but a Medtronic spokesman said it spans early research through product development and potential commercialization. Parkinson's is a progressive, degenerative brain disorder that affects nearly one million Americans and can lead to tremors and other movement problems, according to the Parkinson's Disease Foundation. The disease, which has no cure, is thought to be caused by the death of neurons that produce the important chemical messenger dopamine. Lilly's treatment approach involves a modified form of a protein called glial cell derived neurotrophic factor, or GDNF, which is designed to protect these neurons. Seven years ago, Amgen Inc. stopped studying a potential GDNF Parkinson's treatment delivered with Medtronic equipment because it didn't appear effective. But Lilly hopes its compound, together with Medtronic's modernized delivery system, will ""overcome some prior technical hurdles,"" said Ros Smith, senior research director of regenerative biology at Lilly. The company believes its GDNF variant has potential to have broader distribution in the brain than prior versions. The drug may not enter human clinical trials for up to five years, Dr. Smith said. Medtronic's system involves small catheters that are implanted in the brain and connected to a hockey-puck-size pump, which would likely be implanted in the abdomen. At this point it isn't known whether the treatment would involve short- or long-term infusion, or what specific areas of the brain might be targeted, said Steve Oesterle, senior vice president of medicine and technology at Medtronic. The company already has experience finding and delivering treatment to parts of the brain responsible for Parkinson's through its ""deep-brain stimulation"" business, which makes pacemaker-like implants that deliver electrical stimulation through electrodes. That approach is used to treat Parkinson's symptoms, Dr. Oesterle said. By contrast, drug approaches from Lilly and other companies have potential to restore damaged parts of the brain, he said. The key is getting the drugs on site, rather than having them circulate through the body only to be stymied by the blood-brain barrier. Medtronic also has partnerships with small drug developers Neurologix Inc. and privately held NeuroNova AB of Sweden on potential Parkinson's treatments. —Peter Loftus and Matt Jarzemsky contributed to this article. Write to Jon Kamp at jon.kamp@dowjones.com"
fakehealth,news_reviews_00578,0,0,1,1,0.52526647,0.96722364,"Armed with new knowledge about how neurodegenerative diseases alter brain structures, increasing numbers of neurologists, psychiatrists and other clinicians are adopting quantitative brain imaging as a tool to measure and help manage cognitive declines in patients. These imaging findings can help spur beneficial lifestyle changes in patients to reduce risk for Alzheimer's disease. The concept that cognitive decline can be identified early and prevented by applying quantitative brain imaging techniques is the focus of ""Hot Topics in Research: Preventive Neuroradiology in Brain Aging and Cognitive Decline,"" a review published online in American Journal of Neuroradiology (AJNR). Author Cyrus Raji, M.D., Ph.D., of UCLA and an international team suggest a framework in which neuroradiologists work as part of a team of clinical neuroscientists (neurologists, psychiatrists, neuropsychologists, etc.) to apply quantitative neuroradiology towards prevention of cognitive decline in populations at high risk for dementia -- namely those with lifestyle, genetic, and other associated risk factors. ""I believe neuroradiology, and especially quantitative MRI technology, will have a huge impact in the future of diagnosis and treatment of Alzheimer's disease, since there is compelling evidence for the baseline size of hippocampus as a key determinant of risk for future cognitive decline, and since many lifestyle factors can cause atrophy or expansion in the volume of this critical brain structure,"" says neurologist Majid Fotuhi, M.D., Ph.D., of Johns Hopkins University. Such work is already happening at UCLA and other institutions that meld these approaches into novel ways to improve patient care. ""We are working closely with neuroradiologists to redefine how we can reduce risk for Alzheimer's with quantitative neuroimaging that helps us pinpoint symptom-relevant volume loss in the brain and subsequent targets for tracking our lifestyle-based interventions,"" says Dr. David Merrill, a geriatric psychiatrist at UCLA Medical Center. ""Recent advances have improved the ability to characterize imaging markers along the trajectory of Alzheimers disease, starting in the pre-clinical phase. These markers, including structural, functional, and molecular imaging are being used in the AD diagnositc criteria [AA/NIA], (1)"" says Howard Aizenstein, M.D., Ph.D., a psychiatrist at University of Pittsburgh. Fotuhi sees imaging findings as a unique motivator for patients to make positive lifestyle changes. ""Patients seem to enjoy reviewing results of their imaging studies, more so than reading the results of their blood tests or other clinical evaluations. For example, they can see with their own eyes whether there are any strokes or atrophy in their brain. This can have a powerful impact on them and on their determination to make changes in their lifestyle in order to improve their brain health,"" he adds. Among the lifestyle and risk factors that can be altered to potentially prevent cognitive declines are obesity, diet, sleep, hypertension, diabetes, depression, supplementation, smoking and physical activity. It is estimated that as many as 3 million cases of Alzheimer's dementia worldwide can be prevented with as little as a 10% reduction in the burden of preventable lifestyle. (2) ### The article is available online at: http://www. ajnr. org/ content/ early/ 2015/ 06/ 04/ ajnr. A4409. full. pdf+html A related blog post is at: http://www. ajnrblog. org/ 2015/ 06/ 04/ hot-topics-in-research-preventive-neuroradiology-in-brain-aging-and-cognitive-decline/ The American Journal of Neuroradiology (AJNR) is published monthly by the American Society of Neuroradiology (ASNR), a professional association of more than 5,000 members who specialize in diagnostic radiology of the central nervous system, brain, head and neck through the use of X-ray, MRI, CT and angiography. The ASNR was founded in 1962 and is headquartered in Oak Brook, Illinois. American Journal of Neuroradiology, 800 Enterprise Dr., Suite 205, Oak Brook, IL 60523 REFERENCES 1 Sperling RA, Aisen PS, Beckett LA, et al. Toward defining the preclinical stages of Alzheimer's disease: Recommendations from the National Institute on Aging-Alzheimer's Association workgroups on diagnostic guidelines for Alzheimer's disease. Alzheimer's & dementia: The Journal of the Alzheimer's Association. 2011;7(3):280-292. doi:10.1016/j.jalz.2011.03.003. 2 Barnes DE, Yaffe K (2011) The projected effect of risk factor reduction on Alzheimer's disease prevalence. Lancet Neurol 10, 819-828."
fakehealth,story_reviews_00172,0,0,1,1,0.7092144,0.9523783,"(Reuters Health) - Women who take hormone replacement therapy (HRT) to ease menopause symptoms like hot flashes and night sweats may be no more likely to die prematurely than women who don’t take hormones, a new study suggests. Many women have been reluctant to use hormones for menopause symptoms since 2002, when the federally funded Women’s Health Initiative (WHI) study linked the treatments containing man-made versions of the female hormones estrogen and progestin to an increased risk of breast cancer, heart attacks and strokes. The current study, however, looked at longer-term data from the WHI study and found no increased risk of death from all causes, or from cancer or cardiovascular issues in particular, associated with hormone use. “Women seeking treatment for distressing hot flashes, night sweats or other menopausal symptoms may find the mortality results reassuring,” said lead study author Dr. JoAnn Manson of Brigham and Women’s Hospital and Harvard Medical School in Boston. Women go through menopause when they stop menstruating, typically between ages 45 and 55. As the ovaries curb production of the hormones estrogen and progesterone in the years leading up to menopause and afterward, women can experience symptoms ranging from irregular periods and vaginal dryness to mood swings and insomnia. For the study, researchers looked at data on 27,347 women ages 50 to 79 who joined two WHI trials between 1993 and 1998 and were followed through 2014. One trial tested estrogen alone against a placebo, or dummy pill, while the other trial tested estrogen taken in combination with progestin. Women were 63 years old on average when they joined the trials and had already gone through menopause. They took hormones or a placebo for five to seven years and were followed for a total of 18 years altogether. During the study period, 7,489 women died. Death rates were similar - at about 27 percent - among women who took hormones and women who didn’t, researchers report in JAMA. Younger women in the study appeared to have better survival odds with HRT. Over the initial five to seven years when women were randomly assigned to take hormones or a placebo, death rates were about 30 percent lower among women aged 50 to 59 when they took HRT than when they didn’t. For women who started hormones in their 60s or 70s, however, there wasn’t a meaningful difference in death rates according to whether they got the treatment or a placebo during the initial years of the study. After 18 years, including both the treatment period and a decade or more of follow-up, women’s age when they joined the study no longer appeared to significantly influence death rates. One limitation of the study is that the WHI didn’t look at different dosages of hormone pills, and the findings may be different for other dosages or different types of therapy such as gels or creams or skin patches. Still, the current study should ease concerns raised by earlier results from the WHI trials that an increased risk of breast cancer or heart attacks might translate into higher long-term mortality rates, said Dr. Melissa McNeil, author of an accompanying editorial and a women’s health researcher at the University of Pittsburgh. Taking a combination of estrogen and progestin is associated with an increased risk of breast cancer, but advances in screening and treatment since the WHI started now mean these tumors are unlikely to be fatal, McNeil said by email. With additional years of follow-up, it also appears that the increased heart attack risk associated with HRT in the initial results from the WHI trials is limited to older women, McNeil added. “Hormone therapy has been in and out of favor - first it was good for all menopausal women, then it was dangerous for all women,” McNeil said. “The take-home message now is that for the right patient, hormone therapy is safe and effective.” SOURCE: bit.ly/2jkqUFE and bit.ly/2jo0piX JAMA, online September 12, 2017."
fakehealth,story_reviews_00281,0,0,1,1,0.8128967,0.97215074,"Prescribing testosterone for age-related deficiency — which is only vaguely defined — took off in 2000. The trend was driven not by solid scientific evidence, but by the introduction of convenient, rub-on testosterone products, the first being Androgel. Many men are put on testosterone with no tests of their levels or despite tests showing normal levels, a study of Medicare claims found."
fakehealth,story_reviews_00179,1,1,0,0,0.48148662,0.014657979,"Jonathan Lubecky, a Marine Corps and Army veteran, returned from a deployment to Iraq with severe PTSD. His participation in a study of MDMA, the drug commonly known as ecstasy, proved life-saving. (Travis Dove/For The Washington Post) For Jon Lubecky, the scars on his wrists are a reminder of the years he spent in mental purgatory. He returned from an Army deployment in Iraq a broken man. He heard mortar shells and helicopters where there were none. He couldn’t sleep and drank until he passed out. He got every treatment offered by Veterans Affairs for post-traumatic stress disorder. But they didn’t stop him from trying to kill himself — five times. Finally, he signed up for an experimental therapy and was given a little green capsule. The anguish stopped. Inside that pill was the compound MDMA, better known by dealers and partygoers as ecstasy. That street drug is emerging as the most promising tool in years for the military’s escalating PTSD epidemic. The MDMA program was created by a small group of psychedelic researchers who had toiled for years in the face of ridicule, funding shortages and skepticism. But the results have been so positive that this month the Food and Drug Administration deemed it a “breakthrough therapy” — setting it on a fast track for review and potential approval. A dose of MDMA in the office of South Carolina psychiatrist Michael Mithoefer, who has studied its use as a treatment for PTSD. (Travis Dove/For The Washington Post) The prospect of a government-sanctioned psychedelic drug has generated both excitement and concern. And it has opened the door to scientists studying new uses for other illegal psychedelics like LSD and psilocybin (commonly known as magic mushrooms). “We’re in this odd situation where one of the most promising therapies also happens to be a Schedule 1 substance banned by the [Drug Enforcement Administration],” said retired Brig. Gen. Loree Sutton, who until 2010 was the highest-ranking psychiatrist in the U.S. Army. Because of the stigma attached to psychedelics since the trippy 1960s, many military and government leaders still hesitate to embrace them. Some scientists are also wary of the nonprofit spearheading ecstasy therapy, a group with the stated goal of making the banned drugs part of mainstream culture. But the scope and severity of PTSD makes it all irrelevant, said Sutton, who now works as New York City’s commissioner of veteran services. “If this is something that could really save lives, we need to run and not walk toward it. We need to follow the data.” PTSD has been a problem for the military for decades, but America’s recent wars have pushed it to epidemic-level heights. Experts estimate that between 11 and 20 percent of soldiers who served in Iraq or Afghanistan suffer from PTSD. The affliction is typically triggered after experiencing or witnessing violence, including assault and abuse. It has ravaged lives and broken up marriages. It often leaves its victims in sudden panic and prevents them from dealing with the original trauma. And that last symptom is what makes PTSD particularly hard to overcome with traditional talk therapy. Because patients can’t talk about and process the trauma, experts say, it lingers like a poison in their mind. Rick Doblin founded a nonprofit advocating research into the therapeutic use of psychedelic drugs. (Nirvan Mullick) Only two drugs are approved for treating PTSD: Zoloft and Paxil. Both have proved largely ineffective when it comes to veterans, whose cases are especially difficult to resolve because of their prolonged or repeated exposure to combat. “If you’re a combat veteran with multiple tours of duty, the chance of a good response to these drugs is 1 in 3, maybe lower,” said John Krystal, chairman of psychiatry at Yale University and a director at the VA’s National Center for PTSD. “That’s why there’s so much frustration and interest in finding something that works better.” Ecstasy has long been a favorite at trance parties and raves because of its unique ability to flood users with intense feelings of euphoria. But as a byproduct, it also reduces fear and imbues users with a deep sense of love and acceptance of themselves and others — the perfect conditions for trauma therapy. By giving doses of MDMA at the beginning of three, eight-hour therapy sessions, researchers say they have helped chronic PTSD patients process and move past their traumas. In clinical trials with 107 patients closely monitored by the FDA, 61 percent reported major reductions in symptoms — to the point where they no longer fit the criteria for PTSD. Follow-up studies a year later found 67 percent no longer had PTSD. “If you were to design the perfect drug to treat PTSD, MDMA would be it,” said Rick Doblin, who three decades ago founded the California nonprofit behind the clinical trials. It is no accident that the group — the Multidisciplinary Association for Psychedelic Studies (MAPS) — chose PTSD as its argument for ending the government’s ban on psychedelics. “We wanted to help a population that would automatically win public sympathy,” he said. “No one’s going to argue against the need to help them.” Doblin, now 63, talks openly about his own history with drugs. He began tripping on LSD as a rebellious, long-haired college freshman in the 1970s. He says it helped him see the world and himself in new ways. He wanted to become a therapist and use psychedelics to help others achieve similar insights, but he couldn’t because LSD was already banned. “The flaw of the early psychedelic movement was that they made it countercultural, a revolution,” he said. “Culture is dominant. Culture is always going to win.” For a decade, he worked in construction until he came across MDMA for the first time. When the DEA moved to criminalize it in 1984, Doblin created MAPS and sued the agency. The lawsuit failed, and Doblin realized that psychedelics were perceived as too fringe to win public support. To succeed, he decided, both he and the issue had to go mainstream. Doblin talked his way into the public policy PhD program at Harvard University and learned to navigate the federal bureaucracy. He shaved off his mustache, cut his shaggy hair and learned to dress up. “I used to laugh about how simple it was,” he said. “You put on a suit, and suddenly everyone thinks you’re fine.” The external switch reflected an internal one as well. Instead of fighting government officials, he began plotting to win them over, especially those at the FDA. And the key, he realized, was science. Before the FDA would even talk about clinical trials for MDMA, the agency needed proof it wasn’t dangerous. Previous studies suggesting its neurotoxicity had been limited to rats. So in 1986, Doblin scraped together money to buy monkeys for those same researchers, who found the risks to be much less at human-equivalent doses than previously thought. The next step was investigating MDMA’s effects on people. Doblin again raised money to fly psychedelic users he had befriended to Stanford University and Johns Hopkins University for spinal taps. The studies were approved by review boards at both institutions. Doblin also participated, undergoing two spinal taps. In the two decades that followed, Doblin and MAPS inched toward progress. The nonprofit grew from a one-man band to a staff of 25 with headquarters in Santa Cruz. It tapped into the scene in Silicon Valley — where many tech entrepreneurs have used psychedelics to spark creativity. (Steve Jobs famously praised LSD as “one of the two or three most important things I have done in my life.”) MAPS received a $5.5 million bequest from the founder of a software company. The hipster soap company Dr. Bronner’s pledged $5 million. A professional poker player who attributed his wins to microdosing on LSD gave $25,000. Recently, an anonymous $21,000 bitcoin donation came in. Much of that money funded small-scale clinical trials, which laid the groundwork for the last remaining hurdle: Large-scale “phase 3” trials that will begin next year, involving 200 to 300 patients in 14 locations. If those future trials yield similar results, the FDA could approve the MDMA treatment for PTSD as soon as 2021, according to Doblin. Yet his dream extends beyond that. He envisions a future where psychedelic treatment centers are in every city — places people can visit for enhanced couples therapy, spiritual experiences and personal growth. He believes psychedelics can help address the country’s biggest problems, including homelessness, war and global warming. “These drugs are a tool that can make people more compassionate, tolerant, more connected with other humans and the planet itself,” he said. That kind of talk makes many in the medical community nervous. It’s hard to measure the exact dangers of ecstasy. Because it is not used as widely as marijuana or cocaine, for example, fewer statistics are available on overdoses or injuries. In 2011, a public health monitoring system identified 22,498 emergency department visits nationwide related to ecstasy. MDMA researchers point out that one key difference between MDMA and street ecstasy (along with another variant called “molly”) is the street versions often contain other harmful drugs, experts say. Sometimes the pills don’t even contain MDMA. But even in its purest clinical form, MDMA can pose risks. At high doses, it can cause the body to overheat. It can cause anxiety and increase the stress hormone cortisol. Chronic use can also cause memory impairment. “I think it’s a dangerous substance,” said Andrew Parrott, a psychology professor at Swansea University in Wales who spent years researching the drug’s harmful effects. He worries that FDA approval for the treatment of PTSD could lead many in the public to believe ecstasy is safe for recreational use. Other experts, however, have become increasingly intrigued by its promising results. “Anytime you have an organization that is advocating for drugs that are illegal, it marginalizes them in the research field. MAPS still isn’t seen as mainstream. But it’s possible they have a point here,” said Krystal, the Yale psychiatrist, who has not been involved with the group’s research. “I can’t think of a single medication that doesn’t carry some side effect. The question here is whether the benefits outweigh the risk.” For Lubecky, the drug can’t be approved fast enough. The Marine Corps and Army veteran recalls coming home from Iraq in 2006 to discover his wife had left him, sold his motorcycle and taken his dog. That, coupled with the trauma of what he had seen at war, sent him over the edge. On Christmas Eve, he put the muzzle of his Beretta to his temple and pulled the trigger. The gun malfunctioned, he said, “but that microsecond after the hammer fell is when I finally felt at peace because I knew the pain would finally be over.” One incident in Iraq in particular tormented him — a shot he took while protecting his unit. “It was a situation where the right thing to do was the immoral thing,” he said, declining to describe it in detail. “You’re looking through a scope at another human being, and you do one thing and suddenly they don’t exist anymore.” For years he told no one about it. He would panic even thinking about it. After he was accepted into the MDMA clinical trial in South Carolina, he found himself on a futon with two counselors on either side as the effects of the drug sank in. “I was in such a comfortable place,” recalled Lubecky, 40, who now works in Charleston as a political consultant. “I didn’t even realize I was finally talking about it, admitting it for the first time to anybody.” Since then, he said, he has learned to accept what happened in Iraq. And the guilt he now struggles with is the fact he got chosen over others for the clinical trial. “I was the 26th veteran chosen for a 26-person study,” he said. “I have friends who are suffering every day like I was. But they can’t do it because it’s illegal. This could save their lives.” Read more: Onetime party drug hailed as miracle for treating severe depression Key ingredient in ‘magic mushrooms’ eased cancer patients’ fear of death"
fakehealth,story_reviews_00280,1,1,0,0,0.34733436,0.048199445,"WASHINGTON -- Bacteria live on everyone’s skin, and new research shows some friendly germs produce natural antibiotics that ward off their disease-causing cousins. Now scientists are mixing the good bugs into lotions in hopes of spreading protection. In one early test, those customized creams guarded five patients with a kind of itchy eczema against risky bacteria that were gathering on their cracked skin, researchers reported Wednesday. “It’s boosting the body’s overall immune defenses,” said Dr. Richard Gallo, dermatology chairman at the University of California, San Diego, who is leading the work. End of the road for antibiotics? We share our bodies with trillions of microbes that live on our skin, in our noses, in the gut. This community — what scientists call the microbiome — plays critical roles in whether we stay healthy or become more vulnerable to various diseases. Learning what makes a healthy microbiome is a huge field of research, and already scientists are altering gut bacteria to fight diarrhea-causing infections. Wednesday’s research sheds new light on the skin’s microbiome — suggesting that one day it may be possible to restore the right balance of good bugs to treat skin disorders, too. “It’s a really important paper,” said Dr. Emma Guttman-Yassky of the Icahn School of Medicine at Mount Sinai Hospital in New York, who wasn’t involved with the new research. “It does open a window for a potential new treatment.” Healthy skin harbors a different mix of bacteria than skin damaged by disorders such as atopic dermatitis, the most common form of eczema. Those patches of dry, red, itchy skin are at increased risk of infections, particularly from a worrisome germ known as Staphylococcus aureus. Gallo’s team took a closer look at how microbes in healthy skin might be keeping that bad staph in check. They discovered certain strains of some protective bacteria secrete two “antimicrobial peptides,” a type of natural antibiotic. In lab tests and on the surface of animal skin, those substances could selectively kill Staph aureus, and even a drug-resistant strain known as MRSA, without killing neighboring bacteria like regular antibiotics do, the team reported in the journal Science Translational Medicine. But those good bugs are rare in the skin of people with atopic dermatitis, Gallo said. “People with this type of eczema, for some reason that’s not quite known yet, have a lot of bacteria on the skin but it’s the wrong type of bacteria. They’re not producing the antimicrobials they need,” he explained. Would replenishing the good bugs help? “They’re normal skin bacteria, so we knew they would be safe,” Gallo noted. FDA fast-tracking ""unbelievable"" eczema drug His team tested five volunteers with atopic dermatitis who had Staph aureus growing on their skin’s surface — what’s called colonization — but didn’t have an infection. Researchers culled some of the rare protective bacteria from the volunteers’ skin, grew a larger supply and mixed a dose into an over-the-counter moisturizer. Volunteers had the doctored lotion slathered onto one arm and regular moisturizer on the other. A day later, much of the staph on the treated arms was killed — and in two cases, it was wiped out — compared to the untreated arms, Gallo said. “We’re encouraged that we see the Staph aureus, which we know makes the disease worse, go away,” he said. The study couldn’t address the bigger question of whether exposure to the right mix of protective bacteria might improve atopic dermatitis itself, cautioned Mount Sinai’s Guttman-Yassky. Next-step clinical trials are underway to start testing the effects of longer-term use."
fakehealth,story_reviews_01236,0,0,1,1,0.50600654,0.89538294,"“We have found many of the same results,” said Dr. Hamill, professor of kinesiology and the director of the university’s biomechanics laboratory. “I guess the main thing to note is that, as biomechanists, we really do not know how orthotics work.” Orthotists say Dr. Nigg’s sweeping statement does not take into account the benefits their patients perceive. The key measure of success, said Jeffrey P. Wensman, director of clinical and technical services at the Orthotics and Prosthetics Center at the University of Michigan, is that patients feel better. “The vast majority of our patients are happier having them than not,” he said about orthotics that are inserted in shoes. Seamus Kennedy, president and co-owner of Hersco Ortho Labs in New York, said there was an abundance of evidence — hundreds of published papers — that orthotics can treat and prevent “mechanically induced foot problems,” leading to common injuries like knee pain, shinsplints and pain along the bottom of the foot. “Orthotics do work,” Mr. Kennedy said. “But choosing the right one requires a great deal of care.” Yet Scott D. Cummings, president of the American Academy of Orthotists and Prosthetists, says the trade is only now moving toward becoming a science. So far, most of the focus in that direction has been on rigorously assessing orthotics and prosthetics for other conditions, like scoliosis, with less work on shoe orthotics for otherwise healthy athletes. Advertisement Continue reading the main story “Anecdotally, we know what designs work and what designs don’t work” for foot orthotics, said Mr. Cummings, who is an orthotist and prosthetist at Next Step in Manchester, N.H. But when it comes to science and rigorous studies, he added, “comparatively, there isn’t a whole lot of evidence out there.” Dr. Nigg would agree. In his studies, he found there was no way to predict the effect of a given orthotic. Consider, for example, an insert that pushes the foot away from a pronated position, or rotated excessively outward. You might think it would have the same effect on everyone who pronates, but it does not. One person might respond by increasing the stress on the outside of the foot, another on the inside. Another might not respond at all, unconsciously correcting the orthotic’s correction. “That’s the first problem we have,” Dr. Nigg said. “If you do something to a shoe, different people will react differently.” The next problem is that there may be little agreement among orthotics makers about what sort of insert to prescribe. In one study discussed in his new book, “Biomechanics of Sport Shoes,” Dr. Nigg sent a talented distance runner to five certified orthotics makers. Each made a different type of insert to “correct” his pronation. The athlete wore each set of orthotics for three days and then ran 10 kilometers, about 6 miles. He liked two of the orthotics and ran faster with them than with the other three. But the construction of the two he liked was completely different. Newsletter Sign Up Continue reading the main story Please verify you're not a robot by clicking the box. Invalid email address. Please re-enter. You must select a newsletter to subscribe to. Sign Up You will receive emails containing news content , updates and promotions from The New York Times. You may opt-out at any time. You agree to receive occasional updates and special offers for The New York Times's products and services. Thank you for subscribing. An error has occurred. Please try again later. View all New York Times newsletters. Then what, Dr. Nigg asked in series of studies, do orthotics actually do? They turn out to have little effect on kinematics — the actual movement of the skeleton during a run. But they can have large effects on muscles and joints, often making muscles work as much as 50 percent harder for the same movement and increasing stress on joints by a similar amount. As for “corrective” orthotics, he says, they do not correct so much as lead to a reduction in muscle strength. Advertisement Continue reading the main story In one recent review of published papers, Dr. Nigg and his colleagues analyzed studies on orthotics and injury prevention. Nearly all published studies, they report, lacked scientific rigor. For example, they did not include groups that, for comparison, did not receive orthotics. Or they discounted people who dropped out of the study, even though dropouts are often those who are not benefiting from a treatment. Being generous about studies with design flaws that could overstate effects, Dr. Nigg and his colleagues concluded that custom-made orthotics could help prevent and treat plantar fasciitis, a common injury to a tendon at the bottom of the foot, and stress fractures of the tibia, along the shin. They added, though, that the research was inadequate for them to have confidence in those conclusions. Dr. Nigg also did his own study with 240 Canadian soldiers. Half of them got inserts and the others, for comparison, did not. Those who got inserts had a choice of six different types that did different things to foot positioning. Each man chose the insert he found most comfortable and wore it for four months. The men selected five of the six inserts with equal frequency. The findings were somewhat puzzling: While the group that used inserts had about half as many injuries — defined as pain that kept them from exercising for at least half a day — there was no obvious relation between the insert a soldier chose and his biomechanics without it. That’s why Dr. Nigg says for now it is difficult to figure out which orthotic will help an individual. The only indication seems to be that a comfortable orthotic might be better than none at all, at least for the activities of people in the military. So where does this leave people like Jason Stallman, my friend and colleague at The New York Times? Jason has perfectly flat feet — no arch. He got his first pair of orthotics at 12 or 13 and has worn orthotics all the time, for walking and running ever since. About a year ago he decided to try going without them in his everyday life; he still wears them when he runs. Every medical specialist Jason has seen tried to correct his flat feet, but with little agreement on how to do it. Advertisement Continue reading the main story Every new podiatrist or orthopedist, he told me, would invariably look at his orthotics and say: “Oh, these aren’t any good. The lab I use makes much better ones. Your injury is probably linked to these poor-fitting orthotics.” So he tried different orthotic styles, different materials, different orthotics labs with every new doctor. That is a typical story, Dr. Nigg says. In fact, he adds, there is no need to “correct” a flat foot. All Jason needs to do is strengthen his foot and ankle muscles and then try running without orthotics. Dr. Nigg says he always wondered what was wrong with having flat feet. Arches, he explains, are an evolutionary remnant, needed by primates that gripped trees with their feet. “Since we don’t do that anymore, we don’t really need an arch,” he wrote in an e-mail. “Why would we? For landing — no need. For the stance phase — no need. For the takeoff phase — no need. Thus a flat foot is not something that is bad per se.” So why shouldn’t Jason — or anyone, for that matter — just go to a store and buy whatever shoe feels good, without worrying about “correcting” a perceived biomechanical defect? “That is exactly what you should do,” Dr. Nigg replied."
fakehealth,story_reviews_00845,0,0,1,1,0.5302257,0.98364,"Mrs. McDaniel’s story offers a sobering look at the challenges for this kind of quest for a treatment, even for someone like her, who had both the means and the connections to get the intricate geography of her cancer charted. Her husband, Roger McDaniel, was a former chief executive of two companies involved in semiconductor manufacturing, and the family could afford the approximately $49,000 that the search would cost. They had expected to pay much more, but to their astonishment, Mrs. McDaniel’s insurance company covered almost all the drug costs. And the scientists who did the data analysis did not charge. From the start, the family knew the odds were against Mrs. McDaniel, but she thought she had little to lose. “You cannot feel bad if this doesn’t work or I die,” she told her son Timothy, a molecular biologist. “I would have died anyway.” Scarlet Skin and Infections Beth McDaniel’s cancer began with itching all over her body. Then her skin turned scarlet and started becoming infected. In 2005, after she had spent more than a year going from specialist to specialist, a dermatologist figured it out. Mrs. McDaniel, then 62, had Sezary syndrome, a rare T cell lymphoma, in which white blood cells become cancerous and migrate to the skin. All her doctors could tell her was that the disease was incurable, that there was no standard treatment, and that on average patients at her stage die within a few years. “Of course I was shocked,” Mrs. McDaniel said in an interview last September. She wept that day as her husband drove her home. And she asked God to help her cope. Before cancer, she had had a vibrant life, hiking in the mountains, traveling the world, entertaining her wide network of friends. Her disease destroyed all of that. She could not even enjoy her luxuriant garden because sun on her inflamed skin was agony. Advertisement Continue reading the main story Although there is no standard treatment, for five years chemotherapy held her disease at bay. But in the summer of 2010, she got worse, much worse, with hundreds of tumors popping up under her skin. Some grew as large as kiwi fruits and split open. Her son, Dr. McDaniel, decided he would orchestrate the use of the most advanced techniques of gene sequencing and analysis to take on her cancer. Because of his job — he works for Illumina , a company that does DNA sequencing — Dr. McDaniel had read scientific reports and gone to medical conferences where he heard talks on whole genome sequencing. He noticed that the patients all seemed to have rare cancers. “Every time I heard one of those stories, I thought, ‘That’s my mom,’ ” he said. For now, there are not many drugs that can target specific gene mutations in cancer cells. But the hope is that when more is known and more drugs are developed, doctors will treat cancer by blocking several major genes at once. With several escape routes barred, the cancer will not be able to break free of the drugs stopping its growth. Full-Time Help From a Son In theory, it seemed straightforward for Dr. McDaniel to help his mother. The technology for getting and analyzing DNA sequences has advanced greatly, and the cost has plummeted. In fact, Dr. McDaniel said, the price of sequencing has dropped so fast that if the work were done today, it would cost just $26,200 instead of the $46,280 it cost last year. The first obstacle was just getting a sample of Mrs. McDaniel’s cancer cells. One doctor told her the odds of success were so slim that she would be better off spending her money on a vacation. Another seemed interested but did not follow through. A third did two biopsies but was unable to get usable DNA. Finally, Dr. McDaniel and his wife, Gia, decided he would make helping his mother a full-time job. He took a leave of absence from Illumina, and he, Gia and their three young children moved from San Diego to Lexington, Ky. “I have not been a particularly humble person,” Beth McDaniel said. “That humbled me.” Dr. McDaniel’s parents had two homes in the Lexington area. One, on a horse farm, was vacant, and he appropriated a bedroom on the second floor for his office. He treated his work like a regular job, driving to the office each day from another house where he and his family were living. He dressed in his normal work clothes, slacks and a collared shirt. Meanwhile, his mother’s cancer was erupting. Advertisement Continue reading the main story “She was covered in tumors, almost like cobblestones,” said Dr. Fernando R. de Castro, her dermatologist. “They felt like marbles and pebbles all over her skin.” Large ones on her arms and legs had burst open. “We started talking about hospice .” Mrs. McDaniel said she was not a vain person, but with red lumps all over her face, she was embarrassed to go out. She slept on a cooling pad and carried one with her to relieve the constant itching. Every evening around 5:30 when the itching became most unbearable, she would lay her head in her husband’s lap as they watched TV in their great room and he would gently tickle her back for hours on end — trying to ease her discomfort. The disease continued a relentless course until finally, accepting what seemed the inevitable, Mrs. McDaniel gave away her clothes, planned her funeral and wrote notes to a few people she thought she had offended in her life, asking them to forgive her. “She believed, we all believed, she would die before we got the sequencing done,” Dr. McDaniel said. Then, in January 2011, Dr. de Castro got a tissue sample from a tumor and, for comparison with normal cells, her saliva. He had removed a plug of tissue the size of a pencil eraser from one of the hundreds of tumors on Mrs. McDaniel’s skin, frozen it in liquid nitrogen and shipped it overnight to the Mayo Clinic in Scottsdale , Ariz. By April, scientists at Illumina and TGen, a nonprofit research institute, had completed the genetic sequencing of the samples. Photo Next came the hard part — the analysis. With time short, Dr. McDaniel worked on it himself and recruited two small biotechnology companies and TGen to help. Three Billion Symbols in a Cell John Carpten, an oncologist at TGen, and David Craig are accustomed to working with gene sequence data, but it is hard even for them to get used to the scale of such a project. Newsletter Sign Up Continue reading the main story Please verify you're not a robot by clicking the box. Invalid email address. Please re-enter. You must select a newsletter to subscribe to. Sign Up You will receive emails containing news content , updates and promotions from The New York Times. You may opt-out at any time. You agree to receive occasional updates and special offers for The New York Times's products and services. Thank you for subscribing. An error has occurred. Please try again later. View all New York Times newsletters. The hard drive containing Mrs. McDaniel’s genetic data arrived in the mail — it had too much data to send electronically. It took a full day just to pull this terabyte of information off the drive. Dr. Carpten explained that there were three billion symbols, made from four letters — A, T, G and C — in just one cell’s DNA. If those letters were printed on paper, they would fill a medium-sized elementary school’s library. Advertisement Continue reading the main story But there are unavoidable errors in sequencing, so to be sure the data is correct, researchers repeat the sequencing 30 times — 30 libraries’ worth. They do this for the normal cells, too — another 30 libraries’ worth. This kind of data, though, does not come in neat genetic words and sentences. Instead, Dr. Craig said, “It looks like it’s been through a shredder.” “It is like putting together a jigsaw puzzle that has a billion pieces,” Dr. Carpten said. Finally, they compared the sequences of normal cells and cancer cells. They found about 18,000 differences, most with no known significance for the disease. At last, the work was done, and on May 18, Dr. McDaniel flew to TGen. The researchers noticed an intriguing aberration in Mrs. McDaniel’s cancer genes. But they were uncertain what it meant. It looked as if two genes had fused to each other in Mrs. McDaniel’s cancer cells. The result was that the cell growth signals in the cancer cells were reversed, like crossed wires. The research team theorized that every time those cancer cells, T cells of her immune system, got a signal to stop growing, they reacted as though they had gotten a signal to grow. And every time they got a signal to grow, they responded by stopping their growth. If they were right, the way to stop her cancer’s growth could be to signal it to grow. And that was what a new melanoma drug — ipilimumab, its trade name Yervoy — was designed to do. It spurred the growth of normal T cells. But if the researchers were wrong, the drug could kill her. They spent two hours at a whiteboard on Wednesday, May 18, trying to understand what the fusion really meant. Then Dr. McDaniel took the data home and asked a colleague at Illumina to try to fish out a handful of crucial genetic sequences that were buried among 50 million others. On Sunday night, May 22, Dr. McDaniel had them and began trying to decipher them. By 10 p.m., he had it figured out. The TGen scientists’ findings were real. “The brake pedal had been wired to the accelerator,” Dr. McDaniel said. He worked all night, found a paper by scientists who had deliberately fused those very genes and discovered that, yes, the genetically altered T cells had their growth signals reversed. At 5:45 a.m. Dr. McDaniel sent an e-mail to his collaborators. “I was so tired at that point that, believe it or not, I had forgotten about the drug,” he said. Advertisement Continue reading the main story He fell asleep and woke at 11 a.m., rushing back to his computer. The melanoma drug he had forgotten in his exhaustion should hit that target. And that could stop his mother’s cancer from growing. “My jaw was just hanging open,” Dr. McDaniel said. “The implications were so tantalizing that I didn’t dare believe them.” A Remarkable Turnaround Mrs. McDaniel had her first infusion on July 28, and the result seemed remarkable. Her oncologist, Dr. Gohmann, was overwhelmed. Her son, who had been terrified that he and the doctors might have made a terrible mistake, was overjoyed. Mrs. McDaniel, who had not left her house for several months except to see her doctors, began going to movies and restaurants every day. On Sept. 2, she and her husband went to the Heirloom Restaurant, in the middle of horse country, to celebrate their 50th wedding anniversary. She had given away so many of her clothes when she thought she was dying that she puzzled over what to wear. She had a favorite blouse that was loosefitting and comfortable, but Mr. McDaniel recalled, “It was long gone.” She could not drink wine with the medicines she was taking, so she and her husband sipped iced tea in the quiet dining room. “We reminisced, but also talked about the future as we hoped it would be,” Mr. McDaniel said. But the reprieve lasted only weeks. By the end of September, the cancer was back. Dr. McDaniel did not want to give up. Mrs. McDaniel’s tumor was sequenced again, looking for a new mutation, but there was nothing striking. As Dr. McDaniel sifted through the data, he called his parents every day. They began calling him the governor, hoping he would bring his mother another stay of execution. The doctors considered a less appealing target, a mutated gene that T cells use to stop growing. Unpublished studies in mice suggested that a kidney cancer drug might stop the growth of T cells with this mutation. Advertisement Continue reading the main story By then, Mrs. McDaniel’s body was ravaged by the cancer and her treatments. She had entered hospice care, with a hospital bed in her home and a nurse and an assistant to help. “We had this shaky evidence, based on the genome and on unpublished data,” Dr. McDaniel said. But the drug’s side effects were mild, and her family and doctors decided she should try it. “If we do nothing, she will be dead in one to six weeks,” Dr. McDaniel explained. Mrs. McDaniel took the drug on Nov. 26. But she was so ill that she was unable to get out of bed, unable to drink from a straw. Her son Tim took his children to her bedroom one at a time so they could say goodbye. “She wasn’t talking, but her eyes were open, and she acknowledged each one with a weak chuckle,” Dr. McDaniel said. Three days later, she briefly rallied. Her husband held her hand. “She said, ‘I love you,’ ” Mr. McDaniel said. “She then repeated it twice more. I kissed her forehead and told her that I loved her. Those were our last words to each other.” The next morning, Nov. 30, Mr. McDaniel woke early and went to his wife’s room. Her breathing had become erratic. Worried, he stepped out and asked the hospice nurse to call the doctor. “In the seconds that I was absent, she died,” Mr. McDaniel said. The team that tried to save her was heartbroken too, and was left with a long list of what-ifs. “If you really look at it, what did we buy her?” Dr. de Castro asked. Mrs. McDaniel was dying last January. Yet would she have survived as long even without the sequencing or the drugs? Did the team make a difference? “I hope we did,” Dr. de Castro said, “but it’s hard to know.”. Tuesday: What a tumor holds in store."
fakehealth,story_reviews_01361,0,0,1,1,0.79536396,0.99822074,"En Español By Amanda Gardner HealthDay Reporter SATURDAY, Oct. 15, 2010 (HealthDay News) -- People suffering from a disfiguring loss of bone in the jaw may find help in the form of a long-used osteoporosis drug, two new studies suggest. Besides being linked to chronic, severe gum disease, this type of bone loss has also been connected in rare cases to the use of bisphosphonates, a different class of osteoporosis drugs. But the two papers in the Oct. 16 online issue of the New England Journal of Medicine report success with teriparatide (Forteo) in rebuilding bone. One report describes the case of an 88-year-old woman who had been taking the bisphosphonate alendronate (Fosamax) since suffering a hip fracture 10 years earlier. She had also been taking the corticosteroid prednisone for two decades. Experts have already noticed an uptick in the incidence of this rare but devastating condition in patients using bisphosphonates. According to an editorial accompanying the study, this complication occurs in about 5 percent of cancer patients who are taking a high-dose bisphosphonate (Zometa or Aredia) to control or prevent spread of malignancy to the bone. It is much rarer in people who take a lower-dose bisphosphonate (such as Actonel, Boniva or Fosamax) for osteoporosis. The 88-year-old woman described in the journal report had been experiencing pain in her jaw for a year and was subsequently diagnosed with osteonecrosis, a debilitating ""death"" of bone due to loss of blood flow. After eight weeks of treatment with Forteo, though, the pain went away and the osteonecrosis resolved, reported the authors, from Austin Health in Melbourne, Australia. The editorial pointed out, however, that Forteo should not be used in patients whose cancer has already spread to the bone, as it might prompt even more spread. It's also possible that the corticosteroid therapy she was taking could have contributed to the woman's bone loss, the authors stated. The second paper involved 40 patients with severe gum disease that had affected their jaws, all of whom first underwent surgery on their jaw. They were then randomized to receive either Forteo or a placebo. All participants took calcium and vitamin D as well. ""These were patients with severe periodontal disease but who were otherwise systemically healthy,"" said study senior author Dr. Laurie K. McCauley, chair of the department of periodontic and oral medicine at the University of Michigan in Ann Arbor. After six weeks of therapy, patients in the Forteo arm saw greater healing of their jawbone and this continued throughout one year of follow-up. ""There was a significant improvement in clinical measures of gum and bone,"" McCauley stated. But, she pointed out, Forteo is not yet approved for this indication, so ""we can't recommend it next week."" Right now, a bone graft is probably the most common type of therapy for this type of bone loss, she said. ""I think that it's really an important important proof-of-concept that you can inject locally and get a response,"" said Dr. Rena D'Souza, chair of biomedical sciences at Texas A&M Health Science Center Baylor College of Dentistry in Dallas. ""We could not only use this approach for the treatment of periodontal disease where the disease enters the bone and gum. but also other forms of periodontal disease."" ""Bisphosphonates cut back on blood flow and blood vessels so that cancer doesn't have a chance,"" she said. ""That is why it's used very effectively for cancer but if you happen to injure the bone or take out a tooth you really need the blood vessels. The bone cells don't have the ability to lay down new bone."" More information The American Academy of Periodontology has more on gum disease."
fakehealth,news_reviews_00519,0,0,1,1,0.6925538,0.99290174,"Newswise — LEAWOOD, KS — Osteoarthritis (OA) is one of the leading causes of disability in adults in the United States and knee OA specifically is ranked within the top 10 non-communicable diseases for global disability-adjusted life years. The lifetime risk of suffering symptomatic knee OA is estimated to be 44.7% and approximately 1 in 11 of the US population is diagnosed with symptomatic knee OA by age 60. With this knowledge, the American Medical Society for Sports Medicine (AMSSM) has released a new scientific statement that provides guidance for physicians and healthcare professionals who provide care for those patients with knee osteoarthritis. There is a general consensus that the initial management of knee OA treatment should include weight loss and strengthening exercises. However, certain aspects of treatment for knee OA are controversial. In light of these issues, the AMSSM convened an expert writing group of four sports medicine physicians to review the latest data and provide recommendations for the sports medicine community. “We do not treat groups of people we treat individuals,” said Dr. Thomas Trojian, Lead Author and Past AMSSM Board of Director. “It is important to look at how a person responds to a medication. Does the person improve if given an injection of viscosupplementation more likely than placebo or intra-articular steroid? Using a network meta-analysis we are able to compare the multiple studies done on viscosupplementation and have found that people are more likely to show clinical improvement with viscosupplementation over placebo (saline) and intra-articular steroids. This is different than studies recently published that say the average response differs.” The full report, published ahead of print in the Clinical Journal of Sport Medicince (CJSM) and will appear in the (British Journal of Sports Medicine) BJSM, entitled, AMSSM Scientific Statement Concerning Viscosupplementation Injections for Knee Osteoarthritis Importance for Individual Patient Outcomes, includes the following notable AMSSM recommendations and one suggestion: • AMSSM RECOMMENDS viscosupplementation injections for Kellgren and Lawrence (KL) grade II-III knee osteoarthritis in those patients above the age of 60 based on HIGH quality evidence demonstrating benefit using OMERACT-OARSI Responder Rating but the evidence should be downgraded due to indirectness for those under 60 years of age.• AMSSM SUGGESTS viscosupplementation injections for knee osteoarthritis for those under the age of 60 based on MODERATE quality evidence due to response of treatment in those over 60.• AMSSM RECOMMENDS clinicians and researchers collect OMERACT-OARSI responder data to track individual response to the viscosupplementation. The full paper will be published in print in the January 2016 issues of CJSM and BJSM. Click here to view statement online. Thanks to members Drs. Thomas Trojian (AMSSM Past Board of Director), Susan Joy (AMSSM Foundation Board Member), Andrew Concoff and John Hatzenbuehler along with Whitney Saulsberry, PharmD and Craig Coleman, PharmD for serving on the expert writing group for this paper. The AMSSM hopes that this information can assist healthcare professionals as they provide care for patients with osteoarthritis. About AMSSM: AMSSM is a multi-disciplinary organization of 3,000 sports medicine physicians dedicated to education, research, advocacy and the care of athletes of all ages. The majority of AMSSM members are primary care physicians with fellowship training and added qualification in sports medicine who then combine their practice of sports medicine with their primary specialty. AMSSM includes members who specialize solely in non-surgical sports medicine and serve as team physicians at the youth level, NCAA, NFL, MLB, NBA, WNBA, MLS and NHL, as well as with Olympic teams. By nature of their training and experience, sports medicine physicians are ideally suited to provide comprehensive medical care for athletes, sports teams or active individuals who are simply looking to maintain a healthy lifestyle. www.amssm.org SEE ORIGINAL STUDY"
fakehealth,news_reviews_00483,0,0,1,1,0.54135793,0.9860151,"Robotic nephrectomy for inferior vena cava tumor thrombus has favorable outcomes and reproducibility when performed by surgeons with adequate robotic experience, according to first multi-institutional report, published in the journal of urology New York, NY, Feb. 7, 2016 - Renal cell carcinoma can sometimes spread to the inferior vena cava (IVC), the body's largest vein, posing a threat to the heart and brain. Robotic nephrectomy for inferior vena cava tumor thrombus has favorable outcomes in selected patients compared with open surgery, which can have a high rate of complications, report surgeons in The Journal of Urology®. Renal vein surgery can often be managed with minimally invasive laparoscopic techniques, but this is not typically advisable for an IVC thrombus (a fibrous clot), which is surgically far more complex with potentially fatal complications that can occur in the course of removing the thrombus and reconstructing the IVC. The first known procedure using robotic surgery of renal tumors with IVC tumor thrombi was performed in 2008. Experts from nine leading U.S. medical centers report here on their combined experience of 32 cases since 2008. Each surgeon performed between one and ten procedures for IVC tumor thrombi which ranged from one to 11 cm in length on preoperative imaging. Patient age ranged from 43 to 80 years. The IVC required cross-clamping in 24 cases. One patient had two renal veins with two caval thrombi and one patient required a synthetic patch. Surgeries lasted from three to seven hours. None of the operations was converted to open surgery and all but two patients were ambulatory on the day of or day after surgery. Twenty-one patients resumed regular diets the day after surgery. Eight patients had node positive disease and seven patients had distant recurrence 15 months later including four of those with node positive disease. ""This is a complex condition and the complication rate with open surgery is 12% to 47%, depending on the thrombus level, with a mortality rate of 5% to 10%,"" explained lead investigator Ronney Abaza, MD, Robotic Surgery Director at OhioHealth Dublin Methodist Hospital. ""Using robotic nephrectomy, our complication rate and lack of mortalities compare reasonably with open series with no grade III to V complications, according to the Clavien system, in any patient, including no deaths."" Dr Abaza added, ""While complications were relatively minor in our series, it is evident that complications are not entirely avoidable. Even with a minimally invasive approach, the surgical management of severe cancers in mostly elderly patients will likely involve complications. However, despite the complex and critical nature of these procedures, our series demonstrates favorable outcomes and reproducibility by surgeons with adequate robotic experience."" ###"
fakehealth,story_reviews_01409,0,0,1,1,0.74870425,0.99867415,"Sept. 17, 2010 -- The FDA has approved Krystexxa (pegloticase) for the treatment of gout. Krystexxa is for adults with long-standing chronic gout who do not improve with or cannot tolerate other treatments. The drug is associated with some serious side effects. Gout occurs when uric acid builds up in the body and forms crystals in the joints or in soft tissue. The crystals cause swelling, redness, pain, and stiffness in the joints. The condition is associated with obesity, high blood pressure, high cholesterol, and diabetes. Gout is more common among men and postmenopausal women, and people with kidney disease. Krystexxa, which is made by Savient Pharmaceuticals Inc. of East Brunswick, N.J., is an enzyme that lowers uric acid levels by metabolizing it into a chemical that does not cause bodily damage and is then passed through the urine. The drug is administered to patients every two weeks as an intravenous infusion. Two six-month clinical trials of 212 total patients showed that the drug lowered uric acid levels and reduced deposits of uric acid crystals in joints and soft tissue. Savient expects Krystexxa to be available by prescription later this year."
fakehealth,story_reviews_01111,0,0,1,1,0.74026126,0.99805427,"Fewer Colorado women are seeking mammograms after a disputed national guideline in 2009 cut back screening recommendations, according to a University of Colorado Hospital study. In the nine months following a highly publicized national guideline discouraging annual mammograms for women ages 40 to 49, the number of patients in that group seeking mammograms at University Hospital dropped 15 percent to 1,122. The findings — along with an Ohio study to be released today showing mammograms lead to earlier cancer detection for that age group — might bolster those who opposed the guideline change. A parallel CU study tracked doctor and nurse patterns since the guidelines and found many now follow the disputed recommendations. “If the trend continues, we may miss the opportunity to diagnose breast cancer in its early stages, and early detection is crucial,” said Dr. Lara Hardesty, co-author of the University Hospital study and a breast-cancer specialist who disagrees with the 2009 guideline change. The U.S. Preventive Services Task Force is an independent panel supported by federal health agencies, charged with reviewing evidence and preparing national guidelines on screening in areas from cancer to hearing loss. The 2009 breast-cancer recommendation said evidence did not support routine mammograms for women ages 40 to 49 unless they had a genetic mutation that makes cancer more likely or other risk factors. The national panel said the risks of biopsies from false positive mammograms and anxiety caused by unnecessary screening outweighed the small number of deaths that could be prevented. Some detected tumors do not become dangerous, and some treatments have harmful side effects. Regular screenings prevented one death per 1,904 women screened from age 40 to 49. The panel also said women ages 50 to 74 needed mammograms only every two years instead of every year. Many doctors responded that early detection is key and that no tool is better for earliest detection than the mammogram. The question at hand, Hardesty said, is: “If it’s your cancer, and your life, it’s huge, but where are we willing to spend that money?” Researchers immediately started recording changes caused by the revised guidelines. Hardesty’s patient study started with the fact that 1,327 women in the 40-49 age group sought mammograms at University Hospital in a nine-month period before the guidelines; afterward, the numbers dropped by 205. The recession and loss of work-based insurance might explain some decline, Hardesty said, but women in the 50-74 age group had a slight increase. Health care cost-reform efforts depend in part on increased funding for evidence-based treatment reviews, which evaluate the effectiveness of everything from antibiotics to spinal procedures to prostate screening. But guidelines lead to fears that insurers or governments won’t pay for certain tests and procedures — words such as “rationing” stirred the 2009-10 federal reform debate. “We want to have the best science out there. We want to have evidence-based practices, but I think this has caused more damage than good,” said Michele Ostrander, executive director of the Denver branch of Susan G. Komen for the Cure. The revised guidelines “didn’t say, ‘Don’t get a mammogram,’ but that’s what the public heard,” according to the new research, Ostrander said. Colorado advocates said they had not seen evidence that payers were trying to cut out mammograms after the study. The state legislature passed a law last year requiring Colorado insurers to pay for mammograms every year past age 40. The cancer-treatment community will watch closely for more studies, said Dr. Colleen Murphy, director of the breast-cancer program at Porter Adventist Hospital. “I haven’t met too many providers who think these guidelines are a good idea,” Murphy said. “Hopefully there will be more research that supports that side of things.”"
fakehealth,story_reviews_00268,0,0,1,1,0.57928497,0.7825625,Why did this happen? Please make sure your browser supports JavaScript and cookies and that you are not blocking them from loading. For more information you can review our Terms of Service and Cookie Policy.
fakehealth,news_reviews_00267,1,1,0,0,0.27967533,0.005158045,"ROCHESTER, Minn. — A new type of blood test may help physicians identify which patients with and without evidence of coronary blockages are at risk for heart attacks and strokes. Even individuals with normal levels of low-density lipoprotein (LDL), known as the so-called “bad” cholesterol, but still at risk, seem to be identified, according to Mayo Clinic research being presented at the American College of Cardiology’s 66th Annual Scientific Session. The test, released commercially by Mayo Medical Laboratories in August 2016, measures blood concentrations of plasma ceramides, a class of lipids that are highly linked to cardiovascular disease processes. The study found that individuals with the highest levels of blood ceramides were found to have a 3- to 4-times greater risk of having a cardiovascular event compared with those with the lowest ceramide score, regardless of their LDL cholesterol level or the presence of a blockage in the heart’s arteries. “Our research suggests that evaluating ceramide levels in patients who are not at immediate risk for coronary artery disease events may help cardiologists decide who could benefit from proactive and preventive treatment, such as statins, or lifestyle changes to prevent a serious cardiac event down the road,” says Jeff Meeusen, Ph.D., a clinical chemist, co-director of Cardiovascular Laboratory Medicine at Mayo Clinic and the study’s lead author. According to Dr. Meeusen, ceramides are different than cholesterol, which gathers and causes a clog in the arteries. Ceramides are more active, attracting inflammatory cells and promoting clotting. In the study, 499 Mayo Clinic patients who were referred for coronary angiography to check for possible artery blockages were included and followed prospectively for approximately eighteen years. Patients were similar in age and with regard to blood pressure, smoking status and high-density lipoprotein (HDL), the “good” cholesterol; excluded were those who had diabetes or a previous heart attack, stroke or procedure to open narrowed coronary arteries. Researchers measured four different types of ceramides in the blood at baseline and combined the values into a 12-point scale. Patients were grouped into four risk categories according to their ceramide levels: low (0–2), intermediate (3–6), moderate (7–9) and high (10–12). Over the eighteen years, researchers recorded occurrences of heart attack, stroke, revascularization and death. Overall, 5.1 percent of patients had a major cardiovascular event each year. But the risk of having an event became higher as ceramide level increased; for each 1-point increase in the ceramide risk score, the risk rose by 9 percent. The rate of events was double among people with the highest ceramide score compared with those with the lowest (8.1 vs. 4.1 percent, respectively). In patients without coronary artery disease following angiography, the rate of cardiovascular events was only 3.1 percent, lower than the average overall. But when researchers examined cardiovascular disease in this population by ceramide scores, people with the highest levels of ceramides were four times more likely to have an event compared with those with the lowest (7.8 vs. 2.2 percent, respectively). A similar trend was seen among people with low LDL levels (<100 mg/dL), typically considered a good LDL target. In this group, the rate of heart attack, stroke and revascularization and death was 3.7 percent among those with a low ceramide score, but 16.4 percent in people with the highest ceramide levels. “There is a need to identify patients at increased risk for cardiovascular events so that we can test strategies to prevent those events. This test seems to provide such information,” says Allan S. Jaffe, M.D., senior author of the study, cardiologist at Mayo Clinic and chair of the Division of Clinical Core Laboratory Services. The trial was funded by Mayo Clinic. The new test is available to health care providers worldwide through Mayo Medical Laboratories, which offers laboratory testing and pathology services to more than 4,000 health care organizations in more than 70 countries. Mayo Medical Laboratories collaborated with some of the original researchers who established the role of ceramides in cardiovascular disease and Zora Biosciences Oy, a diagnostics discovery company based in Finland, to develop and refine the test. The present study is also the first to test its clinical utility in a U.S. population. Co-authors are: Leslie Donato, Ph.D.; Sandra Bryant; Grant Spears; Peter Berger, M.D.; and Linnea Baudhuin, Ph.D., all of Mayo Clinic. ### About Mayo Clinic Mayo Clinic is a nonprofit organization committed to clinical practice, education and research, providing expert, whole-person care to everyone who needs healing. For more information, visit http://www.mayoclinic.org/about-mayo-clinic or https://newsnetwork.mayoclinic.org/. MEDIA CONTACT Traci Klein, Mayo Clinic Public Affairs, 507-284-5005, newsbureau@mayo.edu"
fakehealth,story_reviews_01043,0,0,1,1,0.5797467,0.5710596,"www.chicagotribune.com/health/ct-x-0720-liquid-facelift-20110720,0,1517610.story By Ed Finkel, Special to the Tribune July 20, 2011 Advertisement Demand for minimally invasive cosmetic procedures showed a three-digit increase over the last decade, with Botox leading the way for those seeking to look younger or better. As of last month, would-be patients can consider a new product that uses their own collagen cells, which are multiplied in a lab to create an injectable substance that smoothes out facial features. Injections typically cost a fraction of surgery and require much less recuperation time. ""It's taking hold. People are doing (injections) a lot more frequently,"" said John Bull, a plastic surgeon in Naperville. ""People that are looking for a modest improvement with less down time and no scars typically want to have this done. The best candidates are people with early signs of aging and volume loss."" Laurette Agee, 51, who is general manager of a McDonald's in Aurora, was a patient of Bull's. More than four years after losing her husband of 26 years, Agee was ready to come out of her shell but noticed the aging process taking hold. She did not warm to the idea of plastic surgery, so starting in February she began receiving different types of injections in her cheeks, lips and along the sides of her nostrils. ""I catch men looking at me now in a different perspective. It makes me feel very good,"" Agee said. ""At my son's wrestling meets, other moms were like, 'Did you have something done, Laurette? You look so good.' I have no shame in saying, 'I did this, and this, and this.'"" In the last decade, minimally invasive procedures have skyrocketed in popularity, from 5.5 million performed in 2000 to 11.6 million in 2010 — a 110 percent increase, according to the American Society of Plastic Surgeons. The best-known and most commonly used, Botox, jumped 584 percent. Cosmetic surgical procedures were done 18 percent less often in 2010 than in 2000, with considerably larger drops in facelifts (65 percent), forehead lifts (57 percent), eyelid surgery (36 percent), chin augmentation (55 percent) and nose reshaping (35 percent), the society reports. The new product, called laViv and approved by the Federal Drug Administration in late June, is what Chicago plastic surgeon Julius Few describes as ""another tool in our chest."" It will take awhile to reach market and will be more expensive than other injectables, at least initially, Few said. ""It's not going to be one of these things where people are going to put down their other options like Botox overnight,"" he said. ""As this continues to develop and is modified and enhanced as an application, hopefully it will approach a cost point similar to some of the other options and have a broader application. ... My experience, given past history, is that the concept of using a patient's own material and then enriching it is expensive."" Thomas Mustoe, a plastic surgeon and professor of surgery at Northwestern Memorial Hospital, also expects laViv to be costly and expressed skepticism that it will necessarily work better than other nonsurgical options. He said the FDA approval indicates that the procedure is safe and can work, but patients should not necessarily conclude more. ""This is certainly significant that you have approval,"" Mustoe said. ""It is going to be simple to inject. But what is unknown is whether it is going to turn out to be better than other fillers. We're still sorting out what is possible with a needle and an injection."" Part of the reason for the popularity of injectables is the cost. Bull said they typically are no more than half the cost of surgery, which can run from $5,000 to $20,000, depending upon the areas of the face affected and technique used. Few said some minimally invasive procedures can cost $3,000 or more. Botox is ""a third or less of that,"" he said, but needs to be redone every three to six months, while other products can last ""on the order of years."" Plastic surgeons have been combining regimens to ""get a result that is better than either (product) alone,"" he said. Susan P., 57, a Chicago resident and executive assistant who asked that her last name not be used, has been seeing Few for about four years. He has injected Botox and Restylane around her eyes, the sides of her nose and her forehead, and she estimates she spends about $3,500 per year. ""There's no giveaway that I'm doing anything, which is really appreciated,"" she said. ""The longer you do this, the less often you have to go. There's a cumulative effect."" Agee estimates she spent a little less than $2,500 for a combination of Radiesse for her cheeks, Botox around her eyes and Juvederm for the sides of her nostrils. Though initially apprehensive about possible side effects, she said, she's more than willing to repeat it. ""The process was a lot easier than what I anticipated,"" she said. She had worried: ""My God, what happens if I look like a freak? I work in public nine hours a day. I have like 50 employees under me. I'm going to look like Frankenstein."" Mustoe said the key to avoiding such results is proper pacing of treatments and not overdoing it. ""Some patients look overly plumped up. There are limits to what you can do,"" he said. ""You only have to look at the folks in Hollywood to see that a series of (too many) small procedures can have a very strange effect."""
fakehealth,story_reviews_01178,0,0,1,1,0.64078915,0.95868164,"A study finds that use of virtual colonoscopy, a non-invasive way of scanning the colon for potentially cancerous growths, is on the rise. That’s a bit of a surprise, given that not all medical experts agree on whether the virtual screen is as reliable as a traditional colonoscopy, in which doctors insert a scope with a small camera into the colon. Plus, Medicare does not currently reimburse patients for routine screening with virtual colonoscopy, but does cover evaluations with colonoscopy. Add to that the aggressive public awareness campaign for colonoscopy screening led by celebrities like Katie Couric, who allowed TV cameras in as she got her first test, and it’s clear why more people are familiar with the scope than with its virtual cousin. But in spite of those challenges, Megan McHugh at the Health Research and Educational Trust in Chicago and her team report that about 17% of hospitals in the U.S. now offer the screening test, up from 13% in 2005. As its name implies, virtual colonoscopy is way to survey the colon without actually using a scope. Patients lie in a CT scanner, which takes a series of pictures from a variety of different angles, and a computer compiles the snapshots in two different ways. The images can be viewed as two dimensional CT scans, which display any possible abnormalities protruding from the lining of the colon. Or, the images can be combined to generate a 3D view of the colon, allowing the doctors to “fly through” the organ looking for any suspicious growths or protrusions. The prep for both the virtual and actual colonoscopy is the same — the dreaded “colon cleanse” that many patients find is the worst part of the procedure. The night before the test, they start drinking clear liquids and take agents to loosen their stools and empty their colon so any remaining debris isn’t mistaken for a tumor during the screen. While the virtual colonoscopy does not require the sedation and insertion of a scope that colonoscopy does, it involves exposure to a small amount of radiation. But according to Dr. Marc Gollub, director of CT and gastrointestinal radiology at Memorial Sloan-Kettering Cancer Center, “the radiation is much lower than a regular CT scan and has not been proven to be of any risk. It’s similar to [the exposure from cosmic radiation] you might get on a long airplane flight.” While a growing body of data suggest that virtual colonoscopy is as sensitive as colonoscopy in picking up potential tumors, not all cancer experts agree that it’s a good alternative to the gold-standard scope. While the American Cancer Society, the American College of Physicians and other gastroenterology experts recommend virtual screening every five years, the U.S. Preventive Services Task Force, a congressionally mandated but non-federal, independent group of medical experts, concluded the evidence wasn’t strong enough to justify Medicare coverage of the service. So which one is right for you? Virtual colonoscopy is a good option for those who can’t be sedated for colonoscopy, or who simply can’t tolerate the scope. In McHugh’s survey, hospitals reported that these patients make up the bulk of their use. And given the relatively low cost of investing in the software and other equipment required to run a virtual scan, more hospitals may be adding the option to their patient services. The virtual scan does involve radiation exposure, and if doctors find an abnormality that needs to be removed, you’ll have to undergo a colonoscopy anyway (to avoid another colon cleanse, consider scheduling a colonoscopy on the same day in case tumors need to be removed). But Gollub notes that only about 8% of healthy adults getting regularly screened actually have tumors. Given the fact that more hospitals are offering virtual colonoscopy, it’s worth discussing with your doctor. In the end, it’s a matter of personal preference — it’s less important how you get screened, just that you do get screened."
fakehealth,story_reviews_01182,0,0,1,1,0.79222053,0.5783852,"En Español MONDAY, Feb. 28, 2011 (HealthDay News) -- Cancer patients undergoing chemotherapy may be able to avoid the accompanying muscle loss and malnutrition by taking fish oil supplements that contain omega-3 fatty acids, new research suggests. The finding is based on a small study involving just 40 lung cancer patients. Nevertheless, it raises hope that a simple, noninvasive intervention might go a long way towards countering the fatigue, poorer prognosis and impaired quality of life that can result from chemo-induced muscle mass loss. ""Fish oil may prevent loss of weight and muscle by interfering with some of the pathways that are altered in advanced cancer,"" study author Dr. Vera Mazurak, of the University of Alberta in Edmonton, Canada, said in a news release. ""This holds great promise, because currently there is no effective treatment for cancer-related malnutrition."" Mazurak and her colleagues report their observations in the Feb. 28 online edition of Cancer. To explore the therapeutic potential of fish oil supplements, the authors offered 16 cancer patients undergoing an initial 10-week chemotherapy regimen a daily dose of 2.2 grams of a particular omega-3 fatty acid called eicosapentaenoic (EPA). While these patients took fish oil supplements throughout their chemotherapy treatment, a second group of 24 patients underwent the same regimen minus the fish oil. The results: continual muscle and fat measurements revealed that the group that took no fish oil supplementation lost an average of just over 5 pounds; the supplement group lost no weight. What's more, blood analyses revealed that those in the fish oil group who had the biggest bump in bloodstream EPA concentrations also had the greatest muscle mass gains. Specifically, nearly 70 percent of those in the fish oil group either kept their pre-chemo muscle mass or gained muscle. By comparison, less than 30 percent in the non-supplement group kept their original muscle mass. Total fat tissue measurements were unaffected by fish oil supplementation, the team noted, and no side effects were observed. The authors concluded that fish oil supplementation appears to be a safe and effective way to prevent malnutrition among cancer patients, and may ultimately prove to be of benefit for other groups of people, such as elderly patients who also face a significant ongoing risk for muscle loss. Lona Sandon, a registered dietitian and assistant professor of clinical nutrition at the University of Texas Southwestern Dallas, reacted with cautious optimism to the findings. ""Malnutrition is a big concern with cancer patients undergoing chemotherapy and radiation,"" she noted. ""Because first of all they do have wasting from the cancer itself, which is very metabolically active and eats up your energy stores. And then with chemotherapy, there is some inflammation that's detrimental to the heart and muscle, as it can cause muscle breakdown. And preservation of lean muscle tissue, we know, leads to better outcomes."" ""So certainly this does seem to be promising,"" Sandon said. ""And other similar studies have looked at omega-3 and muscle preservation and have also suggested that fish oil can act to prevent inflammation caused by both disease and hardcore medications, like chemotherapy agents."" ""But I would caution that the amount of pure concentrated fish oil supplement the people in this study were given is a lot,"" she added. ""Much much more than any recommended dietary allowance, along the lines of two to three servings of fish per week."" But, she said, ""I would say this is certainly worthy of continuing research and exploration. But meanwhile, people should definitely not go out and start consuming huge amounts of fish oil."" More information For more on chemotherapy, visit the American Cancer Society."
fakehealth,news_reviews_00461,0,0,1,1,0.5417557,0.90133554,"People who have had Type 2 diabetes for up to 10 years can reverse their condition Keeping weight down means Type 2 diabetes stays reversed A new study from Newcastle University has shown that people who reverse their diabetes and then keep their weight down remain free of diabetes. In addition, the team found that even patients who have had Type 2 diabetes for up to 10 years can reverse their condition. The study, published today in Diabetes Care, is the latest research from world-renowned Professor Roy Taylor, Professor of Medicine and Metabolism at Newcastle University, who also works within Newcastle Hospitals. The research is part of a growing body of evidence showing that people with Type 2 diabetes who successfully lose weight can reverse their condition because fat is removed from their pancreas, returning insulin production to normal. Reversing diabetes A previous study led by Professor Taylor, published in 2011, showed that diabetes could be reversed by a very low calorie diet. This caused international interest, but the study was very short as it was only eight weeks and the question remained whether the diabetes would stay away. In this new study, 30 volunteers with Type 2 diabetes embarked on the same diet of 600 to 700 calories a day. Participants lost on average 14 kilograms - just over 2 stone. Over the next 6 months they did not regain any weight. The group included many people with longer duration diabetes, defined as more than 8 years and ranging up to 23 years. Overall, 12 patients who had had diabetes for less than 10 years reversed their condition. 6 months later they remained diabetes free. In fact, after 6 months a thirteenth patient had reversed their diabetes. Though the volunteers lost weight they remained overweight or obese but they had lost enough weight to remove the fat out of the pancreas and allow normal insulin production. Professor Roy Taylor said: ""What we have shown is that it is possible to reverse your diabetes, even if you have had the condition for a long time, up to around 10 years. If you have had the diagnosis for longer than that, then don't give up hope - major improvement in blood sugar control is possible. ""The study also answered the question that people often ask me - if I lose the weight and keep the weight off, will I stay free of diabetes? The simple answer is yes! ""Interestingly, even though all our volunteers remained obese or overweight, the fat did not drift back to clog up the pancreas. ""This supports our theory of a Personal Fat Threshold. If a person gains more weight than they personally can tolerate, then diabetes is triggered, but if they then lose that amount of weight then they go back to normal. ""Individuals vary in how much weight they can carry without it seeming to affect their metabolism - don't forget that 70% of severely obese people do not have diabetes. ""The bottom line is that if a person really wants to get rid of their Type 2 diabetes, they can lose weight, keep it off and return to normal. ""This is good news for people who are very motivated to get rid of their diabetes. But it is too early to regard this as suitable for everyone. That is a separate question and a major study is underway to answer this."" The study Participants in this study had Type 2 diabetes for between six months and 23 years. The team showed that Type 2 diabetes could be reversed even in people who had the condition for 10 years. The team were able to identify in advance participants who would not respond to adequate weight loss by reversing their diabetes as at the start they had almost absent insulin production from the pancreas. The study was funded by a National Institute for Health Research Biomedical Research Centre (NIHR BRC) grant. A larger trial involving 280 patients is already underway. This will examine how successfully people can reverse their diabetes through weight loss simply under the care of their family doctor and nurse. It is being funded by Diabetes UK. The research was possible through Newcastle Academic Health Partners, a collaboration involving Newcastle Upon Tyne Hospitals NHS Foundation Trust, Northumberland, Tyne and Wear NHS Foundation Trust and Newcastle University. This partnership harnesses world-class expertise to ensure patients benefit sooner from new treatments, diagnostics and prevention strategies. The diet 3 diet shakes per day and 240 grams of non-starchy vegetables taking in between 600 and 700kcal a day for 8 weeks volunteers then gradually returned to eating normal food over the next two weeks with very careful instruction on how much to eat volunteers were seen once a month and supported with an individualized weight maintenance programme over the next 6 months to keep weight steady after the weight loss, they were eating around one third less than before the study CASE STUDY: Allan Tutty, 57, from Sunderland, transformed his health by taking part in the study. He said: ""I was diagnosed with Type 2 diabetes around May 2011 during routine checks by my GP but my family and I were in disbelief because I had no physical symptoms which led me to consider I had the condition. ""While I didn't feel fat, I was fat - on the inside. I've since seen a scan of my liver and you can see the fat around it. ""I took part in the research spending eight weeks on an 800-calorie a day diet which was really tough over Christmas and New Year but I was determined to complete it. The pay-off for me - the possible reversal of my diabetes - was more than worth the effort. ""In the two months, I lost two and a half stones and my pancreas was working within normal limits. With my diabetes in remission, I haven't looked back. ""I eat normal foods though I eat less than I used to, and I enjoy takeaways and chocolate but not on a regular basis so I have maintained my lower weight, it has been a total lifestyle change. In fact, my life has changed completely thanks to this research."" ### REFERENCE: Very low calorie diet and 6 months of weight stability in Type 2 diabetes: Pathophysiologic changes in responders and non-responders. Sarah Steven, Keiren G Hollingsworth, Ahmad Al-Mrabeh, Leah Avery, Benjamin Aribisala, Muriel Caslake, Roy Taylor. Diabetes Care. Doi: 10.2337/dc15-9422 Links: Previous study: http://www. ncl. ac. uk/ press/ news/ 2015/ 10/ type2diabetes/ Very low calorie diet - the diet: http://www. ncl. ac. uk/ magres/ research/ diabetes/ reversal. htm"
